#VRML V2.0 utf8
# Generated by VRML 2.0 driver of GEANT4


#---------- CAMERA
Viewpoint {
	position 0 0 15779.7
}

#---------- SOLID: World.0
	Shape {
		appearance Appearance {
			material Material {
				diffuseColor 1 1 1
				transparency 0.7
			}
		}
		geometry IndexedFaceSet {
			coord Coordinate {
				point [
					-3500 -5000 -5000,
					3500 -5000 -5000,
					3500 5000 -5000,
					-3500 5000 -5000,
					-3500 -5000 5000,
					3500 -5000 5000,
					3500 5000 5000,
					-3500 5000 5000,
				]
			}
			coordIndex [
				0, 3, 2, 1, -1,
				4, 7, 3, 0, -1,
				7, 6, 2, 3, -1,
				6, 5, 1, 2, -1,
				5, 4, 0, 1, -1,
				4, 5, 6, 7, -1,
			]
			solid FALSE
		}
	}
#---------- SOLID: LeadBrickI.0
	Shape {
		appearance Appearance {
			material Material {
				diffuseColor 0 0 0
				transparency 0.7
			}
		}
		geometry IndexedFaceSet {
			coord Coordinate {
				point [
					-320 -320 -940,
					320 -320 -940,
					320 320 -940,
					-320 320 -940,
					-320 -320 -880,
					320 -320 -880,
					320 320 -880,
					-320 320 -880,
				]
			}
			coordIndex [
				0, 3, 2, 1, -1,
				4, 7, 3, 0, -1,
				7, 6, 2, 3, -1,
				6, 5, 1, 2, -1,
				5, 4, 0, 1, -1,
				4, 5, 6, 7, -1,
			]
			solid FALSE
		}
	}
#---------- SOLID: IronCoverI.0
	Shape {
		appearance Appearance {
			material Material {
				diffuseColor 1 0 0
				transparency 0.7
			}
		}
		geometry IndexedFaceSet {
			coord Coordinate {
				point [
					-320 -320 -972,
					320 -320 -972,
					320 320 -972,
					-320 320 -972,
					-320 -320 -968,
					320 -320 -968,
					320 320 -968,
					-320 320 -968,
				]
			}
			coordIndex [
				0, 3, 2, 1, -1,
				4, 7, 3, 0, -1,
				7, 6, 2, 3, -1,
				6, 5, 1, 2, -1,
				5, 4, 0, 1, -1,
				4, 5, 6, 7, -1,
			]
			solid FALSE
		}
	}
#---------- SOLID: IronCoverII.0
	Shape {
		appearance Appearance {
			material Material {
				diffuseColor 1 0 0
				transparency 0.7
			}
		}
		geometry IndexedFaceSet {
			coord Coordinate {
				point [
					-320 -320 -1032,
					320 -320 -1032,
					320 320 -1032,
					-320 320 -1032,
					-320 -320 -1028,
					320 -320 -1028,
					320 320 -1028,
					-320 320 -1028,
				]
			}
			coordIndex [
				0, 3, 2, 1, -1,
				4, 7, 3, 0, -1,
				7, 6, 2, 3, -1,
				6, 5, 1, 2, -1,
				5, 4, 0, 1, -1,
				4, 5, 6, 7, -1,
			]
			solid FALSE
		}
	}
#---------- SOLID: IronCoverIII.0
	Shape {
		appearance Appearance {
			material Material {
				diffuseColor 1 0 0
				transparency 0.7
			}
		}
		geometry IndexedFaceSet {
			coord Coordinate {
				point [
					-320 -320 -1999,
					320 -320 -1999,
					320 320 -1999,
					-320 320 -1999,
					-320 -320 -1995,
					320 -320 -1995,
					320 320 -1995,
					-320 320 -1995,
				]
			}
			coordIndex [
				0, 3, 2, 1, -1,
				4, 7, 3, 0, -1,
				7, 6, 2, 3, -1,
				6, 5, 1, 2, -1,
				5, 4, 0, 1, -1,
				4, 5, 6, 7, -1,
			]
			solid FALSE
		}
	}
#---------- SOLID: IronCoverIV.0
	Shape {
		appearance Appearance {
			material Material {
				diffuseColor 1 0 0
				transparency 0.7
			}
		}
		geometry IndexedFaceSet {
			coord Coordinate {
				point [
					-320 -320 -2005,
					320 -320 -2005,
					320 320 -2005,
					-320 320 -2005,
					-320 -320 -2001,
					320 -320 -2001,
					320 320 -2001,
					-320 320 -2001,
				]
			}
			coordIndex [
				0, 3, 2, 1, -1,
				4, 7, 3, 0, -1,
				7, 6, 2, 3, -1,
				6, 5, 1, 2, -1,
				5, 4, 0, 1, -1,
				4, 5, 6, 7, -1,
			]
			solid FALSE
		}
	}
#---------- SOLID: Enclosure.0
	Shape {
		appearance Appearance {
			material Material {
				diffuseColor 1 1 1
				transparency 0.7
			}
		}
		geometry IndexedFaceSet {
			coord Coordinate {
				point [
					-281.35 -281.35 -1020,
					281.35 -281.35 -1020,
					281.35 281.35 -1020,
					-281.35 281.35 -1020,
					-281.35 -281.35 -980,
					281.35 -281.35 -980,
					281.35 281.35 -980,
					-281.35 281.35 -980,
				]
			}
			coordIndex [
				0, 3, 2, 1, -1,
				4, 7, 3, 0, -1,
				7, 6, 2, 3, -1,
				6, 5, 1, 2, -1,
				5, 4, 0, 1, -1,
				4, 5, 6, 7, -1,
			]
			solid FALSE
		}
	}
#---------- SOLID: Casing_1.1
	Shape {
		appearance Appearance {
			material Material {
				diffuseColor 1 1 1
				transparency 0.7
			}
		}
		geometry IndexedFaceSet {
			coord Coordinate {
				point [
					-281.35 -281.35 -1020,
					281.35 -281.35 -1020,
					281.35 281.35 -1020,
					-281.35 281.35 -1020,
					-281.35 -281.35 -980,
					281.35 -281.35 -980,
					281.35 281.35 -980,
					-281.35 281.35 -980,
				]
			}
			coordIndex [
				0, 3, 2, 1, -1,
				4, 7, 3, 0, -1,
				7, 6, 2, 3, -1,
				6, 5, 1, 2, -1,
				5, 4, 0, 1, -1,
				4, 5, 6, 7, -1,
			]
			solid FALSE
		}
	}
#---------- SOLID: BarCoating_X.101
	Shape {
		appearance Appearance {
			material Material {
				diffuseColor 1 1 1
				transparency 0.7
			}
		}
		geometry IndexedFaceSet {
			coord Coordinate {
				point [
					-100.25 -100.375 -999.25,
					100.25 -100.375 -999.25,
					100.25 100.125 -999.25,
					-100.25 100.125 -999.25,
					-100.25 -100.375 -988.75,
					100.25 -100.375 -988.75,
					100.25 100.125 -988.75,
					-100.25 100.125 -988.75,
				]
			}
			coordIndex [
				0, 3, 2, 1, -1,
				4, 7, 3, 0, -1,
				7, 6, 2, 3, -1,
				6, 5, 1, 2, -1,
				5, 4, 0, 1, -1,
				4, 5, 6, 7, -1,
			]
			solid FALSE
		}
	}
#---------- SOLID: BarScin_X.101
	Shape {
		appearance Appearance {
			material Material {
				diffuseColor 1 1 1
				transparency 0.7
			}
		}
		geometry IndexedFaceSet {
			coord Coordinate {
				point [
					-100 -100.125 -999,
					100 -100.125 -999,
					100 99.875 -999,
					-100 99.875 -999,
					-100 -100.125 -989,
					100 -100.125 -989,
					100 99.875 -989,
					-100 99.875 -989,
				]
			}
			coordIndex [
				0, 3, 2, 1, -1,
				4, 7, 3, 0, -1,
				7, 6, 2, 3, -1,
				6, 5, 1, 2, -1,
				5, 4, 0, 1, -1,
				4, 5, 6, 7, -1,
			]
			solid FALSE
		}
	}
#---------- SOLID: FiberClad2_X.101
	Shape {
		appearance Appearance {
			material Material {
				diffuseColor 0 1 0
				transparency 0.7
			}
		}
		geometry IndexedFaceSet {
			coord Coordinate {
				point [
					-99.4 -0.125 -991.5,
					-99.4 0.185583 -991.541,
					-99.4 0.475 -991.661,
					-99.4 0.723528 -991.851,
					-99.4 0.91423 -992.1,
					-99.4 1.03411 -992.389,
					-99.4 1.075 -992.7,
					-99.4 1.03411 -993.011,
					-99.4 0.91423 -993.3,
					-99.4 0.723528 -993.549,
					-99.4 0.475 -993.739,
					-99.4 0.185583 -993.859,
					-99.4 -0.125 -993.9,
					-99.4 -0.435583 -993.859,
					-99.4 -0.725 -993.739,
					-99.4 -0.973528 -993.549,
					-99.4 -1.16423 -993.3,
					-99.4 -1.28411 -993.011,
					-99.4 -1.325 -992.7,
					-99.4 -1.28411 -992.389,
					-99.4 -1.16423 -992.1,
					-99.4 -0.973528 -991.851,
					-99.4 -0.725 -991.661,
					-99.4 -0.435583 -991.541,
					99.4 -0.125 -991.5,
					99.4 0.185583 -991.541,
					99.4 0.475 -991.661,
					99.4 0.723528 -991.851,
					99.4 0.91423 -992.1,
					99.4 1.03411 -992.389,
					99.4 1.075 -992.7,
					99.4 1.03411 -993.011,
					99.4 0.91423 -993.3,
					99.4 0.723528 -993.549,
					99.4 0.475 -993.739,
					99.4 0.185583 -993.859,
					99.4 -0.125 -993.9,
					99.4 -0.435583 -993.859,
					99.4 -0.725 -993.739,
					99.4 -0.973528 -993.549,
					99.4 -1.16423 -993.3,
					99.4 -1.28411 -993.011,
					99.4 -1.325 -992.7,
					99.4 -1.28411 -992.389,
					99.4 -1.16423 -992.1,
					99.4 -0.973528 -991.851,
					99.4 -0.725 -991.661,
					99.4 -0.435583 -991.541,
					-99.4 -0.125 -992.7,
					99.4 -0.125 -992.7,
				]
			}
			coordIndex [
				0, 24, 25, 1, -1,
				1, 25, 26, 2, -1,
				2, 26, 27, 3, -1,
				3, 27, 28, 4, -1,
				4, 28, 29, 5, -1,
				5, 29, 30, 6, -1,
				6, 30, 31, 7, -1,
				7, 31, 32, 8, -1,
				8, 32, 33, 9, -1,
				9, 33, 34, 10, -1,
				10, 34, 35, 11, -1,
				11, 35, 36, 12, -1,
				12, 36, 37, 13, -1,
				13, 37, 38, 14, -1,
				14, 38, 39, 15, -1,
				15, 39, 40, 16, -1,
				16, 40, 41, 17, -1,
				17, 41, 42, 18, -1,
				18, 42, 43, 19, -1,
				19, 43, 44, 20, -1,
				20, 44, 45, 21, -1,
				21, 45, 46, 22, -1,
				22, 46, 47, 23, -1,
				23, 47, 24, 0, -1,
				48, 0, 1, -1,
				48, 1, 2, -1,
				48, 2, 3, -1,
				48, 3, 4, -1,
				48, 4, 5, -1,
				48, 5, 6, -1,
				48, 6, 7, -1,
				48, 7, 8, -1,
				48, 8, 9, -1,
				48, 9, 10, -1,
				48, 10, 11, -1,
				48, 11, 12, -1,
				48, 12, 13, -1,
				48, 13, 14, -1,
				48, 14, 15, -1,
				48, 15, 16, -1,
				48, 16, 17, -1,
				48, 17, 18, -1,
				48, 18, 19, -1,
				48, 19, 20, -1,
				48, 20, 21, -1,
				48, 21, 22, -1,
				48, 22, 23, -1,
				48, 23, 0, -1,
				24, 49, 25, -1,
				25, 49, 26, -1,
				26, 49, 27, -1,
				27, 49, 28, -1,
				28, 49, 29, -1,
				29, 49, 30, -1,
				30, 49, 31, -1,
				31, 49, 32, -1,
				32, 49, 33, -1,
				33, 49, 34, -1,
				34, 49, 35, -1,
				35, 49, 36, -1,
				36, 49, 37, -1,
				37, 49, 38, -1,
				38, 49, 39, -1,
				39, 49, 40, -1,
				40, 49, 41, -1,
				41, 49, 42, -1,
				42, 49, 43, -1,
				43, 49, 44, -1,
				44, 49, 45, -1,
				45, 49, 46, -1,
				46, 49, 47, -1,
				47, 49, 24, -1,
			]
			solid FALSE
		}
	}
#---------- SOLID: FiberClad1_X.101
	Shape {
		appearance Appearance {
			material Material {
				diffuseColor 0 1 0
				transparency 0.7
			}
		}
		geometry IndexedFaceSet {
			coord Coordinate {
				point [
					-99.4 -0.125 -991.6,
					-99.4 0.159701 -991.637,
					-99.4 0.425 -991.747,
					-99.4 0.652817 -991.922,
					-99.4 0.827628 -992.15,
					-99.4 0.937518 -992.415,
					-99.4 0.975 -992.7,
					-99.4 0.937518 -992.985,
					-99.4 0.827628 -993.25,
					-99.4 0.652817 -993.478,
					-99.4 0.425 -993.653,
					-99.4 0.159701 -993.763,
					-99.4 -0.125 -993.8,
					-99.4 -0.409701 -993.763,
					-99.4 -0.675 -993.653,
					-99.4 -0.902817 -993.478,
					-99.4 -1.07763 -993.25,
					-99.4 -1.18752 -992.985,
					-99.4 -1.225 -992.7,
					-99.4 -1.18752 -992.415,
					-99.4 -1.07763 -992.15,
					-99.4 -0.902817 -991.922,
					-99.4 -0.675 -991.747,
					-99.4 -0.409701 -991.637,
					99.4 -0.125 -991.6,
					99.4 0.159701 -991.637,
					99.4 0.425 -991.747,
					99.4 0.652817 -991.922,
					99.4 0.827628 -992.15,
					99.4 0.937518 -992.415,
					99.4 0.975 -992.7,
					99.4 0.937518 -992.985,
					99.4 0.827628 -993.25,
					99.4 0.652817 -993.478,
					99.4 0.425 -993.653,
					99.4 0.159701 -993.763,
					99.4 -0.125 -993.8,
					99.4 -0.409701 -993.763,
					99.4 -0.675 -993.653,
					99.4 -0.902817 -993.478,
					99.4 -1.07763 -993.25,
					99.4 -1.18752 -992.985,
					99.4 -1.225 -992.7,
					99.4 -1.18752 -992.415,
					99.4 -1.07763 -992.15,
					99.4 -0.902817 -991.922,
					99.4 -0.675 -991.747,
					99.4 -0.409701 -991.637,
					-99.4 -0.125 -992.7,
					99.4 -0.125 -992.7,
				]
			}
			coordIndex [
				0, 24, 25, 1, -1,
				1, 25, 26, 2, -1,
				2, 26, 27, 3, -1,
				3, 27, 28, 4, -1,
				4, 28, 29, 5, -1,
				5, 29, 30, 6, -1,
				6, 30, 31, 7, -1,
				7, 31, 32, 8, -1,
				8, 32, 33, 9, -1,
				9, 33, 34, 10, -1,
				10, 34, 35, 11, -1,
				11, 35, 36, 12, -1,
				12, 36, 37, 13, -1,
				13, 37, 38, 14, -1,
				14, 38, 39, 15, -1,
				15, 39, 40, 16, -1,
				16, 40, 41, 17, -1,
				17, 41, 42, 18, -1,
				18, 42, 43, 19, -1,
				19, 43, 44, 20, -1,
				20, 44, 45, 21, -1,
				21, 45, 46, 22, -1,
				22, 46, 47, 23, -1,
				23, 47, 24, 0, -1,
				48, 0, 1, -1,
				48, 1, 2, -1,
				48, 2, 3, -1,
				48, 3, 4, -1,
				48, 4, 5, -1,
				48, 5, 6, -1,
				48, 6, 7, -1,
				48, 7, 8, -1,
				48, 8, 9, -1,
				48, 9, 10, -1,
				48, 10, 11, -1,
				48, 11, 12, -1,
				48, 12, 13, -1,
				48, 13, 14, -1,
				48, 14, 15, -1,
				48, 15, 16, -1,
				48, 16, 17, -1,
				48, 17, 18, -1,
				48, 18, 19, -1,
				48, 19, 20, -1,
				48, 20, 21, -1,
				48, 21, 22, -1,
				48, 22, 23, -1,
				48, 23, 0, -1,
				24, 49, 25, -1,
				25, 49, 26, -1,
				26, 49, 27, -1,
				27, 49, 28, -1,
				28, 49, 29, -1,
				29, 49, 30, -1,
				30, 49, 31, -1,
				31, 49, 32, -1,
				32, 49, 33, -1,
				33, 49, 34, -1,
				34, 49, 35, -1,
				35, 49, 36, -1,
				36, 49, 37, -1,
				37, 49, 38, -1,
				38, 49, 39, -1,
				39, 49, 40, -1,
				40, 49, 41, -1,
				41, 49, 42, -1,
				42, 49, 43, -1,
				43, 49, 44, -1,
				44, 49, 45, -1,
				45, 49, 46, -1,
				46, 49, 47, -1,
				47, 49, 24, -1,
			]
			solid FALSE
		}
	}
#---------- SOLID: Fiber_X.101
	Shape {
		appearance Appearance {
			material Material {
				diffuseColor 0 1 0
				transparency 0.7
			}
		}
		geometry IndexedFaceSet {
			coord Coordinate {
				point [
					-99.4 -0.125 -991.7,
					-99.4 0.133819 -991.734,
					-99.4 0.375 -991.834,
					-99.4 0.582107 -991.993,
					-99.4 0.741025 -992.2,
					-99.4 0.840926 -992.441,
					-99.4 0.875 -992.7,
					-99.4 0.840926 -992.959,
					-99.4 0.741025 -993.2,
					-99.4 0.582107 -993.407,
					-99.4 0.375 -993.566,
					-99.4 0.133819 -993.666,
					-99.4 -0.125 -993.7,
					-99.4 -0.383819 -993.666,
					-99.4 -0.625 -993.566,
					-99.4 -0.832107 -993.407,
					-99.4 -0.991025 -993.2,
					-99.4 -1.09093 -992.959,
					-99.4 -1.125 -992.7,
					-99.4 -1.09093 -992.441,
					-99.4 -0.991025 -992.2,
					-99.4 -0.832107 -991.993,
					-99.4 -0.625 -991.834,
					-99.4 -0.383819 -991.734,
					99.4 -0.125 -991.7,
					99.4 0.133819 -991.734,
					99.4 0.375 -991.834,
					99.4 0.582107 -991.993,
					99.4 0.741025 -992.2,
					99.4 0.840926 -992.441,
					99.4 0.875 -992.7,
					99.4 0.840926 -992.959,
					99.4 0.741025 -993.2,
					99.4 0.582107 -993.407,
					99.4 0.375 -993.566,
					99.4 0.133819 -993.666,
					99.4 -0.125 -993.7,
					99.4 -0.383819 -993.666,
					99.4 -0.625 -993.566,
					99.4 -0.832107 -993.407,
					99.4 -0.991025 -993.2,
					99.4 -1.09093 -992.959,
					99.4 -1.125 -992.7,
					99.4 -1.09093 -992.441,
					99.4 -0.991025 -992.2,
					99.4 -0.832107 -991.993,
					99.4 -0.625 -991.834,
					99.4 -0.383819 -991.734,
					-99.4 -0.125 -992.7,
					99.4 -0.125 -992.7,
				]
			}
			coordIndex [
				0, 24, 25, 1, -1,
				1, 25, 26, 2, -1,
				2, 26, 27, 3, -1,
				3, 27, 28, 4, -1,
				4, 28, 29, 5, -1,
				5, 29, 30, 6, -1,
				6, 30, 31, 7, -1,
				7, 31, 32, 8, -1,
				8, 32, 33, 9, -1,
				9, 33, 34, 10, -1,
				10, 34, 35, 11, -1,
				11, 35, 36, 12, -1,
				12, 36, 37, 13, -1,
				13, 37, 38, 14, -1,
				14, 38, 39, 15, -1,
				15, 39, 40, 16, -1,
				16, 40, 41, 17, -1,
				17, 41, 42, 18, -1,
				18, 42, 43, 19, -1,
				19, 43, 44, 20, -1,
				20, 44, 45, 21, -1,
				21, 45, 46, 22, -1,
				22, 46, 47, 23, -1,
				23, 47, 24, 0, -1,
				48, 0, 1, -1,
				48, 1, 2, -1,
				48, 2, 3, -1,
				48, 3, 4, -1,
				48, 4, 5, -1,
				48, 5, 6, -1,
				48, 6, 7, -1,
				48, 7, 8, -1,
				48, 8, 9, -1,
				48, 9, 10, -1,
				48, 10, 11, -1,
				48, 11, 12, -1,
				48, 12, 13, -1,
				48, 13, 14, -1,
				48, 14, 15, -1,
				48, 15, 16, -1,
				48, 16, 17, -1,
				48, 17, 18, -1,
				48, 18, 19, -1,
				48, 19, 20, -1,
				48, 20, 21, -1,
				48, 21, 22, -1,
				48, 22, 23, -1,
				48, 23, 0, -1,
				24, 49, 25, -1,
				25, 49, 26, -1,
				26, 49, 27, -1,
				27, 49, 28, -1,
				28, 49, 29, -1,
				29, 49, 30, -1,
				30, 49, 31, -1,
				31, 49, 32, -1,
				32, 49, 33, -1,
				33, 49, 34, -1,
				34, 49, 35, -1,
				35, 49, 36, -1,
				36, 49, 37, -1,
				37, 49, 38, -1,
				38, 49, 39, -1,
				39, 49, 40, -1,
				40, 49, 41, -1,
				41, 49, 42, -1,
				42, 49, 43, -1,
				43, 49, 44, -1,
				44, 49, 45, -1,
				45, 49, 46, -1,
				46, 49, 47, -1,
				47, 49, 24, -1,
			]
			solid FALSE
		}
	}
#---------- SOLID: Pixel_X101.101
	Shape {
		appearance Appearance {
			material Material {
				diffuseColor 0 0 1
				transparency 0.7
			}
		}
		geometry IndexedFaceSet {
			coord Coordinate {
				point [
					99.6 -1.425 -994,
					99.6 -1.425 -991.4,
					99.6 1.175 -991.4,
					99.6 1.175 -994,
					99.4 -1.425 -994,
					99.4 -1.425 -991.4,
					99.4 1.175 -991.4,
					99.4 1.175 -994,
				]
			}
			coordIndex [
				0, 3, 2, 1, -1,
				4, 7, 3, 0, -1,
				7, 6, 2, 3, -1,
				6, 5, 1, 2, -1,
				5, 4, 0, 1, -1,
				4, 5, 6, 7, -1,
			]
			solid FALSE
		}
	}
#---------- SOLID: BarCoating_K.102
	Shape {
		appearance Appearance {
			material Material {
				diffuseColor 1 1 1
				transparency 0.7
			}
		}
		geometry IndexedFaceSet {
			coord Coordinate {
				point [
					-100.375 100.25 -1011.25,
					-100.375 -100.25 -1011.25,
					100.125 -100.25 -1011.25,
					100.125 100.25 -1011.25,
					-100.375 100.25 -1000.75,
					-100.375 -100.25 -1000.75,
					100.125 -100.25 -1000.75,
					100.125 100.25 -1000.75,
				]
			}
			coordIndex [
				0, 3, 2, 1, -1,
				4, 7, 3, 0, -1,
				7, 6, 2, 3, -1,
				6, 5, 1, 2, -1,
				5, 4, 0, 1, -1,
				4, 5, 6, 7, -1,
			]
			solid FALSE
		}
	}
#---------- SOLID: BarScin_K.102
	Shape {
		appearance Appearance {
			material Material {
				diffuseColor 1 1 1
				transparency 0.7
			}
		}
		geometry IndexedFaceSet {
			coord Coordinate {
				point [
					-100.125 100 -1011,
					-100.125 -100 -1011,
					99.875 -100 -1011,
					99.875 100 -1011,
					-100.125 100 -1001,
					-100.125 -100 -1001,
					99.875 -100 -1001,
					99.875 100 -1001,
				]
			}
			coordIndex [
				0, 3, 2, 1, -1,
				4, 7, 3, 0, -1,
				7, 6, 2, 3, -1,
				6, 5, 1, 2, -1,
				5, 4, 0, 1, -1,
				4, 5, 6, 7, -1,
			]
			solid FALSE
		}
	}
#---------- SOLID: FiberClad2_K.102
	Shape {
		appearance Appearance {
			material Material {
				diffuseColor 0 1 0
				transparency 0.7
			}
		}
		geometry IndexedFaceSet {
			coord Coordinate {
				point [
					-0.125 99.4 -1003.5,
					0.185583 99.4 -1003.54,
					0.475 99.4 -1003.66,
					0.723528 99.4 -1003.85,
					0.91423 99.4 -1004.1,
					1.03411 99.4 -1004.39,
					1.075 99.4 -1004.7,
					1.03411 99.4 -1005.01,
					0.91423 99.4 -1005.3,
					0.723528 99.4 -1005.55,
					0.475 99.4 -1005.74,
					0.185583 99.4 -1005.86,
					-0.125 99.4 -1005.9,
					-0.435583 99.4 -1005.86,
					-0.725 99.4 -1005.74,
					-0.973528 99.4 -1005.55,
					-1.16423 99.4 -1005.3,
					-1.28411 99.4 -1005.01,
					-1.325 99.4 -1004.7,
					-1.28411 99.4 -1004.39,
					-1.16423 99.4 -1004.1,
					-0.973528 99.4 -1003.85,
					-0.725 99.4 -1003.66,
					-0.435583 99.4 -1003.54,
					-0.125 -99.4 -1003.5,
					0.185583 -99.4 -1003.54,
					0.475 -99.4 -1003.66,
					0.723528 -99.4 -1003.85,
					0.91423 -99.4 -1004.1,
					1.03411 -99.4 -1004.39,
					1.075 -99.4 -1004.7,
					1.03411 -99.4 -1005.01,
					0.91423 -99.4 -1005.3,
					0.723528 -99.4 -1005.55,
					0.475 -99.4 -1005.74,
					0.185583 -99.4 -1005.86,
					-0.125 -99.4 -1005.9,
					-0.435583 -99.4 -1005.86,
					-0.725 -99.4 -1005.74,
					-0.973528 -99.4 -1005.55,
					-1.16423 -99.4 -1005.3,
					-1.28411 -99.4 -1005.01,
					-1.325 -99.4 -1004.7,
					-1.28411 -99.4 -1004.39,
					-1.16423 -99.4 -1004.1,
					-0.973528 -99.4 -1003.85,
					-0.725 -99.4 -1003.66,
					-0.435583 -99.4 -1003.54,
					-0.125 99.4 -1004.7,
					-0.125 -99.4 -1004.7,
				]
			}
			coordIndex [
				0, 24, 25, 1, -1,
				1, 25, 26, 2, -1,
				2, 26, 27, 3, -1,
				3, 27, 28, 4, -1,
				4, 28, 29, 5, -1,
				5, 29, 30, 6, -1,
				6, 30, 31, 7, -1,
				7, 31, 32, 8, -1,
				8, 32, 33, 9, -1,
				9, 33, 34, 10, -1,
				10, 34, 35, 11, -1,
				11, 35, 36, 12, -1,
				12, 36, 37, 13, -1,
				13, 37, 38, 14, -1,
				14, 38, 39, 15, -1,
				15, 39, 40, 16, -1,
				16, 40, 41, 17, -1,
				17, 41, 42, 18, -1,
				18, 42, 43, 19, -1,
				19, 43, 44, 20, -1,
				20, 44, 45, 21, -1,
				21, 45, 46, 22, -1,
				22, 46, 47, 23, -1,
				23, 47, 24, 0, -1,
				48, 0, 1, -1,
				48, 1, 2, -1,
				48, 2, 3, -1,
				48, 3, 4, -1,
				48, 4, 5, -1,
				48, 5, 6, -1,
				48, 6, 7, -1,
				48, 7, 8, -1,
				48, 8, 9, -1,
				48, 9, 10, -1,
				48, 10, 11, -1,
				48, 11, 12, -1,
				48, 12, 13, -1,
				48, 13, 14, -1,
				48, 14, 15, -1,
				48, 15, 16, -1,
				48, 16, 17, -1,
				48, 17, 18, -1,
				48, 18, 19, -1,
				48, 19, 20, -1,
				48, 20, 21, -1,
				48, 21, 22, -1,
				48, 22, 23, -1,
				48, 23, 0, -1,
				24, 49, 25, -1,
				25, 49, 26, -1,
				26, 49, 27, -1,
				27, 49, 28, -1,
				28, 49, 29, -1,
				29, 49, 30, -1,
				30, 49, 31, -1,
				31, 49, 32, -1,
				32, 49, 33, -1,
				33, 49, 34, -1,
				34, 49, 35, -1,
				35, 49, 36, -1,
				36, 49, 37, -1,
				37, 49, 38, -1,
				38, 49, 39, -1,
				39, 49, 40, -1,
				40, 49, 41, -1,
				41, 49, 42, -1,
				42, 49, 43, -1,
				43, 49, 44, -1,
				44, 49, 45, -1,
				45, 49, 46, -1,
				46, 49, 47, -1,
				47, 49, 24, -1,
			]
			solid FALSE
		}
	}
#---------- SOLID: FiberClad1_K.102
	Shape {
		appearance Appearance {
			material Material {
				diffuseColor 0 1 0
				transparency 0.7
			}
		}
		geometry IndexedFaceSet {
			coord Coordinate {
				point [
					-0.125 99.4 -1003.6,
					0.159701 99.4 -1003.64,
					0.425 99.4 -1003.75,
					0.652817 99.4 -1003.92,
					0.827628 99.4 -1004.15,
					0.937518 99.4 -1004.42,
					0.975 99.4 -1004.7,
					0.937518 99.4 -1004.98,
					0.827628 99.4 -1005.25,
					0.652817 99.4 -1005.48,
					0.425 99.4 -1005.65,
					0.159701 99.4 -1005.76,
					-0.125 99.4 -1005.8,
					-0.409701 99.4 -1005.76,
					-0.675 99.4 -1005.65,
					-0.902817 99.4 -1005.48,
					-1.07763 99.4 -1005.25,
					-1.18752 99.4 -1004.98,
					-1.225 99.4 -1004.7,
					-1.18752 99.4 -1004.42,
					-1.07763 99.4 -1004.15,
					-0.902817 99.4 -1003.92,
					-0.675 99.4 -1003.75,
					-0.409701 99.4 -1003.64,
					-0.125 -99.4 -1003.6,
					0.159701 -99.4 -1003.64,
					0.425 -99.4 -1003.75,
					0.652817 -99.4 -1003.92,
					0.827628 -99.4 -1004.15,
					0.937518 -99.4 -1004.42,
					0.975 -99.4 -1004.7,
					0.937518 -99.4 -1004.98,
					0.827628 -99.4 -1005.25,
					0.652817 -99.4 -1005.48,
					0.425 -99.4 -1005.65,
					0.159701 -99.4 -1005.76,
					-0.125 -99.4 -1005.8,
					-0.409701 -99.4 -1005.76,
					-0.675 -99.4 -1005.65,
					-0.902817 -99.4 -1005.48,
					-1.07763 -99.4 -1005.25,
					-1.18752 -99.4 -1004.98,
					-1.225 -99.4 -1004.7,
					-1.18752 -99.4 -1004.42,
					-1.07763 -99.4 -1004.15,
					-0.902817 -99.4 -1003.92,
					-0.675 -99.4 -1003.75,
					-0.409701 -99.4 -1003.64,
					-0.125 99.4 -1004.7,
					-0.125 -99.4 -1004.7,
				]
			}
			coordIndex [
				0, 24, 25, 1, -1,
				1, 25, 26, 2, -1,
				2, 26, 27, 3, -1,
				3, 27, 28, 4, -1,
				4, 28, 29, 5, -1,
				5, 29, 30, 6, -1,
				6, 30, 31, 7, -1,
				7, 31, 32, 8, -1,
				8, 32, 33, 9, -1,
				9, 33, 34, 10, -1,
				10, 34, 35, 11, -1,
				11, 35, 36, 12, -1,
				12, 36, 37, 13, -1,
				13, 37, 38, 14, -1,
				14, 38, 39, 15, -1,
				15, 39, 40, 16, -1,
				16, 40, 41, 17, -1,
				17, 41, 42, 18, -1,
				18, 42, 43, 19, -1,
				19, 43, 44, 20, -1,
				20, 44, 45, 21, -1,
				21, 45, 46, 22, -1,
				22, 46, 47, 23, -1,
				23, 47, 24, 0, -1,
				48, 0, 1, -1,
				48, 1, 2, -1,
				48, 2, 3, -1,
				48, 3, 4, -1,
				48, 4, 5, -1,
				48, 5, 6, -1,
				48, 6, 7, -1,
				48, 7, 8, -1,
				48, 8, 9, -1,
				48, 9, 10, -1,
				48, 10, 11, -1,
				48, 11, 12, -1,
				48, 12, 13, -1,
				48, 13, 14, -1,
				48, 14, 15, -1,
				48, 15, 16, -1,
				48, 16, 17, -1,
				48, 17, 18, -1,
				48, 18, 19, -1,
				48, 19, 20, -1,
				48, 20, 21, -1,
				48, 21, 22, -1,
				48, 22, 23, -1,
				48, 23, 0, -1,
				24, 49, 25, -1,
				25, 49, 26, -1,
				26, 49, 27, -1,
				27, 49, 28, -1,
				28, 49, 29, -1,
				29, 49, 30, -1,
				30, 49, 31, -1,
				31, 49, 32, -1,
				32, 49, 33, -1,
				33, 49, 34, -1,
				34, 49, 35, -1,
				35, 49, 36, -1,
				36, 49, 37, -1,
				37, 49, 38, -1,
				38, 49, 39, -1,
				39, 49, 40, -1,
				40, 49, 41, -1,
				41, 49, 42, -1,
				42, 49, 43, -1,
				43, 49, 44, -1,
				44, 49, 45, -1,
				45, 49, 46, -1,
				46, 49, 47, -1,
				47, 49, 24, -1,
			]
			solid FALSE
		}
	}
#---------- SOLID: Fiber_K.102
	Shape {
		appearance Appearance {
			material Material {
				diffuseColor 0 1 0
				transparency 0.7
			}
		}
		geometry IndexedFaceSet {
			coord Coordinate {
				point [
					-0.125 99.4 -1003.7,
					0.133819 99.4 -1003.73,
					0.375 99.4 -1003.83,
					0.582107 99.4 -1003.99,
					0.741025 99.4 -1004.2,
					0.840926 99.4 -1004.44,
					0.875 99.4 -1004.7,
					0.840926 99.4 -1004.96,
					0.741025 99.4 -1005.2,
					0.582107 99.4 -1005.41,
					0.375 99.4 -1005.57,
					0.133819 99.4 -1005.67,
					-0.125 99.4 -1005.7,
					-0.383819 99.4 -1005.67,
					-0.625 99.4 -1005.57,
					-0.832107 99.4 -1005.41,
					-0.991025 99.4 -1005.2,
					-1.09093 99.4 -1004.96,
					-1.125 99.4 -1004.7,
					-1.09093 99.4 -1004.44,
					-0.991025 99.4 -1004.2,
					-0.832107 99.4 -1003.99,
					-0.625 99.4 -1003.83,
					-0.383819 99.4 -1003.73,
					-0.125 -99.4 -1003.7,
					0.133819 -99.4 -1003.73,
					0.375 -99.4 -1003.83,
					0.582107 -99.4 -1003.99,
					0.741025 -99.4 -1004.2,
					0.840926 -99.4 -1004.44,
					0.875 -99.4 -1004.7,
					0.840926 -99.4 -1004.96,
					0.741025 -99.4 -1005.2,
					0.582107 -99.4 -1005.41,
					0.375 -99.4 -1005.57,
					0.133819 -99.4 -1005.67,
					-0.125 -99.4 -1005.7,
					-0.383819 -99.4 -1005.67,
					-0.625 -99.4 -1005.57,
					-0.832107 -99.4 -1005.41,
					-0.991025 -99.4 -1005.2,
					-1.09093 -99.4 -1004.96,
					-1.125 -99.4 -1004.7,
					-1.09093 -99.4 -1004.44,
					-0.991025 -99.4 -1004.2,
					-0.832107 -99.4 -1003.99,
					-0.625 -99.4 -1003.83,
					-0.383819 -99.4 -1003.73,
					-0.125 99.4 -1004.7,
					-0.125 -99.4 -1004.7,
				]
			}
			coordIndex [
				0, 24, 25, 1, -1,
				1, 25, 26, 2, -1,
				2, 26, 27, 3, -1,
				3, 27, 28, 4, -1,
				4, 28, 29, 5, -1,
				5, 29, 30, 6, -1,
				6, 30, 31, 7, -1,
				7, 31, 32, 8, -1,
				8, 32, 33, 9, -1,
				9, 33, 34, 10, -1,
				10, 34, 35, 11, -1,
				11, 35, 36, 12, -1,
				12, 36, 37, 13, -1,
				13, 37, 38, 14, -1,
				14, 38, 39, 15, -1,
				15, 39, 40, 16, -1,
				16, 40, 41, 17, -1,
				17, 41, 42, 18, -1,
				18, 42, 43, 19, -1,
				19, 43, 44, 20, -1,
				20, 44, 45, 21, -1,
				21, 45, 46, 22, -1,
				22, 46, 47, 23, -1,
				23, 47, 24, 0, -1,
				48, 0, 1, -1,
				48, 1, 2, -1,
				48, 2, 3, -1,
				48, 3, 4, -1,
				48, 4, 5, -1,
				48, 5, 6, -1,
				48, 6, 7, -1,
				48, 7, 8, -1,
				48, 8, 9, -1,
				48, 9, 10, -1,
				48, 10, 11, -1,
				48, 11, 12, -1,
				48, 12, 13, -1,
				48, 13, 14, -1,
				48, 14, 15, -1,
				48, 15, 16, -1,
				48, 16, 17, -1,
				48, 17, 18, -1,
				48, 18, 19, -1,
				48, 19, 20, -1,
				48, 20, 21, -1,
				48, 21, 22, -1,
				48, 22, 23, -1,
				48, 23, 0, -1,
				24, 49, 25, -1,
				25, 49, 26, -1,
				26, 49, 27, -1,
				27, 49, 28, -1,
				28, 49, 29, -1,
				29, 49, 30, -1,
				30, 49, 31, -1,
				31, 49, 32, -1,
				32, 49, 33, -1,
				33, 49, 34, -1,
				34, 49, 35, -1,
				35, 49, 36, -1,
				36, 49, 37, -1,
				37, 49, 38, -1,
				38, 49, 39, -1,
				39, 49, 40, -1,
				40, 49, 41, -1,
				41, 49, 42, -1,
				42, 49, 43, -1,
				43, 49, 44, -1,
				44, 49, 45, -1,
				45, 49, 46, -1,
				46, 49, 47, -1,
				47, 49, 24, -1,
			]
			solid FALSE
		}
	}
#---------- SOLID: Pixel_K102.102
	Shape {
		appearance Appearance {
			material Material {
				diffuseColor 0 0 1
				transparency 0.7
			}
		}
		geometry IndexedFaceSet {
			coord Coordinate {
				point [
					-1.425 -99.6 -1006,
					-1.425 -99.6 -1003.4,
					1.175 -99.6 -1003.4,
					1.175 -99.6 -1006,
					-1.425 -99.4 -1006,
					-1.425 -99.4 -1003.4,
					1.175 -99.4 -1003.4,
					1.175 -99.4 -1006,
				]
			}
			coordIndex [
				0, 3, 2, 1, -1,
				4, 7, 3, 0, -1,
				7, 6, 2, 3, -1,
				6, 5, 1, 2, -1,
				5, 4, 0, 1, -1,
				4, 5, 6, 7, -1,
			]
			solid FALSE
		}
	}
#---------- SOLID: Enclosure.1
	Shape {
		appearance Appearance {
			material Material {
				diffuseColor 1 1 1
				transparency 0.7
			}
		}
		geometry IndexedFaceSet {
			coord Coordinate {
				point [
					-281.35 -281.35 -3020,
					281.35 -281.35 -3020,
					281.35 281.35 -3020,
					-281.35 281.35 -3020,
					-281.35 -281.35 -2980,
					281.35 -281.35 -2980,
					281.35 281.35 -2980,
					-281.35 281.35 -2980,
				]
			}
			coordIndex [
				0, 3, 2, 1, -1,
				4, 7, 3, 0, -1,
				7, 6, 2, 3, -1,
				6, 5, 1, 2, -1,
				5, 4, 0, 1, -1,
				4, 5, 6, 7, -1,
			]
			solid FALSE
		}
	}
#---------- SOLID: Casing_2.2
	Shape {
		appearance Appearance {
			material Material {
				diffuseColor 1 1 1
				transparency 0.7
			}
		}
		geometry IndexedFaceSet {
			coord Coordinate {
				point [
					-281.35 -281.35 -3020,
					281.35 -281.35 -3020,
					281.35 281.35 -3020,
					-281.35 281.35 -3020,
					-281.35 -281.35 -2980,
					281.35 -281.35 -2980,
					281.35 281.35 -2980,
					-281.35 281.35 -2980,
				]
			}
			coordIndex [
				0, 3, 2, 1, -1,
				4, 7, 3, 0, -1,
				7, 6, 2, 3, -1,
				6, 5, 1, 2, -1,
				5, 4, 0, 1, -1,
				4, 5, 6, 7, -1,
			]
			solid FALSE
		}
	}
#---------- SOLID: BarCoating_X.201
	Shape {
		appearance Appearance {
			material Material {
				diffuseColor 1 1 1
				transparency 0.7
			}
		}
		geometry IndexedFaceSet {
			coord Coordinate {
				point [
					-100.25 -100.375 -2999.25,
					100.25 -100.375 -2999.25,
					100.25 100.125 -2999.25,
					-100.25 100.125 -2999.25,
					-100.25 -100.375 -2988.75,
					100.25 -100.375 -2988.75,
					100.25 100.125 -2988.75,
					-100.25 100.125 -2988.75,
				]
			}
			coordIndex [
				0, 3, 2, 1, -1,
				4, 7, 3, 0, -1,
				7, 6, 2, 3, -1,
				6, 5, 1, 2, -1,
				5, 4, 0, 1, -1,
				4, 5, 6, 7, -1,
			]
			solid FALSE
		}
	}
#---------- SOLID: BarScin_X.201
	Shape {
		appearance Appearance {
			material Material {
				diffuseColor 1 1 1
				transparency 0.7
			}
		}
		geometry IndexedFaceSet {
			coord Coordinate {
				point [
					-100 -100.125 -2999,
					100 -100.125 -2999,
					100 99.875 -2999,
					-100 99.875 -2999,
					-100 -100.125 -2989,
					100 -100.125 -2989,
					100 99.875 -2989,
					-100 99.875 -2989,
				]
			}
			coordIndex [
				0, 3, 2, 1, -1,
				4, 7, 3, 0, -1,
				7, 6, 2, 3, -1,
				6, 5, 1, 2, -1,
				5, 4, 0, 1, -1,
				4, 5, 6, 7, -1,
			]
			solid FALSE
		}
	}
#---------- SOLID: FiberClad2_X.201
	Shape {
		appearance Appearance {
			material Material {
				diffuseColor 0 1 0
				transparency 0.7
			}
		}
		geometry IndexedFaceSet {
			coord Coordinate {
				point [
					-99.4 -0.125 -2991.5,
					-99.4 0.185583 -2991.54,
					-99.4 0.475 -2991.66,
					-99.4 0.723528 -2991.85,
					-99.4 0.91423 -2992.1,
					-99.4 1.03411 -2992.39,
					-99.4 1.075 -2992.7,
					-99.4 1.03411 -2993.01,
					-99.4 0.91423 -2993.3,
					-99.4 0.723528 -2993.55,
					-99.4 0.475 -2993.74,
					-99.4 0.185583 -2993.86,
					-99.4 -0.125 -2993.9,
					-99.4 -0.435583 -2993.86,
					-99.4 -0.725 -2993.74,
					-99.4 -0.973528 -2993.55,
					-99.4 -1.16423 -2993.3,
					-99.4 -1.28411 -2993.01,
					-99.4 -1.325 -2992.7,
					-99.4 -1.28411 -2992.39,
					-99.4 -1.16423 -2992.1,
					-99.4 -0.973528 -2991.85,
					-99.4 -0.725 -2991.66,
					-99.4 -0.435583 -2991.54,
					99.4 -0.125 -2991.5,
					99.4 0.185583 -2991.54,
					99.4 0.475 -2991.66,
					99.4 0.723528 -2991.85,
					99.4 0.91423 -2992.1,
					99.4 1.03411 -2992.39,
					99.4 1.075 -2992.7,
					99.4 1.03411 -2993.01,
					99.4 0.91423 -2993.3,
					99.4 0.723528 -2993.55,
					99.4 0.475 -2993.74,
					99.4 0.185583 -2993.86,
					99.4 -0.125 -2993.9,
					99.4 -0.435583 -2993.86,
					99.4 -0.725 -2993.74,
					99.4 -0.973528 -2993.55,
					99.4 -1.16423 -2993.3,
					99.4 -1.28411 -2993.01,
					99.4 -1.325 -2992.7,
					99.4 -1.28411 -2992.39,
					99.4 -1.16423 -2992.1,
					99.4 -0.973528 -2991.85,
					99.4 -0.725 -2991.66,
					99.4 -0.435583 -2991.54,
					-99.4 -0.125 -2992.7,
					99.4 -0.125 -2992.7,
				]
			}
			coordIndex [
				0, 24, 25, 1, -1,
				1, 25, 26, 2, -1,
				2, 26, 27, 3, -1,
				3, 27, 28, 4, -1,
				4, 28, 29, 5, -1,
				5, 29, 30, 6, -1,
				6, 30, 31, 7, -1,
				7, 31, 32, 8, -1,
				8, 32, 33, 9, -1,
				9, 33, 34, 10, -1,
				10, 34, 35, 11, -1,
				11, 35, 36, 12, -1,
				12, 36, 37, 13, -1,
				13, 37, 38, 14, -1,
				14, 38, 39, 15, -1,
				15, 39, 40, 16, -1,
				16, 40, 41, 17, -1,
				17, 41, 42, 18, -1,
				18, 42, 43, 19, -1,
				19, 43, 44, 20, -1,
				20, 44, 45, 21, -1,
				21, 45, 46, 22, -1,
				22, 46, 47, 23, -1,
				23, 47, 24, 0, -1,
				48, 0, 1, -1,
				48, 1, 2, -1,
				48, 2, 3, -1,
				48, 3, 4, -1,
				48, 4, 5, -1,
				48, 5, 6, -1,
				48, 6, 7, -1,
				48, 7, 8, -1,
				48, 8, 9, -1,
				48, 9, 10, -1,
				48, 10, 11, -1,
				48, 11, 12, -1,
				48, 12, 13, -1,
				48, 13, 14, -1,
				48, 14, 15, -1,
				48, 15, 16, -1,
				48, 16, 17, -1,
				48, 17, 18, -1,
				48, 18, 19, -1,
				48, 19, 20, -1,
				48, 20, 21, -1,
				48, 21, 22, -1,
				48, 22, 23, -1,
				48, 23, 0, -1,
				24, 49, 25, -1,
				25, 49, 26, -1,
				26, 49, 27, -1,
				27, 49, 28, -1,
				28, 49, 29, -1,
				29, 49, 30, -1,
				30, 49, 31, -1,
				31, 49, 32, -1,
				32, 49, 33, -1,
				33, 49, 34, -1,
				34, 49, 35, -1,
				35, 49, 36, -1,
				36, 49, 37, -1,
				37, 49, 38, -1,
				38, 49, 39, -1,
				39, 49, 40, -1,
				40, 49, 41, -1,
				41, 49, 42, -1,
				42, 49, 43, -1,
				43, 49, 44, -1,
				44, 49, 45, -1,
				45, 49, 46, -1,
				46, 49, 47, -1,
				47, 49, 24, -1,
			]
			solid FALSE
		}
	}
#---------- SOLID: FiberClad1_X.201
	Shape {
		appearance Appearance {
			material Material {
				diffuseColor 0 1 0
				transparency 0.7
			}
		}
		geometry IndexedFaceSet {
			coord Coordinate {
				point [
					-99.4 -0.125 -2991.6,
					-99.4 0.159701 -2991.64,
					-99.4 0.425 -2991.75,
					-99.4 0.652817 -2991.92,
					-99.4 0.827628 -2992.15,
					-99.4 0.937518 -2992.42,
					-99.4 0.975 -2992.7,
					-99.4 0.937518 -2992.98,
					-99.4 0.827628 -2993.25,
					-99.4 0.652817 -2993.48,
					-99.4 0.425 -2993.65,
					-99.4 0.159701 -2993.76,
					-99.4 -0.125 -2993.8,
					-99.4 -0.409701 -2993.76,
					-99.4 -0.675 -2993.65,
					-99.4 -0.902817 -2993.48,
					-99.4 -1.07763 -2993.25,
					-99.4 -1.18752 -2992.98,
					-99.4 -1.225 -2992.7,
					-99.4 -1.18752 -2992.42,
					-99.4 -1.07763 -2992.15,
					-99.4 -0.902817 -2991.92,
					-99.4 -0.675 -2991.75,
					-99.4 -0.409701 -2991.64,
					99.4 -0.125 -2991.6,
					99.4 0.159701 -2991.64,
					99.4 0.425 -2991.75,
					99.4 0.652817 -2991.92,
					99.4 0.827628 -2992.15,
					99.4 0.937518 -2992.42,
					99.4 0.975 -2992.7,
					99.4 0.937518 -2992.98,
					99.4 0.827628 -2993.25,
					99.4 0.652817 -2993.48,
					99.4 0.425 -2993.65,
					99.4 0.159701 -2993.76,
					99.4 -0.125 -2993.8,
					99.4 -0.409701 -2993.76,
					99.4 -0.675 -2993.65,
					99.4 -0.902817 -2993.48,
					99.4 -1.07763 -2993.25,
					99.4 -1.18752 -2992.98,
					99.4 -1.225 -2992.7,
					99.4 -1.18752 -2992.42,
					99.4 -1.07763 -2992.15,
					99.4 -0.902817 -2991.92,
					99.4 -0.675 -2991.75,
					99.4 -0.409701 -2991.64,
					-99.4 -0.125 -2992.7,
					99.4 -0.125 -2992.7,
				]
			}
			coordIndex [
				0, 24, 25, 1, -1,
				1, 25, 26, 2, -1,
				2, 26, 27, 3, -1,
				3, 27, 28, 4, -1,
				4, 28, 29, 5, -1,
				5, 29, 30, 6, -1,
				6, 30, 31, 7, -1,
				7, 31, 32, 8, -1,
				8, 32, 33, 9, -1,
				9, 33, 34, 10, -1,
				10, 34, 35, 11, -1,
				11, 35, 36, 12, -1,
				12, 36, 37, 13, -1,
				13, 37, 38, 14, -1,
				14, 38, 39, 15, -1,
				15, 39, 40, 16, -1,
				16, 40, 41, 17, -1,
				17, 41, 42, 18, -1,
				18, 42, 43, 19, -1,
				19, 43, 44, 20, -1,
				20, 44, 45, 21, -1,
				21, 45, 46, 22, -1,
				22, 46, 47, 23, -1,
				23, 47, 24, 0, -1,
				48, 0, 1, -1,
				48, 1, 2, -1,
				48, 2, 3, -1,
				48, 3, 4, -1,
				48, 4, 5, -1,
				48, 5, 6, -1,
				48, 6, 7, -1,
				48, 7, 8, -1,
				48, 8, 9, -1,
				48, 9, 10, -1,
				48, 10, 11, -1,
				48, 11, 12, -1,
				48, 12, 13, -1,
				48, 13, 14, -1,
				48, 14, 15, -1,
				48, 15, 16, -1,
				48, 16, 17, -1,
				48, 17, 18, -1,
				48, 18, 19, -1,
				48, 19, 20, -1,
				48, 20, 21, -1,
				48, 21, 22, -1,
				48, 22, 23, -1,
				48, 23, 0, -1,
				24, 49, 25, -1,
				25, 49, 26, -1,
				26, 49, 27, -1,
				27, 49, 28, -1,
				28, 49, 29, -1,
				29, 49, 30, -1,
				30, 49, 31, -1,
				31, 49, 32, -1,
				32, 49, 33, -1,
				33, 49, 34, -1,
				34, 49, 35, -1,
				35, 49, 36, -1,
				36, 49, 37, -1,
				37, 49, 38, -1,
				38, 49, 39, -1,
				39, 49, 40, -1,
				40, 49, 41, -1,
				41, 49, 42, -1,
				42, 49, 43, -1,
				43, 49, 44, -1,
				44, 49, 45, -1,
				45, 49, 46, -1,
				46, 49, 47, -1,
				47, 49, 24, -1,
			]
			solid FALSE
		}
	}
#---------- SOLID: Fiber_X.201
	Shape {
		appearance Appearance {
			material Material {
				diffuseColor 0 1 0
				transparency 0.7
			}
		}
		geometry IndexedFaceSet {
			coord Coordinate {
				point [
					-99.4 -0.125 -2991.7,
					-99.4 0.133819 -2991.73,
					-99.4 0.375 -2991.83,
					-99.4 0.582107 -2991.99,
					-99.4 0.741025 -2992.2,
					-99.4 0.840926 -2992.44,
					-99.4 0.875 -2992.7,
					-99.4 0.840926 -2992.96,
					-99.4 0.741025 -2993.2,
					-99.4 0.582107 -2993.41,
					-99.4 0.375 -2993.57,
					-99.4 0.133819 -2993.67,
					-99.4 -0.125 -2993.7,
					-99.4 -0.383819 -2993.67,
					-99.4 -0.625 -2993.57,
					-99.4 -0.832107 -2993.41,
					-99.4 -0.991025 -2993.2,
					-99.4 -1.09093 -2992.96,
					-99.4 -1.125 -2992.7,
					-99.4 -1.09093 -2992.44,
					-99.4 -0.991025 -2992.2,
					-99.4 -0.832107 -2991.99,
					-99.4 -0.625 -2991.83,
					-99.4 -0.383819 -2991.73,
					99.4 -0.125 -2991.7,
					99.4 0.133819 -2991.73,
					99.4 0.375 -2991.83,
					99.4 0.582107 -2991.99,
					99.4 0.741025 -2992.2,
					99.4 0.840926 -2992.44,
					99.4 0.875 -2992.7,
					99.4 0.840926 -2992.96,
					99.4 0.741025 -2993.2,
					99.4 0.582107 -2993.41,
					99.4 0.375 -2993.57,
					99.4 0.133819 -2993.67,
					99.4 -0.125 -2993.7,
					99.4 -0.383819 -2993.67,
					99.4 -0.625 -2993.57,
					99.4 -0.832107 -2993.41,
					99.4 -0.991025 -2993.2,
					99.4 -1.09093 -2992.96,
					99.4 -1.125 -2992.7,
					99.4 -1.09093 -2992.44,
					99.4 -0.991025 -2992.2,
					99.4 -0.832107 -2991.99,
					99.4 -0.625 -2991.83,
					99.4 -0.383819 -2991.73,
					-99.4 -0.125 -2992.7,
					99.4 -0.125 -2992.7,
				]
			}
			coordIndex [
				0, 24, 25, 1, -1,
				1, 25, 26, 2, -1,
				2, 26, 27, 3, -1,
				3, 27, 28, 4, -1,
				4, 28, 29, 5, -1,
				5, 29, 30, 6, -1,
				6, 30, 31, 7, -1,
				7, 31, 32, 8, -1,
				8, 32, 33, 9, -1,
				9, 33, 34, 10, -1,
				10, 34, 35, 11, -1,
				11, 35, 36, 12, -1,
				12, 36, 37, 13, -1,
				13, 37, 38, 14, -1,
				14, 38, 39, 15, -1,
				15, 39, 40, 16, -1,
				16, 40, 41, 17, -1,
				17, 41, 42, 18, -1,
				18, 42, 43, 19, -1,
				19, 43, 44, 20, -1,
				20, 44, 45, 21, -1,
				21, 45, 46, 22, -1,
				22, 46, 47, 23, -1,
				23, 47, 24, 0, -1,
				48, 0, 1, -1,
				48, 1, 2, -1,
				48, 2, 3, -1,
				48, 3, 4, -1,
				48, 4, 5, -1,
				48, 5, 6, -1,
				48, 6, 7, -1,
				48, 7, 8, -1,
				48, 8, 9, -1,
				48, 9, 10, -1,
				48, 10, 11, -1,
				48, 11, 12, -1,
				48, 12, 13, -1,
				48, 13, 14, -1,
				48, 14, 15, -1,
				48, 15, 16, -1,
				48, 16, 17, -1,
				48, 17, 18, -1,
				48, 18, 19, -1,
				48, 19, 20, -1,
				48, 20, 21, -1,
				48, 21, 22, -1,
				48, 22, 23, -1,
				48, 23, 0, -1,
				24, 49, 25, -1,
				25, 49, 26, -1,
				26, 49, 27, -1,
				27, 49, 28, -1,
				28, 49, 29, -1,
				29, 49, 30, -1,
				30, 49, 31, -1,
				31, 49, 32, -1,
				32, 49, 33, -1,
				33, 49, 34, -1,
				34, 49, 35, -1,
				35, 49, 36, -1,
				36, 49, 37, -1,
				37, 49, 38, -1,
				38, 49, 39, -1,
				39, 49, 40, -1,
				40, 49, 41, -1,
				41, 49, 42, -1,
				42, 49, 43, -1,
				43, 49, 44, -1,
				44, 49, 45, -1,
				45, 49, 46, -1,
				46, 49, 47, -1,
				47, 49, 24, -1,
			]
			solid FALSE
		}
	}
#---------- SOLID: Pixel_X201.201
	Shape {
		appearance Appearance {
			material Material {
				diffuseColor 0 0 1
				transparency 0.7
			}
		}
		geometry IndexedFaceSet {
			coord Coordinate {
				point [
					99.6 -1.425 -2994,
					99.6 -1.425 -2991.4,
					99.6 1.175 -2991.4,
					99.6 1.175 -2994,
					99.4 -1.425 -2994,
					99.4 -1.425 -2991.4,
					99.4 1.175 -2991.4,
					99.4 1.175 -2994,
				]
			}
			coordIndex [
				0, 3, 2, 1, -1,
				4, 7, 3, 0, -1,
				7, 6, 2, 3, -1,
				6, 5, 1, 2, -1,
				5, 4, 0, 1, -1,
				4, 5, 6, 7, -1,
			]
			solid FALSE
		}
	}
#---------- SOLID: BarCoating_K.202
	Shape {
		appearance Appearance {
			material Material {
				diffuseColor 1 1 1
				transparency 0.7
			}
		}
		geometry IndexedFaceSet {
			coord Coordinate {
				point [
					-100.375 100.25 -3011.25,
					-100.375 -100.25 -3011.25,
					100.125 -100.25 -3011.25,
					100.125 100.25 -3011.25,
					-100.375 100.25 -3000.75,
					-100.375 -100.25 -3000.75,
					100.125 -100.25 -3000.75,
					100.125 100.25 -3000.75,
				]
			}
			coordIndex [
				0, 3, 2, 1, -1,
				4, 7, 3, 0, -1,
				7, 6, 2, 3, -1,
				6, 5, 1, 2, -1,
				5, 4, 0, 1, -1,
				4, 5, 6, 7, -1,
			]
			solid FALSE
		}
	}
#---------- SOLID: BarScin_K.202
	Shape {
		appearance Appearance {
			material Material {
				diffuseColor 1 1 1
				transparency 0.7
			}
		}
		geometry IndexedFaceSet {
			coord Coordinate {
				point [
					-100.125 100 -3011,
					-100.125 -100 -3011,
					99.875 -100 -3011,
					99.875 100 -3011,
					-100.125 100 -3001,
					-100.125 -100 -3001,
					99.875 -100 -3001,
					99.875 100 -3001,
				]
			}
			coordIndex [
				0, 3, 2, 1, -1,
				4, 7, 3, 0, -1,
				7, 6, 2, 3, -1,
				6, 5, 1, 2, -1,
				5, 4, 0, 1, -1,
				4, 5, 6, 7, -1,
			]
			solid FALSE
		}
	}
#---------- SOLID: FiberClad2_K.202
	Shape {
		appearance Appearance {
			material Material {
				diffuseColor 0 1 0
				transparency 0.7
			}
		}
		geometry IndexedFaceSet {
			coord Coordinate {
				point [
					-0.125 99.4 -3003.5,
					0.185583 99.4 -3003.54,
					0.475 99.4 -3003.66,
					0.723528 99.4 -3003.85,
					0.91423 99.4 -3004.1,
					1.03411 99.4 -3004.39,
					1.075 99.4 -3004.7,
					1.03411 99.4 -3005.01,
					0.91423 99.4 -3005.3,
					0.723528 99.4 -3005.55,
					0.475 99.4 -3005.74,
					0.185583 99.4 -3005.86,
					-0.125 99.4 -3005.9,
					-0.435583 99.4 -3005.86,
					-0.725 99.4 -3005.74,
					-0.973528 99.4 -3005.55,
					-1.16423 99.4 -3005.3,
					-1.28411 99.4 -3005.01,
					-1.325 99.4 -3004.7,
					-1.28411 99.4 -3004.39,
					-1.16423 99.4 -3004.1,
					-0.973528 99.4 -3003.85,
					-0.725 99.4 -3003.66,
					-0.435583 99.4 -3003.54,
					-0.125 -99.4 -3003.5,
					0.185583 -99.4 -3003.54,
					0.475 -99.4 -3003.66,
					0.723528 -99.4 -3003.85,
					0.91423 -99.4 -3004.1,
					1.03411 -99.4 -3004.39,
					1.075 -99.4 -3004.7,
					1.03411 -99.4 -3005.01,
					0.91423 -99.4 -3005.3,
					0.723528 -99.4 -3005.55,
					0.475 -99.4 -3005.74,
					0.185583 -99.4 -3005.86,
					-0.125 -99.4 -3005.9,
					-0.435583 -99.4 -3005.86,
					-0.725 -99.4 -3005.74,
					-0.973528 -99.4 -3005.55,
					-1.16423 -99.4 -3005.3,
					-1.28411 -99.4 -3005.01,
					-1.325 -99.4 -3004.7,
					-1.28411 -99.4 -3004.39,
					-1.16423 -99.4 -3004.1,
					-0.973528 -99.4 -3003.85,
					-0.725 -99.4 -3003.66,
					-0.435583 -99.4 -3003.54,
					-0.125 99.4 -3004.7,
					-0.125 -99.4 -3004.7,
				]
			}
			coordIndex [
				0, 24, 25, 1, -1,
				1, 25, 26, 2, -1,
				2, 26, 27, 3, -1,
				3, 27, 28, 4, -1,
				4, 28, 29, 5, -1,
				5, 29, 30, 6, -1,
				6, 30, 31, 7, -1,
				7, 31, 32, 8, -1,
				8, 32, 33, 9, -1,
				9, 33, 34, 10, -1,
				10, 34, 35, 11, -1,
				11, 35, 36, 12, -1,
				12, 36, 37, 13, -1,
				13, 37, 38, 14, -1,
				14, 38, 39, 15, -1,
				15, 39, 40, 16, -1,
				16, 40, 41, 17, -1,
				17, 41, 42, 18, -1,
				18, 42, 43, 19, -1,
				19, 43, 44, 20, -1,
				20, 44, 45, 21, -1,
				21, 45, 46, 22, -1,
				22, 46, 47, 23, -1,
				23, 47, 24, 0, -1,
				48, 0, 1, -1,
				48, 1, 2, -1,
				48, 2, 3, -1,
				48, 3, 4, -1,
				48, 4, 5, -1,
				48, 5, 6, -1,
				48, 6, 7, -1,
				48, 7, 8, -1,
				48, 8, 9, -1,
				48, 9, 10, -1,
				48, 10, 11, -1,
				48, 11, 12, -1,
				48, 12, 13, -1,
				48, 13, 14, -1,
				48, 14, 15, -1,
				48, 15, 16, -1,
				48, 16, 17, -1,
				48, 17, 18, -1,
				48, 18, 19, -1,
				48, 19, 20, -1,
				48, 20, 21, -1,
				48, 21, 22, -1,
				48, 22, 23, -1,
				48, 23, 0, -1,
				24, 49, 25, -1,
				25, 49, 26, -1,
				26, 49, 27, -1,
				27, 49, 28, -1,
				28, 49, 29, -1,
				29, 49, 30, -1,
				30, 49, 31, -1,
				31, 49, 32, -1,
				32, 49, 33, -1,
				33, 49, 34, -1,
				34, 49, 35, -1,
				35, 49, 36, -1,
				36, 49, 37, -1,
				37, 49, 38, -1,
				38, 49, 39, -1,
				39, 49, 40, -1,
				40, 49, 41, -1,
				41, 49, 42, -1,
				42, 49, 43, -1,
				43, 49, 44, -1,
				44, 49, 45, -1,
				45, 49, 46, -1,
				46, 49, 47, -1,
				47, 49, 24, -1,
			]
			solid FALSE
		}
	}
#---------- SOLID: FiberClad1_K.202
	Shape {
		appearance Appearance {
			material Material {
				diffuseColor 0 1 0
				transparency 0.7
			}
		}
		geometry IndexedFaceSet {
			coord Coordinate {
				point [
					-0.125 99.4 -3003.6,
					0.159701 99.4 -3003.64,
					0.425 99.4 -3003.75,
					0.652817 99.4 -3003.92,
					0.827628 99.4 -3004.15,
					0.937518 99.4 -3004.42,
					0.975 99.4 -3004.7,
					0.937518 99.4 -3004.98,
					0.827628 99.4 -3005.25,
					0.652817 99.4 -3005.48,
					0.425 99.4 -3005.65,
					0.159701 99.4 -3005.76,
					-0.125 99.4 -3005.8,
					-0.409701 99.4 -3005.76,
					-0.675 99.4 -3005.65,
					-0.902817 99.4 -3005.48,
					-1.07763 99.4 -3005.25,
					-1.18752 99.4 -3004.98,
					-1.225 99.4 -3004.7,
					-1.18752 99.4 -3004.42,
					-1.07763 99.4 -3004.15,
					-0.902817 99.4 -3003.92,
					-0.675 99.4 -3003.75,
					-0.409701 99.4 -3003.64,
					-0.125 -99.4 -3003.6,
					0.159701 -99.4 -3003.64,
					0.425 -99.4 -3003.75,
					0.652817 -99.4 -3003.92,
					0.827628 -99.4 -3004.15,
					0.937518 -99.4 -3004.42,
					0.975 -99.4 -3004.7,
					0.937518 -99.4 -3004.98,
					0.827628 -99.4 -3005.25,
					0.652817 -99.4 -3005.48,
					0.425 -99.4 -3005.65,
					0.159701 -99.4 -3005.76,
					-0.125 -99.4 -3005.8,
					-0.409701 -99.4 -3005.76,
					-0.675 -99.4 -3005.65,
					-0.902817 -99.4 -3005.48,
					-1.07763 -99.4 -3005.25,
					-1.18752 -99.4 -3004.98,
					-1.225 -99.4 -3004.7,
					-1.18752 -99.4 -3004.42,
					-1.07763 -99.4 -3004.15,
					-0.902817 -99.4 -3003.92,
					-0.675 -99.4 -3003.75,
					-0.409701 -99.4 -3003.64,
					-0.125 99.4 -3004.7,
					-0.125 -99.4 -3004.7,
				]
			}
			coordIndex [
				0, 24, 25, 1, -1,
				1, 25, 26, 2, -1,
				2, 26, 27, 3, -1,
				3, 27, 28, 4, -1,
				4, 28, 29, 5, -1,
				5, 29, 30, 6, -1,
				6, 30, 31, 7, -1,
				7, 31, 32, 8, -1,
				8, 32, 33, 9, -1,
				9, 33, 34, 10, -1,
				10, 34, 35, 11, -1,
				11, 35, 36, 12, -1,
				12, 36, 37, 13, -1,
				13, 37, 38, 14, -1,
				14, 38, 39, 15, -1,
				15, 39, 40, 16, -1,
				16, 40, 41, 17, -1,
				17, 41, 42, 18, -1,
				18, 42, 43, 19, -1,
				19, 43, 44, 20, -1,
				20, 44, 45, 21, -1,
				21, 45, 46, 22, -1,
				22, 46, 47, 23, -1,
				23, 47, 24, 0, -1,
				48, 0, 1, -1,
				48, 1, 2, -1,
				48, 2, 3, -1,
				48, 3, 4, -1,
				48, 4, 5, -1,
				48, 5, 6, -1,
				48, 6, 7, -1,
				48, 7, 8, -1,
				48, 8, 9, -1,
				48, 9, 10, -1,
				48, 10, 11, -1,
				48, 11, 12, -1,
				48, 12, 13, -1,
				48, 13, 14, -1,
				48, 14, 15, -1,
				48, 15, 16, -1,
				48, 16, 17, -1,
				48, 17, 18, -1,
				48, 18, 19, -1,
				48, 19, 20, -1,
				48, 20, 21, -1,
				48, 21, 22, -1,
				48, 22, 23, -1,
				48, 23, 0, -1,
				24, 49, 25, -1,
				25, 49, 26, -1,
				26, 49, 27, -1,
				27, 49, 28, -1,
				28, 49, 29, -1,
				29, 49, 30, -1,
				30, 49, 31, -1,
				31, 49, 32, -1,
				32, 49, 33, -1,
				33, 49, 34, -1,
				34, 49, 35, -1,
				35, 49, 36, -1,
				36, 49, 37, -1,
				37, 49, 38, -1,
				38, 49, 39, -1,
				39, 49, 40, -1,
				40, 49, 41, -1,
				41, 49, 42, -1,
				42, 49, 43, -1,
				43, 49, 44, -1,
				44, 49, 45, -1,
				45, 49, 46, -1,
				46, 49, 47, -1,
				47, 49, 24, -1,
			]
			solid FALSE
		}
	}
#---------- SOLID: Fiber_K.202
	Shape {
		appearance Appearance {
			material Material {
				diffuseColor 0 1 0
				transparency 0.7
			}
		}
		geometry IndexedFaceSet {
			coord Coordinate {
				point [
					-0.125 99.4 -3003.7,
					0.133819 99.4 -3003.73,
					0.375 99.4 -3003.83,
					0.582107 99.4 -3003.99,
					0.741025 99.4 -3004.2,
					0.840926 99.4 -3004.44,
					0.875 99.4 -3004.7,
					0.840926 99.4 -3004.96,
					0.741025 99.4 -3005.2,
					0.582107 99.4 -3005.41,
					0.375 99.4 -3005.57,
					0.133819 99.4 -3005.67,
					-0.125 99.4 -3005.7,
					-0.383819 99.4 -3005.67,
					-0.625 99.4 -3005.57,
					-0.832107 99.4 -3005.41,
					-0.991025 99.4 -3005.2,
					-1.09093 99.4 -3004.96,
					-1.125 99.4 -3004.7,
					-1.09093 99.4 -3004.44,
					-0.991025 99.4 -3004.2,
					-0.832107 99.4 -3003.99,
					-0.625 99.4 -3003.83,
					-0.383819 99.4 -3003.73,
					-0.125 -99.4 -3003.7,
					0.133819 -99.4 -3003.73,
					0.375 -99.4 -3003.83,
					0.582107 -99.4 -3003.99,
					0.741025 -99.4 -3004.2,
					0.840926 -99.4 -3004.44,
					0.875 -99.4 -3004.7,
					0.840926 -99.4 -3004.96,
					0.741025 -99.4 -3005.2,
					0.582107 -99.4 -3005.41,
					0.375 -99.4 -3005.57,
					0.133819 -99.4 -3005.67,
					-0.125 -99.4 -3005.7,
					-0.383819 -99.4 -3005.67,
					-0.625 -99.4 -3005.57,
					-0.832107 -99.4 -3005.41,
					-0.991025 -99.4 -3005.2,
					-1.09093 -99.4 -3004.96,
					-1.125 -99.4 -3004.7,
					-1.09093 -99.4 -3004.44,
					-0.991025 -99.4 -3004.2,
					-0.832107 -99.4 -3003.99,
					-0.625 -99.4 -3003.83,
					-0.383819 -99.4 -3003.73,
					-0.125 99.4 -3004.7,
					-0.125 -99.4 -3004.7,
				]
			}
			coordIndex [
				0, 24, 25, 1, -1,
				1, 25, 26, 2, -1,
				2, 26, 27, 3, -1,
				3, 27, 28, 4, -1,
				4, 28, 29, 5, -1,
				5, 29, 30, 6, -1,
				6, 30, 31, 7, -1,
				7, 31, 32, 8, -1,
				8, 32, 33, 9, -1,
				9, 33, 34, 10, -1,
				10, 34, 35, 11, -1,
				11, 35, 36, 12, -1,
				12, 36, 37, 13, -1,
				13, 37, 38, 14, -1,
				14, 38, 39, 15, -1,
				15, 39, 40, 16, -1,
				16, 40, 41, 17, -1,
				17, 41, 42, 18, -1,
				18, 42, 43, 19, -1,
				19, 43, 44, 20, -1,
				20, 44, 45, 21, -1,
				21, 45, 46, 22, -1,
				22, 46, 47, 23, -1,
				23, 47, 24, 0, -1,
				48, 0, 1, -1,
				48, 1, 2, -1,
				48, 2, 3, -1,
				48, 3, 4, -1,
				48, 4, 5, -1,
				48, 5, 6, -1,
				48, 6, 7, -1,
				48, 7, 8, -1,
				48, 8, 9, -1,
				48, 9, 10, -1,
				48, 10, 11, -1,
				48, 11, 12, -1,
				48, 12, 13, -1,
				48, 13, 14, -1,
				48, 14, 15, -1,
				48, 15, 16, -1,
				48, 16, 17, -1,
				48, 17, 18, -1,
				48, 18, 19, -1,
				48, 19, 20, -1,
				48, 20, 21, -1,
				48, 21, 22, -1,
				48, 22, 23, -1,
				48, 23, 0, -1,
				24, 49, 25, -1,
				25, 49, 26, -1,
				26, 49, 27, -1,
				27, 49, 28, -1,
				28, 49, 29, -1,
				29, 49, 30, -1,
				30, 49, 31, -1,
				31, 49, 32, -1,
				32, 49, 33, -1,
				33, 49, 34, -1,
				34, 49, 35, -1,
				35, 49, 36, -1,
				36, 49, 37, -1,
				37, 49, 38, -1,
				38, 49, 39, -1,
				39, 49, 40, -1,
				40, 49, 41, -1,
				41, 49, 42, -1,
				42, 49, 43, -1,
				43, 49, 44, -1,
				44, 49, 45, -1,
				45, 49, 46, -1,
				46, 49, 47, -1,
				47, 49, 24, -1,
			]
			solid FALSE
		}
	}
#---------- SOLID: Pixel_K202.202
	Shape {
		appearance Appearance {
			material Material {
				diffuseColor 0 0 1
				transparency 0.7
			}
		}
		geometry IndexedFaceSet {
			coord Coordinate {
				point [
					-1.425 -99.6 -3006,
					-1.425 -99.6 -3003.4,
					1.175 -99.6 -3003.4,
					1.175 -99.6 -3006,
					-1.425 -99.4 -3006,
					-1.425 -99.4 -3003.4,
					1.175 -99.4 -3003.4,
					1.175 -99.4 -3006,
				]
			}
			coordIndex [
				0, 3, 2, 1, -1,
				4, 7, 3, 0, -1,
				7, 6, 2, 3, -1,
				6, 5, 1, 2, -1,
				5, 4, 0, 1, -1,
				4, 5, 6, 7, -1,
			]
			solid FALSE
		}
	}
#---------- SOLID: Enclosure.2
	Shape {
		appearance Appearance {
			material Material {
				diffuseColor 1 1 1
				transparency 0.7
			}
		}
		geometry IndexedFaceSet {
			coord Coordinate {
				point [
					-281.35 -281.35 -2100,
					281.35 -281.35 -2100,
					281.35 281.35 -2100,
					-281.35 281.35 -2100,
					-281.35 -281.35 -1900,
					281.35 -281.35 -1900,
					281.35 281.35 -1900,
					-281.35 281.35 -1900,
				]
			}
			coordIndex [
				0, 3, 2, 1, -1,
				4, 7, 3, 0, -1,
				7, 6, 2, 3, -1,
				6, 5, 1, 2, -1,
				5, 4, 0, 1, -1,
				4, 5, 6, 7, -1,
			]
			solid FALSE
		}
	}
#---------- SOLID: Casing_3.3
	Shape {
		appearance Appearance {
			material Material {
				diffuseColor 1 1 1
				transparency 0.7
			}
		}
		geometry IndexedFaceSet {
			coord Coordinate {
				point [
					-281.35 -281.35 -2100,
					281.35 -281.35 -2100,
					281.35 281.35 -2100,
					-281.35 281.35 -2100,
					-281.35 -281.35 -1900,
					281.35 -281.35 -1900,
					281.35 281.35 -1900,
					-281.35 281.35 -1900,
				]
			}
			coordIndex [
				0, 3, 2, 1, -1,
				4, 7, 3, 0, -1,
				7, 6, 2, 3, -1,
				6, 5, 1, 2, -1,
				5, 4, 0, 1, -1,
				4, 5, 6, 7, -1,
			]
			solid FALSE
		}
	}
#---------- SOLID: BarCoating_Z.301
	Shape {
		appearance Appearance {
			material Material {
				diffuseColor 1 1 1
				transparency 0.7
			}
		}
		geometry IndexedFaceSet {
			coord Coordinate {
				point [
					-100.25 -100.375 -1999.25,
					100.25 -100.375 -1999.25,
					100.25 100.125 -1999.25,
					-100.25 100.125 -1999.25,
					-100.25 -100.375 -1948.75,
					100.25 -100.375 -1948.75,
					100.25 100.125 -1948.75,
					-100.25 100.125 -1948.75,
				]
			}
			coordIndex [
				0, 3, 2, 1, -1,
				4, 7, 3, 0, -1,
				7, 6, 2, 3, -1,
				6, 5, 1, 2, -1,
				5, 4, 0, 1, -1,
				4, 5, 6, 7, -1,
			]
			solid FALSE
		}
	}
#---------- SOLID: BarScin_Z.301
	Shape {
		appearance Appearance {
			material Material {
				diffuseColor 1 1 1
				transparency 0.7
			}
		}
		geometry IndexedFaceSet {
			coord Coordinate {
				point [
					-100 -100.125 -1999,
					100 -100.125 -1999,
					100 99.875 -1999,
					-100 99.875 -1999,
					-100 -100.125 -1949,
					100 -100.125 -1949,
					100 99.875 -1949,
					-100 99.875 -1949,
				]
			}
			coordIndex [
				0, 3, 2, 1, -1,
				4, 7, 3, 0, -1,
				7, 6, 2, 3, -1,
				6, 5, 1, 2, -1,
				5, 4, 0, 1, -1,
				4, 5, 6, 7, -1,
			]
			solid FALSE
		}
	}
#---------- SOLID: FiberClad2_Z.301
	Shape {
		appearance Appearance {
			material Material {
				diffuseColor 0 1 0
				transparency 0.7
			}
		}
		geometry IndexedFaceSet {
			coord Coordinate {
				point [
					-99.4 -0.125 -1971.5,
					-99.4 0.185583 -1971.54,
					-99.4 0.475 -1971.66,
					-99.4 0.723528 -1971.85,
					-99.4 0.91423 -1972.1,
					-99.4 1.03411 -1972.39,
					-99.4 1.075 -1972.7,
					-99.4 1.03411 -1973.01,
					-99.4 0.91423 -1973.3,
					-99.4 0.723528 -1973.55,
					-99.4 0.475 -1973.74,
					-99.4 0.185583 -1973.86,
					-99.4 -0.125 -1973.9,
					-99.4 -0.435583 -1973.86,
					-99.4 -0.725 -1973.74,
					-99.4 -0.973528 -1973.55,
					-99.4 -1.16423 -1973.3,
					-99.4 -1.28411 -1973.01,
					-99.4 -1.325 -1972.7,
					-99.4 -1.28411 -1972.39,
					-99.4 -1.16423 -1972.1,
					-99.4 -0.973528 -1971.85,
					-99.4 -0.725 -1971.66,
					-99.4 -0.435583 -1971.54,
					99.4 -0.125 -1971.5,
					99.4 0.185583 -1971.54,
					99.4 0.475 -1971.66,
					99.4 0.723528 -1971.85,
					99.4 0.91423 -1972.1,
					99.4 1.03411 -1972.39,
					99.4 1.075 -1972.7,
					99.4 1.03411 -1973.01,
					99.4 0.91423 -1973.3,
					99.4 0.723528 -1973.55,
					99.4 0.475 -1973.74,
					99.4 0.185583 -1973.86,
					99.4 -0.125 -1973.9,
					99.4 -0.435583 -1973.86,
					99.4 -0.725 -1973.74,
					99.4 -0.973528 -1973.55,
					99.4 -1.16423 -1973.3,
					99.4 -1.28411 -1973.01,
					99.4 -1.325 -1972.7,
					99.4 -1.28411 -1972.39,
					99.4 -1.16423 -1972.1,
					99.4 -0.973528 -1971.85,
					99.4 -0.725 -1971.66,
					99.4 -0.435583 -1971.54,
					-99.4 -0.125 -1972.7,
					99.4 -0.125 -1972.7,
				]
			}
			coordIndex [
				0, 24, 25, 1, -1,
				1, 25, 26, 2, -1,
				2, 26, 27, 3, -1,
				3, 27, 28, 4, -1,
				4, 28, 29, 5, -1,
				5, 29, 30, 6, -1,
				6, 30, 31, 7, -1,
				7, 31, 32, 8, -1,
				8, 32, 33, 9, -1,
				9, 33, 34, 10, -1,
				10, 34, 35, 11, -1,
				11, 35, 36, 12, -1,
				12, 36, 37, 13, -1,
				13, 37, 38, 14, -1,
				14, 38, 39, 15, -1,
				15, 39, 40, 16, -1,
				16, 40, 41, 17, -1,
				17, 41, 42, 18, -1,
				18, 42, 43, 19, -1,
				19, 43, 44, 20, -1,
				20, 44, 45, 21, -1,
				21, 45, 46, 22, -1,
				22, 46, 47, 23, -1,
				23, 47, 24, 0, -1,
				48, 0, 1, -1,
				48, 1, 2, -1,
				48, 2, 3, -1,
				48, 3, 4, -1,
				48, 4, 5, -1,
				48, 5, 6, -1,
				48, 6, 7, -1,
				48, 7, 8, -1,
				48, 8, 9, -1,
				48, 9, 10, -1,
				48, 10, 11, -1,
				48, 11, 12, -1,
				48, 12, 13, -1,
				48, 13, 14, -1,
				48, 14, 15, -1,
				48, 15, 16, -1,
				48, 16, 17, -1,
				48, 17, 18, -1,
				48, 18, 19, -1,
				48, 19, 20, -1,
				48, 20, 21, -1,
				48, 21, 22, -1,
				48, 22, 23, -1,
				48, 23, 0, -1,
				24, 49, 25, -1,
				25, 49, 26, -1,
				26, 49, 27, -1,
				27, 49, 28, -1,
				28, 49, 29, -1,
				29, 49, 30, -1,
				30, 49, 31, -1,
				31, 49, 32, -1,
				32, 49, 33, -1,
				33, 49, 34, -1,
				34, 49, 35, -1,
				35, 49, 36, -1,
				36, 49, 37, -1,
				37, 49, 38, -1,
				38, 49, 39, -1,
				39, 49, 40, -1,
				40, 49, 41, -1,
				41, 49, 42, -1,
				42, 49, 43, -1,
				43, 49, 44, -1,
				44, 49, 45, -1,
				45, 49, 46, -1,
				46, 49, 47, -1,
				47, 49, 24, -1,
			]
			solid FALSE
		}
	}
#---------- SOLID: FiberClad1_Z.301
	Shape {
		appearance Appearance {
			material Material {
				diffuseColor 0 1 0
				transparency 0.7
			}
		}
		geometry IndexedFaceSet {
			coord Coordinate {
				point [
					-99.4 -0.125 -1971.6,
					-99.4 0.159701 -1971.64,
					-99.4 0.425 -1971.75,
					-99.4 0.652817 -1971.92,
					-99.4 0.827628 -1972.15,
					-99.4 0.937518 -1972.42,
					-99.4 0.975 -1972.7,
					-99.4 0.937518 -1972.98,
					-99.4 0.827628 -1973.25,
					-99.4 0.652817 -1973.48,
					-99.4 0.425 -1973.65,
					-99.4 0.159701 -1973.76,
					-99.4 -0.125 -1973.8,
					-99.4 -0.409701 -1973.76,
					-99.4 -0.675 -1973.65,
					-99.4 -0.902817 -1973.48,
					-99.4 -1.07763 -1973.25,
					-99.4 -1.18752 -1972.98,
					-99.4 -1.225 -1972.7,
					-99.4 -1.18752 -1972.42,
					-99.4 -1.07763 -1972.15,
					-99.4 -0.902817 -1971.92,
					-99.4 -0.675 -1971.75,
					-99.4 -0.409701 -1971.64,
					99.4 -0.125 -1971.6,
					99.4 0.159701 -1971.64,
					99.4 0.425 -1971.75,
					99.4 0.652817 -1971.92,
					99.4 0.827628 -1972.15,
					99.4 0.937518 -1972.42,
					99.4 0.975 -1972.7,
					99.4 0.937518 -1972.98,
					99.4 0.827628 -1973.25,
					99.4 0.652817 -1973.48,
					99.4 0.425 -1973.65,
					99.4 0.159701 -1973.76,
					99.4 -0.125 -1973.8,
					99.4 -0.409701 -1973.76,
					99.4 -0.675 -1973.65,
					99.4 -0.902817 -1973.48,
					99.4 -1.07763 -1973.25,
					99.4 -1.18752 -1972.98,
					99.4 -1.225 -1972.7,
					99.4 -1.18752 -1972.42,
					99.4 -1.07763 -1972.15,
					99.4 -0.902817 -1971.92,
					99.4 -0.675 -1971.75,
					99.4 -0.409701 -1971.64,
					-99.4 -0.125 -1972.7,
					99.4 -0.125 -1972.7,
				]
			}
			coordIndex [
				0, 24, 25, 1, -1,
				1, 25, 26, 2, -1,
				2, 26, 27, 3, -1,
				3, 27, 28, 4, -1,
				4, 28, 29, 5, -1,
				5, 29, 30, 6, -1,
				6, 30, 31, 7, -1,
				7, 31, 32, 8, -1,
				8, 32, 33, 9, -1,
				9, 33, 34, 10, -1,
				10, 34, 35, 11, -1,
				11, 35, 36, 12, -1,
				12, 36, 37, 13, -1,
				13, 37, 38, 14, -1,
				14, 38, 39, 15, -1,
				15, 39, 40, 16, -1,
				16, 40, 41, 17, -1,
				17, 41, 42, 18, -1,
				18, 42, 43, 19, -1,
				19, 43, 44, 20, -1,
				20, 44, 45, 21, -1,
				21, 45, 46, 22, -1,
				22, 46, 47, 23, -1,
				23, 47, 24, 0, -1,
				48, 0, 1, -1,
				48, 1, 2, -1,
				48, 2, 3, -1,
				48, 3, 4, -1,
				48, 4, 5, -1,
				48, 5, 6, -1,
				48, 6, 7, -1,
				48, 7, 8, -1,
				48, 8, 9, -1,
				48, 9, 10, -1,
				48, 10, 11, -1,
				48, 11, 12, -1,
				48, 12, 13, -1,
				48, 13, 14, -1,
				48, 14, 15, -1,
				48, 15, 16, -1,
				48, 16, 17, -1,
				48, 17, 18, -1,
				48, 18, 19, -1,
				48, 19, 20, -1,
				48, 20, 21, -1,
				48, 21, 22, -1,
				48, 22, 23, -1,
				48, 23, 0, -1,
				24, 49, 25, -1,
				25, 49, 26, -1,
				26, 49, 27, -1,
				27, 49, 28, -1,
				28, 49, 29, -1,
				29, 49, 30, -1,
				30, 49, 31, -1,
				31, 49, 32, -1,
				32, 49, 33, -1,
				33, 49, 34, -1,
				34, 49, 35, -1,
				35, 49, 36, -1,
				36, 49, 37, -1,
				37, 49, 38, -1,
				38, 49, 39, -1,
				39, 49, 40, -1,
				40, 49, 41, -1,
				41, 49, 42, -1,
				42, 49, 43, -1,
				43, 49, 44, -1,
				44, 49, 45, -1,
				45, 49, 46, -1,
				46, 49, 47, -1,
				47, 49, 24, -1,
			]
			solid FALSE
		}
	}
#---------- SOLID: Fiber_Z.301
	Shape {
		appearance Appearance {
			material Material {
				diffuseColor 0 1 0
				transparency 0.7
			}
		}
		geometry IndexedFaceSet {
			coord Coordinate {
				point [
					-99.4 -0.125 -1971.7,
					-99.4 0.133819 -1971.73,
					-99.4 0.375 -1971.83,
					-99.4 0.582107 -1971.99,
					-99.4 0.741025 -1972.2,
					-99.4 0.840926 -1972.44,
					-99.4 0.875 -1972.7,
					-99.4 0.840926 -1972.96,
					-99.4 0.741025 -1973.2,
					-99.4 0.582107 -1973.41,
					-99.4 0.375 -1973.57,
					-99.4 0.133819 -1973.67,
					-99.4 -0.125 -1973.7,
					-99.4 -0.383819 -1973.67,
					-99.4 -0.625 -1973.57,
					-99.4 -0.832107 -1973.41,
					-99.4 -0.991025 -1973.2,
					-99.4 -1.09093 -1972.96,
					-99.4 -1.125 -1972.7,
					-99.4 -1.09093 -1972.44,
					-99.4 -0.991025 -1972.2,
					-99.4 -0.832107 -1971.99,
					-99.4 -0.625 -1971.83,
					-99.4 -0.383819 -1971.73,
					99.4 -0.125 -1971.7,
					99.4 0.133819 -1971.73,
					99.4 0.375 -1971.83,
					99.4 0.582107 -1971.99,
					99.4 0.741025 -1972.2,
					99.4 0.840926 -1972.44,
					99.4 0.875 -1972.7,
					99.4 0.840926 -1972.96,
					99.4 0.741025 -1973.2,
					99.4 0.582107 -1973.41,
					99.4 0.375 -1973.57,
					99.4 0.133819 -1973.67,
					99.4 -0.125 -1973.7,
					99.4 -0.383819 -1973.67,
					99.4 -0.625 -1973.57,
					99.4 -0.832107 -1973.41,
					99.4 -0.991025 -1973.2,
					99.4 -1.09093 -1972.96,
					99.4 -1.125 -1972.7,
					99.4 -1.09093 -1972.44,
					99.4 -0.991025 -1972.2,
					99.4 -0.832107 -1971.99,
					99.4 -0.625 -1971.83,
					99.4 -0.383819 -1971.73,
					-99.4 -0.125 -1972.7,
					99.4 -0.125 -1972.7,
				]
			}
			coordIndex [
				0, 24, 25, 1, -1,
				1, 25, 26, 2, -1,
				2, 26, 27, 3, -1,
				3, 27, 28, 4, -1,
				4, 28, 29, 5, -1,
				5, 29, 30, 6, -1,
				6, 30, 31, 7, -1,
				7, 31, 32, 8, -1,
				8, 32, 33, 9, -1,
				9, 33, 34, 10, -1,
				10, 34, 35, 11, -1,
				11, 35, 36, 12, -1,
				12, 36, 37, 13, -1,
				13, 37, 38, 14, -1,
				14, 38, 39, 15, -1,
				15, 39, 40, 16, -1,
				16, 40, 41, 17, -1,
				17, 41, 42, 18, -1,
				18, 42, 43, 19, -1,
				19, 43, 44, 20, -1,
				20, 44, 45, 21, -1,
				21, 45, 46, 22, -1,
				22, 46, 47, 23, -1,
				23, 47, 24, 0, -1,
				48, 0, 1, -1,
				48, 1, 2, -1,
				48, 2, 3, -1,
				48, 3, 4, -1,
				48, 4, 5, -1,
				48, 5, 6, -1,
				48, 6, 7, -1,
				48, 7, 8, -1,
				48, 8, 9, -1,
				48, 9, 10, -1,
				48, 10, 11, -1,
				48, 11, 12, -1,
				48, 12, 13, -1,
				48, 13, 14, -1,
				48, 14, 15, -1,
				48, 15, 16, -1,
				48, 16, 17, -1,
				48, 17, 18, -1,
				48, 18, 19, -1,
				48, 19, 20, -1,
				48, 20, 21, -1,
				48, 21, 22, -1,
				48, 22, 23, -1,
				48, 23, 0, -1,
				24, 49, 25, -1,
				25, 49, 26, -1,
				26, 49, 27, -1,
				27, 49, 28, -1,
				28, 49, 29, -1,
				29, 49, 30, -1,
				30, 49, 31, -1,
				31, 49, 32, -1,
				32, 49, 33, -1,
				33, 49, 34, -1,
				34, 49, 35, -1,
				35, 49, 36, -1,
				36, 49, 37, -1,
				37, 49, 38, -1,
				38, 49, 39, -1,
				39, 49, 40, -1,
				40, 49, 41, -1,
				41, 49, 42, -1,
				42, 49, 43, -1,
				43, 49, 44, -1,
				44, 49, 45, -1,
				45, 49, 46, -1,
				46, 49, 47, -1,
				47, 49, 24, -1,
			]
			solid FALSE
		}
	}
#---------- SOLID: Pixel_Z301.301
	Shape {
		appearance Appearance {
			material Material {
				diffuseColor 0 0 1
				transparency 0.7
			}
		}
		geometry IndexedFaceSet {
			coord Coordinate {
				point [
					99.6 -1.425 -1974,
					99.6 -1.425 -1971.4,
					99.6 1.175 -1971.4,
					99.6 1.175 -1974,
					99.4 -1.425 -1974,
					99.4 -1.425 -1971.4,
					99.4 1.175 -1971.4,
					99.4 1.175 -1974,
				]
			}
			coordIndex [
				0, 3, 2, 1, -1,
				4, 7, 3, 0, -1,
				7, 6, 2, 3, -1,
				6, 5, 1, 2, -1,
				5, 4, 0, 1, -1,
				4, 5, 6, 7, -1,
			]
			solid FALSE
		}
	}
#---------- POLYLINE
Shape {
	appearance Appearance {
		material Material {
			diffuseColor 1 0 0
			emissiveColor 1 0 0
		}
	}
	geometry IndexedLineSet {
		coord Coordinate {
			point [
				25.3527 339.26 -550,
				68.6424 348.196 -633.75,
				88.2027 352.237 -671.554,
				134.194 361.778 -760.579,
				155.71 366.257 -802.296,
				198.916 375.298 -886.001,
				211.069 377.847 -909.515,
				428.737 423.012 -1331.91,
				435.342 424.366 -1344.79,
				436.788 424.662 -1347.61,
				539.807 446.035 -1548.94,
				653.678 469.809 -1771.44,
				659.462 471.006 -1782.71,
				708.141 481.022 -1877.89,
				769.17 493.422 -1997.11,
				819.123 503.582 -2094.84,
				846.273 509.062 -2148.04,
				858.652 511.545 -2172.19,
				889.884 517.808 -2233.07,
				1066.43 553.327 -2576.63,
				1074.25 554.925 -2591.8,
				1081.98 556.511 -2606.79,
				1125.98 565.507 -2692.06,
				1193.91 579.261 -2823.75,
				1194.91 579.465 -2825.71,
				1231.14 586.551 -2895.91,
				1309.89 602.128 -3045.95,
				1383.93 617.002 -3185.73,
				1432.55 626.851 -3277.57,
				1490.15 638.633 -3386.49,
				1564.68 653.975 -3527.27,
				1572.42 655.577 -3541.86,
				1610.04 663.348 -3612.79,
				1701.29 682.19 -3784.68,
				1798.22 702.327 -3966.99,
				1810.26 704.828 -3989.66,
				1824.17 707.744 -4015.84,
				1835.93 710.223 -4037.99,
				1843.56 711.83 -4052.37,
				1844.48 712.023 -4054.1,
				2006.32 745.828 -4358.35,
				2070.98 759.146 -4479.84,
				2111.39 767.304 -4555.4,
				2116.42 768.266 -4564.7,
				2146.24 773.968 -4619.71,
				2192 782.634 -4704.1,
				2219.63 787.851 -4755.05,
				2292.82 801.705 -4889.96,
				2339.66 810.579 -4976.24,
				2341.73 810.973 -4980.06,
				2352.56 813.02 -5000,
			]
		}
		coordIndex [
			0, 1, 2, 3, 4, 5, 6, 7, 8, 9, 
			10, 11, 12, 13, 14, 15, 16, 17, 18, 19, 
			20, 21, 22, 23, 24, 25, 26, 27, 28, 29, 
			30, 31, 32, 33, 34, 35, 36, 37, 38, 39, 
			40, 41, 42, 43, 44, 45, 46, 47, 48, 49, 
			50, -1
		]
	}
}
#---------- POLYLINE
Shape {
	appearance Appearance {
		material Material {
			diffuseColor 1 0 0
			emissiveColor 1 0 0
		}
	}
	geometry IndexedLineSet {
		coord Coordinate {
			point [
				2341.73 810.973 -4980.06,
				2341.79 811.056 -4980.02,
			]
		}
		coordIndex [
			0, 1, -1
		]
	}
}
#---------- POLYLINE
Shape {
	appearance Appearance {
		material Material {
			diffuseColor 1 0 0
			emissiveColor 1 0 0
		}
	}
	geometry IndexedLineSet {
		coord Coordinate {
			point [
				2339.66 810.579 -4976.24,
				2339.96 810.666 -4976.1,
			]
		}
		coordIndex [
			0, 1, -1
		]
	}
}
#---------- POLYLINE
Shape {
	appearance Appearance {
		material Material {
			diffuseColor 1 0 0
			emissiveColor 1 0 0
		}
	}
	geometry IndexedLineSet {
		coord Coordinate {
			point [
				2292.82 801.705 -4889.96,
				2292.78 801.712 -4889.98,
			]
		}
		coordIndex [
			0, 1, -1
		]
	}
}
#---------- POLYLINE
Shape {
	appearance Appearance {
		material Material {
			diffuseColor 1 0 0
			emissiveColor 1 0 0
		}
	}
	geometry IndexedLineSet {
		coord Coordinate {
			point [
				2219.63 787.851 -4755.05,
				2219.64 787.834 -4755.04,
			]
		}
		coordIndex [
			0, 1, -1
		]
	}
}
#---------- POLYLINE
Shape {
	appearance Appearance {
		material Material {
			diffuseColor 1 0 0
			emissiveColor 1 0 0
		}
	}
	geometry IndexedLineSet {
		coord Coordinate {
			point [
				2192 782.634 -4704.1,
				2192.04 782.517 -4704.1,
			]
		}
		coordIndex [
			0, 1, -1
		]
	}
}
#---------- POLYLINE
Shape {
	appearance Appearance {
		material Material {
			diffuseColor 1 0 0
			emissiveColor 1 0 0
		}
	}
	geometry IndexedLineSet {
		coord Coordinate {
			point [
				2146.24 773.968 -4619.71,
				2146.21 774.007 -4619.73,
			]
		}
		coordIndex [
			0, 1, -1
		]
	}
}
#---------- POLYLINE
Shape {
	appearance Appearance {
		material Material {
			diffuseColor 1 0 0
			emissiveColor 1 0 0
		}
	}
	geometry IndexedLineSet {
		coord Coordinate {
			point [
				2116.42 768.266 -4564.7,
				2116.04 768.17 -4564.96,
				2115.8 768.455 -4565.05,
				2115.79 768.464 -4565.03,
			]
		}
		coordIndex [
			0, 1, 2, 3, -1
		]
	}
}
#---------- POLYLINE
Shape {
	appearance Appearance {
		material Material {
			diffuseColor 1 0 0
			emissiveColor 1 0 0
		}
	}
	geometry IndexedLineSet {
		coord Coordinate {
			point [
				2116.04 768.17 -4564.96,
				2116.03 768.168 -4564.94,
			]
		}
		coordIndex [
			0, 1, -1
		]
	}
}
#---------- POLYLINE
Shape {
	appearance Appearance {
		material Material {
			diffuseColor 1 0 0
			emissiveColor 1 0 0
		}
	}
	geometry IndexedLineSet {
		coord Coordinate {
			point [
				2111.39 767.304 -4555.4,
				2111.95 767.282 -4555.16,
				2111.95 767.285 -4555.12,
			]
		}
		coordIndex [
			0, 1, 2, -1
		]
	}
}
#---------- POLYLINE
Shape {
	appearance Appearance {
		material Material {
			diffuseColor 1 0 0
			emissiveColor 1 0 0
		}
	}
	geometry IndexedLineSet {
		coord Coordinate {
			point [
				2070.98 759.146 -4479.84,
				2070.99 759.175 -4479.83,
			]
		}
		coordIndex [
			0, 1, -1
		]
	}
}
#---------- POLYLINE
Shape {
	appearance Appearance {
		material Material {
			diffuseColor 1 0 0
			emissiveColor 1 0 0
		}
	}
	geometry IndexedLineSet {
		coord Coordinate {
			point [
				2006.32 745.828 -4358.35,
				2006.38 745.758 -4358.34,
			]
		}
		coordIndex [
			0, 1, -1
		]
	}
}
#---------- POLYLINE
Shape {
	appearance Appearance {
		material Material {
			diffuseColor 1 0 0
			emissiveColor 1 0 0
		}
	}
	geometry IndexedLineSet {
		coord Coordinate {
			point [
				1844.48 712.023 -4054.1,
				1844.52 712.079 -4054.07,
			]
		}
		coordIndex [
			0, 1, -1
		]
	}
}
#---------- POLYLINE
Shape {
	appearance Appearance {
		material Material {
			diffuseColor 1 0 0
			emissiveColor 1 0 0
		}
	}
	geometry IndexedLineSet {
		coord Coordinate {
			point [
				1843.56 711.83 -4052.37,
				1843.55 711.855 -4052.38,
			]
		}
		coordIndex [
			0, 1, -1
		]
	}
}
#---------- POLYLINE
Shape {
	appearance Appearance {
		material Material {
			diffuseColor 1 0 0
			emissiveColor 1 0 0
		}
	}
	geometry IndexedLineSet {
		coord Coordinate {
			point [
				1835.93 710.223 -4037.99,
				1835.94 710.196 -4037.99,
			]
		}
		coordIndex [
			0, 1, -1
		]
	}
}
#---------- POLYLINE
Shape {
	appearance Appearance {
		material Material {
			diffuseColor 1 0 0
			emissiveColor 1 0 0
		}
	}
	geometry IndexedLineSet {
		coord Coordinate {
			point [
				1824.17 707.744 -4015.84,
				1824.17 707.726 -4015.84,
			]
		}
		coordIndex [
			0, 1, -1
		]
	}
}
#---------- POLYLINE
Shape {
	appearance Appearance {
		material Material {
			diffuseColor 1 0 0
			emissiveColor 1 0 0
		}
	}
	geometry IndexedLineSet {
		coord Coordinate {
			point [
				1810.26 704.828 -3989.66,
				1810.29 704.823 -3989.65,
			]
		}
		coordIndex [
			0, 1, -1
		]
	}
}
#---------- POLYLINE
Shape {
	appearance Appearance {
		material Material {
			diffuseColor 1 0 0
			emissiveColor 1 0 0
		}
	}
	geometry IndexedLineSet {
		coord Coordinate {
			point [
				1798.22 702.327 -3966.99,
				1798.21 702.428 -3967,
			]
		}
		coordIndex [
			0, 1, -1
		]
	}
}
#---------- POLYLINE
Shape {
	appearance Appearance {
		material Material {
			diffuseColor 1 0 0
			emissiveColor 1 0 0
		}
	}
	geometry IndexedLineSet {
		coord Coordinate {
			point [
				1701.29 682.19 -3784.68,
				1701.29 682.169 -3784.68,
			]
		}
		coordIndex [
			0, 1, -1
		]
	}
}
#---------- POLYLINE
Shape {
	appearance Appearance {
		material Material {
			diffuseColor 1 0 0
			emissiveColor 1 0 0
		}
	}
	geometry IndexedLineSet {
		coord Coordinate {
			point [
				1610.04 663.348 -3612.79,
				1610.04 663.287 -3612.8,
			]
		}
		coordIndex [
			0, 1, -1
		]
	}
}
#---------- POLYLINE
Shape {
	appearance Appearance {
		material Material {
			diffuseColor 1 0 0
			emissiveColor 1 0 0
		}
	}
	geometry IndexedLineSet {
		coord Coordinate {
			point [
				1572.42 655.577 -3541.86,
				1572.45 655.587 -3541.85,
			]
		}
		coordIndex [
			0, 1, -1
		]
	}
}
#---------- POLYLINE
Shape {
	appearance Appearance {
		material Material {
			diffuseColor 1 0 0
			emissiveColor 1 0 0
		}
	}
	geometry IndexedLineSet {
		coord Coordinate {
			point [
				1564.68 653.975 -3527.27,
				1564.57 654.03 -3527.34,
			]
		}
		coordIndex [
			0, 1, -1
		]
	}
}
#---------- POLYLINE
Shape {
	appearance Appearance {
		material Material {
			diffuseColor 1 0 0
			emissiveColor 1 0 0
		}
	}
	geometry IndexedLineSet {
		coord Coordinate {
			point [
				1490.15 638.633 -3386.49,
				1490.13 638.626 -3386.5,
			]
		}
		coordIndex [
			0, 1, -1
		]
	}
}
#---------- POLYLINE
Shape {
	appearance Appearance {
		material Material {
			diffuseColor 1 0 0
			emissiveColor 1 0 0
		}
	}
	geometry IndexedLineSet {
		coord Coordinate {
			point [
				1432.55 626.851 -3277.57,
				1450.71 613.449 -3276.54,
				1460.24 606.061 -3271.6,
				1463.43 601.727 -3267.96,
				1473.04 591.72 -3269.34,
				1478.2 585.352 -3268.2,
				1482.6 582.583 -3269.4,
				1485.79 580.812 -3269.98,
				1487.7 580.586 -3269.17,
				1489.27 582.005 -3268.5,
				1490.72 582.166 -3268.94,
				1491.13 581.622 -3269.21,
				1491.24 581.511 -3269.25,
			]
		}
		coordIndex [
			0, 1, 2, 3, 4, 5, 6, 7, 8, 9, 
			10, 11, 12, -1
		]
	}
}
#---------- POLYLINE
Shape {
	appearance Appearance {
		material Material {
			diffuseColor 1 0 0
			emissiveColor 1 0 0
		}
	}
	geometry IndexedLineSet {
		coord Coordinate {
			point [
				1489.27 582.005 -3268.5,
				1489.3 583.399 -3267.97,
				1488.93 583.569 -3267.97,
				1488.74 583.609 -3267.91,
			]
		}
		coordIndex [
			0, 1, 2, 3, -1
		]
	}
}
#---------- POLYLINE
Shape {
	appearance Appearance {
		material Material {
			diffuseColor 1 0 0
			emissiveColor 1 0 0
		}
	}
	geometry IndexedLineSet {
		coord Coordinate {
			point [
				1488.93 583.569 -3267.97,
				1488.93 583.563 -3267.95,
			]
		}
		coordIndex [
			0, 1, -1
		]
	}
}
#---------- POLYLINE
Shape {
	appearance Appearance {
		material Material {
			diffuseColor 1 0 0
			emissiveColor 1 0 0
		}
	}
	geometry IndexedLineSet {
		coord Coordinate {
			point [
				1487.7 580.586 -3269.17,
				1487.71 580.577 -3269.19,
			]
		}
		coordIndex [
			0, 1, -1
		]
	}
}
#---------- POLYLINE
Shape {
	appearance Appearance {
		material Material {
			diffuseColor 1 0 0
			emissiveColor 1 0 0
		}
	}
	geometry IndexedLineSet {
		coord Coordinate {
			point [
				1485.79 580.812 -3269.98,
				1485.86 580.77 -3270.17,
			]
		}
		coordIndex [
			0, 1, -1
		]
	}
}
#---------- POLYLINE
Shape {
	appearance Appearance {
		material Material {
			diffuseColor 1 0 0
			emissiveColor 1 0 0
		}
	}
	geometry IndexedLineSet {
		coord Coordinate {
			point [
				1482.6 582.583 -3269.4,
				1482.62 582.604 -3269.4,
			]
		}
		coordIndex [
			0, 1, -1
		]
	}
}
#---------- POLYLINE
Shape {
	appearance Appearance {
		material Material {
			diffuseColor 1 0 0
			emissiveColor 1 0 0
		}
	}
	geometry IndexedLineSet {
		coord Coordinate {
			point [
				1478.2 585.352 -3268.2,
				1478.04 585.027 -3268.05,
			]
		}
		coordIndex [
			0, 1, -1
		]
	}
}
#---------- POLYLINE
Shape {
	appearance Appearance {
		material Material {
			diffuseColor 1 0 0
			emissiveColor 1 0 0
		}
	}
	geometry IndexedLineSet {
		coord Coordinate {
			point [
				1460.24 606.061 -3271.6,
				1460.24 606.047 -3271.61,
			]
		}
		coordIndex [
			0, 1, -1
		]
	}
}
#---------- POLYLINE
Shape {
	appearance Appearance {
		material Material {
			diffuseColor 1 0 0
			emissiveColor 1 0 0
		}
	}
	geometry IndexedLineSet {
		coord Coordinate {
			point [
				1383.93 617.002 -3185.73,
				1383.95 617.007 -3185.72,
			]
		}
		coordIndex [
			0, 1, -1
		]
	}
}
#---------- POLYLINE
Shape {
	appearance Appearance {
		material Material {
			diffuseColor 1 0 0
			emissiveColor 1 0 0
		}
	}
	geometry IndexedLineSet {
		coord Coordinate {
			point [
				1309.89 602.128 -3045.95,
				1309.87 602.093 -3045.97,
			]
		}
		coordIndex [
			0, 1, -1
		]
	}
}
#---------- POLYLINE
Shape {
	appearance Appearance {
		material Material {
			diffuseColor 1 0 0
			emissiveColor 1 0 0
		}
	}
	geometry IndexedLineSet {
		coord Coordinate {
			point [
				1231.14 586.551 -2895.91,
				1231.04 586.206 -2896.03,
			]
		}
		coordIndex [
			0, 1, -1
		]
	}
}
#---------- POLYLINE
Shape {
	appearance Appearance {
		material Material {
			diffuseColor 1 0 0
			emissiveColor 1 0 0
		}
	}
	geometry IndexedLineSet {
		coord Coordinate {
			point [
				1194.91 579.465 -2825.71,
				1208.66 662.605 -2903,
				1216.97 691.077 -2946.48,
				1225.56 719.074 -2982.7,
				1267.64 791.692 -3060.25,
				1269.62 796.741 -3066.29,
				1267.46 918.795 -3197.21,
				1245.48 971.233 -3255.89,
				1245.46 971.355 -3256.01,
				1244.81 974.82 -3259.32,
				1237.8 1010.46 -3300.43,
				1243.84 1034.8 -3319.24,
				1243.01 1047.17 -3328.03,
				1240.56 1066.31 -3343.46,
				1232.58 1149.85 -3405.34,
				1200.63 1172.17 -3372.43,
				1198.17 1180.34 -3366.26,
				1187.36 1216.53 -3339.87,
				1188.37 1221.42 -3336.87,
				1200.57 1290.96 -3297.48,
				1204.82 1297.63 -3284.63,
				1219.39 1328.28 -3249.02,
				1248.72 1329.21 -3232.29,
				1332.91 1322.54 -3167.12,
				1345.6 1325.1 -3161.71,
				1411.43 1335.24 -3132.86,
				1435.12 1347.29 -3095.28,
				1441.2 1357.53 -3090.24,
				1449.82 1364.39 -3083.8,
				1494.65 1381.67 -3061.55,
				1510.07 1394.45 -3059.34,
				1513.38 1396.85 -3059.05,
				1515.33 1398.32 -3059.04,
				1516.48 1398.83 -3059.02,
				1532.95 1406.72 -3061.48,
				1556.09 1409.58 -3057.44,
				1574.9 1415.83 -3049.91,
				1589.75 1425.52 -3048.83,
				1592.47 1423.55 -3054.73,
				1592.83 1423.02 -3057.53,
				1594.41 1423.6 -3069.01,
				1591.35 1410.59 -3075.74,
				1588.52 1402.76 -3083.97,
				1585.47 1398.26 -3091.51,
				1581.6 1396.27 -3097.14,
				1577.4 1393.97 -3100.49,
				1574.91 1396.61 -3103.52,
				1576.65 1400.05 -3104.3,
				1577.09 1402.78 -3104.43,
				1577.05 1402.93 -3104.41,
				1576.26 1404.24 -3103.81,
				1575.75 1404.75 -3104.5,
				1575.66 1404.91 -3104.5,
			]
		}
		coordIndex [
			0, 1, 2, 3, 4, 5, 6, 7, 8, 9, 
			10, 11, 12, 13, 14, 15, 16, 17, 18, 19, 
			20, 21, 22, 23, 24, 25, 26, 27, 28, 29, 
			30, 31, 32, 33, 34, 35, 36, 37, 38, 39, 
			40, 41, 42, 43, 44, 45, 46, 47, 48, 49, 
			50, 51, 52, -1
		]
	}
}
#---------- POLYLINE
Shape {
	appearance Appearance {
		material Material {
			diffuseColor 1 0 0
			emissiveColor 1 0 0
		}
	}
	geometry IndexedLineSet {
		coord Coordinate {
			point [
				1575.75 1404.75 -3104.5,
				1575.7 1404.72 -3104.54,
			]
		}
		coordIndex [
			0, 1, -1
		]
	}
}
#---------- POLYLINE
Shape {
	appearance Appearance {
		material Material {
			diffuseColor 1 0 0
			emissiveColor 1 0 0
		}
	}
	geometry IndexedLineSet {
		coord Coordinate {
			point [
				1577.05 1402.93 -3104.41,
				1577.11 1402.98 -3104.45,
			]
		}
		coordIndex [
			0, 1, -1
		]
	}
}
#---------- POLYLINE
Shape {
	appearance Appearance {
		material Material {
			diffuseColor 1 0 0
			emissiveColor 1 0 0
		}
	}
	geometry IndexedLineSet {
		coord Coordinate {
			point [
				1577.09 1402.78 -3104.43,
				1577.06 1402.77 -3104.43,
			]
		}
		coordIndex [
			0, 1, -1
		]
	}
}
#---------- POLYLINE
Shape {
	appearance Appearance {
		material Material {
			diffuseColor 1 0 0
			emissiveColor 1 0 0
		}
	}
	geometry IndexedLineSet {
		coord Coordinate {
			point [
				1594.41 1423.6 -3069.01,
				1594.46 1423.59 -3069.01,
			]
		}
		coordIndex [
			0, 1, -1
		]
	}
}
#---------- POLYLINE
Shape {
	appearance Appearance {
		material Material {
			diffuseColor 1 0 0
			emissiveColor 1 0 0
		}
	}
	geometry IndexedLineSet {
		coord Coordinate {
			point [
				1592.83 1423.02 -3057.53,
				1592.78 1423.02 -3057.54,
			]
		}
		coordIndex [
			0, 1, -1
		]
	}
}
#---------- POLYLINE
Shape {
	appearance Appearance {
		material Material {
			diffuseColor 1 0 0
			emissiveColor 1 0 0
		}
	}
	geometry IndexedLineSet {
		coord Coordinate {
			point [
				1592.47 1423.55 -3054.73,
				1592.51 1423.55 -3054.73,
			]
		}
		coordIndex [
			0, 1, -1
		]
	}
}
#---------- POLYLINE
Shape {
	appearance Appearance {
		material Material {
			diffuseColor 1 0 0
			emissiveColor 1 0 0
		}
	}
	geometry IndexedLineSet {
		coord Coordinate {
			point [
				1589.75 1425.52 -3048.83,
				1589.79 1425.51 -3048.81,
				1589.77 1425.51 -3048.78,
			]
		}
		coordIndex [
			0, 1, 2, -1
		]
	}
}
#---------- POLYLINE
Shape {
	appearance Appearance {
		material Material {
			diffuseColor 1 0 0
			emissiveColor 1 0 0
		}
	}
	geometry IndexedLineSet {
		coord Coordinate {
			point [
				1574.9 1415.83 -3049.91,
				1574.91 1415.83 -3049.9,
			]
		}
		coordIndex [
			0, 1, -1
		]
	}
}
#---------- POLYLINE
Shape {
	appearance Appearance {
		material Material {
			diffuseColor 1 0 0
			emissiveColor 1 0 0
		}
	}
	geometry IndexedLineSet {
		coord Coordinate {
			point [
				1556.09 1409.58 -3057.44,
				1556.07 1409.6 -3057.41,
			]
		}
		coordIndex [
			0, 1, -1
		]
	}
}
#---------- POLYLINE
Shape {
	appearance Appearance {
		material Material {
			diffuseColor 1 0 0
			emissiveColor 1 0 0
		}
	}
	geometry IndexedLineSet {
		coord Coordinate {
			point [
				1516.48 1398.83 -3059.02,
				1516.47 1398.86 -3059,
			]
		}
		coordIndex [
			0, 1, -1
		]
	}
}
#---------- POLYLINE
Shape {
	appearance Appearance {
		material Material {
			diffuseColor 1 0 0
			emissiveColor 1 0 0
		}
	}
	geometry IndexedLineSet {
		coord Coordinate {
			point [
				1515.33 1398.32 -3059.04,
				1515.31 1398.36 -3059.01,
			]
		}
		coordIndex [
			0, 1, -1
		]
	}
}
#---------- POLYLINE
Shape {
	appearance Appearance {
		material Material {
			diffuseColor 1 0 0
			emissiveColor 1 0 0
		}
	}
	geometry IndexedLineSet {
		coord Coordinate {
			point [
				1513.38 1396.85 -3059.05,
				1513.37 1396.87 -3058.99,
			]
		}
		coordIndex [
			0, 1, -1
		]
	}
}
#---------- POLYLINE
Shape {
	appearance Appearance {
		material Material {
			diffuseColor 1 0 0
			emissiveColor 1 0 0
		}
	}
	geometry IndexedLineSet {
		coord Coordinate {
			point [
				1510.07 1394.45 -3059.34,
				1510.07 1394.44 -3059.31,
			]
		}
		coordIndex [
			0, 1, -1
		]
	}
}
#---------- POLYLINE
Shape {
	appearance Appearance {
		material Material {
			diffuseColor 1 0 0
			emissiveColor 1 0 0
		}
	}
	geometry IndexedLineSet {
		coord Coordinate {
			point [
				1494.65 1381.67 -3061.55,
				1494.67 1381.65 -3061.57,
			]
		}
		coordIndex [
			0, 1, -1
		]
	}
}
#---------- POLYLINE
Shape {
	appearance Appearance {
		material Material {
			diffuseColor 1 0 0
			emissiveColor 1 0 0
		}
	}
	geometry IndexedLineSet {
		coord Coordinate {
			point [
				1449.82 1364.39 -3083.8,
				1449.8 1364.54 -3083.85,
			]
		}
		coordIndex [
			0, 1, -1
		]
	}
}
#---------- POLYLINE
Shape {
	appearance Appearance {
		material Material {
			diffuseColor 1 0 0
			emissiveColor 1 0 0
		}
	}
	geometry IndexedLineSet {
		coord Coordinate {
			point [
				1441.2 1357.53 -3090.24,
				1441.18 1357.57 -3090.25,
			]
		}
		coordIndex [
			0, 1, -1
		]
	}
}
#---------- POLYLINE
Shape {
	appearance Appearance {
		material Material {
			diffuseColor 1 0 0
			emissiveColor 1 0 0
		}
	}
	geometry IndexedLineSet {
		coord Coordinate {
			point [
				1435.12 1347.29 -3095.28,
				1434.8 1347.29 -3094.83,
				1434.62 1346.36 -3095.3,
				1435.01 1346.27 -3094.95,
				1435.07 1346.3 -3094.93,
			]
		}
		coordIndex [
			0, 1, 2, 3, 4, -1
		]
	}
}
#---------- POLYLINE
Shape {
	appearance Appearance {
		material Material {
			diffuseColor 1 0 0
			emissiveColor 1 0 0
		}
	}
	geometry IndexedLineSet {
		coord Coordinate {
			point [
				1434.8 1347.29 -3094.83,
				1434.74 1347.28 -3094.79,
			]
		}
		coordIndex [
			0, 1, -1
		]
	}
}
#---------- POLYLINE
Shape {
	appearance Appearance {
		material Material {
			diffuseColor 1 0 0
			emissiveColor 1 0 0
		}
	}
	geometry IndexedLineSet {
		coord Coordinate {
			point [
				1411.43 1335.24 -3132.86,
				1411.45 1335.23 -3132.87,
			]
		}
		coordIndex [
			0, 1, -1
		]
	}
}
#---------- POLYLINE
Shape {
	appearance Appearance {
		material Material {
			diffuseColor 1 0 0
			emissiveColor 1 0 0
		}
	}
	geometry IndexedLineSet {
		coord Coordinate {
			point [
				1332.91 1322.54 -3167.12,
				1332.06 1322.01 -3164.42,
				1331.62 1320.31 -3163.73,
				1330.66 1319.98 -3163.76,
				1330.54 1320.07 -3164.13,
			]
		}
		coordIndex [
			0, 1, 2, 3, 4, -1
		]
	}
}
#---------- POLYLINE
Shape {
	appearance Appearance {
		material Material {
			diffuseColor 1 0 0
			emissiveColor 1 0 0
		}
	}
	geometry IndexedLineSet {
		coord Coordinate {
			point [
				1248.72 1329.21 -3232.29,
				1248.72 1329.28 -3232.28,
			]
		}
		coordIndex [
			0, 1, -1
		]
	}
}
#---------- POLYLINE
Shape {
	appearance Appearance {
		material Material {
			diffuseColor 1 0 0
			emissiveColor 1 0 0
		}
	}
	geometry IndexedLineSet {
		coord Coordinate {
			point [
				1204.82 1297.63 -3284.63,
				1204.84 1297.59 -3284.6,
			]
		}
		coordIndex [
			0, 1, -1
		]
	}
}
#---------- POLYLINE
Shape {
	appearance Appearance {
		material Material {
			diffuseColor 1 0 0
			emissiveColor 1 0 0
		}
	}
	geometry IndexedLineSet {
		coord Coordinate {
			point [
				1200.57 1290.96 -3297.48,
				1201.22 1291.05 -3297.71,
				1201.23 1291 -3297.77,
			]
		}
		coordIndex [
			0, 1, 2, -1
		]
	}
}
#---------- POLYLINE
Shape {
	appearance Appearance {
		material Material {
			diffuseColor 1 0 0
			emissiveColor 1 0 0
		}
	}
	geometry IndexedLineSet {
		coord Coordinate {
			point [
				1188.37 1221.42 -3336.87,
				1188.35 1221.41 -3336.84,
			]
		}
		coordIndex [
			0, 1, -1
		]
	}
}
#---------- POLYLINE
Shape {
	appearance Appearance {
		material Material {
			diffuseColor 1 0 0
			emissiveColor 1 0 0
		}
	}
	geometry IndexedLineSet {
		coord Coordinate {
			point [
				1187.36 1216.53 -3339.87,
				1187.33 1216.53 -3339.86,
			]
		}
		coordIndex [
			0, 1, -1
		]
	}
}
#---------- POLYLINE
Shape {
	appearance Appearance {
		material Material {
			diffuseColor 1 0 0
			emissiveColor 1 0 0
		}
	}
	geometry IndexedLineSet {
		coord Coordinate {
			point [
				1200.63 1172.17 -3372.43,
				1200.55 1172.14 -3372.42,
			]
		}
		coordIndex [
			0, 1, -1
		]
	}
}
#---------- POLYLINE
Shape {
	appearance Appearance {
		material Material {
			diffuseColor 1 0 0
			emissiveColor 1 0 0
		}
	}
	geometry IndexedLineSet {
		coord Coordinate {
			point [
				1232.58 1149.85 -3405.34,
				1232.57 1150.07 -3405.48,
			]
		}
		coordIndex [
			0, 1, -1
		]
	}
}
#---------- POLYLINE
Shape {
	appearance Appearance {
		material Material {
			diffuseColor 1 0 0
			emissiveColor 1 0 0
		}
	}
	geometry IndexedLineSet {
		coord Coordinate {
			point [
				1240.56 1066.31 -3343.46,
				1240.53 1066.3 -3343.46,
			]
		}
		coordIndex [
			0, 1, -1
		]
	}
}
#---------- POLYLINE
Shape {
	appearance Appearance {
		material Material {
			diffuseColor 1 0 0
			emissiveColor 1 0 0
		}
	}
	geometry IndexedLineSet {
		coord Coordinate {
			point [
				1243.01 1047.17 -3328.03,
				1242.98 1047.2 -3327.99,
			]
		}
		coordIndex [
			0, 1, -1
		]
	}
}
#---------- POLYLINE
Shape {
	appearance Appearance {
		material Material {
			diffuseColor 1 0 0
			emissiveColor 1 0 0
		}
	}
	geometry IndexedLineSet {
		coord Coordinate {
			point [
				1243.84 1034.8 -3319.24,
				1243.86 1034.8 -3319.26,
			]
		}
		coordIndex [
			0, 1, -1
		]
	}
}
#---------- POLYLINE
Shape {
	appearance Appearance {
		material Material {
			diffuseColor 1 0 0
			emissiveColor 1 0 0
		}
	}
	geometry IndexedLineSet {
		coord Coordinate {
			point [
				1237.8 1010.46 -3300.43,
				1237.77 1010.47 -3300.43,
			]
		}
		coordIndex [
			0, 1, -1
		]
	}
}
#---------- POLYLINE
Shape {
	appearance Appearance {
		material Material {
			diffuseColor 1 0 0
			emissiveColor 1 0 0
		}
	}
	geometry IndexedLineSet {
		coord Coordinate {
			point [
				1244.81 974.82 -3259.32,
				1244.81 974.863 -3259.29,
			]
		}
		coordIndex [
			0, 1, -1
		]
	}
}
#---------- POLYLINE
Shape {
	appearance Appearance {
		material Material {
			diffuseColor 1 0 0
			emissiveColor 1 0 0
		}
	}
	geometry IndexedLineSet {
		coord Coordinate {
			point [
				1245.46 971.355 -3256.01,
				1245.48 971.357 -3256.01,
			]
		}
		coordIndex [
			0, 1, -1
		]
	}
}
#---------- POLYLINE
Shape {
	appearance Appearance {
		material Material {
			diffuseColor 1 0 0
			emissiveColor 1 0 0
		}
	}
	geometry IndexedLineSet {
		coord Coordinate {
			point [
				1245.48 971.233 -3255.89,
				1245.44 971.219 -3255.9,
			]
		}
		coordIndex [
			0, 1, -1
		]
	}
}
#---------- POLYLINE
Shape {
	appearance Appearance {
		material Material {
			diffuseColor 1 0 0
			emissiveColor 1 0 0
		}
	}
	geometry IndexedLineSet {
		coord Coordinate {
			point [
				1267.46 918.795 -3197.21,
				1267.44 918.747 -3197.26,
			]
		}
		coordIndex [
			0, 1, -1
		]
	}
}
#---------- POLYLINE
Shape {
	appearance Appearance {
		material Material {
			diffuseColor 1 0 0
			emissiveColor 1 0 0
		}
	}
	geometry IndexedLineSet {
		coord Coordinate {
			point [
				1269.62 796.741 -3066.29,
				1269.69 796.728 -3066.28,
			]
		}
		coordIndex [
			0, 1, -1
		]
	}
}
#---------- POLYLINE
Shape {
	appearance Appearance {
		material Material {
			diffuseColor 1 0 0
			emissiveColor 1 0 0
		}
	}
	geometry IndexedLineSet {
		coord Coordinate {
			point [
				1267.64 791.692 -3060.25,
				1267.44 791.513 -3060.48,
			]
		}
		coordIndex [
			0, 1, -1
		]
	}
}
#---------- POLYLINE
Shape {
	appearance Appearance {
		material Material {
			diffuseColor 1 0 0
			emissiveColor 1 0 0
		}
	}
	geometry IndexedLineSet {
		coord Coordinate {
			point [
				1225.56 719.074 -2982.7,
				1225.57 719.105 -2982.66,
			]
		}
		coordIndex [
			0, 1, -1
		]
	}
}
#---------- POLYLINE
Shape {
	appearance Appearance {
		material Material {
			diffuseColor 1 0 0
			emissiveColor 1 0 0
		}
	}
	geometry IndexedLineSet {
		coord Coordinate {
			point [
				1216.97 691.077 -2946.48,
				1216.99 691.058 -2946.49,
			]
		}
		coordIndex [
			0, 1, -1
		]
	}
}
#---------- POLYLINE
Shape {
	appearance Appearance {
		material Material {
			diffuseColor 1 0 0
			emissiveColor 1 0 0
		}
	}
	geometry IndexedLineSet {
		coord Coordinate {
			point [
				1208.66 662.605 -2903,
				1208.59 662.72 -2902.92,
			]
		}
		coordIndex [
			0, 1, -1
		]
	}
}
#---------- POLYLINE
Shape {
	appearance Appearance {
		material Material {
			diffuseColor 1 0 0
			emissiveColor 1 0 0
		}
	}
	geometry IndexedLineSet {
		coord Coordinate {
			point [
				1193.91 579.261 -2823.75,
				1194.01 579.203 -2823.71,
			]
		}
		coordIndex [
			0, 1, -1
		]
	}
}
#---------- POLYLINE
Shape {
	appearance Appearance {
		material Material {
			diffuseColor 1 0 0
			emissiveColor 1 0 0
		}
	}
	geometry IndexedLineSet {
		coord Coordinate {
			point [
				1125.98 565.507 -2692.06,
				1125.88 565.782 -2692.1,
			]
		}
		coordIndex [
			0, 1, -1
		]
	}
}
#---------- POLYLINE
Shape {
	appearance Appearance {
		material Material {
			diffuseColor 1 0 0
			emissiveColor 1 0 0
		}
	}
	geometry IndexedLineSet {
		coord Coordinate {
			point [
				1081.98 556.511 -2606.79,
				1082.28 554.193 -2607.25,
				1082.63 553.191 -2606.41,
				1082.86 552.91 -2606.26,
				1083.14 552.687 -2606.39,
			]
		}
		coordIndex [
			0, 1, 2, 3, 4, -1
		]
	}
}
#---------- POLYLINE
Shape {
	appearance Appearance {
		material Material {
			diffuseColor 1 0 0
			emissiveColor 1 0 0
		}
	}
	geometry IndexedLineSet {
		coord Coordinate {
			point [
				1082.86 552.91 -2606.26,
				1082.86 552.898 -2606.24,
			]
		}
		coordIndex [
			0, 1, -1
		]
	}
}
#---------- POLYLINE
Shape {
	appearance Appearance {
		material Material {
			diffuseColor 1 0 0
			emissiveColor 1 0 0
		}
	}
	geometry IndexedLineSet {
		coord Coordinate {
			point [
				1074.25 554.925 -2591.8,
				1074.21 554.865 -2591.83,
			]
		}
		coordIndex [
			0, 1, -1
		]
	}
}
#---------- POLYLINE
Shape {
	appearance Appearance {
		material Material {
			diffuseColor 1 0 0
			emissiveColor 1 0 0
		}
	}
	geometry IndexedLineSet {
		coord Coordinate {
			point [
				1066.43 553.327 -2576.63,
				1065.48 552.323 -2577.44,
				1065.64 552.034 -2577.17,
				1065.66 551.998 -2577.13,
			]
		}
		coordIndex [
			0, 1, 2, 3, -1
		]
	}
}
#---------- POLYLINE
Shape {
	appearance Appearance {
		material Material {
			diffuseColor 1 0 0
			emissiveColor 1 0 0
		}
	}
	geometry IndexedLineSet {
		coord Coordinate {
			point [
				1065.48 552.323 -2577.44,
				1065.61 552.386 -2577.45,
			]
		}
		coordIndex [
			0, 1, -1
		]
	}
}
#---------- POLYLINE
Shape {
	appearance Appearance {
		material Material {
			diffuseColor 1 0 0
			emissiveColor 1 0 0
		}
	}
	geometry IndexedLineSet {
		coord Coordinate {
			point [
				889.884 517.808 -2233.07,
				890.043 518.113 -2232.98,
			]
		}
		coordIndex [
			0, 1, -1
		]
	}
}
#---------- POLYLINE
Shape {
	appearance Appearance {
		material Material {
			diffuseColor 1 0 0
			emissiveColor 1 0 0
		}
	}
	geometry IndexedLineSet {
		coord Coordinate {
			point [
				858.652 511.545 -2172.19,
				858.702 511.52 -2172.17,
				858.777 511.499 -2172.12,
			]
		}
		coordIndex [
			0, 1, 2, -1
		]
	}
}
#---------- POLYLINE
Shape {
	appearance Appearance {
		material Material {
			diffuseColor 1 0 0
			emissiveColor 1 0 0
		}
	}
	geometry IndexedLineSet {
		coord Coordinate {
			point [
				846.273 509.062 -2148.04,
				841.289 510.041 -2153.71,
				840.618 510.197 -2154.71,
				834.238 512.151 -2167.29,
				789.218 504.351 -2198.63,
				785.939 507.917 -2205.24,
				780.072 514.943 -2214.71,
				769.5 523.919 -2221.98,
				747.595 545.942 -2244.79,
				764.197 551.856 -2251.2,
				777.439 553.687 -2258.25,
				785.455 552.033 -2261.97,
				800.296 550.051 -2264.81,
				804.605 548.529 -2263.9,
				809.666 547.237 -2262.57,
				807.94 545.218 -2253.82,
				806.069 549.154 -2247.9,
				807.044 553.035 -2247.43,
				808.248 557.335 -2248.76,
				809.337 560.451 -2247.2,
				812.052 560.521 -2245.87,
				813.907 560.602 -2244.9,
				813.896 560.732 -2244.96,
				813.929 561.381 -2244.99,
				813.823 561.4 -2244.91,
			]
		}
		coordIndex [
			0, 1, 2, 3, 4, 5, 6, 7, 8, 9, 
			10, 11, 12, 13, 14, 15, 16, 17, 18, 19, 
			20, 21, 22, 23, 24, -1
		]
	}
}
#---------- POLYLINE
Shape {
	appearance Appearance {
		material Material {
			diffuseColor 1 0 0
			emissiveColor 1 0 0
		}
	}
	geometry IndexedLineSet {
		coord Coordinate {
			point [
				813.907 560.602 -2244.9,
				814.057 560.347 -2245.48,
			]
		}
		coordIndex [
			0, 1, -1
		]
	}
}
#---------- POLYLINE
Shape {
	appearance Appearance {
		material Material {
			diffuseColor 1 0 0
			emissiveColor 1 0 0
		}
	}
	geometry IndexedLineSet {
		coord Coordinate {
			point [
				807.044 553.035 -2247.43,
				807.042 553.051 -2247.38,
			]
		}
		coordIndex [
			0, 1, -1
		]
	}
}
#---------- POLYLINE
Shape {
	appearance Appearance {
		material Material {
			diffuseColor 1 0 0
			emissiveColor 1 0 0
		}
	}
	geometry IndexedLineSet {
		coord Coordinate {
			point [
				809.666 547.237 -2262.57,
				809.577 547.132 -2262.61,
			]
		}
		coordIndex [
			0, 1, -1
		]
	}
}
#---------- POLYLINE
Shape {
	appearance Appearance {
		material Material {
			diffuseColor 1 0 0
			emissiveColor 1 0 0
		}
	}
	geometry IndexedLineSet {
		coord Coordinate {
			point [
				804.605 548.529 -2263.9,
				804.588 548.53 -2263.83,
			]
		}
		coordIndex [
			0, 1, -1
		]
	}
}
#---------- POLYLINE
Shape {
	appearance Appearance {
		material Material {
			diffuseColor 1 0 0
			emissiveColor 1 0 0
		}
	}
	geometry IndexedLineSet {
		coord Coordinate {
			point [
				785.455 552.033 -2261.97,
				785.46 552.35 -2262.21,
			]
		}
		coordIndex [
			0, 1, -1
		]
	}
}
#---------- POLYLINE
Shape {
	appearance Appearance {
		material Material {
			diffuseColor 1 0 0
			emissiveColor 1 0 0
		}
	}
	geometry IndexedLineSet {
		coord Coordinate {
			point [
				777.439 553.687 -2258.25,
				777.458 553.822 -2258.27,
			]
		}
		coordIndex [
			0, 1, -1
		]
	}
}
#---------- POLYLINE
Shape {
	appearance Appearance {
		material Material {
			diffuseColor 1 0 0
			emissiveColor 1 0 0
		}
	}
	geometry IndexedLineSet {
		coord Coordinate {
			point [
				764.197 551.856 -2251.2,
				764.139 552.006 -2251.27,
			]
		}
		coordIndex [
			0, 1, -1
		]
	}
}
#---------- POLYLINE
Shape {
	appearance Appearance {
		material Material {
			diffuseColor 1 0 0
			emissiveColor 1 0 0
		}
	}
	geometry IndexedLineSet {
		coord Coordinate {
			point [
				769.5 523.919 -2221.98,
				769.516 524.005 -2221.91,
			]
		}
		coordIndex [
			0, 1, -1
		]
	}
}
#---------- POLYLINE
Shape {
	appearance Appearance {
		material Material {
			diffuseColor 1 0 0
			emissiveColor 1 0 0
		}
	}
	geometry IndexedLineSet {
		coord Coordinate {
			point [
				780.072 514.943 -2214.71,
				780.083 514.88 -2214.81,
			]
		}
		coordIndex [
			0, 1, -1
		]
	}
}
#---------- POLYLINE
Shape {
	appearance Appearance {
		material Material {
			diffuseColor 1 0 0
			emissiveColor 1 0 0
		}
	}
	geometry IndexedLineSet {
		coord Coordinate {
			point [
				785.939 507.917 -2205.24,
				785.927 507.896 -2205.25,
			]
		}
		coordIndex [
			0, 1, -1
		]
	}
}
#---------- POLYLINE
Shape {
	appearance Appearance {
		material Material {
			diffuseColor 1 0 0
			emissiveColor 1 0 0
		}
	}
	geometry IndexedLineSet {
		coord Coordinate {
			point [
				789.218 504.351 -2198.63,
				789.149 504.394 -2198.57,
			]
		}
		coordIndex [
			0, 1, -1
		]
	}
}
#---------- POLYLINE
Shape {
	appearance Appearance {
		material Material {
			diffuseColor 1 0 0
			emissiveColor 1 0 0
		}
	}
	geometry IndexedLineSet {
		coord Coordinate {
			point [
				840.618 510.197 -2154.71,
				840.549 510.262 -2154.67,
			]
		}
		coordIndex [
			0, 1, -1
		]
	}
}
#---------- POLYLINE
Shape {
	appearance Appearance {
		material Material {
			diffuseColor 1 0 0
			emissiveColor 1 0 0
		}
	}
	geometry IndexedLineSet {
		coord Coordinate {
			point [
				841.289 510.041 -2153.71,
				841.272 510.027 -2153.7,
			]
		}
		coordIndex [
			0, 1, -1
		]
	}
}
#---------- POLYLINE
Shape {
	appearance Appearance {
		material Material {
			diffuseColor 1 0 0
			emissiveColor 1 0 0
		}
	}
	geometry IndexedLineSet {
		coord Coordinate {
			point [
				819.123 503.582 -2094.84,
				819.073 503.35 -2094.91,
			]
		}
		coordIndex [
			0, 1, -1
		]
	}
}
#---------- POLYLINE
Shape {
	appearance Appearance {
		material Material {
			diffuseColor 1 0 0
			emissiveColor 1 0 0
		}
	}
	geometry IndexedLineSet {
		coord Coordinate {
			point [
				769.17 493.422 -1997.11,
				769.163 493.401 -1997.12,
			]
		}
		coordIndex [
			0, 1, -1
		]
	}
}
#---------- POLYLINE
Shape {
	appearance Appearance {
		material Material {
			diffuseColor 1 0 0
			emissiveColor 1 0 0
		}
	}
	geometry IndexedLineSet {
		coord Coordinate {
			point [
				708.141 481.022 -1877.89,
				708.208 481.012 -1877.86,
			]
		}
		coordIndex [
			0, 1, -1
		]
	}
}
#---------- POLYLINE
Shape {
	appearance Appearance {
		material Material {
			diffuseColor 1 0 0
			emissiveColor 1 0 0
		}
	}
	geometry IndexedLineSet {
		coord Coordinate {
			point [
				659.462 471.006 -1782.71,
				659.522 471.224 -1782.67,
			]
		}
		coordIndex [
			0, 1, -1
		]
	}
}
#---------- POLYLINE
Shape {
	appearance Appearance {
		material Material {
			diffuseColor 1 0 0
			emissiveColor 1 0 0
		}
	}
	geometry IndexedLineSet {
		coord Coordinate {
			point [
				653.678 469.809 -1771.44,
				653.659 469.756 -1771.46,
				653.715 469.693 -1771.51,
			]
		}
		coordIndex [
			0, 1, 2, -1
		]
	}
}
#---------- POLYLINE
Shape {
	appearance Appearance {
		material Material {
			diffuseColor 1 0 0
			emissiveColor 1 0 0
		}
	}
	geometry IndexedLineSet {
		coord Coordinate {
			point [
				653.659 469.756 -1771.46,
				653.611 469.701 -1771.44,
			]
		}
		coordIndex [
			0, 1, -1
		]
	}
}
#---------- POLYLINE
Shape {
	appearance Appearance {
		material Material {
			diffuseColor 1 0 0
			emissiveColor 1 0 0
		}
	}
	geometry IndexedLineSet {
		coord Coordinate {
			point [
				539.807 446.035 -1548.94,
				539.783 446.016 -1548.96,
			]
		}
		coordIndex [
			0, 1, -1
		]
	}
}
#---------- POLYLINE
Shape {
	appearance Appearance {
		material Material {
			diffuseColor 1 0 0
			emissiveColor 1 0 0
		}
	}
	geometry IndexedLineSet {
		coord Coordinate {
			point [
				436.788 424.662 -1347.61,
				436.802 424.641 -1347.6,
			]
		}
		coordIndex [
			0, 1, -1
		]
	}
}
#---------- POLYLINE
Shape {
	appearance Appearance {
		material Material {
			diffuseColor 1 0 0
			emissiveColor 1 0 0
		}
	}
	geometry IndexedLineSet {
		coord Coordinate {
			point [
				435.342 424.366 -1344.79,
				435.276 424.351 -1344.83,
			]
		}
		coordIndex [
			0, 1, -1
		]
	}
}
#---------- POLYLINE
Shape {
	appearance Appearance {
		material Material {
			diffuseColor 1 0 0
			emissiveColor 1 0 0
		}
	}
	geometry IndexedLineSet {
		coord Coordinate {
			point [
				428.737 423.012 -1331.91,
				428.716 423.034 -1331.92,
			]
		}
		coordIndex [
			0, 1, -1
		]
	}
}
#---------- POLYLINE
Shape {
	appearance Appearance {
		material Material {
			diffuseColor 1 0 0
			emissiveColor 1 0 0
		}
	}
	geometry IndexedLineSet {
		coord Coordinate {
			point [
				211.069 377.847 -909.515,
				211.144 377.862 -909.479,
			]
		}
		coordIndex [
			0, 1, -1
		]
	}
}
#---------- POLYLINE
Shape {
	appearance Appearance {
		material Material {
			diffuseColor 1 0 0
			emissiveColor 1 0 0
		}
	}
	geometry IndexedLineSet {
		coord Coordinate {
			point [
				198.916 375.298 -886.001,
				198.906 375.316 -886.005,
			]
		}
		coordIndex [
			0, 1, -1
		]
	}
}
#---------- POLYLINE
Shape {
	appearance Appearance {
		material Material {
			diffuseColor 1 0 0
			emissiveColor 1 0 0
		}
	}
	geometry IndexedLineSet {
		coord Coordinate {
			point [
				155.71 366.257 -802.296,
				155.522 366.221 -802.423,
				154.941 366.157 -802.502,
				154.943 366.149 -802.476,
			]
		}
		coordIndex [
			0, 1, 2, 3, -1
		]
	}
}
#---------- POLYLINE
Shape {
	appearance Appearance {
		material Material {
			diffuseColor 1 0 0
			emissiveColor 1 0 0
		}
	}
	geometry IndexedLineSet {
		coord Coordinate {
			point [
				155.522 366.221 -802.423,
				155.537 366.197 -802.52,
			]
		}
		coordIndex [
			0, 1, -1
		]
	}
}
#---------- POLYLINE
Shape {
	appearance Appearance {
		material Material {
			diffuseColor 1 0 0
			emissiveColor 1 0 0
		}
	}
	geometry IndexedLineSet {
		coord Coordinate {
			point [
				134.194 361.778 -760.579,
				134.219 361.776 -760.567,
			]
		}
		coordIndex [
			0, 1, -1
		]
	}
}
#---------- POLYLINE
Shape {
	appearance Appearance {
		material Material {
			diffuseColor 1 0 0
			emissiveColor 1 0 0
		}
	}
	geometry IndexedLineSet {
		coord Coordinate {
			point [
				88.2027 352.237 -671.554,
				88.9552 350.964 -671.49,
				89.0959 350.92 -671.354,
				89.0664 351.15 -671.075,
			]
		}
		coordIndex [
			0, 1, 2, 3, -1
		]
	}
}
#---------- POLYLINE
Shape {
	appearance Appearance {
		material Material {
			diffuseColor 1 0 0
			emissiveColor 1 0 0
		}
	}
	geometry IndexedLineSet {
		coord Coordinate {
			point [
				89.0959 350.92 -671.354,
				89.1226 350.899 -671.334,
			]
		}
		coordIndex [
			0, 1, -1
		]
	}
}
#---------- POLYLINE
Shape {
	appearance Appearance {
		material Material {
			diffuseColor 1 0 0
			emissiveColor 1 0 0
		}
	}
	geometry IndexedLineSet {
		coord Coordinate {
			point [
				68.6424 348.196 -633.75,
				68.5811 348.206 -633.785,
			]
		}
		coordIndex [
			0, 1, -1
		]
	}
}
#End of file.
