#VRML V2.0 utf8
# Generated by VRML 2.0 driver of GEANT4


#---------- CAMERA
Viewpoint {
	position 0 0 15779.7
}

#---------- SOLID: World.0
	Shape {
		appearance Appearance {
			material Material {
				diffuseColor 1 1 1
				transparency 0.7
			}
		}
		geometry IndexedFaceSet {
			coord Coordinate {
				point [
					-3500 -5000 -5000,
					3500 -5000 -5000,
					3500 5000 -5000,
					-3500 5000 -5000,
					-3500 -5000 5000,
					3500 -5000 5000,
					3500 5000 5000,
					-3500 5000 5000,
				]
			}
			coordIndex [
				0, 3, 2, 1, -1,
				4, 7, 3, 0, -1,
				7, 6, 2, 3, -1,
				6, 5, 1, 2, -1,
				5, 4, 0, 1, -1,
				4, 5, 6, 7, -1,
			]
			solid FALSE
		}
	}
#---------- SOLID: LeadBrickI.0
	Shape {
		appearance Appearance {
			material Material {
				diffuseColor 0 0 0
				transparency 0.7
			}
		}
		geometry IndexedFaceSet {
			coord Coordinate {
				point [
					-320 -320 -940,
					320 -320 -940,
					320 320 -940,
					-320 320 -940,
					-320 -320 -880,
					320 -320 -880,
					320 320 -880,
					-320 320 -880,
				]
			}
			coordIndex [
				0, 3, 2, 1, -1,
				4, 7, 3, 0, -1,
				7, 6, 2, 3, -1,
				6, 5, 1, 2, -1,
				5, 4, 0, 1, -1,
				4, 5, 6, 7, -1,
			]
			solid FALSE
		}
	}
#---------- SOLID: IronCoverI.0
	Shape {
		appearance Appearance {
			material Material {
				diffuseColor 1 0 0
				transparency 0.7
			}
		}
		geometry IndexedFaceSet {
			coord Coordinate {
				point [
					-320 -320 -972,
					320 -320 -972,
					320 320 -972,
					-320 320 -972,
					-320 -320 -968,
					320 -320 -968,
					320 320 -968,
					-320 320 -968,
				]
			}
			coordIndex [
				0, 3, 2, 1, -1,
				4, 7, 3, 0, -1,
				7, 6, 2, 3, -1,
				6, 5, 1, 2, -1,
				5, 4, 0, 1, -1,
				4, 5, 6, 7, -1,
			]
			solid FALSE
		}
	}
#---------- SOLID: IronCoverII.0
	Shape {
		appearance Appearance {
			material Material {
				diffuseColor 1 0 0
				transparency 0.7
			}
		}
		geometry IndexedFaceSet {
			coord Coordinate {
				point [
					-320 -320 -1032,
					320 -320 -1032,
					320 320 -1032,
					-320 320 -1032,
					-320 -320 -1028,
					320 -320 -1028,
					320 320 -1028,
					-320 320 -1028,
				]
			}
			coordIndex [
				0, 3, 2, 1, -1,
				4, 7, 3, 0, -1,
				7, 6, 2, 3, -1,
				6, 5, 1, 2, -1,
				5, 4, 0, 1, -1,
				4, 5, 6, 7, -1,
			]
			solid FALSE
		}
	}
#---------- SOLID: IronCoverIII.0
	Shape {
		appearance Appearance {
			material Material {
				diffuseColor 1 0 0
				transparency 0.7
			}
		}
		geometry IndexedFaceSet {
			coord Coordinate {
				point [
					-320 -320 -1999,
					320 -320 -1999,
					320 320 -1999,
					-320 320 -1999,
					-320 -320 -1995,
					320 -320 -1995,
					320 320 -1995,
					-320 320 -1995,
				]
			}
			coordIndex [
				0, 3, 2, 1, -1,
				4, 7, 3, 0, -1,
				7, 6, 2, 3, -1,
				6, 5, 1, 2, -1,
				5, 4, 0, 1, -1,
				4, 5, 6, 7, -1,
			]
			solid FALSE
		}
	}
#---------- SOLID: IronCoverIV.0
	Shape {
		appearance Appearance {
			material Material {
				diffuseColor 1 0 0
				transparency 0.7
			}
		}
		geometry IndexedFaceSet {
			coord Coordinate {
				point [
					-320 -320 -2005,
					320 -320 -2005,
					320 320 -2005,
					-320 320 -2005,
					-320 -320 -2001,
					320 -320 -2001,
					320 320 -2001,
					-320 320 -2001,
				]
			}
			coordIndex [
				0, 3, 2, 1, -1,
				4, 7, 3, 0, -1,
				7, 6, 2, 3, -1,
				6, 5, 1, 2, -1,
				5, 4, 0, 1, -1,
				4, 5, 6, 7, -1,
			]
			solid FALSE
		}
	}
#---------- SOLID: Enclosure.0
	Shape {
		appearance Appearance {
			material Material {
				diffuseColor 1 1 1
				transparency 0.7
			}
		}
		geometry IndexedFaceSet {
			coord Coordinate {
				point [
					-281.35 -281.35 -1020,
					281.35 -281.35 -1020,
					281.35 281.35 -1020,
					-281.35 281.35 -1020,
					-281.35 -281.35 -980,
					281.35 -281.35 -980,
					281.35 281.35 -980,
					-281.35 281.35 -980,
				]
			}
			coordIndex [
				0, 3, 2, 1, -1,
				4, 7, 3, 0, -1,
				7, 6, 2, 3, -1,
				6, 5, 1, 2, -1,
				5, 4, 0, 1, -1,
				4, 5, 6, 7, -1,
			]
			solid FALSE
		}
	}
#---------- SOLID: Casing_1.1
	Shape {
		appearance Appearance {
			material Material {
				diffuseColor 1 1 1
				transparency 0.7
			}
		}
		geometry IndexedFaceSet {
			coord Coordinate {
				point [
					-281.35 -281.35 -1020,
					281.35 -281.35 -1020,
					281.35 281.35 -1020,
					-281.35 281.35 -1020,
					-281.35 -281.35 -980,
					281.35 -281.35 -980,
					281.35 281.35 -980,
					-281.35 281.35 -980,
				]
			}
			coordIndex [
				0, 3, 2, 1, -1,
				4, 7, 3, 0, -1,
				7, 6, 2, 3, -1,
				6, 5, 1, 2, -1,
				5, 4, 0, 1, -1,
				4, 5, 6, 7, -1,
			]
			solid FALSE
		}
	}
#---------- SOLID: BarCoating_X.101
	Shape {
		appearance Appearance {
			material Material {
				diffuseColor 1 1 1
				transparency 0.7
			}
		}
		geometry IndexedFaceSet {
			coord Coordinate {
				point [
					-100.25 -100.375 -999.25,
					100.25 -100.375 -999.25,
					100.25 100.125 -999.25,
					-100.25 100.125 -999.25,
					-100.25 -100.375 -988.75,
					100.25 -100.375 -988.75,
					100.25 100.125 -988.75,
					-100.25 100.125 -988.75,
				]
			}
			coordIndex [
				0, 3, 2, 1, -1,
				4, 7, 3, 0, -1,
				7, 6, 2, 3, -1,
				6, 5, 1, 2, -1,
				5, 4, 0, 1, -1,
				4, 5, 6, 7, -1,
			]
			solid FALSE
		}
	}
#---------- SOLID: BarScin_X.101
	Shape {
		appearance Appearance {
			material Material {
				diffuseColor 1 1 1
				transparency 0.7
			}
		}
		geometry IndexedFaceSet {
			coord Coordinate {
				point [
					-100 -100.125 -999,
					100 -100.125 -999,
					100 99.875 -999,
					-100 99.875 -999,
					-100 -100.125 -989,
					100 -100.125 -989,
					100 99.875 -989,
					-100 99.875 -989,
				]
			}
			coordIndex [
				0, 3, 2, 1, -1,
				4, 7, 3, 0, -1,
				7, 6, 2, 3, -1,
				6, 5, 1, 2, -1,
				5, 4, 0, 1, -1,
				4, 5, 6, 7, -1,
			]
			solid FALSE
		}
	}
#---------- SOLID: FiberClad2_X.101
	Shape {
		appearance Appearance {
			material Material {
				diffuseColor 0 1 0
				transparency 0.7
			}
		}
		geometry IndexedFaceSet {
			coord Coordinate {
				point [
					-99.4 -0.125 -991.5,
					-99.4 0.185583 -991.541,
					-99.4 0.475 -991.661,
					-99.4 0.723528 -991.851,
					-99.4 0.91423 -992.1,
					-99.4 1.03411 -992.389,
					-99.4 1.075 -992.7,
					-99.4 1.03411 -993.011,
					-99.4 0.91423 -993.3,
					-99.4 0.723528 -993.549,
					-99.4 0.475 -993.739,
					-99.4 0.185583 -993.859,
					-99.4 -0.125 -993.9,
					-99.4 -0.435583 -993.859,
					-99.4 -0.725 -993.739,
					-99.4 -0.973528 -993.549,
					-99.4 -1.16423 -993.3,
					-99.4 -1.28411 -993.011,
					-99.4 -1.325 -992.7,
					-99.4 -1.28411 -992.389,
					-99.4 -1.16423 -992.1,
					-99.4 -0.973528 -991.851,
					-99.4 -0.725 -991.661,
					-99.4 -0.435583 -991.541,
					99.4 -0.125 -991.5,
					99.4 0.185583 -991.541,
					99.4 0.475 -991.661,
					99.4 0.723528 -991.851,
					99.4 0.91423 -992.1,
					99.4 1.03411 -992.389,
					99.4 1.075 -992.7,
					99.4 1.03411 -993.011,
					99.4 0.91423 -993.3,
					99.4 0.723528 -993.549,
					99.4 0.475 -993.739,
					99.4 0.185583 -993.859,
					99.4 -0.125 -993.9,
					99.4 -0.435583 -993.859,
					99.4 -0.725 -993.739,
					99.4 -0.973528 -993.549,
					99.4 -1.16423 -993.3,
					99.4 -1.28411 -993.011,
					99.4 -1.325 -992.7,
					99.4 -1.28411 -992.389,
					99.4 -1.16423 -992.1,
					99.4 -0.973528 -991.851,
					99.4 -0.725 -991.661,
					99.4 -0.435583 -991.541,
					-99.4 -0.125 -992.7,
					99.4 -0.125 -992.7,
				]
			}
			coordIndex [
				0, 24, 25, 1, -1,
				1, 25, 26, 2, -1,
				2, 26, 27, 3, -1,
				3, 27, 28, 4, -1,
				4, 28, 29, 5, -1,
				5, 29, 30, 6, -1,
				6, 30, 31, 7, -1,
				7, 31, 32, 8, -1,
				8, 32, 33, 9, -1,
				9, 33, 34, 10, -1,
				10, 34, 35, 11, -1,
				11, 35, 36, 12, -1,
				12, 36, 37, 13, -1,
				13, 37, 38, 14, -1,
				14, 38, 39, 15, -1,
				15, 39, 40, 16, -1,
				16, 40, 41, 17, -1,
				17, 41, 42, 18, -1,
				18, 42, 43, 19, -1,
				19, 43, 44, 20, -1,
				20, 44, 45, 21, -1,
				21, 45, 46, 22, -1,
				22, 46, 47, 23, -1,
				23, 47, 24, 0, -1,
				48, 0, 1, -1,
				48, 1, 2, -1,
				48, 2, 3, -1,
				48, 3, 4, -1,
				48, 4, 5, -1,
				48, 5, 6, -1,
				48, 6, 7, -1,
				48, 7, 8, -1,
				48, 8, 9, -1,
				48, 9, 10, -1,
				48, 10, 11, -1,
				48, 11, 12, -1,
				48, 12, 13, -1,
				48, 13, 14, -1,
				48, 14, 15, -1,
				48, 15, 16, -1,
				48, 16, 17, -1,
				48, 17, 18, -1,
				48, 18, 19, -1,
				48, 19, 20, -1,
				48, 20, 21, -1,
				48, 21, 22, -1,
				48, 22, 23, -1,
				48, 23, 0, -1,
				24, 49, 25, -1,
				25, 49, 26, -1,
				26, 49, 27, -1,
				27, 49, 28, -1,
				28, 49, 29, -1,
				29, 49, 30, -1,
				30, 49, 31, -1,
				31, 49, 32, -1,
				32, 49, 33, -1,
				33, 49, 34, -1,
				34, 49, 35, -1,
				35, 49, 36, -1,
				36, 49, 37, -1,
				37, 49, 38, -1,
				38, 49, 39, -1,
				39, 49, 40, -1,
				40, 49, 41, -1,
				41, 49, 42, -1,
				42, 49, 43, -1,
				43, 49, 44, -1,
				44, 49, 45, -1,
				45, 49, 46, -1,
				46, 49, 47, -1,
				47, 49, 24, -1,
			]
			solid FALSE
		}
	}
#---------- SOLID: FiberClad1_X.101
	Shape {
		appearance Appearance {
			material Material {
				diffuseColor 0 1 0
				transparency 0.7
			}
		}
		geometry IndexedFaceSet {
			coord Coordinate {
				point [
					-99.4 -0.125 -991.6,
					-99.4 0.159701 -991.637,
					-99.4 0.425 -991.747,
					-99.4 0.652817 -991.922,
					-99.4 0.827628 -992.15,
					-99.4 0.937518 -992.415,
					-99.4 0.975 -992.7,
					-99.4 0.937518 -992.985,
					-99.4 0.827628 -993.25,
					-99.4 0.652817 -993.478,
					-99.4 0.425 -993.653,
					-99.4 0.159701 -993.763,
					-99.4 -0.125 -993.8,
					-99.4 -0.409701 -993.763,
					-99.4 -0.675 -993.653,
					-99.4 -0.902817 -993.478,
					-99.4 -1.07763 -993.25,
					-99.4 -1.18752 -992.985,
					-99.4 -1.225 -992.7,
					-99.4 -1.18752 -992.415,
					-99.4 -1.07763 -992.15,
					-99.4 -0.902817 -991.922,
					-99.4 -0.675 -991.747,
					-99.4 -0.409701 -991.637,
					99.4 -0.125 -991.6,
					99.4 0.159701 -991.637,
					99.4 0.425 -991.747,
					99.4 0.652817 -991.922,
					99.4 0.827628 -992.15,
					99.4 0.937518 -992.415,
					99.4 0.975 -992.7,
					99.4 0.937518 -992.985,
					99.4 0.827628 -993.25,
					99.4 0.652817 -993.478,
					99.4 0.425 -993.653,
					99.4 0.159701 -993.763,
					99.4 -0.125 -993.8,
					99.4 -0.409701 -993.763,
					99.4 -0.675 -993.653,
					99.4 -0.902817 -993.478,
					99.4 -1.07763 -993.25,
					99.4 -1.18752 -992.985,
					99.4 -1.225 -992.7,
					99.4 -1.18752 -992.415,
					99.4 -1.07763 -992.15,
					99.4 -0.902817 -991.922,
					99.4 -0.675 -991.747,
					99.4 -0.409701 -991.637,
					-99.4 -0.125 -992.7,
					99.4 -0.125 -992.7,
				]
			}
			coordIndex [
				0, 24, 25, 1, -1,
				1, 25, 26, 2, -1,
				2, 26, 27, 3, -1,
				3, 27, 28, 4, -1,
				4, 28, 29, 5, -1,
				5, 29, 30, 6, -1,
				6, 30, 31, 7, -1,
				7, 31, 32, 8, -1,
				8, 32, 33, 9, -1,
				9, 33, 34, 10, -1,
				10, 34, 35, 11, -1,
				11, 35, 36, 12, -1,
				12, 36, 37, 13, -1,
				13, 37, 38, 14, -1,
				14, 38, 39, 15, -1,
				15, 39, 40, 16, -1,
				16, 40, 41, 17, -1,
				17, 41, 42, 18, -1,
				18, 42, 43, 19, -1,
				19, 43, 44, 20, -1,
				20, 44, 45, 21, -1,
				21, 45, 46, 22, -1,
				22, 46, 47, 23, -1,
				23, 47, 24, 0, -1,
				48, 0, 1, -1,
				48, 1, 2, -1,
				48, 2, 3, -1,
				48, 3, 4, -1,
				48, 4, 5, -1,
				48, 5, 6, -1,
				48, 6, 7, -1,
				48, 7, 8, -1,
				48, 8, 9, -1,
				48, 9, 10, -1,
				48, 10, 11, -1,
				48, 11, 12, -1,
				48, 12, 13, -1,
				48, 13, 14, -1,
				48, 14, 15, -1,
				48, 15, 16, -1,
				48, 16, 17, -1,
				48, 17, 18, -1,
				48, 18, 19, -1,
				48, 19, 20, -1,
				48, 20, 21, -1,
				48, 21, 22, -1,
				48, 22, 23, -1,
				48, 23, 0, -1,
				24, 49, 25, -1,
				25, 49, 26, -1,
				26, 49, 27, -1,
				27, 49, 28, -1,
				28, 49, 29, -1,
				29, 49, 30, -1,
				30, 49, 31, -1,
				31, 49, 32, -1,
				32, 49, 33, -1,
				33, 49, 34, -1,
				34, 49, 35, -1,
				35, 49, 36, -1,
				36, 49, 37, -1,
				37, 49, 38, -1,
				38, 49, 39, -1,
				39, 49, 40, -1,
				40, 49, 41, -1,
				41, 49, 42, -1,
				42, 49, 43, -1,
				43, 49, 44, -1,
				44, 49, 45, -1,
				45, 49, 46, -1,
				46, 49, 47, -1,
				47, 49, 24, -1,
			]
			solid FALSE
		}
	}
#---------- SOLID: Fiber_X.101
	Shape {
		appearance Appearance {
			material Material {
				diffuseColor 0 1 0
				transparency 0.7
			}
		}
		geometry IndexedFaceSet {
			coord Coordinate {
				point [
					-99.4 -0.125 -991.7,
					-99.4 0.133819 -991.734,
					-99.4 0.375 -991.834,
					-99.4 0.582107 -991.993,
					-99.4 0.741025 -992.2,
					-99.4 0.840926 -992.441,
					-99.4 0.875 -992.7,
					-99.4 0.840926 -992.959,
					-99.4 0.741025 -993.2,
					-99.4 0.582107 -993.407,
					-99.4 0.375 -993.566,
					-99.4 0.133819 -993.666,
					-99.4 -0.125 -993.7,
					-99.4 -0.383819 -993.666,
					-99.4 -0.625 -993.566,
					-99.4 -0.832107 -993.407,
					-99.4 -0.991025 -993.2,
					-99.4 -1.09093 -992.959,
					-99.4 -1.125 -992.7,
					-99.4 -1.09093 -992.441,
					-99.4 -0.991025 -992.2,
					-99.4 -0.832107 -991.993,
					-99.4 -0.625 -991.834,
					-99.4 -0.383819 -991.734,
					99.4 -0.125 -991.7,
					99.4 0.133819 -991.734,
					99.4 0.375 -991.834,
					99.4 0.582107 -991.993,
					99.4 0.741025 -992.2,
					99.4 0.840926 -992.441,
					99.4 0.875 -992.7,
					99.4 0.840926 -992.959,
					99.4 0.741025 -993.2,
					99.4 0.582107 -993.407,
					99.4 0.375 -993.566,
					99.4 0.133819 -993.666,
					99.4 -0.125 -993.7,
					99.4 -0.383819 -993.666,
					99.4 -0.625 -993.566,
					99.4 -0.832107 -993.407,
					99.4 -0.991025 -993.2,
					99.4 -1.09093 -992.959,
					99.4 -1.125 -992.7,
					99.4 -1.09093 -992.441,
					99.4 -0.991025 -992.2,
					99.4 -0.832107 -991.993,
					99.4 -0.625 -991.834,
					99.4 -0.383819 -991.734,
					-99.4 -0.125 -992.7,
					99.4 -0.125 -992.7,
				]
			}
			coordIndex [
				0, 24, 25, 1, -1,
				1, 25, 26, 2, -1,
				2, 26, 27, 3, -1,
				3, 27, 28, 4, -1,
				4, 28, 29, 5, -1,
				5, 29, 30, 6, -1,
				6, 30, 31, 7, -1,
				7, 31, 32, 8, -1,
				8, 32, 33, 9, -1,
				9, 33, 34, 10, -1,
				10, 34, 35, 11, -1,
				11, 35, 36, 12, -1,
				12, 36, 37, 13, -1,
				13, 37, 38, 14, -1,
				14, 38, 39, 15, -1,
				15, 39, 40, 16, -1,
				16, 40, 41, 17, -1,
				17, 41, 42, 18, -1,
				18, 42, 43, 19, -1,
				19, 43, 44, 20, -1,
				20, 44, 45, 21, -1,
				21, 45, 46, 22, -1,
				22, 46, 47, 23, -1,
				23, 47, 24, 0, -1,
				48, 0, 1, -1,
				48, 1, 2, -1,
				48, 2, 3, -1,
				48, 3, 4, -1,
				48, 4, 5, -1,
				48, 5, 6, -1,
				48, 6, 7, -1,
				48, 7, 8, -1,
				48, 8, 9, -1,
				48, 9, 10, -1,
				48, 10, 11, -1,
				48, 11, 12, -1,
				48, 12, 13, -1,
				48, 13, 14, -1,
				48, 14, 15, -1,
				48, 15, 16, -1,
				48, 16, 17, -1,
				48, 17, 18, -1,
				48, 18, 19, -1,
				48, 19, 20, -1,
				48, 20, 21, -1,
				48, 21, 22, -1,
				48, 22, 23, -1,
				48, 23, 0, -1,
				24, 49, 25, -1,
				25, 49, 26, -1,
				26, 49, 27, -1,
				27, 49, 28, -1,
				28, 49, 29, -1,
				29, 49, 30, -1,
				30, 49, 31, -1,
				31, 49, 32, -1,
				32, 49, 33, -1,
				33, 49, 34, -1,
				34, 49, 35, -1,
				35, 49, 36, -1,
				36, 49, 37, -1,
				37, 49, 38, -1,
				38, 49, 39, -1,
				39, 49, 40, -1,
				40, 49, 41, -1,
				41, 49, 42, -1,
				42, 49, 43, -1,
				43, 49, 44, -1,
				44, 49, 45, -1,
				45, 49, 46, -1,
				46, 49, 47, -1,
				47, 49, 24, -1,
			]
			solid FALSE
		}
	}
#---------- SOLID: Pixel_X101.101
	Shape {
		appearance Appearance {
			material Material {
				diffuseColor 0 0 1
				transparency 0.7
			}
		}
		geometry IndexedFaceSet {
			coord Coordinate {
				point [
					99.6 -1.425 -994,
					99.6 -1.425 -991.4,
					99.6 1.175 -991.4,
					99.6 1.175 -994,
					99.4 -1.425 -994,
					99.4 -1.425 -991.4,
					99.4 1.175 -991.4,
					99.4 1.175 -994,
				]
			}
			coordIndex [
				0, 3, 2, 1, -1,
				4, 7, 3, 0, -1,
				7, 6, 2, 3, -1,
				6, 5, 1, 2, -1,
				5, 4, 0, 1, -1,
				4, 5, 6, 7, -1,
			]
			solid FALSE
		}
	}
#---------- SOLID: BarCoating_K.102
	Shape {
		appearance Appearance {
			material Material {
				diffuseColor 1 1 1
				transparency 0.7
			}
		}
		geometry IndexedFaceSet {
			coord Coordinate {
				point [
					-100.375 100.25 -1011.25,
					-100.375 -100.25 -1011.25,
					100.125 -100.25 -1011.25,
					100.125 100.25 -1011.25,
					-100.375 100.25 -1000.75,
					-100.375 -100.25 -1000.75,
					100.125 -100.25 -1000.75,
					100.125 100.25 -1000.75,
				]
			}
			coordIndex [
				0, 3, 2, 1, -1,
				4, 7, 3, 0, -1,
				7, 6, 2, 3, -1,
				6, 5, 1, 2, -1,
				5, 4, 0, 1, -1,
				4, 5, 6, 7, -1,
			]
			solid FALSE
		}
	}
#---------- SOLID: BarScin_K.102
	Shape {
		appearance Appearance {
			material Material {
				diffuseColor 1 1 1
				transparency 0.7
			}
		}
		geometry IndexedFaceSet {
			coord Coordinate {
				point [
					-100.125 100 -1011,
					-100.125 -100 -1011,
					99.875 -100 -1011,
					99.875 100 -1011,
					-100.125 100 -1001,
					-100.125 -100 -1001,
					99.875 -100 -1001,
					99.875 100 -1001,
				]
			}
			coordIndex [
				0, 3, 2, 1, -1,
				4, 7, 3, 0, -1,
				7, 6, 2, 3, -1,
				6, 5, 1, 2, -1,
				5, 4, 0, 1, -1,
				4, 5, 6, 7, -1,
			]
			solid FALSE
		}
	}
#---------- SOLID: FiberClad2_K.102
	Shape {
		appearance Appearance {
			material Material {
				diffuseColor 0 1 0
				transparency 0.7
			}
		}
		geometry IndexedFaceSet {
			coord Coordinate {
				point [
					-0.125 99.4 -1003.5,
					0.185583 99.4 -1003.54,
					0.475 99.4 -1003.66,
					0.723528 99.4 -1003.85,
					0.91423 99.4 -1004.1,
					1.03411 99.4 -1004.39,
					1.075 99.4 -1004.7,
					1.03411 99.4 -1005.01,
					0.91423 99.4 -1005.3,
					0.723528 99.4 -1005.55,
					0.475 99.4 -1005.74,
					0.185583 99.4 -1005.86,
					-0.125 99.4 -1005.9,
					-0.435583 99.4 -1005.86,
					-0.725 99.4 -1005.74,
					-0.973528 99.4 -1005.55,
					-1.16423 99.4 -1005.3,
					-1.28411 99.4 -1005.01,
					-1.325 99.4 -1004.7,
					-1.28411 99.4 -1004.39,
					-1.16423 99.4 -1004.1,
					-0.973528 99.4 -1003.85,
					-0.725 99.4 -1003.66,
					-0.435583 99.4 -1003.54,
					-0.125 -99.4 -1003.5,
					0.185583 -99.4 -1003.54,
					0.475 -99.4 -1003.66,
					0.723528 -99.4 -1003.85,
					0.91423 -99.4 -1004.1,
					1.03411 -99.4 -1004.39,
					1.075 -99.4 -1004.7,
					1.03411 -99.4 -1005.01,
					0.91423 -99.4 -1005.3,
					0.723528 -99.4 -1005.55,
					0.475 -99.4 -1005.74,
					0.185583 -99.4 -1005.86,
					-0.125 -99.4 -1005.9,
					-0.435583 -99.4 -1005.86,
					-0.725 -99.4 -1005.74,
					-0.973528 -99.4 -1005.55,
					-1.16423 -99.4 -1005.3,
					-1.28411 -99.4 -1005.01,
					-1.325 -99.4 -1004.7,
					-1.28411 -99.4 -1004.39,
					-1.16423 -99.4 -1004.1,
					-0.973528 -99.4 -1003.85,
					-0.725 -99.4 -1003.66,
					-0.435583 -99.4 -1003.54,
					-0.125 99.4 -1004.7,
					-0.125 -99.4 -1004.7,
				]
			}
			coordIndex [
				0, 24, 25, 1, -1,
				1, 25, 26, 2, -1,
				2, 26, 27, 3, -1,
				3, 27, 28, 4, -1,
				4, 28, 29, 5, -1,
				5, 29, 30, 6, -1,
				6, 30, 31, 7, -1,
				7, 31, 32, 8, -1,
				8, 32, 33, 9, -1,
				9, 33, 34, 10, -1,
				10, 34, 35, 11, -1,
				11, 35, 36, 12, -1,
				12, 36, 37, 13, -1,
				13, 37, 38, 14, -1,
				14, 38, 39, 15, -1,
				15, 39, 40, 16, -1,
				16, 40, 41, 17, -1,
				17, 41, 42, 18, -1,
				18, 42, 43, 19, -1,
				19, 43, 44, 20, -1,
				20, 44, 45, 21, -1,
				21, 45, 46, 22, -1,
				22, 46, 47, 23, -1,
				23, 47, 24, 0, -1,
				48, 0, 1, -1,
				48, 1, 2, -1,
				48, 2, 3, -1,
				48, 3, 4, -1,
				48, 4, 5, -1,
				48, 5, 6, -1,
				48, 6, 7, -1,
				48, 7, 8, -1,
				48, 8, 9, -1,
				48, 9, 10, -1,
				48, 10, 11, -1,
				48, 11, 12, -1,
				48, 12, 13, -1,
				48, 13, 14, -1,
				48, 14, 15, -1,
				48, 15, 16, -1,
				48, 16, 17, -1,
				48, 17, 18, -1,
				48, 18, 19, -1,
				48, 19, 20, -1,
				48, 20, 21, -1,
				48, 21, 22, -1,
				48, 22, 23, -1,
				48, 23, 0, -1,
				24, 49, 25, -1,
				25, 49, 26, -1,
				26, 49, 27, -1,
				27, 49, 28, -1,
				28, 49, 29, -1,
				29, 49, 30, -1,
				30, 49, 31, -1,
				31, 49, 32, -1,
				32, 49, 33, -1,
				33, 49, 34, -1,
				34, 49, 35, -1,
				35, 49, 36, -1,
				36, 49, 37, -1,
				37, 49, 38, -1,
				38, 49, 39, -1,
				39, 49, 40, -1,
				40, 49, 41, -1,
				41, 49, 42, -1,
				42, 49, 43, -1,
				43, 49, 44, -1,
				44, 49, 45, -1,
				45, 49, 46, -1,
				46, 49, 47, -1,
				47, 49, 24, -1,
			]
			solid FALSE
		}
	}
#---------- SOLID: FiberClad1_K.102
	Shape {
		appearance Appearance {
			material Material {
				diffuseColor 0 1 0
				transparency 0.7
			}
		}
		geometry IndexedFaceSet {
			coord Coordinate {
				point [
					-0.125 99.4 -1003.6,
					0.159701 99.4 -1003.64,
					0.425 99.4 -1003.75,
					0.652817 99.4 -1003.92,
					0.827628 99.4 -1004.15,
					0.937518 99.4 -1004.42,
					0.975 99.4 -1004.7,
					0.937518 99.4 -1004.98,
					0.827628 99.4 -1005.25,
					0.652817 99.4 -1005.48,
					0.425 99.4 -1005.65,
					0.159701 99.4 -1005.76,
					-0.125 99.4 -1005.8,
					-0.409701 99.4 -1005.76,
					-0.675 99.4 -1005.65,
					-0.902817 99.4 -1005.48,
					-1.07763 99.4 -1005.25,
					-1.18752 99.4 -1004.98,
					-1.225 99.4 -1004.7,
					-1.18752 99.4 -1004.42,
					-1.07763 99.4 -1004.15,
					-0.902817 99.4 -1003.92,
					-0.675 99.4 -1003.75,
					-0.409701 99.4 -1003.64,
					-0.125 -99.4 -1003.6,
					0.159701 -99.4 -1003.64,
					0.425 -99.4 -1003.75,
					0.652817 -99.4 -1003.92,
					0.827628 -99.4 -1004.15,
					0.937518 -99.4 -1004.42,
					0.975 -99.4 -1004.7,
					0.937518 -99.4 -1004.98,
					0.827628 -99.4 -1005.25,
					0.652817 -99.4 -1005.48,
					0.425 -99.4 -1005.65,
					0.159701 -99.4 -1005.76,
					-0.125 -99.4 -1005.8,
					-0.409701 -99.4 -1005.76,
					-0.675 -99.4 -1005.65,
					-0.902817 -99.4 -1005.48,
					-1.07763 -99.4 -1005.25,
					-1.18752 -99.4 -1004.98,
					-1.225 -99.4 -1004.7,
					-1.18752 -99.4 -1004.42,
					-1.07763 -99.4 -1004.15,
					-0.902817 -99.4 -1003.92,
					-0.675 -99.4 -1003.75,
					-0.409701 -99.4 -1003.64,
					-0.125 99.4 -1004.7,
					-0.125 -99.4 -1004.7,
				]
			}
			coordIndex [
				0, 24, 25, 1, -1,
				1, 25, 26, 2, -1,
				2, 26, 27, 3, -1,
				3, 27, 28, 4, -1,
				4, 28, 29, 5, -1,
				5, 29, 30, 6, -1,
				6, 30, 31, 7, -1,
				7, 31, 32, 8, -1,
				8, 32, 33, 9, -1,
				9, 33, 34, 10, -1,
				10, 34, 35, 11, -1,
				11, 35, 36, 12, -1,
				12, 36, 37, 13, -1,
				13, 37, 38, 14, -1,
				14, 38, 39, 15, -1,
				15, 39, 40, 16, -1,
				16, 40, 41, 17, -1,
				17, 41, 42, 18, -1,
				18, 42, 43, 19, -1,
				19, 43, 44, 20, -1,
				20, 44, 45, 21, -1,
				21, 45, 46, 22, -1,
				22, 46, 47, 23, -1,
				23, 47, 24, 0, -1,
				48, 0, 1, -1,
				48, 1, 2, -1,
				48, 2, 3, -1,
				48, 3, 4, -1,
				48, 4, 5, -1,
				48, 5, 6, -1,
				48, 6, 7, -1,
				48, 7, 8, -1,
				48, 8, 9, -1,
				48, 9, 10, -1,
				48, 10, 11, -1,
				48, 11, 12, -1,
				48, 12, 13, -1,
				48, 13, 14, -1,
				48, 14, 15, -1,
				48, 15, 16, -1,
				48, 16, 17, -1,
				48, 17, 18, -1,
				48, 18, 19, -1,
				48, 19, 20, -1,
				48, 20, 21, -1,
				48, 21, 22, -1,
				48, 22, 23, -1,
				48, 23, 0, -1,
				24, 49, 25, -1,
				25, 49, 26, -1,
				26, 49, 27, -1,
				27, 49, 28, -1,
				28, 49, 29, -1,
				29, 49, 30, -1,
				30, 49, 31, -1,
				31, 49, 32, -1,
				32, 49, 33, -1,
				33, 49, 34, -1,
				34, 49, 35, -1,
				35, 49, 36, -1,
				36, 49, 37, -1,
				37, 49, 38, -1,
				38, 49, 39, -1,
				39, 49, 40, -1,
				40, 49, 41, -1,
				41, 49, 42, -1,
				42, 49, 43, -1,
				43, 49, 44, -1,
				44, 49, 45, -1,
				45, 49, 46, -1,
				46, 49, 47, -1,
				47, 49, 24, -1,
			]
			solid FALSE
		}
	}
#---------- SOLID: Fiber_K.102
	Shape {
		appearance Appearance {
			material Material {
				diffuseColor 0 1 0
				transparency 0.7
			}
		}
		geometry IndexedFaceSet {
			coord Coordinate {
				point [
					-0.125 99.4 -1003.7,
					0.133819 99.4 -1003.73,
					0.375 99.4 -1003.83,
					0.582107 99.4 -1003.99,
					0.741025 99.4 -1004.2,
					0.840926 99.4 -1004.44,
					0.875 99.4 -1004.7,
					0.840926 99.4 -1004.96,
					0.741025 99.4 -1005.2,
					0.582107 99.4 -1005.41,
					0.375 99.4 -1005.57,
					0.133819 99.4 -1005.67,
					-0.125 99.4 -1005.7,
					-0.383819 99.4 -1005.67,
					-0.625 99.4 -1005.57,
					-0.832107 99.4 -1005.41,
					-0.991025 99.4 -1005.2,
					-1.09093 99.4 -1004.96,
					-1.125 99.4 -1004.7,
					-1.09093 99.4 -1004.44,
					-0.991025 99.4 -1004.2,
					-0.832107 99.4 -1003.99,
					-0.625 99.4 -1003.83,
					-0.383819 99.4 -1003.73,
					-0.125 -99.4 -1003.7,
					0.133819 -99.4 -1003.73,
					0.375 -99.4 -1003.83,
					0.582107 -99.4 -1003.99,
					0.741025 -99.4 -1004.2,
					0.840926 -99.4 -1004.44,
					0.875 -99.4 -1004.7,
					0.840926 -99.4 -1004.96,
					0.741025 -99.4 -1005.2,
					0.582107 -99.4 -1005.41,
					0.375 -99.4 -1005.57,
					0.133819 -99.4 -1005.67,
					-0.125 -99.4 -1005.7,
					-0.383819 -99.4 -1005.67,
					-0.625 -99.4 -1005.57,
					-0.832107 -99.4 -1005.41,
					-0.991025 -99.4 -1005.2,
					-1.09093 -99.4 -1004.96,
					-1.125 -99.4 -1004.7,
					-1.09093 -99.4 -1004.44,
					-0.991025 -99.4 -1004.2,
					-0.832107 -99.4 -1003.99,
					-0.625 -99.4 -1003.83,
					-0.383819 -99.4 -1003.73,
					-0.125 99.4 -1004.7,
					-0.125 -99.4 -1004.7,
				]
			}
			coordIndex [
				0, 24, 25, 1, -1,
				1, 25, 26, 2, -1,
				2, 26, 27, 3, -1,
				3, 27, 28, 4, -1,
				4, 28, 29, 5, -1,
				5, 29, 30, 6, -1,
				6, 30, 31, 7, -1,
				7, 31, 32, 8, -1,
				8, 32, 33, 9, -1,
				9, 33, 34, 10, -1,
				10, 34, 35, 11, -1,
				11, 35, 36, 12, -1,
				12, 36, 37, 13, -1,
				13, 37, 38, 14, -1,
				14, 38, 39, 15, -1,
				15, 39, 40, 16, -1,
				16, 40, 41, 17, -1,
				17, 41, 42, 18, -1,
				18, 42, 43, 19, -1,
				19, 43, 44, 20, -1,
				20, 44, 45, 21, -1,
				21, 45, 46, 22, -1,
				22, 46, 47, 23, -1,
				23, 47, 24, 0, -1,
				48, 0, 1, -1,
				48, 1, 2, -1,
				48, 2, 3, -1,
				48, 3, 4, -1,
				48, 4, 5, -1,
				48, 5, 6, -1,
				48, 6, 7, -1,
				48, 7, 8, -1,
				48, 8, 9, -1,
				48, 9, 10, -1,
				48, 10, 11, -1,
				48, 11, 12, -1,
				48, 12, 13, -1,
				48, 13, 14, -1,
				48, 14, 15, -1,
				48, 15, 16, -1,
				48, 16, 17, -1,
				48, 17, 18, -1,
				48, 18, 19, -1,
				48, 19, 20, -1,
				48, 20, 21, -1,
				48, 21, 22, -1,
				48, 22, 23, -1,
				48, 23, 0, -1,
				24, 49, 25, -1,
				25, 49, 26, -1,
				26, 49, 27, -1,
				27, 49, 28, -1,
				28, 49, 29, -1,
				29, 49, 30, -1,
				30, 49, 31, -1,
				31, 49, 32, -1,
				32, 49, 33, -1,
				33, 49, 34, -1,
				34, 49, 35, -1,
				35, 49, 36, -1,
				36, 49, 37, -1,
				37, 49, 38, -1,
				38, 49, 39, -1,
				39, 49, 40, -1,
				40, 49, 41, -1,
				41, 49, 42, -1,
				42, 49, 43, -1,
				43, 49, 44, -1,
				44, 49, 45, -1,
				45, 49, 46, -1,
				46, 49, 47, -1,
				47, 49, 24, -1,
			]
			solid FALSE
		}
	}
#---------- SOLID: Pixel_K102.102
	Shape {
		appearance Appearance {
			material Material {
				diffuseColor 0 0 1
				transparency 0.7
			}
		}
		geometry IndexedFaceSet {
			coord Coordinate {
				point [
					-1.425 -99.6 -1006,
					-1.425 -99.6 -1003.4,
					1.175 -99.6 -1003.4,
					1.175 -99.6 -1006,
					-1.425 -99.4 -1006,
					-1.425 -99.4 -1003.4,
					1.175 -99.4 -1003.4,
					1.175 -99.4 -1006,
				]
			}
			coordIndex [
				0, 3, 2, 1, -1,
				4, 7, 3, 0, -1,
				7, 6, 2, 3, -1,
				6, 5, 1, 2, -1,
				5, 4, 0, 1, -1,
				4, 5, 6, 7, -1,
			]
			solid FALSE
		}
	}
#---------- SOLID: Enclosure.1
	Shape {
		appearance Appearance {
			material Material {
				diffuseColor 1 1 1
				transparency 0.7
			}
		}
		geometry IndexedFaceSet {
			coord Coordinate {
				point [
					-281.35 -281.35 -3020,
					281.35 -281.35 -3020,
					281.35 281.35 -3020,
					-281.35 281.35 -3020,
					-281.35 -281.35 -2980,
					281.35 -281.35 -2980,
					281.35 281.35 -2980,
					-281.35 281.35 -2980,
				]
			}
			coordIndex [
				0, 3, 2, 1, -1,
				4, 7, 3, 0, -1,
				7, 6, 2, 3, -1,
				6, 5, 1, 2, -1,
				5, 4, 0, 1, -1,
				4, 5, 6, 7, -1,
			]
			solid FALSE
		}
	}
#---------- SOLID: Casing_2.2
	Shape {
		appearance Appearance {
			material Material {
				diffuseColor 1 1 1
				transparency 0.7
			}
		}
		geometry IndexedFaceSet {
			coord Coordinate {
				point [
					-281.35 -281.35 -3020,
					281.35 -281.35 -3020,
					281.35 281.35 -3020,
					-281.35 281.35 -3020,
					-281.35 -281.35 -2980,
					281.35 -281.35 -2980,
					281.35 281.35 -2980,
					-281.35 281.35 -2980,
				]
			}
			coordIndex [
				0, 3, 2, 1, -1,
				4, 7, 3, 0, -1,
				7, 6, 2, 3, -1,
				6, 5, 1, 2, -1,
				5, 4, 0, 1, -1,
				4, 5, 6, 7, -1,
			]
			solid FALSE
		}
	}
#---------- SOLID: BarCoating_X.201
	Shape {
		appearance Appearance {
			material Material {
				diffuseColor 1 1 1
				transparency 0.7
			}
		}
		geometry IndexedFaceSet {
			coord Coordinate {
				point [
					-100.25 -100.375 -2999.25,
					100.25 -100.375 -2999.25,
					100.25 100.125 -2999.25,
					-100.25 100.125 -2999.25,
					-100.25 -100.375 -2988.75,
					100.25 -100.375 -2988.75,
					100.25 100.125 -2988.75,
					-100.25 100.125 -2988.75,
				]
			}
			coordIndex [
				0, 3, 2, 1, -1,
				4, 7, 3, 0, -1,
				7, 6, 2, 3, -1,
				6, 5, 1, 2, -1,
				5, 4, 0, 1, -1,
				4, 5, 6, 7, -1,
			]
			solid FALSE
		}
	}
#---------- SOLID: BarScin_X.201
	Shape {
		appearance Appearance {
			material Material {
				diffuseColor 1 1 1
				transparency 0.7
			}
		}
		geometry IndexedFaceSet {
			coord Coordinate {
				point [
					-100 -100.125 -2999,
					100 -100.125 -2999,
					100 99.875 -2999,
					-100 99.875 -2999,
					-100 -100.125 -2989,
					100 -100.125 -2989,
					100 99.875 -2989,
					-100 99.875 -2989,
				]
			}
			coordIndex [
				0, 3, 2, 1, -1,
				4, 7, 3, 0, -1,
				7, 6, 2, 3, -1,
				6, 5, 1, 2, -1,
				5, 4, 0, 1, -1,
				4, 5, 6, 7, -1,
			]
			solid FALSE
		}
	}
#---------- SOLID: FiberClad2_X.201
	Shape {
		appearance Appearance {
			material Material {
				diffuseColor 0 1 0
				transparency 0.7
			}
		}
		geometry IndexedFaceSet {
			coord Coordinate {
				point [
					-99.4 -0.125 -2991.5,
					-99.4 0.185583 -2991.54,
					-99.4 0.475 -2991.66,
					-99.4 0.723528 -2991.85,
					-99.4 0.91423 -2992.1,
					-99.4 1.03411 -2992.39,
					-99.4 1.075 -2992.7,
					-99.4 1.03411 -2993.01,
					-99.4 0.91423 -2993.3,
					-99.4 0.723528 -2993.55,
					-99.4 0.475 -2993.74,
					-99.4 0.185583 -2993.86,
					-99.4 -0.125 -2993.9,
					-99.4 -0.435583 -2993.86,
					-99.4 -0.725 -2993.74,
					-99.4 -0.973528 -2993.55,
					-99.4 -1.16423 -2993.3,
					-99.4 -1.28411 -2993.01,
					-99.4 -1.325 -2992.7,
					-99.4 -1.28411 -2992.39,
					-99.4 -1.16423 -2992.1,
					-99.4 -0.973528 -2991.85,
					-99.4 -0.725 -2991.66,
					-99.4 -0.435583 -2991.54,
					99.4 -0.125 -2991.5,
					99.4 0.185583 -2991.54,
					99.4 0.475 -2991.66,
					99.4 0.723528 -2991.85,
					99.4 0.91423 -2992.1,
					99.4 1.03411 -2992.39,
					99.4 1.075 -2992.7,
					99.4 1.03411 -2993.01,
					99.4 0.91423 -2993.3,
					99.4 0.723528 -2993.55,
					99.4 0.475 -2993.74,
					99.4 0.185583 -2993.86,
					99.4 -0.125 -2993.9,
					99.4 -0.435583 -2993.86,
					99.4 -0.725 -2993.74,
					99.4 -0.973528 -2993.55,
					99.4 -1.16423 -2993.3,
					99.4 -1.28411 -2993.01,
					99.4 -1.325 -2992.7,
					99.4 -1.28411 -2992.39,
					99.4 -1.16423 -2992.1,
					99.4 -0.973528 -2991.85,
					99.4 -0.725 -2991.66,
					99.4 -0.435583 -2991.54,
					-99.4 -0.125 -2992.7,
					99.4 -0.125 -2992.7,
				]
			}
			coordIndex [
				0, 24, 25, 1, -1,
				1, 25, 26, 2, -1,
				2, 26, 27, 3, -1,
				3, 27, 28, 4, -1,
				4, 28, 29, 5, -1,
				5, 29, 30, 6, -1,
				6, 30, 31, 7, -1,
				7, 31, 32, 8, -1,
				8, 32, 33, 9, -1,
				9, 33, 34, 10, -1,
				10, 34, 35, 11, -1,
				11, 35, 36, 12, -1,
				12, 36, 37, 13, -1,
				13, 37, 38, 14, -1,
				14, 38, 39, 15, -1,
				15, 39, 40, 16, -1,
				16, 40, 41, 17, -1,
				17, 41, 42, 18, -1,
				18, 42, 43, 19, -1,
				19, 43, 44, 20, -1,
				20, 44, 45, 21, -1,
				21, 45, 46, 22, -1,
				22, 46, 47, 23, -1,
				23, 47, 24, 0, -1,
				48, 0, 1, -1,
				48, 1, 2, -1,
				48, 2, 3, -1,
				48, 3, 4, -1,
				48, 4, 5, -1,
				48, 5, 6, -1,
				48, 6, 7, -1,
				48, 7, 8, -1,
				48, 8, 9, -1,
				48, 9, 10, -1,
				48, 10, 11, -1,
				48, 11, 12, -1,
				48, 12, 13, -1,
				48, 13, 14, -1,
				48, 14, 15, -1,
				48, 15, 16, -1,
				48, 16, 17, -1,
				48, 17, 18, -1,
				48, 18, 19, -1,
				48, 19, 20, -1,
				48, 20, 21, -1,
				48, 21, 22, -1,
				48, 22, 23, -1,
				48, 23, 0, -1,
				24, 49, 25, -1,
				25, 49, 26, -1,
				26, 49, 27, -1,
				27, 49, 28, -1,
				28, 49, 29, -1,
				29, 49, 30, -1,
				30, 49, 31, -1,
				31, 49, 32, -1,
				32, 49, 33, -1,
				33, 49, 34, -1,
				34, 49, 35, -1,
				35, 49, 36, -1,
				36, 49, 37, -1,
				37, 49, 38, -1,
				38, 49, 39, -1,
				39, 49, 40, -1,
				40, 49, 41, -1,
				41, 49, 42, -1,
				42, 49, 43, -1,
				43, 49, 44, -1,
				44, 49, 45, -1,
				45, 49, 46, -1,
				46, 49, 47, -1,
				47, 49, 24, -1,
			]
			solid FALSE
		}
	}
#---------- SOLID: FiberClad1_X.201
	Shape {
		appearance Appearance {
			material Material {
				diffuseColor 0 1 0
				transparency 0.7
			}
		}
		geometry IndexedFaceSet {
			coord Coordinate {
				point [
					-99.4 -0.125 -2991.6,
					-99.4 0.159701 -2991.64,
					-99.4 0.425 -2991.75,
					-99.4 0.652817 -2991.92,
					-99.4 0.827628 -2992.15,
					-99.4 0.937518 -2992.42,
					-99.4 0.975 -2992.7,
					-99.4 0.937518 -2992.98,
					-99.4 0.827628 -2993.25,
					-99.4 0.652817 -2993.48,
					-99.4 0.425 -2993.65,
					-99.4 0.159701 -2993.76,
					-99.4 -0.125 -2993.8,
					-99.4 -0.409701 -2993.76,
					-99.4 -0.675 -2993.65,
					-99.4 -0.902817 -2993.48,
					-99.4 -1.07763 -2993.25,
					-99.4 -1.18752 -2992.98,
					-99.4 -1.225 -2992.7,
					-99.4 -1.18752 -2992.42,
					-99.4 -1.07763 -2992.15,
					-99.4 -0.902817 -2991.92,
					-99.4 -0.675 -2991.75,
					-99.4 -0.409701 -2991.64,
					99.4 -0.125 -2991.6,
					99.4 0.159701 -2991.64,
					99.4 0.425 -2991.75,
					99.4 0.652817 -2991.92,
					99.4 0.827628 -2992.15,
					99.4 0.937518 -2992.42,
					99.4 0.975 -2992.7,
					99.4 0.937518 -2992.98,
					99.4 0.827628 -2993.25,
					99.4 0.652817 -2993.48,
					99.4 0.425 -2993.65,
					99.4 0.159701 -2993.76,
					99.4 -0.125 -2993.8,
					99.4 -0.409701 -2993.76,
					99.4 -0.675 -2993.65,
					99.4 -0.902817 -2993.48,
					99.4 -1.07763 -2993.25,
					99.4 -1.18752 -2992.98,
					99.4 -1.225 -2992.7,
					99.4 -1.18752 -2992.42,
					99.4 -1.07763 -2992.15,
					99.4 -0.902817 -2991.92,
					99.4 -0.675 -2991.75,
					99.4 -0.409701 -2991.64,
					-99.4 -0.125 -2992.7,
					99.4 -0.125 -2992.7,
				]
			}
			coordIndex [
				0, 24, 25, 1, -1,
				1, 25, 26, 2, -1,
				2, 26, 27, 3, -1,
				3, 27, 28, 4, -1,
				4, 28, 29, 5, -1,
				5, 29, 30, 6, -1,
				6, 30, 31, 7, -1,
				7, 31, 32, 8, -1,
				8, 32, 33, 9, -1,
				9, 33, 34, 10, -1,
				10, 34, 35, 11, -1,
				11, 35, 36, 12, -1,
				12, 36, 37, 13, -1,
				13, 37, 38, 14, -1,
				14, 38, 39, 15, -1,
				15, 39, 40, 16, -1,
				16, 40, 41, 17, -1,
				17, 41, 42, 18, -1,
				18, 42, 43, 19, -1,
				19, 43, 44, 20, -1,
				20, 44, 45, 21, -1,
				21, 45, 46, 22, -1,
				22, 46, 47, 23, -1,
				23, 47, 24, 0, -1,
				48, 0, 1, -1,
				48, 1, 2, -1,
				48, 2, 3, -1,
				48, 3, 4, -1,
				48, 4, 5, -1,
				48, 5, 6, -1,
				48, 6, 7, -1,
				48, 7, 8, -1,
				48, 8, 9, -1,
				48, 9, 10, -1,
				48, 10, 11, -1,
				48, 11, 12, -1,
				48, 12, 13, -1,
				48, 13, 14, -1,
				48, 14, 15, -1,
				48, 15, 16, -1,
				48, 16, 17, -1,
				48, 17, 18, -1,
				48, 18, 19, -1,
				48, 19, 20, -1,
				48, 20, 21, -1,
				48, 21, 22, -1,
				48, 22, 23, -1,
				48, 23, 0, -1,
				24, 49, 25, -1,
				25, 49, 26, -1,
				26, 49, 27, -1,
				27, 49, 28, -1,
				28, 49, 29, -1,
				29, 49, 30, -1,
				30, 49, 31, -1,
				31, 49, 32, -1,
				32, 49, 33, -1,
				33, 49, 34, -1,
				34, 49, 35, -1,
				35, 49, 36, -1,
				36, 49, 37, -1,
				37, 49, 38, -1,
				38, 49, 39, -1,
				39, 49, 40, -1,
				40, 49, 41, -1,
				41, 49, 42, -1,
				42, 49, 43, -1,
				43, 49, 44, -1,
				44, 49, 45, -1,
				45, 49, 46, -1,
				46, 49, 47, -1,
				47, 49, 24, -1,
			]
			solid FALSE
		}
	}
#---------- SOLID: Fiber_X.201
	Shape {
		appearance Appearance {
			material Material {
				diffuseColor 0 1 0
				transparency 0.7
			}
		}
		geometry IndexedFaceSet {
			coord Coordinate {
				point [
					-99.4 -0.125 -2991.7,
					-99.4 0.133819 -2991.73,
					-99.4 0.375 -2991.83,
					-99.4 0.582107 -2991.99,
					-99.4 0.741025 -2992.2,
					-99.4 0.840926 -2992.44,
					-99.4 0.875 -2992.7,
					-99.4 0.840926 -2992.96,
					-99.4 0.741025 -2993.2,
					-99.4 0.582107 -2993.41,
					-99.4 0.375 -2993.57,
					-99.4 0.133819 -2993.67,
					-99.4 -0.125 -2993.7,
					-99.4 -0.383819 -2993.67,
					-99.4 -0.625 -2993.57,
					-99.4 -0.832107 -2993.41,
					-99.4 -0.991025 -2993.2,
					-99.4 -1.09093 -2992.96,
					-99.4 -1.125 -2992.7,
					-99.4 -1.09093 -2992.44,
					-99.4 -0.991025 -2992.2,
					-99.4 -0.832107 -2991.99,
					-99.4 -0.625 -2991.83,
					-99.4 -0.383819 -2991.73,
					99.4 -0.125 -2991.7,
					99.4 0.133819 -2991.73,
					99.4 0.375 -2991.83,
					99.4 0.582107 -2991.99,
					99.4 0.741025 -2992.2,
					99.4 0.840926 -2992.44,
					99.4 0.875 -2992.7,
					99.4 0.840926 -2992.96,
					99.4 0.741025 -2993.2,
					99.4 0.582107 -2993.41,
					99.4 0.375 -2993.57,
					99.4 0.133819 -2993.67,
					99.4 -0.125 -2993.7,
					99.4 -0.383819 -2993.67,
					99.4 -0.625 -2993.57,
					99.4 -0.832107 -2993.41,
					99.4 -0.991025 -2993.2,
					99.4 -1.09093 -2992.96,
					99.4 -1.125 -2992.7,
					99.4 -1.09093 -2992.44,
					99.4 -0.991025 -2992.2,
					99.4 -0.832107 -2991.99,
					99.4 -0.625 -2991.83,
					99.4 -0.383819 -2991.73,
					-99.4 -0.125 -2992.7,
					99.4 -0.125 -2992.7,
				]
			}
			coordIndex [
				0, 24, 25, 1, -1,
				1, 25, 26, 2, -1,
				2, 26, 27, 3, -1,
				3, 27, 28, 4, -1,
				4, 28, 29, 5, -1,
				5, 29, 30, 6, -1,
				6, 30, 31, 7, -1,
				7, 31, 32, 8, -1,
				8, 32, 33, 9, -1,
				9, 33, 34, 10, -1,
				10, 34, 35, 11, -1,
				11, 35, 36, 12, -1,
				12, 36, 37, 13, -1,
				13, 37, 38, 14, -1,
				14, 38, 39, 15, -1,
				15, 39, 40, 16, -1,
				16, 40, 41, 17, -1,
				17, 41, 42, 18, -1,
				18, 42, 43, 19, -1,
				19, 43, 44, 20, -1,
				20, 44, 45, 21, -1,
				21, 45, 46, 22, -1,
				22, 46, 47, 23, -1,
				23, 47, 24, 0, -1,
				48, 0, 1, -1,
				48, 1, 2, -1,
				48, 2, 3, -1,
				48, 3, 4, -1,
				48, 4, 5, -1,
				48, 5, 6, -1,
				48, 6, 7, -1,
				48, 7, 8, -1,
				48, 8, 9, -1,
				48, 9, 10, -1,
				48, 10, 11, -1,
				48, 11, 12, -1,
				48, 12, 13, -1,
				48, 13, 14, -1,
				48, 14, 15, -1,
				48, 15, 16, -1,
				48, 16, 17, -1,
				48, 17, 18, -1,
				48, 18, 19, -1,
				48, 19, 20, -1,
				48, 20, 21, -1,
				48, 21, 22, -1,
				48, 22, 23, -1,
				48, 23, 0, -1,
				24, 49, 25, -1,
				25, 49, 26, -1,
				26, 49, 27, -1,
				27, 49, 28, -1,
				28, 49, 29, -1,
				29, 49, 30, -1,
				30, 49, 31, -1,
				31, 49, 32, -1,
				32, 49, 33, -1,
				33, 49, 34, -1,
				34, 49, 35, -1,
				35, 49, 36, -1,
				36, 49, 37, -1,
				37, 49, 38, -1,
				38, 49, 39, -1,
				39, 49, 40, -1,
				40, 49, 41, -1,
				41, 49, 42, -1,
				42, 49, 43, -1,
				43, 49, 44, -1,
				44, 49, 45, -1,
				45, 49, 46, -1,
				46, 49, 47, -1,
				47, 49, 24, -1,
			]
			solid FALSE
		}
	}
#---------- SOLID: Pixel_X201.201
	Shape {
		appearance Appearance {
			material Material {
				diffuseColor 0 0 1
				transparency 0.7
			}
		}
		geometry IndexedFaceSet {
			coord Coordinate {
				point [
					99.6 -1.425 -2994,
					99.6 -1.425 -2991.4,
					99.6 1.175 -2991.4,
					99.6 1.175 -2994,
					99.4 -1.425 -2994,
					99.4 -1.425 -2991.4,
					99.4 1.175 -2991.4,
					99.4 1.175 -2994,
				]
			}
			coordIndex [
				0, 3, 2, 1, -1,
				4, 7, 3, 0, -1,
				7, 6, 2, 3, -1,
				6, 5, 1, 2, -1,
				5, 4, 0, 1, -1,
				4, 5, 6, 7, -1,
			]
			solid FALSE
		}
	}
#---------- SOLID: BarCoating_K.202
	Shape {
		appearance Appearance {
			material Material {
				diffuseColor 1 1 1
				transparency 0.7
			}
		}
		geometry IndexedFaceSet {
			coord Coordinate {
				point [
					-100.375 100.25 -3011.25,
					-100.375 -100.25 -3011.25,
					100.125 -100.25 -3011.25,
					100.125 100.25 -3011.25,
					-100.375 100.25 -3000.75,
					-100.375 -100.25 -3000.75,
					100.125 -100.25 -3000.75,
					100.125 100.25 -3000.75,
				]
			}
			coordIndex [
				0, 3, 2, 1, -1,
				4, 7, 3, 0, -1,
				7, 6, 2, 3, -1,
				6, 5, 1, 2, -1,
				5, 4, 0, 1, -1,
				4, 5, 6, 7, -1,
			]
			solid FALSE
		}
	}
#---------- SOLID: BarScin_K.202
	Shape {
		appearance Appearance {
			material Material {
				diffuseColor 1 1 1
				transparency 0.7
			}
		}
		geometry IndexedFaceSet {
			coord Coordinate {
				point [
					-100.125 100 -3011,
					-100.125 -100 -3011,
					99.875 -100 -3011,
					99.875 100 -3011,
					-100.125 100 -3001,
					-100.125 -100 -3001,
					99.875 -100 -3001,
					99.875 100 -3001,
				]
			}
			coordIndex [
				0, 3, 2, 1, -1,
				4, 7, 3, 0, -1,
				7, 6, 2, 3, -1,
				6, 5, 1, 2, -1,
				5, 4, 0, 1, -1,
				4, 5, 6, 7, -1,
			]
			solid FALSE
		}
	}
#---------- SOLID: FiberClad2_K.202
	Shape {
		appearance Appearance {
			material Material {
				diffuseColor 0 1 0
				transparency 0.7
			}
		}
		geometry IndexedFaceSet {
			coord Coordinate {
				point [
					-0.125 99.4 -3003.5,
					0.185583 99.4 -3003.54,
					0.475 99.4 -3003.66,
					0.723528 99.4 -3003.85,
					0.91423 99.4 -3004.1,
					1.03411 99.4 -3004.39,
					1.075 99.4 -3004.7,
					1.03411 99.4 -3005.01,
					0.91423 99.4 -3005.3,
					0.723528 99.4 -3005.55,
					0.475 99.4 -3005.74,
					0.185583 99.4 -3005.86,
					-0.125 99.4 -3005.9,
					-0.435583 99.4 -3005.86,
					-0.725 99.4 -3005.74,
					-0.973528 99.4 -3005.55,
					-1.16423 99.4 -3005.3,
					-1.28411 99.4 -3005.01,
					-1.325 99.4 -3004.7,
					-1.28411 99.4 -3004.39,
					-1.16423 99.4 -3004.1,
					-0.973528 99.4 -3003.85,
					-0.725 99.4 -3003.66,
					-0.435583 99.4 -3003.54,
					-0.125 -99.4 -3003.5,
					0.185583 -99.4 -3003.54,
					0.475 -99.4 -3003.66,
					0.723528 -99.4 -3003.85,
					0.91423 -99.4 -3004.1,
					1.03411 -99.4 -3004.39,
					1.075 -99.4 -3004.7,
					1.03411 -99.4 -3005.01,
					0.91423 -99.4 -3005.3,
					0.723528 -99.4 -3005.55,
					0.475 -99.4 -3005.74,
					0.185583 -99.4 -3005.86,
					-0.125 -99.4 -3005.9,
					-0.435583 -99.4 -3005.86,
					-0.725 -99.4 -3005.74,
					-0.973528 -99.4 -3005.55,
					-1.16423 -99.4 -3005.3,
					-1.28411 -99.4 -3005.01,
					-1.325 -99.4 -3004.7,
					-1.28411 -99.4 -3004.39,
					-1.16423 -99.4 -3004.1,
					-0.973528 -99.4 -3003.85,
					-0.725 -99.4 -3003.66,
					-0.435583 -99.4 -3003.54,
					-0.125 99.4 -3004.7,
					-0.125 -99.4 -3004.7,
				]
			}
			coordIndex [
				0, 24, 25, 1, -1,
				1, 25, 26, 2, -1,
				2, 26, 27, 3, -1,
				3, 27, 28, 4, -1,
				4, 28, 29, 5, -1,
				5, 29, 30, 6, -1,
				6, 30, 31, 7, -1,
				7, 31, 32, 8, -1,
				8, 32, 33, 9, -1,
				9, 33, 34, 10, -1,
				10, 34, 35, 11, -1,
				11, 35, 36, 12, -1,
				12, 36, 37, 13, -1,
				13, 37, 38, 14, -1,
				14, 38, 39, 15, -1,
				15, 39, 40, 16, -1,
				16, 40, 41, 17, -1,
				17, 41, 42, 18, -1,
				18, 42, 43, 19, -1,
				19, 43, 44, 20, -1,
				20, 44, 45, 21, -1,
				21, 45, 46, 22, -1,
				22, 46, 47, 23, -1,
				23, 47, 24, 0, -1,
				48, 0, 1, -1,
				48, 1, 2, -1,
				48, 2, 3, -1,
				48, 3, 4, -1,
				48, 4, 5, -1,
				48, 5, 6, -1,
				48, 6, 7, -1,
				48, 7, 8, -1,
				48, 8, 9, -1,
				48, 9, 10, -1,
				48, 10, 11, -1,
				48, 11, 12, -1,
				48, 12, 13, -1,
				48, 13, 14, -1,
				48, 14, 15, -1,
				48, 15, 16, -1,
				48, 16, 17, -1,
				48, 17, 18, -1,
				48, 18, 19, -1,
				48, 19, 20, -1,
				48, 20, 21, -1,
				48, 21, 22, -1,
				48, 22, 23, -1,
				48, 23, 0, -1,
				24, 49, 25, -1,
				25, 49, 26, -1,
				26, 49, 27, -1,
				27, 49, 28, -1,
				28, 49, 29, -1,
				29, 49, 30, -1,
				30, 49, 31, -1,
				31, 49, 32, -1,
				32, 49, 33, -1,
				33, 49, 34, -1,
				34, 49, 35, -1,
				35, 49, 36, -1,
				36, 49, 37, -1,
				37, 49, 38, -1,
				38, 49, 39, -1,
				39, 49, 40, -1,
				40, 49, 41, -1,
				41, 49, 42, -1,
				42, 49, 43, -1,
				43, 49, 44, -1,
				44, 49, 45, -1,
				45, 49, 46, -1,
				46, 49, 47, -1,
				47, 49, 24, -1,
			]
			solid FALSE
		}
	}
#---------- SOLID: FiberClad1_K.202
	Shape {
		appearance Appearance {
			material Material {
				diffuseColor 0 1 0
				transparency 0.7
			}
		}
		geometry IndexedFaceSet {
			coord Coordinate {
				point [
					-0.125 99.4 -3003.6,
					0.159701 99.4 -3003.64,
					0.425 99.4 -3003.75,
					0.652817 99.4 -3003.92,
					0.827628 99.4 -3004.15,
					0.937518 99.4 -3004.42,
					0.975 99.4 -3004.7,
					0.937518 99.4 -3004.98,
					0.827628 99.4 -3005.25,
					0.652817 99.4 -3005.48,
					0.425 99.4 -3005.65,
					0.159701 99.4 -3005.76,
					-0.125 99.4 -3005.8,
					-0.409701 99.4 -3005.76,
					-0.675 99.4 -3005.65,
					-0.902817 99.4 -3005.48,
					-1.07763 99.4 -3005.25,
					-1.18752 99.4 -3004.98,
					-1.225 99.4 -3004.7,
					-1.18752 99.4 -3004.42,
					-1.07763 99.4 -3004.15,
					-0.902817 99.4 -3003.92,
					-0.675 99.4 -3003.75,
					-0.409701 99.4 -3003.64,
					-0.125 -99.4 -3003.6,
					0.159701 -99.4 -3003.64,
					0.425 -99.4 -3003.75,
					0.652817 -99.4 -3003.92,
					0.827628 -99.4 -3004.15,
					0.937518 -99.4 -3004.42,
					0.975 -99.4 -3004.7,
					0.937518 -99.4 -3004.98,
					0.827628 -99.4 -3005.25,
					0.652817 -99.4 -3005.48,
					0.425 -99.4 -3005.65,
					0.159701 -99.4 -3005.76,
					-0.125 -99.4 -3005.8,
					-0.409701 -99.4 -3005.76,
					-0.675 -99.4 -3005.65,
					-0.902817 -99.4 -3005.48,
					-1.07763 -99.4 -3005.25,
					-1.18752 -99.4 -3004.98,
					-1.225 -99.4 -3004.7,
					-1.18752 -99.4 -3004.42,
					-1.07763 -99.4 -3004.15,
					-0.902817 -99.4 -3003.92,
					-0.675 -99.4 -3003.75,
					-0.409701 -99.4 -3003.64,
					-0.125 99.4 -3004.7,
					-0.125 -99.4 -3004.7,
				]
			}
			coordIndex [
				0, 24, 25, 1, -1,
				1, 25, 26, 2, -1,
				2, 26, 27, 3, -1,
				3, 27, 28, 4, -1,
				4, 28, 29, 5, -1,
				5, 29, 30, 6, -1,
				6, 30, 31, 7, -1,
				7, 31, 32, 8, -1,
				8, 32, 33, 9, -1,
				9, 33, 34, 10, -1,
				10, 34, 35, 11, -1,
				11, 35, 36, 12, -1,
				12, 36, 37, 13, -1,
				13, 37, 38, 14, -1,
				14, 38, 39, 15, -1,
				15, 39, 40, 16, -1,
				16, 40, 41, 17, -1,
				17, 41, 42, 18, -1,
				18, 42, 43, 19, -1,
				19, 43, 44, 20, -1,
				20, 44, 45, 21, -1,
				21, 45, 46, 22, -1,
				22, 46, 47, 23, -1,
				23, 47, 24, 0, -1,
				48, 0, 1, -1,
				48, 1, 2, -1,
				48, 2, 3, -1,
				48, 3, 4, -1,
				48, 4, 5, -1,
				48, 5, 6, -1,
				48, 6, 7, -1,
				48, 7, 8, -1,
				48, 8, 9, -1,
				48, 9, 10, -1,
				48, 10, 11, -1,
				48, 11, 12, -1,
				48, 12, 13, -1,
				48, 13, 14, -1,
				48, 14, 15, -1,
				48, 15, 16, -1,
				48, 16, 17, -1,
				48, 17, 18, -1,
				48, 18, 19, -1,
				48, 19, 20, -1,
				48, 20, 21, -1,
				48, 21, 22, -1,
				48, 22, 23, -1,
				48, 23, 0, -1,
				24, 49, 25, -1,
				25, 49, 26, -1,
				26, 49, 27, -1,
				27, 49, 28, -1,
				28, 49, 29, -1,
				29, 49, 30, -1,
				30, 49, 31, -1,
				31, 49, 32, -1,
				32, 49, 33, -1,
				33, 49, 34, -1,
				34, 49, 35, -1,
				35, 49, 36, -1,
				36, 49, 37, -1,
				37, 49, 38, -1,
				38, 49, 39, -1,
				39, 49, 40, -1,
				40, 49, 41, -1,
				41, 49, 42, -1,
				42, 49, 43, -1,
				43, 49, 44, -1,
				44, 49, 45, -1,
				45, 49, 46, -1,
				46, 49, 47, -1,
				47, 49, 24, -1,
			]
			solid FALSE
		}
	}
#---------- SOLID: Fiber_K.202
	Shape {
		appearance Appearance {
			material Material {
				diffuseColor 0 1 0
				transparency 0.7
			}
		}
		geometry IndexedFaceSet {
			coord Coordinate {
				point [
					-0.125 99.4 -3003.7,
					0.133819 99.4 -3003.73,
					0.375 99.4 -3003.83,
					0.582107 99.4 -3003.99,
					0.741025 99.4 -3004.2,
					0.840926 99.4 -3004.44,
					0.875 99.4 -3004.7,
					0.840926 99.4 -3004.96,
					0.741025 99.4 -3005.2,
					0.582107 99.4 -3005.41,
					0.375 99.4 -3005.57,
					0.133819 99.4 -3005.67,
					-0.125 99.4 -3005.7,
					-0.383819 99.4 -3005.67,
					-0.625 99.4 -3005.57,
					-0.832107 99.4 -3005.41,
					-0.991025 99.4 -3005.2,
					-1.09093 99.4 -3004.96,
					-1.125 99.4 -3004.7,
					-1.09093 99.4 -3004.44,
					-0.991025 99.4 -3004.2,
					-0.832107 99.4 -3003.99,
					-0.625 99.4 -3003.83,
					-0.383819 99.4 -3003.73,
					-0.125 -99.4 -3003.7,
					0.133819 -99.4 -3003.73,
					0.375 -99.4 -3003.83,
					0.582107 -99.4 -3003.99,
					0.741025 -99.4 -3004.2,
					0.840926 -99.4 -3004.44,
					0.875 -99.4 -3004.7,
					0.840926 -99.4 -3004.96,
					0.741025 -99.4 -3005.2,
					0.582107 -99.4 -3005.41,
					0.375 -99.4 -3005.57,
					0.133819 -99.4 -3005.67,
					-0.125 -99.4 -3005.7,
					-0.383819 -99.4 -3005.67,
					-0.625 -99.4 -3005.57,
					-0.832107 -99.4 -3005.41,
					-0.991025 -99.4 -3005.2,
					-1.09093 -99.4 -3004.96,
					-1.125 -99.4 -3004.7,
					-1.09093 -99.4 -3004.44,
					-0.991025 -99.4 -3004.2,
					-0.832107 -99.4 -3003.99,
					-0.625 -99.4 -3003.83,
					-0.383819 -99.4 -3003.73,
					-0.125 99.4 -3004.7,
					-0.125 -99.4 -3004.7,
				]
			}
			coordIndex [
				0, 24, 25, 1, -1,
				1, 25, 26, 2, -1,
				2, 26, 27, 3, -1,
				3, 27, 28, 4, -1,
				4, 28, 29, 5, -1,
				5, 29, 30, 6, -1,
				6, 30, 31, 7, -1,
				7, 31, 32, 8, -1,
				8, 32, 33, 9, -1,
				9, 33, 34, 10, -1,
				10, 34, 35, 11, -1,
				11, 35, 36, 12, -1,
				12, 36, 37, 13, -1,
				13, 37, 38, 14, -1,
				14, 38, 39, 15, -1,
				15, 39, 40, 16, -1,
				16, 40, 41, 17, -1,
				17, 41, 42, 18, -1,
				18, 42, 43, 19, -1,
				19, 43, 44, 20, -1,
				20, 44, 45, 21, -1,
				21, 45, 46, 22, -1,
				22, 46, 47, 23, -1,
				23, 47, 24, 0, -1,
				48, 0, 1, -1,
				48, 1, 2, -1,
				48, 2, 3, -1,
				48, 3, 4, -1,
				48, 4, 5, -1,
				48, 5, 6, -1,
				48, 6, 7, -1,
				48, 7, 8, -1,
				48, 8, 9, -1,
				48, 9, 10, -1,
				48, 10, 11, -1,
				48, 11, 12, -1,
				48, 12, 13, -1,
				48, 13, 14, -1,
				48, 14, 15, -1,
				48, 15, 16, -1,
				48, 16, 17, -1,
				48, 17, 18, -1,
				48, 18, 19, -1,
				48, 19, 20, -1,
				48, 20, 21, -1,
				48, 21, 22, -1,
				48, 22, 23, -1,
				48, 23, 0, -1,
				24, 49, 25, -1,
				25, 49, 26, -1,
				26, 49, 27, -1,
				27, 49, 28, -1,
				28, 49, 29, -1,
				29, 49, 30, -1,
				30, 49, 31, -1,
				31, 49, 32, -1,
				32, 49, 33, -1,
				33, 49, 34, -1,
				34, 49, 35, -1,
				35, 49, 36, -1,
				36, 49, 37, -1,
				37, 49, 38, -1,
				38, 49, 39, -1,
				39, 49, 40, -1,
				40, 49, 41, -1,
				41, 49, 42, -1,
				42, 49, 43, -1,
				43, 49, 44, -1,
				44, 49, 45, -1,
				45, 49, 46, -1,
				46, 49, 47, -1,
				47, 49, 24, -1,
			]
			solid FALSE
		}
	}
#---------- SOLID: Pixel_K202.202
	Shape {
		appearance Appearance {
			material Material {
				diffuseColor 0 0 1
				transparency 0.7
			}
		}
		geometry IndexedFaceSet {
			coord Coordinate {
				point [
					-1.425 -99.6 -3006,
					-1.425 -99.6 -3003.4,
					1.175 -99.6 -3003.4,
					1.175 -99.6 -3006,
					-1.425 -99.4 -3006,
					-1.425 -99.4 -3003.4,
					1.175 -99.4 -3003.4,
					1.175 -99.4 -3006,
				]
			}
			coordIndex [
				0, 3, 2, 1, -1,
				4, 7, 3, 0, -1,
				7, 6, 2, 3, -1,
				6, 5, 1, 2, -1,
				5, 4, 0, 1, -1,
				4, 5, 6, 7, -1,
			]
			solid FALSE
		}
	}
#---------- SOLID: Enclosure.2
	Shape {
		appearance Appearance {
			material Material {
				diffuseColor 1 1 1
				transparency 0.7
			}
		}
		geometry IndexedFaceSet {
			coord Coordinate {
				point [
					-281.35 -281.35 -2100,
					281.35 -281.35 -2100,
					281.35 281.35 -2100,
					-281.35 281.35 -2100,
					-281.35 -281.35 -1900,
					281.35 -281.35 -1900,
					281.35 281.35 -1900,
					-281.35 281.35 -1900,
				]
			}
			coordIndex [
				0, 3, 2, 1, -1,
				4, 7, 3, 0, -1,
				7, 6, 2, 3, -1,
				6, 5, 1, 2, -1,
				5, 4, 0, 1, -1,
				4, 5, 6, 7, -1,
			]
			solid FALSE
		}
	}
#---------- SOLID: Casing_3.3
	Shape {
		appearance Appearance {
			material Material {
				diffuseColor 1 1 1
				transparency 0.7
			}
		}
		geometry IndexedFaceSet {
			coord Coordinate {
				point [
					-281.35 -281.35 -2100,
					281.35 -281.35 -2100,
					281.35 281.35 -2100,
					-281.35 281.35 -2100,
					-281.35 -281.35 -1900,
					281.35 -281.35 -1900,
					281.35 281.35 -1900,
					-281.35 281.35 -1900,
				]
			}
			coordIndex [
				0, 3, 2, 1, -1,
				4, 7, 3, 0, -1,
				7, 6, 2, 3, -1,
				6, 5, 1, 2, -1,
				5, 4, 0, 1, -1,
				4, 5, 6, 7, -1,
			]
			solid FALSE
		}
	}
#---------- SOLID: BarCoating_Z.301
	Shape {
		appearance Appearance {
			material Material {
				diffuseColor 1 1 1
				transparency 0.7
			}
		}
		geometry IndexedFaceSet {
			coord Coordinate {
				point [
					-100.25 -100.375 -1999.25,
					100.25 -100.375 -1999.25,
					100.25 100.125 -1999.25,
					-100.25 100.125 -1999.25,
					-100.25 -100.375 -1948.75,
					100.25 -100.375 -1948.75,
					100.25 100.125 -1948.75,
					-100.25 100.125 -1948.75,
				]
			}
			coordIndex [
				0, 3, 2, 1, -1,
				4, 7, 3, 0, -1,
				7, 6, 2, 3, -1,
				6, 5, 1, 2, -1,
				5, 4, 0, 1, -1,
				4, 5, 6, 7, -1,
			]
			solid FALSE
		}
	}
#---------- SOLID: BarScin_Z.301
	Shape {
		appearance Appearance {
			material Material {
				diffuseColor 1 1 1
				transparency 0.7
			}
		}
		geometry IndexedFaceSet {
			coord Coordinate {
				point [
					-100 -100.125 -1999,
					100 -100.125 -1999,
					100 99.875 -1999,
					-100 99.875 -1999,
					-100 -100.125 -1949,
					100 -100.125 -1949,
					100 99.875 -1949,
					-100 99.875 -1949,
				]
			}
			coordIndex [
				0, 3, 2, 1, -1,
				4, 7, 3, 0, -1,
				7, 6, 2, 3, -1,
				6, 5, 1, 2, -1,
				5, 4, 0, 1, -1,
				4, 5, 6, 7, -1,
			]
			solid FALSE
		}
	}
#---------- SOLID: FiberClad2_Z.301
	Shape {
		appearance Appearance {
			material Material {
				diffuseColor 0 1 0
				transparency 0.7
			}
		}
		geometry IndexedFaceSet {
			coord Coordinate {
				point [
					-99.4 -0.125 -1971.5,
					-99.4 0.185583 -1971.54,
					-99.4 0.475 -1971.66,
					-99.4 0.723528 -1971.85,
					-99.4 0.91423 -1972.1,
					-99.4 1.03411 -1972.39,
					-99.4 1.075 -1972.7,
					-99.4 1.03411 -1973.01,
					-99.4 0.91423 -1973.3,
					-99.4 0.723528 -1973.55,
					-99.4 0.475 -1973.74,
					-99.4 0.185583 -1973.86,
					-99.4 -0.125 -1973.9,
					-99.4 -0.435583 -1973.86,
					-99.4 -0.725 -1973.74,
					-99.4 -0.973528 -1973.55,
					-99.4 -1.16423 -1973.3,
					-99.4 -1.28411 -1973.01,
					-99.4 -1.325 -1972.7,
					-99.4 -1.28411 -1972.39,
					-99.4 -1.16423 -1972.1,
					-99.4 -0.973528 -1971.85,
					-99.4 -0.725 -1971.66,
					-99.4 -0.435583 -1971.54,
					99.4 -0.125 -1971.5,
					99.4 0.185583 -1971.54,
					99.4 0.475 -1971.66,
					99.4 0.723528 -1971.85,
					99.4 0.91423 -1972.1,
					99.4 1.03411 -1972.39,
					99.4 1.075 -1972.7,
					99.4 1.03411 -1973.01,
					99.4 0.91423 -1973.3,
					99.4 0.723528 -1973.55,
					99.4 0.475 -1973.74,
					99.4 0.185583 -1973.86,
					99.4 -0.125 -1973.9,
					99.4 -0.435583 -1973.86,
					99.4 -0.725 -1973.74,
					99.4 -0.973528 -1973.55,
					99.4 -1.16423 -1973.3,
					99.4 -1.28411 -1973.01,
					99.4 -1.325 -1972.7,
					99.4 -1.28411 -1972.39,
					99.4 -1.16423 -1972.1,
					99.4 -0.973528 -1971.85,
					99.4 -0.725 -1971.66,
					99.4 -0.435583 -1971.54,
					-99.4 -0.125 -1972.7,
					99.4 -0.125 -1972.7,
				]
			}
			coordIndex [
				0, 24, 25, 1, -1,
				1, 25, 26, 2, -1,
				2, 26, 27, 3, -1,
				3, 27, 28, 4, -1,
				4, 28, 29, 5, -1,
				5, 29, 30, 6, -1,
				6, 30, 31, 7, -1,
				7, 31, 32, 8, -1,
				8, 32, 33, 9, -1,
				9, 33, 34, 10, -1,
				10, 34, 35, 11, -1,
				11, 35, 36, 12, -1,
				12, 36, 37, 13, -1,
				13, 37, 38, 14, -1,
				14, 38, 39, 15, -1,
				15, 39, 40, 16, -1,
				16, 40, 41, 17, -1,
				17, 41, 42, 18, -1,
				18, 42, 43, 19, -1,
				19, 43, 44, 20, -1,
				20, 44, 45, 21, -1,
				21, 45, 46, 22, -1,
				22, 46, 47, 23, -1,
				23, 47, 24, 0, -1,
				48, 0, 1, -1,
				48, 1, 2, -1,
				48, 2, 3, -1,
				48, 3, 4, -1,
				48, 4, 5, -1,
				48, 5, 6, -1,
				48, 6, 7, -1,
				48, 7, 8, -1,
				48, 8, 9, -1,
				48, 9, 10, -1,
				48, 10, 11, -1,
				48, 11, 12, -1,
				48, 12, 13, -1,
				48, 13, 14, -1,
				48, 14, 15, -1,
				48, 15, 16, -1,
				48, 16, 17, -1,
				48, 17, 18, -1,
				48, 18, 19, -1,
				48, 19, 20, -1,
				48, 20, 21, -1,
				48, 21, 22, -1,
				48, 22, 23, -1,
				48, 23, 0, -1,
				24, 49, 25, -1,
				25, 49, 26, -1,
				26, 49, 27, -1,
				27, 49, 28, -1,
				28, 49, 29, -1,
				29, 49, 30, -1,
				30, 49, 31, -1,
				31, 49, 32, -1,
				32, 49, 33, -1,
				33, 49, 34, -1,
				34, 49, 35, -1,
				35, 49, 36, -1,
				36, 49, 37, -1,
				37, 49, 38, -1,
				38, 49, 39, -1,
				39, 49, 40, -1,
				40, 49, 41, -1,
				41, 49, 42, -1,
				42, 49, 43, -1,
				43, 49, 44, -1,
				44, 49, 45, -1,
				45, 49, 46, -1,
				46, 49, 47, -1,
				47, 49, 24, -1,
			]
			solid FALSE
		}
	}
#---------- SOLID: FiberClad1_Z.301
	Shape {
		appearance Appearance {
			material Material {
				diffuseColor 0 1 0
				transparency 0.7
			}
		}
		geometry IndexedFaceSet {
			coord Coordinate {
				point [
					-99.4 -0.125 -1971.6,
					-99.4 0.159701 -1971.64,
					-99.4 0.425 -1971.75,
					-99.4 0.652817 -1971.92,
					-99.4 0.827628 -1972.15,
					-99.4 0.937518 -1972.42,
					-99.4 0.975 -1972.7,
					-99.4 0.937518 -1972.98,
					-99.4 0.827628 -1973.25,
					-99.4 0.652817 -1973.48,
					-99.4 0.425 -1973.65,
					-99.4 0.159701 -1973.76,
					-99.4 -0.125 -1973.8,
					-99.4 -0.409701 -1973.76,
					-99.4 -0.675 -1973.65,
					-99.4 -0.902817 -1973.48,
					-99.4 -1.07763 -1973.25,
					-99.4 -1.18752 -1972.98,
					-99.4 -1.225 -1972.7,
					-99.4 -1.18752 -1972.42,
					-99.4 -1.07763 -1972.15,
					-99.4 -0.902817 -1971.92,
					-99.4 -0.675 -1971.75,
					-99.4 -0.409701 -1971.64,
					99.4 -0.125 -1971.6,
					99.4 0.159701 -1971.64,
					99.4 0.425 -1971.75,
					99.4 0.652817 -1971.92,
					99.4 0.827628 -1972.15,
					99.4 0.937518 -1972.42,
					99.4 0.975 -1972.7,
					99.4 0.937518 -1972.98,
					99.4 0.827628 -1973.25,
					99.4 0.652817 -1973.48,
					99.4 0.425 -1973.65,
					99.4 0.159701 -1973.76,
					99.4 -0.125 -1973.8,
					99.4 -0.409701 -1973.76,
					99.4 -0.675 -1973.65,
					99.4 -0.902817 -1973.48,
					99.4 -1.07763 -1973.25,
					99.4 -1.18752 -1972.98,
					99.4 -1.225 -1972.7,
					99.4 -1.18752 -1972.42,
					99.4 -1.07763 -1972.15,
					99.4 -0.902817 -1971.92,
					99.4 -0.675 -1971.75,
					99.4 -0.409701 -1971.64,
					-99.4 -0.125 -1972.7,
					99.4 -0.125 -1972.7,
				]
			}
			coordIndex [
				0, 24, 25, 1, -1,
				1, 25, 26, 2, -1,
				2, 26, 27, 3, -1,
				3, 27, 28, 4, -1,
				4, 28, 29, 5, -1,
				5, 29, 30, 6, -1,
				6, 30, 31, 7, -1,
				7, 31, 32, 8, -1,
				8, 32, 33, 9, -1,
				9, 33, 34, 10, -1,
				10, 34, 35, 11, -1,
				11, 35, 36, 12, -1,
				12, 36, 37, 13, -1,
				13, 37, 38, 14, -1,
				14, 38, 39, 15, -1,
				15, 39, 40, 16, -1,
				16, 40, 41, 17, -1,
				17, 41, 42, 18, -1,
				18, 42, 43, 19, -1,
				19, 43, 44, 20, -1,
				20, 44, 45, 21, -1,
				21, 45, 46, 22, -1,
				22, 46, 47, 23, -1,
				23, 47, 24, 0, -1,
				48, 0, 1, -1,
				48, 1, 2, -1,
				48, 2, 3, -1,
				48, 3, 4, -1,
				48, 4, 5, -1,
				48, 5, 6, -1,
				48, 6, 7, -1,
				48, 7, 8, -1,
				48, 8, 9, -1,
				48, 9, 10, -1,
				48, 10, 11, -1,
				48, 11, 12, -1,
				48, 12, 13, -1,
				48, 13, 14, -1,
				48, 14, 15, -1,
				48, 15, 16, -1,
				48, 16, 17, -1,
				48, 17, 18, -1,
				48, 18, 19, -1,
				48, 19, 20, -1,
				48, 20, 21, -1,
				48, 21, 22, -1,
				48, 22, 23, -1,
				48, 23, 0, -1,
				24, 49, 25, -1,
				25, 49, 26, -1,
				26, 49, 27, -1,
				27, 49, 28, -1,
				28, 49, 29, -1,
				29, 49, 30, -1,
				30, 49, 31, -1,
				31, 49, 32, -1,
				32, 49, 33, -1,
				33, 49, 34, -1,
				34, 49, 35, -1,
				35, 49, 36, -1,
				36, 49, 37, -1,
				37, 49, 38, -1,
				38, 49, 39, -1,
				39, 49, 40, -1,
				40, 49, 41, -1,
				41, 49, 42, -1,
				42, 49, 43, -1,
				43, 49, 44, -1,
				44, 49, 45, -1,
				45, 49, 46, -1,
				46, 49, 47, -1,
				47, 49, 24, -1,
			]
			solid FALSE
		}
	}
#---------- SOLID: Fiber_Z.301
	Shape {
		appearance Appearance {
			material Material {
				diffuseColor 0 1 0
				transparency 0.7
			}
		}
		geometry IndexedFaceSet {
			coord Coordinate {
				point [
					-99.4 -0.125 -1971.7,
					-99.4 0.133819 -1971.73,
					-99.4 0.375 -1971.83,
					-99.4 0.582107 -1971.99,
					-99.4 0.741025 -1972.2,
					-99.4 0.840926 -1972.44,
					-99.4 0.875 -1972.7,
					-99.4 0.840926 -1972.96,
					-99.4 0.741025 -1973.2,
					-99.4 0.582107 -1973.41,
					-99.4 0.375 -1973.57,
					-99.4 0.133819 -1973.67,
					-99.4 -0.125 -1973.7,
					-99.4 -0.383819 -1973.67,
					-99.4 -0.625 -1973.57,
					-99.4 -0.832107 -1973.41,
					-99.4 -0.991025 -1973.2,
					-99.4 -1.09093 -1972.96,
					-99.4 -1.125 -1972.7,
					-99.4 -1.09093 -1972.44,
					-99.4 -0.991025 -1972.2,
					-99.4 -0.832107 -1971.99,
					-99.4 -0.625 -1971.83,
					-99.4 -0.383819 -1971.73,
					99.4 -0.125 -1971.7,
					99.4 0.133819 -1971.73,
					99.4 0.375 -1971.83,
					99.4 0.582107 -1971.99,
					99.4 0.741025 -1972.2,
					99.4 0.840926 -1972.44,
					99.4 0.875 -1972.7,
					99.4 0.840926 -1972.96,
					99.4 0.741025 -1973.2,
					99.4 0.582107 -1973.41,
					99.4 0.375 -1973.57,
					99.4 0.133819 -1973.67,
					99.4 -0.125 -1973.7,
					99.4 -0.383819 -1973.67,
					99.4 -0.625 -1973.57,
					99.4 -0.832107 -1973.41,
					99.4 -0.991025 -1973.2,
					99.4 -1.09093 -1972.96,
					99.4 -1.125 -1972.7,
					99.4 -1.09093 -1972.44,
					99.4 -0.991025 -1972.2,
					99.4 -0.832107 -1971.99,
					99.4 -0.625 -1971.83,
					99.4 -0.383819 -1971.73,
					-99.4 -0.125 -1972.7,
					99.4 -0.125 -1972.7,
				]
			}
			coordIndex [
				0, 24, 25, 1, -1,
				1, 25, 26, 2, -1,
				2, 26, 27, 3, -1,
				3, 27, 28, 4, -1,
				4, 28, 29, 5, -1,
				5, 29, 30, 6, -1,
				6, 30, 31, 7, -1,
				7, 31, 32, 8, -1,
				8, 32, 33, 9, -1,
				9, 33, 34, 10, -1,
				10, 34, 35, 11, -1,
				11, 35, 36, 12, -1,
				12, 36, 37, 13, -1,
				13, 37, 38, 14, -1,
				14, 38, 39, 15, -1,
				15, 39, 40, 16, -1,
				16, 40, 41, 17, -1,
				17, 41, 42, 18, -1,
				18, 42, 43, 19, -1,
				19, 43, 44, 20, -1,
				20, 44, 45, 21, -1,
				21, 45, 46, 22, -1,
				22, 46, 47, 23, -1,
				23, 47, 24, 0, -1,
				48, 0, 1, -1,
				48, 1, 2, -1,
				48, 2, 3, -1,
				48, 3, 4, -1,
				48, 4, 5, -1,
				48, 5, 6, -1,
				48, 6, 7, -1,
				48, 7, 8, -1,
				48, 8, 9, -1,
				48, 9, 10, -1,
				48, 10, 11, -1,
				48, 11, 12, -1,
				48, 12, 13, -1,
				48, 13, 14, -1,
				48, 14, 15, -1,
				48, 15, 16, -1,
				48, 16, 17, -1,
				48, 17, 18, -1,
				48, 18, 19, -1,
				48, 19, 20, -1,
				48, 20, 21, -1,
				48, 21, 22, -1,
				48, 22, 23, -1,
				48, 23, 0, -1,
				24, 49, 25, -1,
				25, 49, 26, -1,
				26, 49, 27, -1,
				27, 49, 28, -1,
				28, 49, 29, -1,
				29, 49, 30, -1,
				30, 49, 31, -1,
				31, 49, 32, -1,
				32, 49, 33, -1,
				33, 49, 34, -1,
				34, 49, 35, -1,
				35, 49, 36, -1,
				36, 49, 37, -1,
				37, 49, 38, -1,
				38, 49, 39, -1,
				39, 49, 40, -1,
				40, 49, 41, -1,
				41, 49, 42, -1,
				42, 49, 43, -1,
				43, 49, 44, -1,
				44, 49, 45, -1,
				45, 49, 46, -1,
				46, 49, 47, -1,
				47, 49, 24, -1,
			]
			solid FALSE
		}
	}
#---------- SOLID: Pixel_Z301.301
	Shape {
		appearance Appearance {
			material Material {
				diffuseColor 0 0 1
				transparency 0.7
			}
		}
		geometry IndexedFaceSet {
			coord Coordinate {
				point [
					99.6 -1.425 -1974,
					99.6 -1.425 -1971.4,
					99.6 1.175 -1971.4,
					99.6 1.175 -1974,
					99.4 -1.425 -1974,
					99.4 -1.425 -1971.4,
					99.4 1.175 -1971.4,
					99.4 1.175 -1974,
				]
			}
			coordIndex [
				0, 3, 2, 1, -1,
				4, 7, 3, 0, -1,
				7, 6, 2, 3, -1,
				6, 5, 1, 2, -1,
				5, 4, 0, 1, -1,
				4, 5, 6, 7, -1,
			]
			solid FALSE
		}
	}
#---------- POLYLINE
Shape {
	appearance Appearance {
		material Material {
			diffuseColor 0 1 0
			emissiveColor 0 1 0
		}
	}
	geometry IndexedLineSet {
		coord Coordinate {
			point [
				-105.333 -193.745 -550,
				-199.257 -284.061 -880,
				-202.408 -287.091 -891.072,
			]
		}
		coordIndex [
			0, 1, 2, -1
		]
	}
}
#---------- POLYLINE
Shape {
	appearance Appearance {
		material Material {
			diffuseColor 0 0 1
			emissiveColor 0 0 1
		}
	}
	geometry IndexedLineSet {
		coord Coordinate {
			point [
				-202.408 -287.091 -891.072,
				-202.408 -287.091 -891.072,
			]
		}
		coordIndex [
			0, 1, -1
		]
	}
}
#---------- POLYLINE
Shape {
	appearance Appearance {
		material Material {
			diffuseColor 0 1 0
			emissiveColor 0 1 0
		}
	}
	geometry IndexedLineSet {
		coord Coordinate {
			point [
				-202.408 -287.091 -891.072,
				-238.069 -274.838 -880,
				-3500 845.99 132.76,
			]
		}
		coordIndex [
			0, 1, 2, -1
		]
	}
}
#---------- POLYLINE
Shape {
	appearance Appearance {
		material Material {
			diffuseColor 0 0 1
			emissiveColor 0 0 1
		}
	}
	geometry IndexedLineSet {
		coord Coordinate {
			point [
				-202.408 -287.091 -891.072,
			]
		}
		coordIndex [
			0, -1
		]
	}
}
#---------- POLYLINE
Shape {
	appearance Appearance {
		material Material {
			diffuseColor 1 0 0
			emissiveColor 1 0 0
		}
	}
	geometry IndexedLineSet {
		coord Coordinate {
			point [
				-202.408 -287.091 -891.072,
				-202.404 -287.089 -891.07,
			]
		}
		coordIndex [
			0, 1, -1
		]
	}
}
#---------- POLYLINE
Shape {
	appearance Appearance {
		material Material {
			diffuseColor 0 1 0
			emissiveColor 0 1 0
		}
	}
	geometry IndexedLineSet {
		coord Coordinate {
			point [
				-202.408 -287.091 -891.072,
				-202.45 -287.075 -891.068,
			]
		}
		coordIndex [
			0, 1, -1
		]
	}
}
#---------- POLYLINE
Shape {
	appearance Appearance {
		material Material {
			diffuseColor 1 0 0
			emissiveColor 1 0 0
		}
	}
	geometry IndexedLineSet {
		coord Coordinate {
			point [
				-202.45 -287.075 -891.068,
				-202.45 -287.075 -891.068,
			]
		}
		coordIndex [
			0, 1, -1
		]
	}
}
#---------- POLYLINE
Shape {
	appearance Appearance {
		material Material {
			diffuseColor 1 0 0
			emissiveColor 1 0 0
		}
	}
	geometry IndexedLineSet {
		coord Coordinate {
			point [
				-202.45 -287.075 -891.068,
				-202.45 -287.075 -891.068,
			]
		}
		coordIndex [
			0, 1, -1
		]
	}
}
#---------- POLYLINE
Shape {
	appearance Appearance {
		material Material {
			diffuseColor 1 0 0
			emissiveColor 1 0 0
		}
	}
	geometry IndexedLineSet {
		coord Coordinate {
			point [
				-202.45 -287.075 -891.068,
				-202.45 -287.075 -891.068,
			]
		}
		coordIndex [
			0, 1, -1
		]
	}
}
#---------- POLYLINE
Shape {
	appearance Appearance {
		material Material {
			diffuseColor 1 0 0
			emissiveColor 1 0 0
		}
	}
	geometry IndexedLineSet {
		coord Coordinate {
			point [
				-202.45 -287.075 -891.068,
				-202.45 -287.075 -891.068,
			]
		}
		coordIndex [
			0, 1, -1
		]
	}
}
#---------- POLYLINE
Shape {
	appearance Appearance {
		material Material {
			diffuseColor 1 0 0
			emissiveColor 1 0 0
		}
	}
	geometry IndexedLineSet {
		coord Coordinate {
			point [
				-202.45 -287.075 -891.068,
				-202.45 -287.075 -891.068,
			]
		}
		coordIndex [
			0, 1, -1
		]
	}
}
#---------- POLYLINE
Shape {
	appearance Appearance {
		material Material {
			diffuseColor 1 0 0
			emissiveColor 1 0 0
		}
	}
	geometry IndexedLineSet {
		coord Coordinate {
			point [
				-202.45 -287.075 -891.068,
				-202.45 -287.075 -891.068,
			]
		}
		coordIndex [
			0, 1, -1
		]
	}
}
#---------- POLYLINE
Shape {
	appearance Appearance {
		material Material {
			diffuseColor 1 0 0
			emissiveColor 1 0 0
		}
	}
	geometry IndexedLineSet {
		coord Coordinate {
			point [
				-202.45 -287.075 -891.068,
				-202.45 -287.075 -891.068,
			]
		}
		coordIndex [
			0, 1, -1
		]
	}
}
#---------- POLYLINE
Shape {
	appearance Appearance {
		material Material {
			diffuseColor 1 0 0
			emissiveColor 1 0 0
		}
	}
	geometry IndexedLineSet {
		coord Coordinate {
			point [
				-202.45 -287.075 -891.068,
				-202.45 -287.075 -891.068,
			]
		}
		coordIndex [
			0, 1, -1
		]
	}
}
#---------- POLYLINE
Shape {
	appearance Appearance {
		material Material {
			diffuseColor 1 0 0
			emissiveColor 1 0 0
		}
	}
	geometry IndexedLineSet {
		coord Coordinate {
			point [
				-202.45 -287.075 -891.068,
				-202.45 -287.075 -891.068,
			]
		}
		coordIndex [
			0, 1, -1
		]
	}
}
#---------- POLYLINE
Shape {
	appearance Appearance {
		material Material {
			diffuseColor 1 0 0
			emissiveColor 1 0 0
		}
	}
	geometry IndexedLineSet {
		coord Coordinate {
			point [
				-202.45 -287.075 -891.068,
				-202.45 -287.075 -891.068,
			]
		}
		coordIndex [
			0, 1, -1
		]
	}
}
#---------- POLYLINE
Shape {
	appearance Appearance {
		material Material {
			diffuseColor 1 0 0
			emissiveColor 1 0 0
		}
	}
	geometry IndexedLineSet {
		coord Coordinate {
			point [
				-202.45 -287.075 -891.068,
				-202.45 -287.075 -891.068,
			]
		}
		coordIndex [
			0, 1, -1
		]
	}
}
#---------- POLYLINE
Shape {
	appearance Appearance {
		material Material {
			diffuseColor 1 0 0
			emissiveColor 1 0 0
		}
	}
	geometry IndexedLineSet {
		coord Coordinate {
			point [
				-202.45 -287.075 -891.068,
				-202.45 -287.075 -891.068,
			]
		}
		coordIndex [
			0, 1, -1
		]
	}
}
#---------- POLYLINE
Shape {
	appearance Appearance {
		material Material {
			diffuseColor 1 0 0
			emissiveColor 1 0 0
		}
	}
	geometry IndexedLineSet {
		coord Coordinate {
			point [
				-202.45 -287.075 -891.068,
				-202.45 -287.075 -891.068,
			]
		}
		coordIndex [
			0, 1, -1
		]
	}
}
#---------- POLYLINE
Shape {
	appearance Appearance {
		material Material {
			diffuseColor 1 0 0
			emissiveColor 1 0 0
		}
	}
	geometry IndexedLineSet {
		coord Coordinate {
			point [
				-202.45 -287.075 -891.068,
				-202.45 -287.075 -891.068,
			]
		}
		coordIndex [
			0, 1, -1
		]
	}
}
#---------- POLYLINE
Shape {
	appearance Appearance {
		material Material {
			diffuseColor 1 0 0
			emissiveColor 1 0 0
		}
	}
	geometry IndexedLineSet {
		coord Coordinate {
			point [
				-202.45 -287.075 -891.068,
				-202.45 -287.075 -891.068,
			]
		}
		coordIndex [
			0, 1, -1
		]
	}
}
#---------- POLYLINE
Shape {
	appearance Appearance {
		material Material {
			diffuseColor 1 0 0
			emissiveColor 1 0 0
		}
	}
	geometry IndexedLineSet {
		coord Coordinate {
			point [
				-202.45 -287.075 -891.068,
				-202.45 -287.075 -891.068,
			]
		}
		coordIndex [
			0, 1, -1
		]
	}
}
#---------- POLYLINE
Shape {
	appearance Appearance {
		material Material {
			diffuseColor 1 0 0
			emissiveColor 1 0 0
		}
	}
	geometry IndexedLineSet {
		coord Coordinate {
			point [
				-202.45 -287.075 -891.068,
				-202.45 -287.075 -891.068,
			]
		}
		coordIndex [
			0, 1, -1
		]
	}
}
#---------- POLYLINE
Shape {
	appearance Appearance {
		material Material {
			diffuseColor 1 0 0
			emissiveColor 1 0 0
		}
	}
	geometry IndexedLineSet {
		coord Coordinate {
			point [
				-202.45 -287.075 -891.068,
				-202.45 -287.075 -891.068,
			]
		}
		coordIndex [
			0, 1, -1
		]
	}
}
#---------- POLYLINE
Shape {
	appearance Appearance {
		material Material {
			diffuseColor 1 0 0
			emissiveColor 1 0 0
		}
	}
	geometry IndexedLineSet {
		coord Coordinate {
			point [
				-202.45 -287.075 -891.068,
				-202.45 -287.075 -891.068,
			]
		}
		coordIndex [
			0, 1, -1
		]
	}
}
#---------- POLYLINE
Shape {
	appearance Appearance {
		material Material {
			diffuseColor 1 0 0
			emissiveColor 1 0 0
		}
	}
	geometry IndexedLineSet {
		coord Coordinate {
			point [
				-202.45 -287.075 -891.068,
				-202.451 -287.076 -891.069,
			]
		}
		coordIndex [
			0, 1, -1
		]
	}
}
#---------- POLYLINE
Shape {
	appearance Appearance {
		material Material {
			diffuseColor 1 0 0
			emissiveColor 1 0 0
		}
	}
	geometry IndexedLineSet {
		coord Coordinate {
			point [
				-202.408 -287.091 -891.072,
				-202.408 -287.091 -891.072,
			]
		}
		coordIndex [
			0, 1, -1
		]
	}
}
#---------- POLYLINE
Shape {
	appearance Appearance {
		material Material {
			diffuseColor 1 0 0
			emissiveColor 1 0 0
		}
	}
	geometry IndexedLineSet {
		coord Coordinate {
			point [
				-202.408 -287.091 -891.072,
				-202.408 -287.091 -891.072,
			]
		}
		coordIndex [
			0, 1, -1
		]
	}
}
#---------- POLYLINE
Shape {
	appearance Appearance {
		material Material {
			diffuseColor 1 0 0
			emissiveColor 1 0 0
		}
	}
	geometry IndexedLineSet {
		coord Coordinate {
			point [
				-202.408 -287.091 -891.072,
				-202.408 -287.091 -891.072,
			]
		}
		coordIndex [
			0, 1, -1
		]
	}
}
#---------- POLYLINE
Shape {
	appearance Appearance {
		material Material {
			diffuseColor 1 0 0
			emissiveColor 1 0 0
		}
	}
	geometry IndexedLineSet {
		coord Coordinate {
			point [
				-202.408 -287.091 -891.072,
				-202.408 -287.091 -891.072,
			]
		}
		coordIndex [
			0, 1, -1
		]
	}
}
#---------- POLYLINE
Shape {
	appearance Appearance {
		material Material {
			diffuseColor 1 0 0
			emissiveColor 1 0 0
		}
	}
	geometry IndexedLineSet {
		coord Coordinate {
			point [
				-202.408 -287.091 -891.072,
				-202.408 -287.091 -891.072,
			]
		}
		coordIndex [
			0, 1, -1
		]
	}
}
#---------- POLYLINE
Shape {
	appearance Appearance {
		material Material {
			diffuseColor 1 0 0
			emissiveColor 1 0 0
		}
	}
	geometry IndexedLineSet {
		coord Coordinate {
			point [
				-202.408 -287.091 -891.072,
				-202.408 -287.091 -891.072,
			]
		}
		coordIndex [
			0, 1, -1
		]
	}
}
#---------- POLYLINE
Shape {
	appearance Appearance {
		material Material {
			diffuseColor 1 0 0
			emissiveColor 1 0 0
		}
	}
	geometry IndexedLineSet {
		coord Coordinate {
			point [
				-202.408 -287.091 -891.072,
				-202.408 -287.091 -891.072,
			]
		}
		coordIndex [
			0, 1, -1
		]
	}
}
#---------- POLYLINE
Shape {
	appearance Appearance {
		material Material {
			diffuseColor 1 0 0
			emissiveColor 1 0 0
		}
	}
	geometry IndexedLineSet {
		coord Coordinate {
			point [
				-202.408 -287.091 -891.072,
				-202.408 -287.091 -891.072,
			]
		}
		coordIndex [
			0, 1, -1
		]
	}
}
#---------- POLYLINE
Shape {
	appearance Appearance {
		material Material {
			diffuseColor 1 0 0
			emissiveColor 1 0 0
		}
	}
	geometry IndexedLineSet {
		coord Coordinate {
			point [
				-202.408 -287.091 -891.072,
				-202.408 -287.091 -891.072,
			]
		}
		coordIndex [
			0, 1, -1
		]
	}
}
#---------- POLYLINE
Shape {
	appearance Appearance {
		material Material {
			diffuseColor 1 0 0
			emissiveColor 1 0 0
		}
	}
	geometry IndexedLineSet {
		coord Coordinate {
			point [
				-202.408 -287.091 -891.072,
				-202.408 -287.091 -891.072,
			]
		}
		coordIndex [
			0, 1, -1
		]
	}
}
#---------- POLYLINE
Shape {
	appearance Appearance {
		material Material {
			diffuseColor 1 0 0
			emissiveColor 1 0 0
		}
	}
	geometry IndexedLineSet {
		coord Coordinate {
			point [
				-202.408 -287.091 -891.072,
				-202.408 -287.091 -891.072,
			]
		}
		coordIndex [
			0, 1, -1
		]
	}
}
#---------- POLYLINE
Shape {
	appearance Appearance {
		material Material {
			diffuseColor 1 0 0
			emissiveColor 1 0 0
		}
	}
	geometry IndexedLineSet {
		coord Coordinate {
			point [
				-202.408 -287.091 -891.072,
				-202.408 -287.091 -891.072,
			]
		}
		coordIndex [
			0, 1, -1
		]
	}
}
#---------- POLYLINE
Shape {
	appearance Appearance {
		material Material {
			diffuseColor 1 0 0
			emissiveColor 1 0 0
		}
	}
	geometry IndexedLineSet {
		coord Coordinate {
			point [
				-202.408 -287.091 -891.072,
				-202.408 -287.091 -891.072,
			]
		}
		coordIndex [
			0, 1, -1
		]
	}
}
#---------- POLYLINE
Shape {
	appearance Appearance {
		material Material {
			diffuseColor 1 0 0
			emissiveColor 1 0 0
		}
	}
	geometry IndexedLineSet {
		coord Coordinate {
			point [
				-202.408 -287.091 -891.072,
				-202.408 -287.091 -891.072,
			]
		}
		coordIndex [
			0, 1, -1
		]
	}
}
#---------- POLYLINE
Shape {
	appearance Appearance {
		material Material {
			diffuseColor 1 0 0
			emissiveColor 1 0 0
		}
	}
	geometry IndexedLineSet {
		coord Coordinate {
			point [
				-202.408 -287.091 -891.072,
				-202.408 -287.091 -891.072,
			]
		}
		coordIndex [
			0, 1, -1
		]
	}
}
#---------- POLYLINE
Shape {
	appearance Appearance {
		material Material {
			diffuseColor 1 0 0
			emissiveColor 1 0 0
		}
	}
	geometry IndexedLineSet {
		coord Coordinate {
			point [
				-202.408 -287.091 -891.072,
				-202.408 -287.091 -891.072,
			]
		}
		coordIndex [
			0, 1, -1
		]
	}
}
#---------- POLYLINE
Shape {
	appearance Appearance {
		material Material {
			diffuseColor 1 0 0
			emissiveColor 1 0 0
		}
	}
	geometry IndexedLineSet {
		coord Coordinate {
			point [
				-202.408 -287.091 -891.072,
				-202.408 -287.091 -891.072,
			]
		}
		coordIndex [
			0, 1, -1
		]
	}
}
#---------- POLYLINE
Shape {
	appearance Appearance {
		material Material {
			diffuseColor 0 0 1
			emissiveColor 0 0 1
		}
	}
	geometry IndexedLineSet {
		coord Coordinate {
			point [
				-202.408 -287.091 -891.072,
				-202.408 -287.091 -891.072,
			]
		}
		coordIndex [
			0, 1, -1
		]
	}
}
#---------- POLYLINE
Shape {
	appearance Appearance {
		material Material {
			diffuseColor 0 1 0
			emissiveColor 0 1 0
		}
	}
	geometry IndexedLineSet {
		coord Coordinate {
			point [
				-202.408 -287.091 -891.072,
				-202.196 -287.03 -890.965,
			]
		}
		coordIndex [
			0, 1, -1
		]
	}
}
#---------- POLYLINE
Shape {
	appearance Appearance {
		material Material {
			diffuseColor 1 0 0
			emissiveColor 1 0 0
		}
	}
	geometry IndexedLineSet {
		coord Coordinate {
			point [
				-202.196 -287.03 -890.965,
				-202.196 -287.03 -890.965,
			]
		}
		coordIndex [
			0, 1, -1
		]
	}
}
#---------- POLYLINE
Shape {
	appearance Appearance {
		material Material {
			diffuseColor 1 0 0
			emissiveColor 1 0 0
		}
	}
	geometry IndexedLineSet {
		coord Coordinate {
			point [
				-202.196 -287.03 -890.965,
				-202.196 -287.03 -890.965,
			]
		}
		coordIndex [
			0, 1, -1
		]
	}
}
#---------- POLYLINE
Shape {
	appearance Appearance {
		material Material {
			diffuseColor 1 0 0
			emissiveColor 1 0 0
		}
	}
	geometry IndexedLineSet {
		coord Coordinate {
			point [
				-202.196 -287.03 -890.965,
				-202.196 -287.03 -890.965,
			]
		}
		coordIndex [
			0, 1, -1
		]
	}
}
#---------- POLYLINE
Shape {
	appearance Appearance {
		material Material {
			diffuseColor 1 0 0
			emissiveColor 1 0 0
		}
	}
	geometry IndexedLineSet {
		coord Coordinate {
			point [
				-202.196 -287.03 -890.965,
				-202.196 -287.03 -890.965,
			]
		}
		coordIndex [
			0, 1, -1
		]
	}
}
#---------- POLYLINE
Shape {
	appearance Appearance {
		material Material {
			diffuseColor 1 0 0
			emissiveColor 1 0 0
		}
	}
	geometry IndexedLineSet {
		coord Coordinate {
			point [
				-202.196 -287.03 -890.965,
				-202.196 -287.03 -890.965,
			]
		}
		coordIndex [
			0, 1, -1
		]
	}
}
#---------- POLYLINE
Shape {
	appearance Appearance {
		material Material {
			diffuseColor 1 0 0
			emissiveColor 1 0 0
		}
	}
	geometry IndexedLineSet {
		coord Coordinate {
			point [
				-202.196 -287.03 -890.965,
				-202.196 -287.03 -890.965,
			]
		}
		coordIndex [
			0, 1, -1
		]
	}
}
#---------- POLYLINE
Shape {
	appearance Appearance {
		material Material {
			diffuseColor 1 0 0
			emissiveColor 1 0 0
		}
	}
	geometry IndexedLineSet {
		coord Coordinate {
			point [
				-202.196 -287.03 -890.965,
				-202.196 -287.03 -890.965,
			]
		}
		coordIndex [
			0, 1, -1
		]
	}
}
#---------- POLYLINE
Shape {
	appearance Appearance {
		material Material {
			diffuseColor 1 0 0
			emissiveColor 1 0 0
		}
	}
	geometry IndexedLineSet {
		coord Coordinate {
			point [
				-202.196 -287.03 -890.965,
				-202.196 -287.03 -890.965,
			]
		}
		coordIndex [
			0, 1, -1
		]
	}
}
#---------- POLYLINE
Shape {
	appearance Appearance {
		material Material {
			diffuseColor 1 0 0
			emissiveColor 1 0 0
		}
	}
	geometry IndexedLineSet {
		coord Coordinate {
			point [
				-202.196 -287.03 -890.965,
				-202.196 -287.03 -890.965,
			]
		}
		coordIndex [
			0, 1, -1
		]
	}
}
#---------- POLYLINE
Shape {
	appearance Appearance {
		material Material {
			diffuseColor 1 0 0
			emissiveColor 1 0 0
		}
	}
	geometry IndexedLineSet {
		coord Coordinate {
			point [
				-202.196 -287.03 -890.965,
				-202.196 -287.031 -890.965,
			]
		}
		coordIndex [
			0, 1, -1
		]
	}
}
#---------- POLYLINE
Shape {
	appearance Appearance {
		material Material {
			diffuseColor 1 0 0
			emissiveColor 1 0 0
		}
	}
	geometry IndexedLineSet {
		coord Coordinate {
			point [
				-202.408 -287.091 -891.072,
				-202.408 -287.091 -891.072,
			]
		}
		coordIndex [
			0, 1, -1
		]
	}
}
#---------- POLYLINE
Shape {
	appearance Appearance {
		material Material {
			diffuseColor 1 0 0
			emissiveColor 1 0 0
		}
	}
	geometry IndexedLineSet {
		coord Coordinate {
			point [
				-202.408 -287.091 -891.072,
				-202.408 -287.091 -891.072,
			]
		}
		coordIndex [
			0, 1, -1
		]
	}
}
#---------- POLYLINE
Shape {
	appearance Appearance {
		material Material {
			diffuseColor 1 0 0
			emissiveColor 1 0 0
		}
	}
	geometry IndexedLineSet {
		coord Coordinate {
			point [
				-202.408 -287.091 -891.072,
				-202.408 -287.091 -891.072,
			]
		}
		coordIndex [
			0, 1, -1
		]
	}
}
#---------- POLYLINE
Shape {
	appearance Appearance {
		material Material {
			diffuseColor 1 0 0
			emissiveColor 1 0 0
		}
	}
	geometry IndexedLineSet {
		coord Coordinate {
			point [
				-202.408 -287.091 -891.072,
				-202.408 -287.091 -891.072,
			]
		}
		coordIndex [
			0, 1, -1
		]
	}
}
#---------- POLYLINE
Shape {
	appearance Appearance {
		material Material {
			diffuseColor 1 0 0
			emissiveColor 1 0 0
		}
	}
	geometry IndexedLineSet {
		coord Coordinate {
			point [
				-202.408 -287.091 -891.072,
				-202.408 -287.091 -891.072,
			]
		}
		coordIndex [
			0, 1, -1
		]
	}
}
#---------- POLYLINE
Shape {
	appearance Appearance {
		material Material {
			diffuseColor 1 0 0
			emissiveColor 1 0 0
		}
	}
	geometry IndexedLineSet {
		coord Coordinate {
			point [
				-202.408 -287.091 -891.072,
				-202.408 -287.091 -891.072,
			]
		}
		coordIndex [
			0, 1, -1
		]
	}
}
#---------- POLYLINE
Shape {
	appearance Appearance {
		material Material {
			diffuseColor 1 0 0
			emissiveColor 1 0 0
		}
	}
	geometry IndexedLineSet {
		coord Coordinate {
			point [
				-202.408 -287.091 -891.072,
				-202.408 -287.091 -891.072,
			]
		}
		coordIndex [
			0, 1, -1
		]
	}
}
#---------- POLYLINE
Shape {
	appearance Appearance {
		material Material {
			diffuseColor 1 0 0
			emissiveColor 1 0 0
		}
	}
	geometry IndexedLineSet {
		coord Coordinate {
			point [
				-202.408 -287.091 -891.072,
				-202.408 -287.091 -891.072,
			]
		}
		coordIndex [
			0, 1, -1
		]
	}
}
#---------- POLYLINE
Shape {
	appearance Appearance {
		material Material {
			diffuseColor 1 0 0
			emissiveColor 1 0 0
		}
	}
	geometry IndexedLineSet {
		coord Coordinate {
			point [
				-202.408 -287.091 -891.072,
				-202.408 -287.091 -891.072,
			]
		}
		coordIndex [
			0, 1, -1
		]
	}
}
#---------- POLYLINE
Shape {
	appearance Appearance {
		material Material {
			diffuseColor 1 0 0
			emissiveColor 1 0 0
		}
	}
	geometry IndexedLineSet {
		coord Coordinate {
			point [
				-202.408 -287.091 -891.072,
				-202.408 -287.091 -891.072,
			]
		}
		coordIndex [
			0, 1, -1
		]
	}
}
#---------- POLYLINE
Shape {
	appearance Appearance {
		material Material {
			diffuseColor 0 1 0
			emissiveColor 0 1 0
		}
	}
	geometry IndexedLineSet {
		coord Coordinate {
			point [
				-202.408 -287.091 -891.072,
				-205.446 -287.631 -899.693,
				-203.234 -290.457 -898.096,
			]
		}
		coordIndex [
			0, 1, 2, -1
		]
	}
}
#---------- POLYLINE
Shape {
	appearance Appearance {
		material Material {
			diffuseColor 1 0 0
			emissiveColor 1 0 0
		}
	}
	geometry IndexedLineSet {
		coord Coordinate {
			point [
				-203.234 -290.457 -898.096,
				-203.234 -290.457 -898.096,
			]
		}
		coordIndex [
			0, 1, -1
		]
	}
}
#---------- POLYLINE
Shape {
	appearance Appearance {
		material Material {
			diffuseColor 1 0 0
			emissiveColor 1 0 0
		}
	}
	geometry IndexedLineSet {
		coord Coordinate {
			point [
				-203.234 -290.457 -898.096,
				-203.234 -290.457 -898.096,
			]
		}
		coordIndex [
			0, 1, -1
		]
	}
}
#---------- POLYLINE
Shape {
	appearance Appearance {
		material Material {
			diffuseColor 1 0 0
			emissiveColor 1 0 0
		}
	}
	geometry IndexedLineSet {
		coord Coordinate {
			point [
				-203.234 -290.457 -898.096,
				-203.234 -290.457 -898.096,
			]
		}
		coordIndex [
			0, 1, -1
		]
	}
}
#---------- POLYLINE
Shape {
	appearance Appearance {
		material Material {
			diffuseColor 1 0 0
			emissiveColor 1 0 0
		}
	}
	geometry IndexedLineSet {
		coord Coordinate {
			point [
				-203.234 -290.457 -898.096,
				-203.234 -290.457 -898.096,
			]
		}
		coordIndex [
			0, 1, -1
		]
	}
}
#---------- POLYLINE
Shape {
	appearance Appearance {
		material Material {
			diffuseColor 1 0 0
			emissiveColor 1 0 0
		}
	}
	geometry IndexedLineSet {
		coord Coordinate {
			point [
				-203.234 -290.457 -898.096,
				-203.234 -290.457 -898.096,
			]
		}
		coordIndex [
			0, 1, -1
		]
	}
}
#---------- POLYLINE
Shape {
	appearance Appearance {
		material Material {
			diffuseColor 1 0 0
			emissiveColor 1 0 0
		}
	}
	geometry IndexedLineSet {
		coord Coordinate {
			point [
				-203.234 -290.457 -898.096,
				-203.234 -290.457 -898.096,
			]
		}
		coordIndex [
			0, 1, -1
		]
	}
}
#---------- POLYLINE
Shape {
	appearance Appearance {
		material Material {
			diffuseColor 1 0 0
			emissiveColor 1 0 0
		}
	}
	geometry IndexedLineSet {
		coord Coordinate {
			point [
				-203.234 -290.457 -898.096,
				-203.234 -290.457 -898.096,
			]
		}
		coordIndex [
			0, 1, -1
		]
	}
}
#---------- POLYLINE
Shape {
	appearance Appearance {
		material Material {
			diffuseColor 1 0 0
			emissiveColor 1 0 0
		}
	}
	geometry IndexedLineSet {
		coord Coordinate {
			point [
				-203.234 -290.457 -898.096,
				-203.234 -290.457 -898.096,
			]
		}
		coordIndex [
			0, 1, -1
		]
	}
}
#---------- POLYLINE
Shape {
	appearance Appearance {
		material Material {
			diffuseColor 1 0 0
			emissiveColor 1 0 0
		}
	}
	geometry IndexedLineSet {
		coord Coordinate {
			point [
				-203.234 -290.457 -898.096,
				-203.234 -290.457 -898.096,
			]
		}
		coordIndex [
			0, 1, -1
		]
	}
}
#---------- POLYLINE
Shape {
	appearance Appearance {
		material Material {
			diffuseColor 1 0 0
			emissiveColor 1 0 0
		}
	}
	geometry IndexedLineSet {
		coord Coordinate {
			point [
				-203.234 -290.457 -898.096,
				-203.234 -290.457 -898.096,
			]
		}
		coordIndex [
			0, 1, -1
		]
	}
}
#---------- POLYLINE
Shape {
	appearance Appearance {
		material Material {
			diffuseColor 1 0 0
			emissiveColor 1 0 0
		}
	}
	geometry IndexedLineSet {
		coord Coordinate {
			point [
				-203.234 -290.457 -898.096,
				-203.234 -290.457 -898.096,
			]
		}
		coordIndex [
			0, 1, -1
		]
	}
}
#---------- POLYLINE
Shape {
	appearance Appearance {
		material Material {
			diffuseColor 1 0 0
			emissiveColor 1 0 0
		}
	}
	geometry IndexedLineSet {
		coord Coordinate {
			point [
				-203.234 -290.457 -898.096,
				-203.234 -290.457 -898.096,
			]
		}
		coordIndex [
			0, 1, -1
		]
	}
}
#---------- POLYLINE
Shape {
	appearance Appearance {
		material Material {
			diffuseColor 1 0 0
			emissiveColor 1 0 0
		}
	}
	geometry IndexedLineSet {
		coord Coordinate {
			point [
				-203.234 -290.457 -898.096,
				-203.234 -290.457 -898.096,
			]
		}
		coordIndex [
			0, 1, -1
		]
	}
}
#---------- POLYLINE
Shape {
	appearance Appearance {
		material Material {
			diffuseColor 1 0 0
			emissiveColor 1 0 0
		}
	}
	geometry IndexedLineSet {
		coord Coordinate {
			point [
				-203.234 -290.457 -898.096,
				-203.234 -290.457 -898.096,
			]
		}
		coordIndex [
			0, 1, -1
		]
	}
}
#---------- POLYLINE
Shape {
	appearance Appearance {
		material Material {
			diffuseColor 1 0 0
			emissiveColor 1 0 0
		}
	}
	geometry IndexedLineSet {
		coord Coordinate {
			point [
				-203.234 -290.457 -898.096,
				-203.234 -290.457 -898.096,
			]
		}
		coordIndex [
			0, 1, -1
		]
	}
}
#---------- POLYLINE
Shape {
	appearance Appearance {
		material Material {
			diffuseColor 1 0 0
			emissiveColor 1 0 0
		}
	}
	geometry IndexedLineSet {
		coord Coordinate {
			point [
				-203.234 -290.457 -898.096,
				-203.234 -290.457 -898.096,
			]
		}
		coordIndex [
			0, 1, -1
		]
	}
}
#---------- POLYLINE
Shape {
	appearance Appearance {
		material Material {
			diffuseColor 1 0 0
			emissiveColor 1 0 0
		}
	}
	geometry IndexedLineSet {
		coord Coordinate {
			point [
				-203.234 -290.457 -898.096,
				-203.234 -290.457 -898.096,
			]
		}
		coordIndex [
			0, 1, -1
		]
	}
}
#---------- POLYLINE
Shape {
	appearance Appearance {
		material Material {
			diffuseColor 1 0 0
			emissiveColor 1 0 0
		}
	}
	geometry IndexedLineSet {
		coord Coordinate {
			point [
				-203.234 -290.457 -898.096,
				-203.234 -290.457 -898.096,
			]
		}
		coordIndex [
			0, 1, -1
		]
	}
}
#---------- POLYLINE
Shape {
	appearance Appearance {
		material Material {
			diffuseColor 1 0 0
			emissiveColor 1 0 0
		}
	}
	geometry IndexedLineSet {
		coord Coordinate {
			point [
				-203.234 -290.457 -898.096,
				-203.234 -290.457 -898.096,
			]
		}
		coordIndex [
			0, 1, -1
		]
	}
}
#---------- POLYLINE
Shape {
	appearance Appearance {
		material Material {
			diffuseColor 1 0 0
			emissiveColor 1 0 0
		}
	}
	geometry IndexedLineSet {
		coord Coordinate {
			point [
				-203.234 -290.457 -898.096,
				-203.234 -290.457 -898.096,
			]
		}
		coordIndex [
			0, 1, -1
		]
	}
}
#---------- POLYLINE
Shape {
	appearance Appearance {
		material Material {
			diffuseColor 1 0 0
			emissiveColor 1 0 0
		}
	}
	geometry IndexedLineSet {
		coord Coordinate {
			point [
				-203.234 -290.457 -898.096,
				-203.234 -290.457 -898.096,
			]
		}
		coordIndex [
			0, 1, -1
		]
	}
}
#---------- POLYLINE
Shape {
	appearance Appearance {
		material Material {
			diffuseColor 0 1 0
			emissiveColor 0 1 0
		}
	}
	geometry IndexedLineSet {
		coord Coordinate {
			point [
				-203.234 -290.457 -898.096,
				-203.253 -290.502 -898.075,
				-203.246 -290.586 -898.051,
			]
		}
		coordIndex [
			0, 1, 2, -1
		]
	}
}
#---------- POLYLINE
Shape {
	appearance Appearance {
		material Material {
			diffuseColor 1 0 0
			emissiveColor 1 0 0
		}
	}
	geometry IndexedLineSet {
		coord Coordinate {
			point [
				-203.246 -290.586 -898.051,
				-203.246 -290.586 -898.051,
			]
		}
		coordIndex [
			0, 1, -1
		]
	}
}
#---------- POLYLINE
Shape {
	appearance Appearance {
		material Material {
			diffuseColor 1 0 0
			emissiveColor 1 0 0
		}
	}
	geometry IndexedLineSet {
		coord Coordinate {
			point [
				-203.246 -290.586 -898.051,
				-203.246 -290.586 -898.051,
			]
		}
		coordIndex [
			0, 1, -1
		]
	}
}
#---------- POLYLINE
Shape {
	appearance Appearance {
		material Material {
			diffuseColor 1 0 0
			emissiveColor 1 0 0
		}
	}
	geometry IndexedLineSet {
		coord Coordinate {
			point [
				-203.246 -290.586 -898.051,
				-203.246 -290.586 -898.051,
			]
		}
		coordIndex [
			0, 1, -1
		]
	}
}
#---------- POLYLINE
Shape {
	appearance Appearance {
		material Material {
			diffuseColor 1 0 0
			emissiveColor 1 0 0
		}
	}
	geometry IndexedLineSet {
		coord Coordinate {
			point [
				-203.246 -290.586 -898.051,
				-203.246 -290.586 -898.051,
			]
		}
		coordIndex [
			0, 1, -1
		]
	}
}
#---------- POLYLINE
Shape {
	appearance Appearance {
		material Material {
			diffuseColor 1 0 0
			emissiveColor 1 0 0
		}
	}
	geometry IndexedLineSet {
		coord Coordinate {
			point [
				-203.246 -290.586 -898.051,
				-203.246 -290.586 -898.051,
			]
		}
		coordIndex [
			0, 1, -1
		]
	}
}
#---------- POLYLINE
Shape {
	appearance Appearance {
		material Material {
			diffuseColor 1 0 0
			emissiveColor 1 0 0
		}
	}
	geometry IndexedLineSet {
		coord Coordinate {
			point [
				-203.246 -290.586 -898.051,
				-203.246 -290.586 -898.051,
			]
		}
		coordIndex [
			0, 1, -1
		]
	}
}
#---------- POLYLINE
Shape {
	appearance Appearance {
		material Material {
			diffuseColor 1 0 0
			emissiveColor 1 0 0
		}
	}
	geometry IndexedLineSet {
		coord Coordinate {
			point [
				-203.246 -290.586 -898.051,
				-203.246 -290.586 -898.051,
			]
		}
		coordIndex [
			0, 1, -1
		]
	}
}
#---------- POLYLINE
Shape {
	appearance Appearance {
		material Material {
			diffuseColor 1 0 0
			emissiveColor 1 0 0
		}
	}
	geometry IndexedLineSet {
		coord Coordinate {
			point [
				-203.246 -290.586 -898.051,
				-203.246 -290.586 -898.051,
			]
		}
		coordIndex [
			0, 1, -1
		]
	}
}
#---------- POLYLINE
Shape {
	appearance Appearance {
		material Material {
			diffuseColor 1 0 0
			emissiveColor 1 0 0
		}
	}
	geometry IndexedLineSet {
		coord Coordinate {
			point [
				-203.246 -290.586 -898.051,
				-203.246 -290.586 -898.052,
			]
		}
		coordIndex [
			0, 1, -1
		]
	}
}
#---------- POLYLINE
Shape {
	appearance Appearance {
		material Material {
			diffuseColor 1 0 0
			emissiveColor 1 0 0
		}
	}
	geometry IndexedLineSet {
		coord Coordinate {
			point [
				-203.246 -290.586 -898.051,
				-203.246 -290.587 -898.052,
			]
		}
		coordIndex [
			0, 1, -1
		]
	}
}
#---------- POLYLINE
Shape {
	appearance Appearance {
		material Material {
			diffuseColor 1 0 0
			emissiveColor 1 0 0
		}
	}
	geometry IndexedLineSet {
		coord Coordinate {
			point [
				-203.234 -290.457 -898.096,
				-203.234 -290.459 -898.097,
			]
		}
		coordIndex [
			0, 1, -1
		]
	}
}
#---------- POLYLINE
Shape {
	appearance Appearance {
		material Material {
			diffuseColor 1 0 0
			emissiveColor 1 0 0
		}
	}
	geometry IndexedLineSet {
		coord Coordinate {
			point [
				-205.446 -287.631 -899.693,
				-205.45 -287.629 -899.701,
			]
		}
		coordIndex [
			0, 1, -1
		]
	}
}
#---------- POLYLINE
Shape {
	appearance Appearance {
		material Material {
			diffuseColor 0 1 0
			emissiveColor 0 1 0
		}
	}
	geometry IndexedLineSet {
		coord Coordinate {
			point [
				-202.408 -287.091 -891.072,
				-215.724 -320 -923.315,
				-1899.36 -4480.8 -5000,
			]
		}
		coordIndex [
			0, 1, 2, -1
		]
	}
}
#---------- POLYLINE
Shape {
	appearance Appearance {
		material Material {
			diffuseColor 0 1 0
			emissiveColor 0 1 0
		}
	}
	geometry IndexedLineSet {
		coord Coordinate {
			point [
				-202.408 -287.091 -891.072,
				-212.406 -264.757 -912.438,
			]
		}
		coordIndex [
			0, 1, -1
		]
	}
}
#---------- POLYLINE
Shape {
	appearance Appearance {
		material Material {
			diffuseColor 0 1 0
			emissiveColor 0 1 0
		}
	}
	geometry IndexedLineSet {
		coord Coordinate {
			point [
				-212.406 -264.757 -912.438,
				-208.266 -275.246 -901.596,
				-200.092 -279.85 -896.527,
				-196.752 -289.761 -895.133,
			]
		}
		coordIndex [
			0, 1, 2, 3, -1
		]
	}
}
#---------- POLYLINE
Shape {
	appearance Appearance {
		material Material {
			diffuseColor 1 0 0
			emissiveColor 1 0 0
		}
	}
	geometry IndexedLineSet {
		coord Coordinate {
			point [
				-196.752 -289.761 -895.133,
				-196.752 -289.761 -895.133,
			]
		}
		coordIndex [
			0, 1, -1
		]
	}
}
#---------- POLYLINE
Shape {
	appearance Appearance {
		material Material {
			diffuseColor 1 0 0
			emissiveColor 1 0 0
		}
	}
	geometry IndexedLineSet {
		coord Coordinate {
			point [
				-196.752 -289.761 -895.133,
				-196.752 -289.761 -895.133,
			]
		}
		coordIndex [
			0, 1, -1
		]
	}
}
#---------- POLYLINE
Shape {
	appearance Appearance {
		material Material {
			diffuseColor 1 0 0
			emissiveColor 1 0 0
		}
	}
	geometry IndexedLineSet {
		coord Coordinate {
			point [
				-196.752 -289.761 -895.133,
				-196.752 -289.761 -895.133,
			]
		}
		coordIndex [
			0, 1, -1
		]
	}
}
#---------- POLYLINE
Shape {
	appearance Appearance {
		material Material {
			diffuseColor 1 0 0
			emissiveColor 1 0 0
		}
	}
	geometry IndexedLineSet {
		coord Coordinate {
			point [
				-196.752 -289.761 -895.133,
				-196.752 -289.761 -895.133,
			]
		}
		coordIndex [
			0, 1, -1
		]
	}
}
#---------- POLYLINE
Shape {
	appearance Appearance {
		material Material {
			diffuseColor 1 0 0
			emissiveColor 1 0 0
		}
	}
	geometry IndexedLineSet {
		coord Coordinate {
			point [
				-196.752 -289.761 -895.133,
				-196.752 -289.761 -895.133,
			]
		}
		coordIndex [
			0, 1, -1
		]
	}
}
#---------- POLYLINE
Shape {
	appearance Appearance {
		material Material {
			diffuseColor 1 0 0
			emissiveColor 1 0 0
		}
	}
	geometry IndexedLineSet {
		coord Coordinate {
			point [
				-196.752 -289.761 -895.133,
				-196.752 -289.761 -895.133,
			]
		}
		coordIndex [
			0, 1, -1
		]
	}
}
#---------- POLYLINE
Shape {
	appearance Appearance {
		material Material {
			diffuseColor 1 0 0
			emissiveColor 1 0 0
		}
	}
	geometry IndexedLineSet {
		coord Coordinate {
			point [
				-196.752 -289.761 -895.133,
				-196.752 -289.761 -895.133,
			]
		}
		coordIndex [
			0, 1, -1
		]
	}
}
#---------- POLYLINE
Shape {
	appearance Appearance {
		material Material {
			diffuseColor 1 0 0
			emissiveColor 1 0 0
		}
	}
	geometry IndexedLineSet {
		coord Coordinate {
			point [
				-196.752 -289.761 -895.133,
				-196.752 -289.761 -895.133,
			]
		}
		coordIndex [
			0, 1, -1
		]
	}
}
#---------- POLYLINE
Shape {
	appearance Appearance {
		material Material {
			diffuseColor 1 0 0
			emissiveColor 1 0 0
		}
	}
	geometry IndexedLineSet {
		coord Coordinate {
			point [
				-196.752 -289.761 -895.133,
				-196.752 -289.761 -895.133,
			]
		}
		coordIndex [
			0, 1, -1
		]
	}
}
#---------- POLYLINE
Shape {
	appearance Appearance {
		material Material {
			diffuseColor 1 0 0
			emissiveColor 1 0 0
		}
	}
	geometry IndexedLineSet {
		coord Coordinate {
			point [
				-196.752 -289.761 -895.133,
				-196.752 -289.761 -895.133,
			]
		}
		coordIndex [
			0, 1, -1
		]
	}
}
#---------- POLYLINE
Shape {
	appearance Appearance {
		material Material {
			diffuseColor 1 0 0
			emissiveColor 1 0 0
		}
	}
	geometry IndexedLineSet {
		coord Coordinate {
			point [
				-196.752 -289.761 -895.133,
				-196.752 -289.761 -895.133,
			]
		}
		coordIndex [
			0, 1, -1
		]
	}
}
#---------- POLYLINE
Shape {
	appearance Appearance {
		material Material {
			diffuseColor 1 0 0
			emissiveColor 1 0 0
		}
	}
	geometry IndexedLineSet {
		coord Coordinate {
			point [
				-196.752 -289.761 -895.133,
				-196.749 -289.778 -895.122,
			]
		}
		coordIndex [
			0, 1, -1
		]
	}
}
#---------- POLYLINE
Shape {
	appearance Appearance {
		material Material {
			diffuseColor 1 0 0
			emissiveColor 1 0 0
		}
	}
	geometry IndexedLineSet {
		coord Coordinate {
			point [
				-200.092 -279.85 -896.527,
				-200.088 -279.849 -896.525,
			]
		}
		coordIndex [
			0, 1, -1
		]
	}
}
#---------- POLYLINE
Shape {
	appearance Appearance {
		material Material {
			diffuseColor 1 0 0
			emissiveColor 1 0 0
		}
	}
	geometry IndexedLineSet {
		coord Coordinate {
			point [
				-208.266 -275.246 -901.596,
				-208.27 -275.249 -901.592,
			]
		}
		coordIndex [
			0, 1, -1
		]
	}
}
#---------- POLYLINE
Shape {
	appearance Appearance {
		material Material {
			diffuseColor 0 0 1
			emissiveColor 0 0 1
		}
	}
	geometry IndexedLineSet {
		coord Coordinate {
			point [
				-212.406 -264.757 -912.438,
				-212.406 -264.757 -912.438,
			]
		}
		coordIndex [
			0, 1, -1
		]
	}
}
#---------- POLYLINE
Shape {
	appearance Appearance {
		material Material {
			diffuseColor 0 1 0
			emissiveColor 0 1 0
		}
	}
	geometry IndexedLineSet {
		coord Coordinate {
			point [
				-212.406 -264.757 -912.438,
				-215.101 -264.672 -914.089,
				-227.632 -268.621 -908.739,
				-243.168 -263.141 -929.19,
				-242.061 -261.509 -929.235,
				-237.207 -284.767 -940,
				746.837 -5000 -3122.5,
			]
		}
		coordIndex [
			0, 1, 2, 3, 4, 5, 6, -1
		]
	}
}
#---------- POLYLINE
Shape {
	appearance Appearance {
		material Material {
			diffuseColor 0 1 0
			emissiveColor 0 1 0
		}
	}
	geometry IndexedLineSet {
		coord Coordinate {
			point [
				-202.408 -287.091 -891.072,
				-193.461 -273.186 -898.825,
			]
		}
		coordIndex [
			0, 1, -1
		]
	}
}
#---------- POLYLINE
Shape {
	appearance Appearance {
		material Material {
			diffuseColor 1 0 0
			emissiveColor 1 0 0
		}
	}
	geometry IndexedLineSet {
		coord Coordinate {
			point [
				-193.461 -273.186 -898.825,
				-193.461 -273.186 -898.825,
			]
		}
		coordIndex [
			0, 1, -1
		]
	}
}
#---------- POLYLINE
Shape {
	appearance Appearance {
		material Material {
			diffuseColor 1 0 0
			emissiveColor 1 0 0
		}
	}
	geometry IndexedLineSet {
		coord Coordinate {
			point [
				-193.461 -273.186 -898.825,
				-193.461 -273.186 -898.825,
			]
		}
		coordIndex [
			0, 1, -1
		]
	}
}
#---------- POLYLINE
Shape {
	appearance Appearance {
		material Material {
			diffuseColor 1 0 0
			emissiveColor 1 0 0
		}
	}
	geometry IndexedLineSet {
		coord Coordinate {
			point [
				-193.461 -273.186 -898.825,
				-193.461 -273.186 -898.825,
			]
		}
		coordIndex [
			0, 1, -1
		]
	}
}
#---------- POLYLINE
Shape {
	appearance Appearance {
		material Material {
			diffuseColor 1 0 0
			emissiveColor 1 0 0
		}
	}
	geometry IndexedLineSet {
		coord Coordinate {
			point [
				-193.461 -273.186 -898.825,
				-193.461 -273.186 -898.825,
			]
		}
		coordIndex [
			0, 1, -1
		]
	}
}
#---------- POLYLINE
Shape {
	appearance Appearance {
		material Material {
			diffuseColor 1 0 0
			emissiveColor 1 0 0
		}
	}
	geometry IndexedLineSet {
		coord Coordinate {
			point [
				-193.461 -273.186 -898.825,
				-193.461 -273.186 -898.825,
			]
		}
		coordIndex [
			0, 1, -1
		]
	}
}
#---------- POLYLINE
Shape {
	appearance Appearance {
		material Material {
			diffuseColor 1 0 0
			emissiveColor 1 0 0
		}
	}
	geometry IndexedLineSet {
		coord Coordinate {
			point [
				-193.461 -273.186 -898.825,
				-193.461 -273.186 -898.825,
			]
		}
		coordIndex [
			0, 1, -1
		]
	}
}
#---------- POLYLINE
Shape {
	appearance Appearance {
		material Material {
			diffuseColor 1 0 0
			emissiveColor 1 0 0
		}
	}
	geometry IndexedLineSet {
		coord Coordinate {
			point [
				-193.461 -273.186 -898.825,
				-193.461 -273.186 -898.825,
			]
		}
		coordIndex [
			0, 1, -1
		]
	}
}
#---------- POLYLINE
Shape {
	appearance Appearance {
		material Material {
			diffuseColor 1 0 0
			emissiveColor 1 0 0
		}
	}
	geometry IndexedLineSet {
		coord Coordinate {
			point [
				-193.461 -273.186 -898.825,
				-193.461 -273.186 -898.825,
			]
		}
		coordIndex [
			0, 1, -1
		]
	}
}
#---------- POLYLINE
Shape {
	appearance Appearance {
		material Material {
			diffuseColor 1 0 0
			emissiveColor 1 0 0
		}
	}
	geometry IndexedLineSet {
		coord Coordinate {
			point [
				-193.461 -273.186 -898.825,
				-193.461 -273.186 -898.825,
			]
		}
		coordIndex [
			0, 1, -1
		]
	}
}
#---------- POLYLINE
Shape {
	appearance Appearance {
		material Material {
			diffuseColor 0 1 0
			emissiveColor 0 1 0
		}
	}
	geometry IndexedLineSet {
		coord Coordinate {
			point [
				-193.461 -273.186 -898.825,
				-193.185 -273.2 -898.735,
			]
		}
		coordIndex [
			0, 1, -1
		]
	}
}
#---------- POLYLINE
Shape {
	appearance Appearance {
		material Material {
			diffuseColor 1 0 0
			emissiveColor 1 0 0
		}
	}
	geometry IndexedLineSet {
		coord Coordinate {
			point [
				-193.185 -273.2 -898.735,
				-193.185 -273.2 -898.735,
			]
		}
		coordIndex [
			0, 1, -1
		]
	}
}
#---------- POLYLINE
Shape {
	appearance Appearance {
		material Material {
			diffuseColor 1 0 0
			emissiveColor 1 0 0
		}
	}
	geometry IndexedLineSet {
		coord Coordinate {
			point [
				-193.185 -273.2 -898.735,
				-193.185 -273.2 -898.735,
			]
		}
		coordIndex [
			0, 1, -1
		]
	}
}
#---------- POLYLINE
Shape {
	appearance Appearance {
		material Material {
			diffuseColor 1 0 0
			emissiveColor 1 0 0
		}
	}
	geometry IndexedLineSet {
		coord Coordinate {
			point [
				-193.185 -273.2 -898.735,
				-193.185 -273.2 -898.735,
			]
		}
		coordIndex [
			0, 1, -1
		]
	}
}
#---------- POLYLINE
Shape {
	appearance Appearance {
		material Material {
			diffuseColor 1 0 0
			emissiveColor 1 0 0
		}
	}
	geometry IndexedLineSet {
		coord Coordinate {
			point [
				-193.185 -273.2 -898.735,
				-193.185 -273.2 -898.735,
			]
		}
		coordIndex [
			0, 1, -1
		]
	}
}
#---------- POLYLINE
Shape {
	appearance Appearance {
		material Material {
			diffuseColor 1 0 0
			emissiveColor 1 0 0
		}
	}
	geometry IndexedLineSet {
		coord Coordinate {
			point [
				-193.185 -273.2 -898.735,
				-193.185 -273.2 -898.735,
			]
		}
		coordIndex [
			0, 1, -1
		]
	}
}
#---------- POLYLINE
Shape {
	appearance Appearance {
		material Material {
			diffuseColor 1 0 0
			emissiveColor 1 0 0
		}
	}
	geometry IndexedLineSet {
		coord Coordinate {
			point [
				-193.185 -273.2 -898.735,
				-193.185 -273.2 -898.735,
			]
		}
		coordIndex [
			0, 1, -1
		]
	}
}
#---------- POLYLINE
Shape {
	appearance Appearance {
		material Material {
			diffuseColor 1 0 0
			emissiveColor 1 0 0
		}
	}
	geometry IndexedLineSet {
		coord Coordinate {
			point [
				-193.185 -273.2 -898.735,
				-193.185 -273.2 -898.735,
			]
		}
		coordIndex [
			0, 1, -1
		]
	}
}
#---------- POLYLINE
Shape {
	appearance Appearance {
		material Material {
			diffuseColor 1 0 0
			emissiveColor 1 0 0
		}
	}
	geometry IndexedLineSet {
		coord Coordinate {
			point [
				-193.185 -273.2 -898.735,
				-193.185 -273.2 -898.735,
			]
		}
		coordIndex [
			0, 1, -1
		]
	}
}
#---------- POLYLINE
Shape {
	appearance Appearance {
		material Material {
			diffuseColor 1 0 0
			emissiveColor 1 0 0
		}
	}
	geometry IndexedLineSet {
		coord Coordinate {
			point [
				-193.185 -273.2 -898.735,
				-193.185 -273.2 -898.735,
			]
		}
		coordIndex [
			0, 1, -1
		]
	}
}
#---------- POLYLINE
Shape {
	appearance Appearance {
		material Material {
			diffuseColor 1 0 0
			emissiveColor 1 0 0
		}
	}
	geometry IndexedLineSet {
		coord Coordinate {
			point [
				-193.185 -273.2 -898.735,
				-193.185 -273.2 -898.735,
			]
		}
		coordIndex [
			0, 1, -1
		]
	}
}
#---------- POLYLINE
Shape {
	appearance Appearance {
		material Material {
			diffuseColor 1 0 0
			emissiveColor 1 0 0
		}
	}
	geometry IndexedLineSet {
		coord Coordinate {
			point [
				-193.185 -273.2 -898.735,
				-193.185 -273.201 -898.736,
			]
		}
		coordIndex [
			0, 1, -1
		]
	}
}
#---------- POLYLINE
Shape {
	appearance Appearance {
		material Material {
			diffuseColor 1 0 0
			emissiveColor 1 0 0
		}
	}
	geometry IndexedLineSet {
		coord Coordinate {
			point [
				-193.461 -273.186 -898.825,
				-193.454 -273.15 -898.865,
				-193.452 -273.127 -898.893,
				-193.466 -273.131 -898.886,
			]
		}
		coordIndex [
			0, 1, 2, 3, -1
		]
	}
}
#---------- POLYLINE
Shape {
	appearance Appearance {
		material Material {
			diffuseColor 0 1 0
			emissiveColor 0 1 0
		}
	}
	geometry IndexedLineSet {
		coord Coordinate {
			point [
				-193.452 -273.127 -898.893,
				-193.488 -273.137 -898.898,
			]
		}
		coordIndex [
			0, 1, -1
		]
	}
}
#---------- POLYLINE
Shape {
	appearance Appearance {
		material Material {
			diffuseColor 1 0 0
			emissiveColor 1 0 0
		}
	}
	geometry IndexedLineSet {
		coord Coordinate {
			point [
				-193.488 -273.137 -898.898,
				-193.488 -273.137 -898.898,
			]
		}
		coordIndex [
			0, 1, -1
		]
	}
}
#---------- POLYLINE
Shape {
	appearance Appearance {
		material Material {
			diffuseColor 1 0 0
			emissiveColor 1 0 0
		}
	}
	geometry IndexedLineSet {
		coord Coordinate {
			point [
				-193.488 -273.137 -898.898,
				-193.488 -273.137 -898.898,
			]
		}
		coordIndex [
			0, 1, -1
		]
	}
}
#---------- POLYLINE
Shape {
	appearance Appearance {
		material Material {
			diffuseColor 1 0 0
			emissiveColor 1 0 0
		}
	}
	geometry IndexedLineSet {
		coord Coordinate {
			point [
				-193.488 -273.137 -898.898,
				-193.488 -273.137 -898.898,
			]
		}
		coordIndex [
			0, 1, -1
		]
	}
}
#---------- POLYLINE
Shape {
	appearance Appearance {
		material Material {
			diffuseColor 1 0 0
			emissiveColor 1 0 0
		}
	}
	geometry IndexedLineSet {
		coord Coordinate {
			point [
				-193.488 -273.137 -898.898,
				-193.488 -273.137 -898.898,
			]
		}
		coordIndex [
			0, 1, -1
		]
	}
}
#---------- POLYLINE
Shape {
	appearance Appearance {
		material Material {
			diffuseColor 1 0 0
			emissiveColor 1 0 0
		}
	}
	geometry IndexedLineSet {
		coord Coordinate {
			point [
				-193.488 -273.137 -898.898,
				-193.488 -273.137 -898.898,
			]
		}
		coordIndex [
			0, 1, -1
		]
	}
}
#---------- POLYLINE
Shape {
	appearance Appearance {
		material Material {
			diffuseColor 1 0 0
			emissiveColor 1 0 0
		}
	}
	geometry IndexedLineSet {
		coord Coordinate {
			point [
				-193.488 -273.137 -898.898,
				-193.488 -273.137 -898.898,
			]
		}
		coordIndex [
			0, 1, -1
		]
	}
}
#---------- POLYLINE
Shape {
	appearance Appearance {
		material Material {
			diffuseColor 1 0 0
			emissiveColor 1 0 0
		}
	}
	geometry IndexedLineSet {
		coord Coordinate {
			point [
				-193.488 -273.137 -898.898,
				-193.488 -273.137 -898.898,
			]
		}
		coordIndex [
			0, 1, -1
		]
	}
}
#---------- POLYLINE
Shape {
	appearance Appearance {
		material Material {
			diffuseColor 1 0 0
			emissiveColor 1 0 0
		}
	}
	geometry IndexedLineSet {
		coord Coordinate {
			point [
				-193.488 -273.137 -898.898,
				-193.488 -273.137 -898.898,
			]
		}
		coordIndex [
			0, 1, -1
		]
	}
}
#---------- POLYLINE
Shape {
	appearance Appearance {
		material Material {
			diffuseColor 0 1 0
			emissiveColor 0 1 0
		}
	}
	geometry IndexedLineSet {
		coord Coordinate {
			point [
				-193.488 -273.137 -898.898,
				-193.498 -273.143 -898.901,
			]
		}
		coordIndex [
			0, 1, -1
		]
	}
}
#---------- POLYLINE
Shape {
	appearance Appearance {
		material Material {
			diffuseColor 1 0 0
			emissiveColor 1 0 0
		}
	}
	geometry IndexedLineSet {
		coord Coordinate {
			point [
				-193.498 -273.143 -898.901,
				-193.498 -273.143 -898.901,
			]
		}
		coordIndex [
			0, 1, -1
		]
	}
}
#---------- POLYLINE
Shape {
	appearance Appearance {
		material Material {
			diffuseColor 1 0 0
			emissiveColor 1 0 0
		}
	}
	geometry IndexedLineSet {
		coord Coordinate {
			point [
				-193.498 -273.143 -898.901,
				-193.498 -273.143 -898.901,
			]
		}
		coordIndex [
			0, 1, -1
		]
	}
}
#---------- POLYLINE
Shape {
	appearance Appearance {
		material Material {
			diffuseColor 1 0 0
			emissiveColor 1 0 0
		}
	}
	geometry IndexedLineSet {
		coord Coordinate {
			point [
				-193.498 -273.143 -898.901,
				-193.498 -273.143 -898.901,
			]
		}
		coordIndex [
			0, 1, -1
		]
	}
}
#---------- POLYLINE
Shape {
	appearance Appearance {
		material Material {
			diffuseColor 1 0 0
			emissiveColor 1 0 0
		}
	}
	geometry IndexedLineSet {
		coord Coordinate {
			point [
				-193.498 -273.143 -898.901,
				-193.498 -273.143 -898.901,
			]
		}
		coordIndex [
			0, 1, -1
		]
	}
}
#---------- POLYLINE
Shape {
	appearance Appearance {
		material Material {
			diffuseColor 1 0 0
			emissiveColor 1 0 0
		}
	}
	geometry IndexedLineSet {
		coord Coordinate {
			point [
				-193.498 -273.143 -898.901,
				-193.498 -273.143 -898.901,
			]
		}
		coordIndex [
			0, 1, -1
		]
	}
}
#---------- POLYLINE
Shape {
	appearance Appearance {
		material Material {
			diffuseColor 1 0 0
			emissiveColor 1 0 0
		}
	}
	geometry IndexedLineSet {
		coord Coordinate {
			point [
				-193.498 -273.143 -898.901,
				-193.498 -273.143 -898.901,
			]
		}
		coordIndex [
			0, 1, -1
		]
	}
}
#---------- POLYLINE
Shape {
	appearance Appearance {
		material Material {
			diffuseColor 1 0 0
			emissiveColor 1 0 0
		}
	}
	geometry IndexedLineSet {
		coord Coordinate {
			point [
				-193.498 -273.143 -898.901,
				-193.498 -273.143 -898.901,
			]
		}
		coordIndex [
			0, 1, -1
		]
	}
}
#---------- POLYLINE
Shape {
	appearance Appearance {
		material Material {
			diffuseColor 1 0 0
			emissiveColor 1 0 0
		}
	}
	geometry IndexedLineSet {
		coord Coordinate {
			point [
				-193.498 -273.143 -898.901,
				-193.498 -273.143 -898.901,
			]
		}
		coordIndex [
			0, 1, -1
		]
	}
}
#---------- POLYLINE
Shape {
	appearance Appearance {
		material Material {
			diffuseColor 1 0 0
			emissiveColor 1 0 0
		}
	}
	geometry IndexedLineSet {
		coord Coordinate {
			point [
				-193.498 -273.143 -898.901,
				-193.498 -273.143 -898.901,
			]
		}
		coordIndex [
			0, 1, -1
		]
	}
}
#---------- POLYLINE
Shape {
	appearance Appearance {
		material Material {
			diffuseColor 1 0 0
			emissiveColor 1 0 0
		}
	}
	geometry IndexedLineSet {
		coord Coordinate {
			point [
				-193.498 -273.143 -898.901,
				-193.498 -273.143 -898.901,
			]
		}
		coordIndex [
			0, 1, -1
		]
	}
}
#---------- POLYLINE
Shape {
	appearance Appearance {
		material Material {
			diffuseColor 1 0 0
			emissiveColor 1 0 0
		}
	}
	geometry IndexedLineSet {
		coord Coordinate {
			point [
				-193.498 -273.143 -898.901,
				-193.498 -273.143 -898.901,
			]
		}
		coordIndex [
			0, 1, -1
		]
	}
}
#---------- POLYLINE
Shape {
	appearance Appearance {
		material Material {
			diffuseColor 1 0 0
			emissiveColor 1 0 0
		}
	}
	geometry IndexedLineSet {
		coord Coordinate {
			point [
				-193.498 -273.143 -898.901,
				-193.498 -273.143 -898.901,
			]
		}
		coordIndex [
			0, 1, -1
		]
	}
}
#---------- POLYLINE
Shape {
	appearance Appearance {
		material Material {
			diffuseColor 1 0 0
			emissiveColor 1 0 0
		}
	}
	geometry IndexedLineSet {
		coord Coordinate {
			point [
				-193.498 -273.143 -898.901,
				-193.498 -273.143 -898.901,
			]
		}
		coordIndex [
			0, 1, -1
		]
	}
}
#---------- POLYLINE
Shape {
	appearance Appearance {
		material Material {
			diffuseColor 1 0 0
			emissiveColor 1 0 0
		}
	}
	geometry IndexedLineSet {
		coord Coordinate {
			point [
				-193.498 -273.143 -898.901,
				-193.498 -273.143 -898.901,
			]
		}
		coordIndex [
			0, 1, -1
		]
	}
}
#---------- POLYLINE
Shape {
	appearance Appearance {
		material Material {
			diffuseColor 1 0 0
			emissiveColor 1 0 0
		}
	}
	geometry IndexedLineSet {
		coord Coordinate {
			point [
				-193.498 -273.143 -898.901,
				-193.498 -273.143 -898.901,
			]
		}
		coordIndex [
			0, 1, -1
		]
	}
}
#---------- POLYLINE
Shape {
	appearance Appearance {
		material Material {
			diffuseColor 1 0 0
			emissiveColor 1 0 0
		}
	}
	geometry IndexedLineSet {
		coord Coordinate {
			point [
				-193.498 -273.143 -898.901,
				-193.498 -273.143 -898.901,
			]
		}
		coordIndex [
			0, 1, -1
		]
	}
}
#---------- POLYLINE
Shape {
	appearance Appearance {
		material Material {
			diffuseColor 1 0 0
			emissiveColor 1 0 0
		}
	}
	geometry IndexedLineSet {
		coord Coordinate {
			point [
				-193.498 -273.143 -898.901,
				-193.498 -273.143 -898.901,
			]
		}
		coordIndex [
			0, 1, -1
		]
	}
}
#---------- POLYLINE
Shape {
	appearance Appearance {
		material Material {
			diffuseColor 1 0 0
			emissiveColor 1 0 0
		}
	}
	geometry IndexedLineSet {
		coord Coordinate {
			point [
				-193.498 -273.143 -898.901,
				-193.498 -273.143 -898.901,
			]
		}
		coordIndex [
			0, 1, -1
		]
	}
}
#---------- POLYLINE
Shape {
	appearance Appearance {
		material Material {
			diffuseColor 1 0 0
			emissiveColor 1 0 0
		}
	}
	geometry IndexedLineSet {
		coord Coordinate {
			point [
				-193.498 -273.143 -898.901,
				-193.498 -273.143 -898.901,
			]
		}
		coordIndex [
			0, 1, -1
		]
	}
}
#---------- POLYLINE
Shape {
	appearance Appearance {
		material Material {
			diffuseColor 1 0 0
			emissiveColor 1 0 0
		}
	}
	geometry IndexedLineSet {
		coord Coordinate {
			point [
				-193.498 -273.143 -898.901,
				-193.498 -273.143 -898.901,
			]
		}
		coordIndex [
			0, 1, -1
		]
	}
}
#---------- POLYLINE
Shape {
	appearance Appearance {
		material Material {
			diffuseColor 1 0 0
			emissiveColor 1 0 0
		}
	}
	geometry IndexedLineSet {
		coord Coordinate {
			point [
				-193.498 -273.143 -898.901,
				-193.498 -273.143 -898.901,
			]
		}
		coordIndex [
			0, 1, -1
		]
	}
}
#---------- POLYLINE
Shape {
	appearance Appearance {
		material Material {
			diffuseColor 1 0 0
			emissiveColor 1 0 0
		}
	}
	geometry IndexedLineSet {
		coord Coordinate {
			point [
				-193.488 -273.137 -898.898,
				-193.487 -273.137 -898.897,
			]
		}
		coordIndex [
			0, 1, -1
		]
	}
}
#---------- POLYLINE
Shape {
	appearance Appearance {
		material Material {
			diffuseColor 1 0 0
			emissiveColor 1 0 0
		}
	}
	geometry IndexedLineSet {
		coord Coordinate {
			point [
				-193.488 -273.137 -898.898,
				-193.488 -273.138 -898.898,
			]
		}
		coordIndex [
			0, 1, -1
		]
	}
}
#---------- POLYLINE
Shape {
	appearance Appearance {
		material Material {
			diffuseColor 0 1 0
			emissiveColor 0 1 0
		}
	}
	geometry IndexedLineSet {
		coord Coordinate {
			point [
				-193.454 -273.15 -898.865,
				-198.781 -269.746 -899.729,
				-200.025 -266.514 -900.64,
			]
		}
		coordIndex [
			0, 1, 2, -1
		]
	}
}
#---------- POLYLINE
Shape {
	appearance Appearance {
		material Material {
			diffuseColor 1 0 0
			emissiveColor 1 0 0
		}
	}
	geometry IndexedLineSet {
		coord Coordinate {
			point [
				-200.025 -266.514 -900.64,
				-200.025 -266.514 -900.64,
			]
		}
		coordIndex [
			0, 1, -1
		]
	}
}
#---------- POLYLINE
Shape {
	appearance Appearance {
		material Material {
			diffuseColor 1 0 0
			emissiveColor 1 0 0
		}
	}
	geometry IndexedLineSet {
		coord Coordinate {
			point [
				-200.025 -266.514 -900.64,
				-200.025 -266.514 -900.64,
			]
		}
		coordIndex [
			0, 1, -1
		]
	}
}
#---------- POLYLINE
Shape {
	appearance Appearance {
		material Material {
			diffuseColor 1 0 0
			emissiveColor 1 0 0
		}
	}
	geometry IndexedLineSet {
		coord Coordinate {
			point [
				-200.025 -266.514 -900.64,
				-200.025 -266.514 -900.64,
			]
		}
		coordIndex [
			0, 1, -1
		]
	}
}
#---------- POLYLINE
Shape {
	appearance Appearance {
		material Material {
			diffuseColor 1 0 0
			emissiveColor 1 0 0
		}
	}
	geometry IndexedLineSet {
		coord Coordinate {
			point [
				-200.025 -266.514 -900.64,
				-200.025 -266.514 -900.64,
			]
		}
		coordIndex [
			0, 1, -1
		]
	}
}
#---------- POLYLINE
Shape {
	appearance Appearance {
		material Material {
			diffuseColor 1 0 0
			emissiveColor 1 0 0
		}
	}
	geometry IndexedLineSet {
		coord Coordinate {
			point [
				-200.025 -266.514 -900.64,
				-200.025 -266.514 -900.64,
			]
		}
		coordIndex [
			0, 1, -1
		]
	}
}
#---------- POLYLINE
Shape {
	appearance Appearance {
		material Material {
			diffuseColor 1 0 0
			emissiveColor 1 0 0
		}
	}
	geometry IndexedLineSet {
		coord Coordinate {
			point [
				-200.025 -266.514 -900.64,
				-200.025 -266.514 -900.64,
			]
		}
		coordIndex [
			0, 1, -1
		]
	}
}
#---------- POLYLINE
Shape {
	appearance Appearance {
		material Material {
			diffuseColor 1 0 0
			emissiveColor 1 0 0
		}
	}
	geometry IndexedLineSet {
		coord Coordinate {
			point [
				-200.025 -266.514 -900.64,
				-200.025 -266.514 -900.64,
			]
		}
		coordIndex [
			0, 1, -1
		]
	}
}
#---------- POLYLINE
Shape {
	appearance Appearance {
		material Material {
			diffuseColor 1 0 0
			emissiveColor 1 0 0
		}
	}
	geometry IndexedLineSet {
		coord Coordinate {
			point [
				-200.025 -266.514 -900.64,
				-200.025 -266.514 -900.64,
			]
		}
		coordIndex [
			0, 1, -1
		]
	}
}
#---------- POLYLINE
Shape {
	appearance Appearance {
		material Material {
			diffuseColor 1 0 0
			emissiveColor 1 0 0
		}
	}
	geometry IndexedLineSet {
		coord Coordinate {
			point [
				-200.025 -266.514 -900.64,
				-200.025 -266.514 -900.64,
			]
		}
		coordIndex [
			0, 1, -1
		]
	}
}
#---------- POLYLINE
Shape {
	appearance Appearance {
		material Material {
			diffuseColor 1 0 0
			emissiveColor 1 0 0
		}
	}
	geometry IndexedLineSet {
		coord Coordinate {
			point [
				-200.025 -266.514 -900.64,
				-200.025 -266.514 -900.64,
			]
		}
		coordIndex [
			0, 1, -1
		]
	}
}
#---------- POLYLINE
Shape {
	appearance Appearance {
		material Material {
			diffuseColor 1 0 0
			emissiveColor 1 0 0
		}
	}
	geometry IndexedLineSet {
		coord Coordinate {
			point [
				-200.025 -266.514 -900.64,
				-200.025 -266.514 -900.64,
			]
		}
		coordIndex [
			0, 1, -1
		]
	}
}
#---------- POLYLINE
Shape {
	appearance Appearance {
		material Material {
			diffuseColor 1 0 0
			emissiveColor 1 0 0
		}
	}
	geometry IndexedLineSet {
		coord Coordinate {
			point [
				-200.025 -266.514 -900.64,
				-200.025 -266.514 -900.64,
			]
		}
		coordIndex [
			0, 1, -1
		]
	}
}
#---------- POLYLINE
Shape {
	appearance Appearance {
		material Material {
			diffuseColor 1 0 0
			emissiveColor 1 0 0
		}
	}
	geometry IndexedLineSet {
		coord Coordinate {
			point [
				-200.025 -266.514 -900.64,
				-200.025 -266.514 -900.64,
			]
		}
		coordIndex [
			0, 1, -1
		]
	}
}
#---------- POLYLINE
Shape {
	appearance Appearance {
		material Material {
			diffuseColor 1 0 0
			emissiveColor 1 0 0
		}
	}
	geometry IndexedLineSet {
		coord Coordinate {
			point [
				-200.025 -266.514 -900.64,
				-200.025 -266.514 -900.64,
			]
		}
		coordIndex [
			0, 1, -1
		]
	}
}
#---------- POLYLINE
Shape {
	appearance Appearance {
		material Material {
			diffuseColor 0 1 0
			emissiveColor 0 1 0
		}
	}
	geometry IndexedLineSet {
		coord Coordinate {
			point [
				-200.025 -266.514 -900.64,
				-200.171 -266.428 -900.763,
			]
		}
		coordIndex [
			0, 1, -1
		]
	}
}
#---------- POLYLINE
Shape {
	appearance Appearance {
		material Material {
			diffuseColor 1 0 0
			emissiveColor 1 0 0
		}
	}
	geometry IndexedLineSet {
		coord Coordinate {
			point [
				-200.171 -266.428 -900.763,
				-200.171 -266.428 -900.763,
			]
		}
		coordIndex [
			0, 1, -1
		]
	}
}
#---------- POLYLINE
Shape {
	appearance Appearance {
		material Material {
			diffuseColor 1 0 0
			emissiveColor 1 0 0
		}
	}
	geometry IndexedLineSet {
		coord Coordinate {
			point [
				-200.171 -266.428 -900.763,
				-200.171 -266.428 -900.763,
			]
		}
		coordIndex [
			0, 1, -1
		]
	}
}
#---------- POLYLINE
Shape {
	appearance Appearance {
		material Material {
			diffuseColor 1 0 0
			emissiveColor 1 0 0
		}
	}
	geometry IndexedLineSet {
		coord Coordinate {
			point [
				-200.171 -266.428 -900.763,
				-200.171 -266.428 -900.763,
			]
		}
		coordIndex [
			0, 1, -1
		]
	}
}
#---------- POLYLINE
Shape {
	appearance Appearance {
		material Material {
			diffuseColor 1 0 0
			emissiveColor 1 0 0
		}
	}
	geometry IndexedLineSet {
		coord Coordinate {
			point [
				-200.171 -266.428 -900.763,
				-200.171 -266.428 -900.763,
			]
		}
		coordIndex [
			0, 1, -1
		]
	}
}
#---------- POLYLINE
Shape {
	appearance Appearance {
		material Material {
			diffuseColor 1 0 0
			emissiveColor 1 0 0
		}
	}
	geometry IndexedLineSet {
		coord Coordinate {
			point [
				-200.171 -266.428 -900.763,
				-200.171 -266.428 -900.763,
			]
		}
		coordIndex [
			0, 1, -1
		]
	}
}
#---------- POLYLINE
Shape {
	appearance Appearance {
		material Material {
			diffuseColor 1 0 0
			emissiveColor 1 0 0
		}
	}
	geometry IndexedLineSet {
		coord Coordinate {
			point [
				-200.171 -266.428 -900.763,
				-200.171 -266.428 -900.763,
			]
		}
		coordIndex [
			0, 1, -1
		]
	}
}
#---------- POLYLINE
Shape {
	appearance Appearance {
		material Material {
			diffuseColor 1 0 0
			emissiveColor 1 0 0
		}
	}
	geometry IndexedLineSet {
		coord Coordinate {
			point [
				-200.171 -266.428 -900.763,
				-200.171 -266.428 -900.763,
			]
		}
		coordIndex [
			0, 1, -1
		]
	}
}
#---------- POLYLINE
Shape {
	appearance Appearance {
		material Material {
			diffuseColor 1 0 0
			emissiveColor 1 0 0
		}
	}
	geometry IndexedLineSet {
		coord Coordinate {
			point [
				-200.171 -266.428 -900.763,
				-200.171 -266.428 -900.763,
			]
		}
		coordIndex [
			0, 1, -1
		]
	}
}
#---------- POLYLINE
Shape {
	appearance Appearance {
		material Material {
			diffuseColor 1 0 0
			emissiveColor 1 0 0
		}
	}
	geometry IndexedLineSet {
		coord Coordinate {
			point [
				-200.171 -266.428 -900.763,
				-200.172 -266.428 -900.763,
			]
		}
		coordIndex [
			0, 1, -1
		]
	}
}
#---------- POLYLINE
Shape {
	appearance Appearance {
		material Material {
			diffuseColor 1 0 0
			emissiveColor 1 0 0
		}
	}
	geometry IndexedLineSet {
		coord Coordinate {
			point [
				-200.025 -266.514 -900.64,
				-200.026 -266.509 -900.641,
			]
		}
		coordIndex [
			0, 1, -1
		]
	}
}
#---------- POLYLINE
Shape {
	appearance Appearance {
		material Material {
			diffuseColor 1 0 0
			emissiveColor 1 0 0
		}
	}
	geometry IndexedLineSet {
		coord Coordinate {
			point [
				-198.781 -269.746 -899.729,
				-198.782 -269.746 -899.729,
			]
		}
		coordIndex [
			0, 1, -1
		]
	}
}
#---------- POLYLINE
Shape {
	appearance Appearance {
		material Material {
			diffuseColor 0 1 0
			emissiveColor 0 1 0
		}
	}
	geometry IndexedLineSet {
		coord Coordinate {
			point [
				-202.408 -287.091 -891.072,
				-199.079 -280.692 -890.122,
				-191.048 -240.592 -885.85,
			]
		}
		coordIndex [
			0, 1, 2, -1
		]
	}
}
#---------- POLYLINE
Shape {
	appearance Appearance {
		material Material {
			diffuseColor 0 1 0
			emissiveColor 0 1 0
		}
	}
	geometry IndexedLineSet {
		coord Coordinate {
			point [
				-191.048 -240.592 -885.85,
				-189.63 -241.182 -887.147,
				-185.096 -238.76 -895.573,
			]
		}
		coordIndex [
			0, 1, 2, -1
		]
	}
}
#---------- POLYLINE
Shape {
	appearance Appearance {
		material Material {
			diffuseColor 1 0 0
			emissiveColor 1 0 0
		}
	}
	geometry IndexedLineSet {
		coord Coordinate {
			point [
				-185.096 -238.76 -895.573,
				-185.096 -238.76 -895.573,
			]
		}
		coordIndex [
			0, 1, -1
		]
	}
}
#---------- POLYLINE
Shape {
	appearance Appearance {
		material Material {
			diffuseColor 1 0 0
			emissiveColor 1 0 0
		}
	}
	geometry IndexedLineSet {
		coord Coordinate {
			point [
				-185.096 -238.76 -895.573,
				-185.096 -238.76 -895.573,
			]
		}
		coordIndex [
			0, 1, -1
		]
	}
}
#---------- POLYLINE
Shape {
	appearance Appearance {
		material Material {
			diffuseColor 1 0 0
			emissiveColor 1 0 0
		}
	}
	geometry IndexedLineSet {
		coord Coordinate {
			point [
				-185.096 -238.76 -895.573,
				-185.096 -238.76 -895.573,
			]
		}
		coordIndex [
			0, 1, -1
		]
	}
}
#---------- POLYLINE
Shape {
	appearance Appearance {
		material Material {
			diffuseColor 1 0 0
			emissiveColor 1 0 0
		}
	}
	geometry IndexedLineSet {
		coord Coordinate {
			point [
				-185.096 -238.76 -895.573,
				-185.096 -238.76 -895.573,
			]
		}
		coordIndex [
			0, 1, -1
		]
	}
}
#---------- POLYLINE
Shape {
	appearance Appearance {
		material Material {
			diffuseColor 1 0 0
			emissiveColor 1 0 0
		}
	}
	geometry IndexedLineSet {
		coord Coordinate {
			point [
				-185.096 -238.76 -895.573,
				-185.096 -238.76 -895.573,
			]
		}
		coordIndex [
			0, 1, -1
		]
	}
}
#---------- POLYLINE
Shape {
	appearance Appearance {
		material Material {
			diffuseColor 0 1 0
			emissiveColor 0 1 0
		}
	}
	geometry IndexedLineSet {
		coord Coordinate {
			point [
				-185.096 -238.76 -895.573,
				-184.858 -238.769 -895.656,
			]
		}
		coordIndex [
			0, 1, -1
		]
	}
}
#---------- POLYLINE
Shape {
	appearance Appearance {
		material Material {
			diffuseColor 1 0 0
			emissiveColor 1 0 0
		}
	}
	geometry IndexedLineSet {
		coord Coordinate {
			point [
				-184.858 -238.769 -895.656,
				-184.858 -238.769 -895.656,
			]
		}
		coordIndex [
			0, 1, -1
		]
	}
}
#---------- POLYLINE
Shape {
	appearance Appearance {
		material Material {
			diffuseColor 1 0 0
			emissiveColor 1 0 0
		}
	}
	geometry IndexedLineSet {
		coord Coordinate {
			point [
				-184.858 -238.769 -895.656,
				-184.858 -238.769 -895.656,
			]
		}
		coordIndex [
			0, 1, -1
		]
	}
}
#---------- POLYLINE
Shape {
	appearance Appearance {
		material Material {
			diffuseColor 1 0 0
			emissiveColor 1 0 0
		}
	}
	geometry IndexedLineSet {
		coord Coordinate {
			point [
				-184.858 -238.769 -895.656,
				-184.858 -238.769 -895.656,
			]
		}
		coordIndex [
			0, 1, -1
		]
	}
}
#---------- POLYLINE
Shape {
	appearance Appearance {
		material Material {
			diffuseColor 1 0 0
			emissiveColor 1 0 0
		}
	}
	geometry IndexedLineSet {
		coord Coordinate {
			point [
				-184.858 -238.769 -895.656,
				-184.858 -238.769 -895.656,
			]
		}
		coordIndex [
			0, 1, -1
		]
	}
}
#---------- POLYLINE
Shape {
	appearance Appearance {
		material Material {
			diffuseColor 1 0 0
			emissiveColor 1 0 0
		}
	}
	geometry IndexedLineSet {
		coord Coordinate {
			point [
				-184.858 -238.769 -895.656,
				-184.857 -238.77 -895.655,
			]
		}
		coordIndex [
			0, 1, -1
		]
	}
}
#---------- POLYLINE
Shape {
	appearance Appearance {
		material Material {
			diffuseColor 1 0 0
			emissiveColor 1 0 0
		}
	}
	geometry IndexedLineSet {
		coord Coordinate {
			point [
				-185.096 -238.76 -895.573,
				-185.086 -238.761 -895.596,
			]
		}
		coordIndex [
			0, 1, -1
		]
	}
}
#---------- POLYLINE
Shape {
	appearance Appearance {
		material Material {
			diffuseColor 1 0 0
			emissiveColor 1 0 0
		}
	}
	geometry IndexedLineSet {
		coord Coordinate {
			point [
				-189.63 -241.182 -887.147,
				-189.626 -241.187 -887.147,
			]
		}
		coordIndex [
			0, 1, -1
		]
	}
}
#---------- POLYLINE
Shape {
	appearance Appearance {
		material Material {
			diffuseColor 0 0 1
			emissiveColor 0 0 1
		}
	}
	geometry IndexedLineSet {
		coord Coordinate {
			point [
				-191.048 -240.592 -885.85,
				-191.048 -240.592 -885.85,
			]
		}
		coordIndex [
			0, 1, -1
		]
	}
}
#---------- POLYLINE
Shape {
	appearance Appearance {
		material Material {
			diffuseColor 0 1 0
			emissiveColor 0 1 0
		}
	}
	geometry IndexedLineSet {
		coord Coordinate {
			point [
				-191.048 -240.592 -885.85,
				-194.383 -242.315 -891.452,
				-233.474 -283.502 -940,
				-256.021 -307.258 -968,
				-259.242 -310.651 -972,
				-3500 -3725.19 -4996.68,
			]
		}
		coordIndex [
			0, 1, 2, 3, 4, 5, -1
		]
	}
}
#---------- POLYLINE
Shape {
	appearance Appearance {
		material Material {
			diffuseColor 0 1 0
			emissiveColor 0 1 0
		}
	}
	geometry IndexedLineSet {
		coord Coordinate {
			point [
				-202.408 -287.091 -891.072,
				-179.993 -298.712 -904.245,
				-169.947 -305.097 -919.263,
				-143.114 -313.783 -934.236,
				-142.024 -314.504 -934.291,
			]
		}
		coordIndex [
			0, 1, 2, 3, 4, -1
		]
	}
}
#---------- POLYLINE
Shape {
	appearance Appearance {
		material Material {
			diffuseColor 1 0 0
			emissiveColor 1 0 0
		}
	}
	geometry IndexedLineSet {
		coord Coordinate {
			point [
				-142.024 -314.504 -934.291,
				-142.024 -314.504 -934.291,
			]
		}
		coordIndex [
			0, 1, -1
		]
	}
}
#---------- POLYLINE
Shape {
	appearance Appearance {
		material Material {
			diffuseColor 1 0 0
			emissiveColor 1 0 0
		}
	}
	geometry IndexedLineSet {
		coord Coordinate {
			point [
				-142.024 -314.504 -934.291,
				-142.024 -314.504 -934.291,
			]
		}
		coordIndex [
			0, 1, -1
		]
	}
}
#---------- POLYLINE
Shape {
	appearance Appearance {
		material Material {
			diffuseColor 1 0 0
			emissiveColor 1 0 0
		}
	}
	geometry IndexedLineSet {
		coord Coordinate {
			point [
				-142.024 -314.504 -934.291,
				-142.024 -314.504 -934.291,
			]
		}
		coordIndex [
			0, 1, -1
		]
	}
}
#---------- POLYLINE
Shape {
	appearance Appearance {
		material Material {
			diffuseColor 1 0 0
			emissiveColor 1 0 0
		}
	}
	geometry IndexedLineSet {
		coord Coordinate {
			point [
				-142.024 -314.504 -934.291,
				-142.024 -314.504 -934.291,
			]
		}
		coordIndex [
			0, 1, -1
		]
	}
}
#---------- POLYLINE
Shape {
	appearance Appearance {
		material Material {
			diffuseColor 1 0 0
			emissiveColor 1 0 0
		}
	}
	geometry IndexedLineSet {
		coord Coordinate {
			point [
				-142.024 -314.504 -934.291,
				-142.024 -314.504 -934.291,
			]
		}
		coordIndex [
			0, 1, -1
		]
	}
}
#---------- POLYLINE
Shape {
	appearance Appearance {
		material Material {
			diffuseColor 1 0 0
			emissiveColor 1 0 0
		}
	}
	geometry IndexedLineSet {
		coord Coordinate {
			point [
				-142.024 -314.504 -934.291,
				-142.024 -314.504 -934.291,
			]
		}
		coordIndex [
			0, 1, -1
		]
	}
}
#---------- POLYLINE
Shape {
	appearance Appearance {
		material Material {
			diffuseColor 1 0 0
			emissiveColor 1 0 0
		}
	}
	geometry IndexedLineSet {
		coord Coordinate {
			point [
				-142.024 -314.504 -934.291,
				-142.024 -314.504 -934.291,
			]
		}
		coordIndex [
			0, 1, -1
		]
	}
}
#---------- POLYLINE
Shape {
	appearance Appearance {
		material Material {
			diffuseColor 1 0 0
			emissiveColor 1 0 0
		}
	}
	geometry IndexedLineSet {
		coord Coordinate {
			point [
				-142.024 -314.504 -934.291,
				-142.024 -314.504 -934.291,
			]
		}
		coordIndex [
			0, 1, -1
		]
	}
}
#---------- POLYLINE
Shape {
	appearance Appearance {
		material Material {
			diffuseColor 1 0 0
			emissiveColor 1 0 0
		}
	}
	geometry IndexedLineSet {
		coord Coordinate {
			point [
				-142.024 -314.504 -934.291,
				-142.024 -314.504 -934.291,
			]
		}
		coordIndex [
			0, 1, -1
		]
	}
}
#---------- POLYLINE
Shape {
	appearance Appearance {
		material Material {
			diffuseColor 1 0 0
			emissiveColor 1 0 0
		}
	}
	geometry IndexedLineSet {
		coord Coordinate {
			point [
				-142.024 -314.504 -934.291,
				-142.024 -314.504 -934.291,
			]
		}
		coordIndex [
			0, 1, -1
		]
	}
}
#---------- POLYLINE
Shape {
	appearance Appearance {
		material Material {
			diffuseColor 1 0 0
			emissiveColor 1 0 0
		}
	}
	geometry IndexedLineSet {
		coord Coordinate {
			point [
				-142.024 -314.504 -934.291,
				-142.024 -314.504 -934.291,
			]
		}
		coordIndex [
			0, 1, -1
		]
	}
}
#---------- POLYLINE
Shape {
	appearance Appearance {
		material Material {
			diffuseColor 1 0 0
			emissiveColor 1 0 0
		}
	}
	geometry IndexedLineSet {
		coord Coordinate {
			point [
				-142.024 -314.504 -934.291,
				-142.024 -314.504 -934.291,
			]
		}
		coordIndex [
			0, 1, -1
		]
	}
}
#---------- POLYLINE
Shape {
	appearance Appearance {
		material Material {
			diffuseColor 1 0 0
			emissiveColor 1 0 0
		}
	}
	geometry IndexedLineSet {
		coord Coordinate {
			point [
				-142.024 -314.504 -934.291,
				-142.024 -314.504 -934.291,
			]
		}
		coordIndex [
			0, 1, -1
		]
	}
}
#---------- POLYLINE
Shape {
	appearance Appearance {
		material Material {
			diffuseColor 1 0 0
			emissiveColor 1 0 0
		}
	}
	geometry IndexedLineSet {
		coord Coordinate {
			point [
				-142.024 -314.504 -934.291,
				-142.024 -314.504 -934.291,
			]
		}
		coordIndex [
			0, 1, -1
		]
	}
}
#---------- POLYLINE
Shape {
	appearance Appearance {
		material Material {
			diffuseColor 1 0 0
			emissiveColor 1 0 0
		}
	}
	geometry IndexedLineSet {
		coord Coordinate {
			point [
				-142.024 -314.504 -934.291,
				-142.024 -314.504 -934.291,
			]
		}
		coordIndex [
			0, 1, -1
		]
	}
}
#---------- POLYLINE
Shape {
	appearance Appearance {
		material Material {
			diffuseColor 0 1 0
			emissiveColor 0 1 0
		}
	}
	geometry IndexedLineSet {
		coord Coordinate {
			point [
				-142.024 -314.504 -934.291,
				-142.064 -314.501 -934.323,
			]
		}
		coordIndex [
			0, 1, -1
		]
	}
}
#---------- POLYLINE
Shape {
	appearance Appearance {
		material Material {
			diffuseColor 1 0 0
			emissiveColor 1 0 0
		}
	}
	geometry IndexedLineSet {
		coord Coordinate {
			point [
				-142.064 -314.501 -934.323,
				-142.064 -314.501 -934.323,
			]
		}
		coordIndex [
			0, 1, -1
		]
	}
}
#---------- POLYLINE
Shape {
	appearance Appearance {
		material Material {
			diffuseColor 1 0 0
			emissiveColor 1 0 0
		}
	}
	geometry IndexedLineSet {
		coord Coordinate {
			point [
				-142.064 -314.501 -934.323,
				-142.064 -314.501 -934.323,
			]
		}
		coordIndex [
			0, 1, -1
		]
	}
}
#---------- POLYLINE
Shape {
	appearance Appearance {
		material Material {
			diffuseColor 1 0 0
			emissiveColor 1 0 0
		}
	}
	geometry IndexedLineSet {
		coord Coordinate {
			point [
				-142.064 -314.501 -934.323,
				-142.064 -314.501 -934.323,
			]
		}
		coordIndex [
			0, 1, -1
		]
	}
}
#---------- POLYLINE
Shape {
	appearance Appearance {
		material Material {
			diffuseColor 1 0 0
			emissiveColor 1 0 0
		}
	}
	geometry IndexedLineSet {
		coord Coordinate {
			point [
				-142.064 -314.501 -934.323,
				-142.064 -314.501 -934.323,
			]
		}
		coordIndex [
			0, 1, -1
		]
	}
}
#---------- POLYLINE
Shape {
	appearance Appearance {
		material Material {
			diffuseColor 1 0 0
			emissiveColor 1 0 0
		}
	}
	geometry IndexedLineSet {
		coord Coordinate {
			point [
				-142.064 -314.501 -934.323,
				-142.064 -314.501 -934.323,
			]
		}
		coordIndex [
			0, 1, -1
		]
	}
}
#---------- POLYLINE
Shape {
	appearance Appearance {
		material Material {
			diffuseColor 1 0 0
			emissiveColor 1 0 0
		}
	}
	geometry IndexedLineSet {
		coord Coordinate {
			point [
				-142.064 -314.501 -934.323,
				-142.064 -314.501 -934.323,
			]
		}
		coordIndex [
			0, 1, -1
		]
	}
}
#---------- POLYLINE
Shape {
	appearance Appearance {
		material Material {
			diffuseColor 1 0 0
			emissiveColor 1 0 0
		}
	}
	geometry IndexedLineSet {
		coord Coordinate {
			point [
				-142.064 -314.501 -934.323,
				-142.064 -314.501 -934.323,
			]
		}
		coordIndex [
			0, 1, -1
		]
	}
}
#---------- POLYLINE
Shape {
	appearance Appearance {
		material Material {
			diffuseColor 1 0 0
			emissiveColor 1 0 0
		}
	}
	geometry IndexedLineSet {
		coord Coordinate {
			point [
				-142.064 -314.501 -934.323,
				-142.064 -314.501 -934.323,
			]
		}
		coordIndex [
			0, 1, -1
		]
	}
}
#---------- POLYLINE
Shape {
	appearance Appearance {
		material Material {
			diffuseColor 1 0 0
			emissiveColor 1 0 0
		}
	}
	geometry IndexedLineSet {
		coord Coordinate {
			point [
				-142.064 -314.501 -934.323,
				-142.064 -314.501 -934.323,
			]
		}
		coordIndex [
			0, 1, -1
		]
	}
}
#---------- POLYLINE
Shape {
	appearance Appearance {
		material Material {
			diffuseColor 1 0 0
			emissiveColor 1 0 0
		}
	}
	geometry IndexedLineSet {
		coord Coordinate {
			point [
				-142.064 -314.501 -934.323,
				-142.064 -314.501 -934.323,
			]
		}
		coordIndex [
			0, 1, -1
		]
	}
}
#---------- POLYLINE
Shape {
	appearance Appearance {
		material Material {
			diffuseColor 1 0 0
			emissiveColor 1 0 0
		}
	}
	geometry IndexedLineSet {
		coord Coordinate {
			point [
				-142.064 -314.501 -934.323,
				-142.064 -314.501 -934.323,
			]
		}
		coordIndex [
			0, 1, -1
		]
	}
}
#---------- POLYLINE
Shape {
	appearance Appearance {
		material Material {
			diffuseColor 1 0 0
			emissiveColor 1 0 0
		}
	}
	geometry IndexedLineSet {
		coord Coordinate {
			point [
				-142.064 -314.501 -934.323,
				-142.064 -314.501 -934.323,
			]
		}
		coordIndex [
			0, 1, -1
		]
	}
}
#---------- POLYLINE
Shape {
	appearance Appearance {
		material Material {
			diffuseColor 1 0 0
			emissiveColor 1 0 0
		}
	}
	geometry IndexedLineSet {
		coord Coordinate {
			point [
				-142.064 -314.501 -934.323,
				-142.064 -314.501 -934.323,
			]
		}
		coordIndex [
			0, 1, -1
		]
	}
}
#---------- POLYLINE
Shape {
	appearance Appearance {
		material Material {
			diffuseColor 1 0 0
			emissiveColor 1 0 0
		}
	}
	geometry IndexedLineSet {
		coord Coordinate {
			point [
				-142.064 -314.501 -934.323,
				-142.064 -314.501 -934.323,
			]
		}
		coordIndex [
			0, 1, -1
		]
	}
}
#---------- POLYLINE
Shape {
	appearance Appearance {
		material Material {
			diffuseColor 1 0 0
			emissiveColor 1 0 0
		}
	}
	geometry IndexedLineSet {
		coord Coordinate {
			point [
				-142.064 -314.501 -934.323,
				-142.064 -314.501 -934.323,
			]
		}
		coordIndex [
			0, 1, -1
		]
	}
}
#---------- POLYLINE
Shape {
	appearance Appearance {
		material Material {
			diffuseColor 1 0 0
			emissiveColor 1 0 0
		}
	}
	geometry IndexedLineSet {
		coord Coordinate {
			point [
				-142.064 -314.501 -934.323,
				-142.064 -314.501 -934.323,
			]
		}
		coordIndex [
			0, 1, -1
		]
	}
}
#---------- POLYLINE
Shape {
	appearance Appearance {
		material Material {
			diffuseColor 1 0 0
			emissiveColor 1 0 0
		}
	}
	geometry IndexedLineSet {
		coord Coordinate {
			point [
				-142.064 -314.501 -934.323,
				-142.065 -314.5 -934.323,
			]
		}
		coordIndex [
			0, 1, -1
		]
	}
}
#---------- POLYLINE
Shape {
	appearance Appearance {
		material Material {
			diffuseColor 1 0 0
			emissiveColor 1 0 0
		}
	}
	geometry IndexedLineSet {
		coord Coordinate {
			point [
				-142.024 -314.504 -934.291,
				-142.003 -314.532 -934.279,
			]
		}
		coordIndex [
			0, 1, -1
		]
	}
}
#---------- POLYLINE
Shape {
	appearance Appearance {
		material Material {
			diffuseColor 1 0 0
			emissiveColor 1 0 0
		}
	}
	geometry IndexedLineSet {
		coord Coordinate {
			point [
				-143.114 -313.783 -934.236,
				-143.112 -313.781 -934.242,
			]
		}
		coordIndex [
			0, 1, -1
		]
	}
}
#---------- POLYLINE
Shape {
	appearance Appearance {
		material Material {
			diffuseColor 1 0 0
			emissiveColor 1 0 0
		}
	}
	geometry IndexedLineSet {
		coord Coordinate {
			point [
				-169.947 -305.097 -919.263,
				-169.95 -305.1 -919.271,
			]
		}
		coordIndex [
			0, 1, -1
		]
	}
}
#---------- POLYLINE
Shape {
	appearance Appearance {
		material Material {
			diffuseColor 1 0 0
			emissiveColor 1 0 0
		}
	}
	geometry IndexedLineSet {
		coord Coordinate {
			point [
				-179.993 -298.712 -904.245,
				-179.979 -298.717 -904.24,
			]
		}
		coordIndex [
			0, 1, -1
		]
	}
}
#---------- POLYLINE
Shape {
	appearance Appearance {
		material Material {
			diffuseColor 0 1 0
			emissiveColor 0 1 0
		}
	}
	geometry IndexedLineSet {
		coord Coordinate {
			point [
				-202.408 -287.091 -891.072,
				-273.702 -320 -882.288,
				-3500 -1809.22 -484.813,
			]
		}
		coordIndex [
			0, 1, 2, -1
		]
	}
}
#---------- POLYLINE
Shape {
	appearance Appearance {
		material Material {
			diffuseColor 0 1 0
			emissiveColor 0 1 0
		}
	}
	geometry IndexedLineSet {
		coord Coordinate {
			point [
				-202.408 -287.091 -891.072,
				-207.324 -284.111 -897.208,
				-209.894 -283.35 -895.956,
			]
		}
		coordIndex [
			0, 1, 2, -1
		]
	}
}
#---------- POLYLINE
Shape {
	appearance Appearance {
		material Material {
			diffuseColor 1 0 0
			emissiveColor 1 0 0
		}
	}
	geometry IndexedLineSet {
		coord Coordinate {
			point [
				-209.894 -283.35 -895.956,
				-209.894 -283.35 -895.956,
			]
		}
		coordIndex [
			0, 1, -1
		]
	}
}
#---------- POLYLINE
Shape {
	appearance Appearance {
		material Material {
			diffuseColor 1 0 0
			emissiveColor 1 0 0
		}
	}
	geometry IndexedLineSet {
		coord Coordinate {
			point [
				-209.894 -283.35 -895.956,
				-209.894 -283.35 -895.956,
			]
		}
		coordIndex [
			0, 1, -1
		]
	}
}
#---------- POLYLINE
Shape {
	appearance Appearance {
		material Material {
			diffuseColor 1 0 0
			emissiveColor 1 0 0
		}
	}
	geometry IndexedLineSet {
		coord Coordinate {
			point [
				-209.894 -283.35 -895.956,
				-209.894 -283.35 -895.956,
			]
		}
		coordIndex [
			0, 1, -1
		]
	}
}
#---------- POLYLINE
Shape {
	appearance Appearance {
		material Material {
			diffuseColor 1 0 0
			emissiveColor 1 0 0
		}
	}
	geometry IndexedLineSet {
		coord Coordinate {
			point [
				-209.894 -283.35 -895.956,
				-209.894 -283.35 -895.956,
			]
		}
		coordIndex [
			0, 1, -1
		]
	}
}
#---------- POLYLINE
Shape {
	appearance Appearance {
		material Material {
			diffuseColor 1 0 0
			emissiveColor 1 0 0
		}
	}
	geometry IndexedLineSet {
		coord Coordinate {
			point [
				-209.894 -283.35 -895.956,
				-209.894 -283.35 -895.956,
			]
		}
		coordIndex [
			0, 1, -1
		]
	}
}
#---------- POLYLINE
Shape {
	appearance Appearance {
		material Material {
			diffuseColor 1 0 0
			emissiveColor 1 0 0
		}
	}
	geometry IndexedLineSet {
		coord Coordinate {
			point [
				-209.894 -283.35 -895.956,
				-209.894 -283.35 -895.956,
			]
		}
		coordIndex [
			0, 1, -1
		]
	}
}
#---------- POLYLINE
Shape {
	appearance Appearance {
		material Material {
			diffuseColor 1 0 0
			emissiveColor 1 0 0
		}
	}
	geometry IndexedLineSet {
		coord Coordinate {
			point [
				-209.894 -283.35 -895.956,
				-209.894 -283.35 -895.956,
			]
		}
		coordIndex [
			0, 1, -1
		]
	}
}
#---------- POLYLINE
Shape {
	appearance Appearance {
		material Material {
			diffuseColor 1 0 0
			emissiveColor 1 0 0
		}
	}
	geometry IndexedLineSet {
		coord Coordinate {
			point [
				-209.894 -283.35 -895.956,
				-209.894 -283.35 -895.956,
			]
		}
		coordIndex [
			0, 1, -1
		]
	}
}
#---------- POLYLINE
Shape {
	appearance Appearance {
		material Material {
			diffuseColor 1 0 0
			emissiveColor 1 0 0
		}
	}
	geometry IndexedLineSet {
		coord Coordinate {
			point [
				-209.894 -283.35 -895.956,
				-209.894 -283.35 -895.956,
			]
		}
		coordIndex [
			0, 1, -1
		]
	}
}
#---------- POLYLINE
Shape {
	appearance Appearance {
		material Material {
			diffuseColor 0 1 0
			emissiveColor 0 1 0
		}
	}
	geometry IndexedLineSet {
		coord Coordinate {
			point [
				-209.894 -283.35 -895.956,
				-209.893 -283.35 -895.957,
			]
		}
		coordIndex [
			0, 1, -1
		]
	}
}
#---------- POLYLINE
Shape {
	appearance Appearance {
		material Material {
			diffuseColor 1 0 0
			emissiveColor 1 0 0
		}
	}
	geometry IndexedLineSet {
		coord Coordinate {
			point [
				-209.893 -283.35 -895.957,
				-209.893 -283.35 -895.957,
			]
		}
		coordIndex [
			0, 1, -1
		]
	}
}
#---------- POLYLINE
Shape {
	appearance Appearance {
		material Material {
			diffuseColor 1 0 0
			emissiveColor 1 0 0
		}
	}
	geometry IndexedLineSet {
		coord Coordinate {
			point [
				-209.893 -283.35 -895.957,
				-209.893 -283.35 -895.957,
			]
		}
		coordIndex [
			0, 1, -1
		]
	}
}
#---------- POLYLINE
Shape {
	appearance Appearance {
		material Material {
			diffuseColor 1 0 0
			emissiveColor 1 0 0
		}
	}
	geometry IndexedLineSet {
		coord Coordinate {
			point [
				-209.893 -283.35 -895.957,
				-209.893 -283.35 -895.957,
			]
		}
		coordIndex [
			0, 1, -1
		]
	}
}
#---------- POLYLINE
Shape {
	appearance Appearance {
		material Material {
			diffuseColor 1 0 0
			emissiveColor 1 0 0
		}
	}
	geometry IndexedLineSet {
		coord Coordinate {
			point [
				-209.893 -283.35 -895.957,
				-209.893 -283.35 -895.957,
			]
		}
		coordIndex [
			0, 1, -1
		]
	}
}
#---------- POLYLINE
Shape {
	appearance Appearance {
		material Material {
			diffuseColor 1 0 0
			emissiveColor 1 0 0
		}
	}
	geometry IndexedLineSet {
		coord Coordinate {
			point [
				-209.893 -283.35 -895.957,
				-209.893 -283.35 -895.957,
			]
		}
		coordIndex [
			0, 1, -1
		]
	}
}
#---------- POLYLINE
Shape {
	appearance Appearance {
		material Material {
			diffuseColor 1 0 0
			emissiveColor 1 0 0
		}
	}
	geometry IndexedLineSet {
		coord Coordinate {
			point [
				-209.893 -283.35 -895.957,
				-209.893 -283.35 -895.957,
			]
		}
		coordIndex [
			0, 1, -1
		]
	}
}
#---------- POLYLINE
Shape {
	appearance Appearance {
		material Material {
			diffuseColor 1 0 0
			emissiveColor 1 0 0
		}
	}
	geometry IndexedLineSet {
		coord Coordinate {
			point [
				-209.893 -283.35 -895.957,
				-209.893 -283.35 -895.957,
			]
		}
		coordIndex [
			0, 1, -1
		]
	}
}
#---------- POLYLINE
Shape {
	appearance Appearance {
		material Material {
			diffuseColor 1 0 0
			emissiveColor 1 0 0
		}
	}
	geometry IndexedLineSet {
		coord Coordinate {
			point [
				-209.893 -283.35 -895.957,
				-209.893 -283.35 -895.957,
			]
		}
		coordIndex [
			0, 1, -1
		]
	}
}
#---------- POLYLINE
Shape {
	appearance Appearance {
		material Material {
			diffuseColor 1 0 0
			emissiveColor 1 0 0
		}
	}
	geometry IndexedLineSet {
		coord Coordinate {
			point [
				-209.893 -283.35 -895.957,
				-209.893 -283.35 -895.957,
			]
		}
		coordIndex [
			0, 1, -1
		]
	}
}
#---------- POLYLINE
Shape {
	appearance Appearance {
		material Material {
			diffuseColor 1 0 0
			emissiveColor 1 0 0
		}
	}
	geometry IndexedLineSet {
		coord Coordinate {
			point [
				-209.893 -283.35 -895.957,
				-209.893 -283.35 -895.957,
			]
		}
		coordIndex [
			0, 1, -1
		]
	}
}
#---------- POLYLINE
Shape {
	appearance Appearance {
		material Material {
			diffuseColor 1 0 0
			emissiveColor 1 0 0
		}
	}
	geometry IndexedLineSet {
		coord Coordinate {
			point [
				-209.893 -283.35 -895.957,
				-209.893 -283.35 -895.957,
			]
		}
		coordIndex [
			0, 1, -1
		]
	}
}
#---------- POLYLINE
Shape {
	appearance Appearance {
		material Material {
			diffuseColor 1 0 0
			emissiveColor 1 0 0
		}
	}
	geometry IndexedLineSet {
		coord Coordinate {
			point [
				-209.894 -283.35 -895.956,
				-209.894 -283.35 -895.956,
			]
		}
		coordIndex [
			0, 1, -1
		]
	}
}
#---------- POLYLINE
Shape {
	appearance Appearance {
		material Material {
			diffuseColor 1 0 0
			emissiveColor 1 0 0
		}
	}
	geometry IndexedLineSet {
		coord Coordinate {
			point [
				-209.894 -283.35 -895.956,
				-209.903 -283.354 -895.934,
			]
		}
		coordIndex [
			0, 1, -1
		]
	}
}
#---------- POLYLINE
Shape {
	appearance Appearance {
		material Material {
			diffuseColor 1 0 0
			emissiveColor 1 0 0
		}
	}
	geometry IndexedLineSet {
		coord Coordinate {
			point [
				-207.324 -284.111 -897.208,
				-207.401 -284.053 -897.364,
				-207.418 -284.038 -897.336,
			]
		}
		coordIndex [
			0, 1, 2, -1
		]
	}
}
#---------- POLYLINE
Shape {
	appearance Appearance {
		material Material {
			diffuseColor 0 1 0
			emissiveColor 0 1 0
		}
	}
	geometry IndexedLineSet {
		coord Coordinate {
			point [
				-202.408 -287.091 -891.072,
				-196.345 -283.224 -916.332,
				-191.786 -282.109 -940,
				-186.391 -280.789 -968,
				-185.621 -280.601 -972,
				-184.079 -280.224 -980,
				-176.373 -278.339 -1020,
				-174.832 -277.962 -1028,
				-174.061 -277.773 -1032,
				-6.8385 -236.866 -1900,
				31.6921 -227.44 -2100,
				201.227 -185.968 -2980,
				208.933 -184.083 -3020,
				590.386 -90.7696 -5000,
			]
		}
		coordIndex [
			0, 1, 2, 3, 4, 5, 6, 7, 8, 9, 
			10, 11, 12, 13, -1
		]
	}
}
#---------- POLYLINE
Shape {
	appearance Appearance {
		material Material {
			diffuseColor 0 1 0
			emissiveColor 0 1 0
		}
	}
	geometry IndexedLineSet {
		coord Coordinate {
			point [
				-202.408 -287.091 -891.072,
				-201.89 -315.776 -888.302,
				-201.365 -320 -887.933,
				379.959 -5000 -478.599,
			]
		}
		coordIndex [
			0, 1, 2, 3, -1
		]
	}
}
#End of file.
