#VRML V2.0 utf8
# Generated by VRML 2.0 driver of GEANT4


#---------- CAMERA
Viewpoint {
	position 0 0 15779.7
}

#---------- SOLID: World.0
	Shape {
		appearance Appearance {
			material Material {
				diffuseColor 1 1 1
				transparency 0.7
			}
		}
		geometry IndexedFaceSet {
			coord Coordinate {
				point [
					-3500 -5000 -5000,
					3500 -5000 -5000,
					3500 5000 -5000,
					-3500 5000 -5000,
					-3500 -5000 5000,
					3500 -5000 5000,
					3500 5000 5000,
					-3500 5000 5000,
				]
			}
			coordIndex [
				0, 3, 2, 1, -1,
				4, 7, 3, 0, -1,
				7, 6, 2, 3, -1,
				6, 5, 1, 2, -1,
				5, 4, 0, 1, -1,
				4, 5, 6, 7, -1,
			]
			solid FALSE
		}
	}
#---------- SOLID: LeadBrickI.0
	Shape {
		appearance Appearance {
			material Material {
				diffuseColor 0 0 0
				transparency 0.7
			}
		}
		geometry IndexedFaceSet {
			coord Coordinate {
				point [
					-320 -320 -940,
					320 -320 -940,
					320 320 -940,
					-320 320 -940,
					-320 -320 -880,
					320 -320 -880,
					320 320 -880,
					-320 320 -880,
				]
			}
			coordIndex [
				0, 3, 2, 1, -1,
				4, 7, 3, 0, -1,
				7, 6, 2, 3, -1,
				6, 5, 1, 2, -1,
				5, 4, 0, 1, -1,
				4, 5, 6, 7, -1,
			]
			solid FALSE
		}
	}
#---------- SOLID: IronCoverI.0
	Shape {
		appearance Appearance {
			material Material {
				diffuseColor 1 0 0
				transparency 0.7
			}
		}
		geometry IndexedFaceSet {
			coord Coordinate {
				point [
					-320 -320 -972,
					320 -320 -972,
					320 320 -972,
					-320 320 -972,
					-320 -320 -968,
					320 -320 -968,
					320 320 -968,
					-320 320 -968,
				]
			}
			coordIndex [
				0, 3, 2, 1, -1,
				4, 7, 3, 0, -1,
				7, 6, 2, 3, -1,
				6, 5, 1, 2, -1,
				5, 4, 0, 1, -1,
				4, 5, 6, 7, -1,
			]
			solid FALSE
		}
	}
#---------- SOLID: IronCoverII.0
	Shape {
		appearance Appearance {
			material Material {
				diffuseColor 1 0 0
				transparency 0.7
			}
		}
		geometry IndexedFaceSet {
			coord Coordinate {
				point [
					-320 -320 -1032,
					320 -320 -1032,
					320 320 -1032,
					-320 320 -1032,
					-320 -320 -1028,
					320 -320 -1028,
					320 320 -1028,
					-320 320 -1028,
				]
			}
			coordIndex [
				0, 3, 2, 1, -1,
				4, 7, 3, 0, -1,
				7, 6, 2, 3, -1,
				6, 5, 1, 2, -1,
				5, 4, 0, 1, -1,
				4, 5, 6, 7, -1,
			]
			solid FALSE
		}
	}
#---------- SOLID: IronCoverIII.0
	Shape {
		appearance Appearance {
			material Material {
				diffuseColor 1 0 0
				transparency 0.7
			}
		}
		geometry IndexedFaceSet {
			coord Coordinate {
				point [
					-320 -320 -1999,
					320 -320 -1999,
					320 320 -1999,
					-320 320 -1999,
					-320 -320 -1995,
					320 -320 -1995,
					320 320 -1995,
					-320 320 -1995,
				]
			}
			coordIndex [
				0, 3, 2, 1, -1,
				4, 7, 3, 0, -1,
				7, 6, 2, 3, -1,
				6, 5, 1, 2, -1,
				5, 4, 0, 1, -1,
				4, 5, 6, 7, -1,
			]
			solid FALSE
		}
	}
#---------- SOLID: IronCoverIV.0
	Shape {
		appearance Appearance {
			material Material {
				diffuseColor 1 0 0
				transparency 0.7
			}
		}
		geometry IndexedFaceSet {
			coord Coordinate {
				point [
					-320 -320 -2005,
					320 -320 -2005,
					320 320 -2005,
					-320 320 -2005,
					-320 -320 -2001,
					320 -320 -2001,
					320 320 -2001,
					-320 320 -2001,
				]
			}
			coordIndex [
				0, 3, 2, 1, -1,
				4, 7, 3, 0, -1,
				7, 6, 2, 3, -1,
				6, 5, 1, 2, -1,
				5, 4, 0, 1, -1,
				4, 5, 6, 7, -1,
			]
			solid FALSE
		}
	}
#---------- SOLID: Enclosure.0
	Shape {
		appearance Appearance {
			material Material {
				diffuseColor 1 1 1
				transparency 0.7
			}
		}
		geometry IndexedFaceSet {
			coord Coordinate {
				point [
					-281.35 -281.35 -1020,
					281.35 -281.35 -1020,
					281.35 281.35 -1020,
					-281.35 281.35 -1020,
					-281.35 -281.35 -980,
					281.35 -281.35 -980,
					281.35 281.35 -980,
					-281.35 281.35 -980,
				]
			}
			coordIndex [
				0, 3, 2, 1, -1,
				4, 7, 3, 0, -1,
				7, 6, 2, 3, -1,
				6, 5, 1, 2, -1,
				5, 4, 0, 1, -1,
				4, 5, 6, 7, -1,
			]
			solid FALSE
		}
	}
#---------- SOLID: Casing_1.1
	Shape {
		appearance Appearance {
			material Material {
				diffuseColor 1 1 1
				transparency 0.7
			}
		}
		geometry IndexedFaceSet {
			coord Coordinate {
				point [
					-281.35 -281.35 -1020,
					281.35 -281.35 -1020,
					281.35 281.35 -1020,
					-281.35 281.35 -1020,
					-281.35 -281.35 -980,
					281.35 -281.35 -980,
					281.35 281.35 -980,
					-281.35 281.35 -980,
				]
			}
			coordIndex [
				0, 3, 2, 1, -1,
				4, 7, 3, 0, -1,
				7, 6, 2, 3, -1,
				6, 5, 1, 2, -1,
				5, 4, 0, 1, -1,
				4, 5, 6, 7, -1,
			]
			solid FALSE
		}
	}
#---------- SOLID: BarCoating_X.101
	Shape {
		appearance Appearance {
			material Material {
				diffuseColor 1 1 1
				transparency 0.7
			}
		}
		geometry IndexedFaceSet {
			coord Coordinate {
				point [
					-100.25 -100.375 -999.25,
					100.25 -100.375 -999.25,
					100.25 100.125 -999.25,
					-100.25 100.125 -999.25,
					-100.25 -100.375 -988.75,
					100.25 -100.375 -988.75,
					100.25 100.125 -988.75,
					-100.25 100.125 -988.75,
				]
			}
			coordIndex [
				0, 3, 2, 1, -1,
				4, 7, 3, 0, -1,
				7, 6, 2, 3, -1,
				6, 5, 1, 2, -1,
				5, 4, 0, 1, -1,
				4, 5, 6, 7, -1,
			]
			solid FALSE
		}
	}
#---------- SOLID: BarScin_X.101
	Shape {
		appearance Appearance {
			material Material {
				diffuseColor 1 1 1
				transparency 0.7
			}
		}
		geometry IndexedFaceSet {
			coord Coordinate {
				point [
					-100 -100.125 -999,
					100 -100.125 -999,
					100 99.875 -999,
					-100 99.875 -999,
					-100 -100.125 -989,
					100 -100.125 -989,
					100 99.875 -989,
					-100 99.875 -989,
				]
			}
			coordIndex [
				0, 3, 2, 1, -1,
				4, 7, 3, 0, -1,
				7, 6, 2, 3, -1,
				6, 5, 1, 2, -1,
				5, 4, 0, 1, -1,
				4, 5, 6, 7, -1,
			]
			solid FALSE
		}
	}
#---------- SOLID: FiberClad2_X.101
	Shape {
		appearance Appearance {
			material Material {
				diffuseColor 0 1 0
				transparency 0.7
			}
		}
		geometry IndexedFaceSet {
			coord Coordinate {
				point [
					-99.4 -0.125 -991.5,
					-99.4 0.185583 -991.541,
					-99.4 0.475 -991.661,
					-99.4 0.723528 -991.851,
					-99.4 0.91423 -992.1,
					-99.4 1.03411 -992.389,
					-99.4 1.075 -992.7,
					-99.4 1.03411 -993.011,
					-99.4 0.91423 -993.3,
					-99.4 0.723528 -993.549,
					-99.4 0.475 -993.739,
					-99.4 0.185583 -993.859,
					-99.4 -0.125 -993.9,
					-99.4 -0.435583 -993.859,
					-99.4 -0.725 -993.739,
					-99.4 -0.973528 -993.549,
					-99.4 -1.16423 -993.3,
					-99.4 -1.28411 -993.011,
					-99.4 -1.325 -992.7,
					-99.4 -1.28411 -992.389,
					-99.4 -1.16423 -992.1,
					-99.4 -0.973528 -991.851,
					-99.4 -0.725 -991.661,
					-99.4 -0.435583 -991.541,
					99.4 -0.125 -991.5,
					99.4 0.185583 -991.541,
					99.4 0.475 -991.661,
					99.4 0.723528 -991.851,
					99.4 0.91423 -992.1,
					99.4 1.03411 -992.389,
					99.4 1.075 -992.7,
					99.4 1.03411 -993.011,
					99.4 0.91423 -993.3,
					99.4 0.723528 -993.549,
					99.4 0.475 -993.739,
					99.4 0.185583 -993.859,
					99.4 -0.125 -993.9,
					99.4 -0.435583 -993.859,
					99.4 -0.725 -993.739,
					99.4 -0.973528 -993.549,
					99.4 -1.16423 -993.3,
					99.4 -1.28411 -993.011,
					99.4 -1.325 -992.7,
					99.4 -1.28411 -992.389,
					99.4 -1.16423 -992.1,
					99.4 -0.973528 -991.851,
					99.4 -0.725 -991.661,
					99.4 -0.435583 -991.541,
					-99.4 -0.125 -992.7,
					99.4 -0.125 -992.7,
				]
			}
			coordIndex [
				0, 24, 25, 1, -1,
				1, 25, 26, 2, -1,
				2, 26, 27, 3, -1,
				3, 27, 28, 4, -1,
				4, 28, 29, 5, -1,
				5, 29, 30, 6, -1,
				6, 30, 31, 7, -1,
				7, 31, 32, 8, -1,
				8, 32, 33, 9, -1,
				9, 33, 34, 10, -1,
				10, 34, 35, 11, -1,
				11, 35, 36, 12, -1,
				12, 36, 37, 13, -1,
				13, 37, 38, 14, -1,
				14, 38, 39, 15, -1,
				15, 39, 40, 16, -1,
				16, 40, 41, 17, -1,
				17, 41, 42, 18, -1,
				18, 42, 43, 19, -1,
				19, 43, 44, 20, -1,
				20, 44, 45, 21, -1,
				21, 45, 46, 22, -1,
				22, 46, 47, 23, -1,
				23, 47, 24, 0, -1,
				48, 0, 1, -1,
				48, 1, 2, -1,
				48, 2, 3, -1,
				48, 3, 4, -1,
				48, 4, 5, -1,
				48, 5, 6, -1,
				48, 6, 7, -1,
				48, 7, 8, -1,
				48, 8, 9, -1,
				48, 9, 10, -1,
				48, 10, 11, -1,
				48, 11, 12, -1,
				48, 12, 13, -1,
				48, 13, 14, -1,
				48, 14, 15, -1,
				48, 15, 16, -1,
				48, 16, 17, -1,
				48, 17, 18, -1,
				48, 18, 19, -1,
				48, 19, 20, -1,
				48, 20, 21, -1,
				48, 21, 22, -1,
				48, 22, 23, -1,
				48, 23, 0, -1,
				24, 49, 25, -1,
				25, 49, 26, -1,
				26, 49, 27, -1,
				27, 49, 28, -1,
				28, 49, 29, -1,
				29, 49, 30, -1,
				30, 49, 31, -1,
				31, 49, 32, -1,
				32, 49, 33, -1,
				33, 49, 34, -1,
				34, 49, 35, -1,
				35, 49, 36, -1,
				36, 49, 37, -1,
				37, 49, 38, -1,
				38, 49, 39, -1,
				39, 49, 40, -1,
				40, 49, 41, -1,
				41, 49, 42, -1,
				42, 49, 43, -1,
				43, 49, 44, -1,
				44, 49, 45, -1,
				45, 49, 46, -1,
				46, 49, 47, -1,
				47, 49, 24, -1,
			]
			solid FALSE
		}
	}
#---------- SOLID: FiberClad1_X.101
	Shape {
		appearance Appearance {
			material Material {
				diffuseColor 0 1 0
				transparency 0.7
			}
		}
		geometry IndexedFaceSet {
			coord Coordinate {
				point [
					-99.4 -0.125 -991.6,
					-99.4 0.159701 -991.637,
					-99.4 0.425 -991.747,
					-99.4 0.652817 -991.922,
					-99.4 0.827628 -992.15,
					-99.4 0.937518 -992.415,
					-99.4 0.975 -992.7,
					-99.4 0.937518 -992.985,
					-99.4 0.827628 -993.25,
					-99.4 0.652817 -993.478,
					-99.4 0.425 -993.653,
					-99.4 0.159701 -993.763,
					-99.4 -0.125 -993.8,
					-99.4 -0.409701 -993.763,
					-99.4 -0.675 -993.653,
					-99.4 -0.902817 -993.478,
					-99.4 -1.07763 -993.25,
					-99.4 -1.18752 -992.985,
					-99.4 -1.225 -992.7,
					-99.4 -1.18752 -992.415,
					-99.4 -1.07763 -992.15,
					-99.4 -0.902817 -991.922,
					-99.4 -0.675 -991.747,
					-99.4 -0.409701 -991.637,
					99.4 -0.125 -991.6,
					99.4 0.159701 -991.637,
					99.4 0.425 -991.747,
					99.4 0.652817 -991.922,
					99.4 0.827628 -992.15,
					99.4 0.937518 -992.415,
					99.4 0.975 -992.7,
					99.4 0.937518 -992.985,
					99.4 0.827628 -993.25,
					99.4 0.652817 -993.478,
					99.4 0.425 -993.653,
					99.4 0.159701 -993.763,
					99.4 -0.125 -993.8,
					99.4 -0.409701 -993.763,
					99.4 -0.675 -993.653,
					99.4 -0.902817 -993.478,
					99.4 -1.07763 -993.25,
					99.4 -1.18752 -992.985,
					99.4 -1.225 -992.7,
					99.4 -1.18752 -992.415,
					99.4 -1.07763 -992.15,
					99.4 -0.902817 -991.922,
					99.4 -0.675 -991.747,
					99.4 -0.409701 -991.637,
					-99.4 -0.125 -992.7,
					99.4 -0.125 -992.7,
				]
			}
			coordIndex [
				0, 24, 25, 1, -1,
				1, 25, 26, 2, -1,
				2, 26, 27, 3, -1,
				3, 27, 28, 4, -1,
				4, 28, 29, 5, -1,
				5, 29, 30, 6, -1,
				6, 30, 31, 7, -1,
				7, 31, 32, 8, -1,
				8, 32, 33, 9, -1,
				9, 33, 34, 10, -1,
				10, 34, 35, 11, -1,
				11, 35, 36, 12, -1,
				12, 36, 37, 13, -1,
				13, 37, 38, 14, -1,
				14, 38, 39, 15, -1,
				15, 39, 40, 16, -1,
				16, 40, 41, 17, -1,
				17, 41, 42, 18, -1,
				18, 42, 43, 19, -1,
				19, 43, 44, 20, -1,
				20, 44, 45, 21, -1,
				21, 45, 46, 22, -1,
				22, 46, 47, 23, -1,
				23, 47, 24, 0, -1,
				48, 0, 1, -1,
				48, 1, 2, -1,
				48, 2, 3, -1,
				48, 3, 4, -1,
				48, 4, 5, -1,
				48, 5, 6, -1,
				48, 6, 7, -1,
				48, 7, 8, -1,
				48, 8, 9, -1,
				48, 9, 10, -1,
				48, 10, 11, -1,
				48, 11, 12, -1,
				48, 12, 13, -1,
				48, 13, 14, -1,
				48, 14, 15, -1,
				48, 15, 16, -1,
				48, 16, 17, -1,
				48, 17, 18, -1,
				48, 18, 19, -1,
				48, 19, 20, -1,
				48, 20, 21, -1,
				48, 21, 22, -1,
				48, 22, 23, -1,
				48, 23, 0, -1,
				24, 49, 25, -1,
				25, 49, 26, -1,
				26, 49, 27, -1,
				27, 49, 28, -1,
				28, 49, 29, -1,
				29, 49, 30, -1,
				30, 49, 31, -1,
				31, 49, 32, -1,
				32, 49, 33, -1,
				33, 49, 34, -1,
				34, 49, 35, -1,
				35, 49, 36, -1,
				36, 49, 37, -1,
				37, 49, 38, -1,
				38, 49, 39, -1,
				39, 49, 40, -1,
				40, 49, 41, -1,
				41, 49, 42, -1,
				42, 49, 43, -1,
				43, 49, 44, -1,
				44, 49, 45, -1,
				45, 49, 46, -1,
				46, 49, 47, -1,
				47, 49, 24, -1,
			]
			solid FALSE
		}
	}
#---------- SOLID: Fiber_X.101
	Shape {
		appearance Appearance {
			material Material {
				diffuseColor 0 1 0
				transparency 0.7
			}
		}
		geometry IndexedFaceSet {
			coord Coordinate {
				point [
					-99.4 -0.125 -991.7,
					-99.4 0.133819 -991.734,
					-99.4 0.375 -991.834,
					-99.4 0.582107 -991.993,
					-99.4 0.741025 -992.2,
					-99.4 0.840926 -992.441,
					-99.4 0.875 -992.7,
					-99.4 0.840926 -992.959,
					-99.4 0.741025 -993.2,
					-99.4 0.582107 -993.407,
					-99.4 0.375 -993.566,
					-99.4 0.133819 -993.666,
					-99.4 -0.125 -993.7,
					-99.4 -0.383819 -993.666,
					-99.4 -0.625 -993.566,
					-99.4 -0.832107 -993.407,
					-99.4 -0.991025 -993.2,
					-99.4 -1.09093 -992.959,
					-99.4 -1.125 -992.7,
					-99.4 -1.09093 -992.441,
					-99.4 -0.991025 -992.2,
					-99.4 -0.832107 -991.993,
					-99.4 -0.625 -991.834,
					-99.4 -0.383819 -991.734,
					99.4 -0.125 -991.7,
					99.4 0.133819 -991.734,
					99.4 0.375 -991.834,
					99.4 0.582107 -991.993,
					99.4 0.741025 -992.2,
					99.4 0.840926 -992.441,
					99.4 0.875 -992.7,
					99.4 0.840926 -992.959,
					99.4 0.741025 -993.2,
					99.4 0.582107 -993.407,
					99.4 0.375 -993.566,
					99.4 0.133819 -993.666,
					99.4 -0.125 -993.7,
					99.4 -0.383819 -993.666,
					99.4 -0.625 -993.566,
					99.4 -0.832107 -993.407,
					99.4 -0.991025 -993.2,
					99.4 -1.09093 -992.959,
					99.4 -1.125 -992.7,
					99.4 -1.09093 -992.441,
					99.4 -0.991025 -992.2,
					99.4 -0.832107 -991.993,
					99.4 -0.625 -991.834,
					99.4 -0.383819 -991.734,
					-99.4 -0.125 -992.7,
					99.4 -0.125 -992.7,
				]
			}
			coordIndex [
				0, 24, 25, 1, -1,
				1, 25, 26, 2, -1,
				2, 26, 27, 3, -1,
				3, 27, 28, 4, -1,
				4, 28, 29, 5, -1,
				5, 29, 30, 6, -1,
				6, 30, 31, 7, -1,
				7, 31, 32, 8, -1,
				8, 32, 33, 9, -1,
				9, 33, 34, 10, -1,
				10, 34, 35, 11, -1,
				11, 35, 36, 12, -1,
				12, 36, 37, 13, -1,
				13, 37, 38, 14, -1,
				14, 38, 39, 15, -1,
				15, 39, 40, 16, -1,
				16, 40, 41, 17, -1,
				17, 41, 42, 18, -1,
				18, 42, 43, 19, -1,
				19, 43, 44, 20, -1,
				20, 44, 45, 21, -1,
				21, 45, 46, 22, -1,
				22, 46, 47, 23, -1,
				23, 47, 24, 0, -1,
				48, 0, 1, -1,
				48, 1, 2, -1,
				48, 2, 3, -1,
				48, 3, 4, -1,
				48, 4, 5, -1,
				48, 5, 6, -1,
				48, 6, 7, -1,
				48, 7, 8, -1,
				48, 8, 9, -1,
				48, 9, 10, -1,
				48, 10, 11, -1,
				48, 11, 12, -1,
				48, 12, 13, -1,
				48, 13, 14, -1,
				48, 14, 15, -1,
				48, 15, 16, -1,
				48, 16, 17, -1,
				48, 17, 18, -1,
				48, 18, 19, -1,
				48, 19, 20, -1,
				48, 20, 21, -1,
				48, 21, 22, -1,
				48, 22, 23, -1,
				48, 23, 0, -1,
				24, 49, 25, -1,
				25, 49, 26, -1,
				26, 49, 27, -1,
				27, 49, 28, -1,
				28, 49, 29, -1,
				29, 49, 30, -1,
				30, 49, 31, -1,
				31, 49, 32, -1,
				32, 49, 33, -1,
				33, 49, 34, -1,
				34, 49, 35, -1,
				35, 49, 36, -1,
				36, 49, 37, -1,
				37, 49, 38, -1,
				38, 49, 39, -1,
				39, 49, 40, -1,
				40, 49, 41, -1,
				41, 49, 42, -1,
				42, 49, 43, -1,
				43, 49, 44, -1,
				44, 49, 45, -1,
				45, 49, 46, -1,
				46, 49, 47, -1,
				47, 49, 24, -1,
			]
			solid FALSE
		}
	}
#---------- SOLID: Pixel_X101.101
	Shape {
		appearance Appearance {
			material Material {
				diffuseColor 0 0 1
				transparency 0.7
			}
		}
		geometry IndexedFaceSet {
			coord Coordinate {
				point [
					99.6 -1.425 -994,
					99.6 -1.425 -991.4,
					99.6 1.175 -991.4,
					99.6 1.175 -994,
					99.4 -1.425 -994,
					99.4 -1.425 -991.4,
					99.4 1.175 -991.4,
					99.4 1.175 -994,
				]
			}
			coordIndex [
				0, 3, 2, 1, -1,
				4, 7, 3, 0, -1,
				7, 6, 2, 3, -1,
				6, 5, 1, 2, -1,
				5, 4, 0, 1, -1,
				4, 5, 6, 7, -1,
			]
			solid FALSE
		}
	}
#---------- SOLID: BarCoating_K.102
	Shape {
		appearance Appearance {
			material Material {
				diffuseColor 1 1 1
				transparency 0.7
			}
		}
		geometry IndexedFaceSet {
			coord Coordinate {
				point [
					-100.375 100.25 -1011.25,
					-100.375 -100.25 -1011.25,
					100.125 -100.25 -1011.25,
					100.125 100.25 -1011.25,
					-100.375 100.25 -1000.75,
					-100.375 -100.25 -1000.75,
					100.125 -100.25 -1000.75,
					100.125 100.25 -1000.75,
				]
			}
			coordIndex [
				0, 3, 2, 1, -1,
				4, 7, 3, 0, -1,
				7, 6, 2, 3, -1,
				6, 5, 1, 2, -1,
				5, 4, 0, 1, -1,
				4, 5, 6, 7, -1,
			]
			solid FALSE
		}
	}
#---------- SOLID: BarScin_K.102
	Shape {
		appearance Appearance {
			material Material {
				diffuseColor 1 1 1
				transparency 0.7
			}
		}
		geometry IndexedFaceSet {
			coord Coordinate {
				point [
					-100.125 100 -1011,
					-100.125 -100 -1011,
					99.875 -100 -1011,
					99.875 100 -1011,
					-100.125 100 -1001,
					-100.125 -100 -1001,
					99.875 -100 -1001,
					99.875 100 -1001,
				]
			}
			coordIndex [
				0, 3, 2, 1, -1,
				4, 7, 3, 0, -1,
				7, 6, 2, 3, -1,
				6, 5, 1, 2, -1,
				5, 4, 0, 1, -1,
				4, 5, 6, 7, -1,
			]
			solid FALSE
		}
	}
#---------- SOLID: FiberClad2_K.102
	Shape {
		appearance Appearance {
			material Material {
				diffuseColor 0 1 0
				transparency 0.7
			}
		}
		geometry IndexedFaceSet {
			coord Coordinate {
				point [
					-0.125 99.4 -1003.5,
					0.185583 99.4 -1003.54,
					0.475 99.4 -1003.66,
					0.723528 99.4 -1003.85,
					0.91423 99.4 -1004.1,
					1.03411 99.4 -1004.39,
					1.075 99.4 -1004.7,
					1.03411 99.4 -1005.01,
					0.91423 99.4 -1005.3,
					0.723528 99.4 -1005.55,
					0.475 99.4 -1005.74,
					0.185583 99.4 -1005.86,
					-0.125 99.4 -1005.9,
					-0.435583 99.4 -1005.86,
					-0.725 99.4 -1005.74,
					-0.973528 99.4 -1005.55,
					-1.16423 99.4 -1005.3,
					-1.28411 99.4 -1005.01,
					-1.325 99.4 -1004.7,
					-1.28411 99.4 -1004.39,
					-1.16423 99.4 -1004.1,
					-0.973528 99.4 -1003.85,
					-0.725 99.4 -1003.66,
					-0.435583 99.4 -1003.54,
					-0.125 -99.4 -1003.5,
					0.185583 -99.4 -1003.54,
					0.475 -99.4 -1003.66,
					0.723528 -99.4 -1003.85,
					0.91423 -99.4 -1004.1,
					1.03411 -99.4 -1004.39,
					1.075 -99.4 -1004.7,
					1.03411 -99.4 -1005.01,
					0.91423 -99.4 -1005.3,
					0.723528 -99.4 -1005.55,
					0.475 -99.4 -1005.74,
					0.185583 -99.4 -1005.86,
					-0.125 -99.4 -1005.9,
					-0.435583 -99.4 -1005.86,
					-0.725 -99.4 -1005.74,
					-0.973528 -99.4 -1005.55,
					-1.16423 -99.4 -1005.3,
					-1.28411 -99.4 -1005.01,
					-1.325 -99.4 -1004.7,
					-1.28411 -99.4 -1004.39,
					-1.16423 -99.4 -1004.1,
					-0.973528 -99.4 -1003.85,
					-0.725 -99.4 -1003.66,
					-0.435583 -99.4 -1003.54,
					-0.125 99.4 -1004.7,
					-0.125 -99.4 -1004.7,
				]
			}
			coordIndex [
				0, 24, 25, 1, -1,
				1, 25, 26, 2, -1,
				2, 26, 27, 3, -1,
				3, 27, 28, 4, -1,
				4, 28, 29, 5, -1,
				5, 29, 30, 6, -1,
				6, 30, 31, 7, -1,
				7, 31, 32, 8, -1,
				8, 32, 33, 9, -1,
				9, 33, 34, 10, -1,
				10, 34, 35, 11, -1,
				11, 35, 36, 12, -1,
				12, 36, 37, 13, -1,
				13, 37, 38, 14, -1,
				14, 38, 39, 15, -1,
				15, 39, 40, 16, -1,
				16, 40, 41, 17, -1,
				17, 41, 42, 18, -1,
				18, 42, 43, 19, -1,
				19, 43, 44, 20, -1,
				20, 44, 45, 21, -1,
				21, 45, 46, 22, -1,
				22, 46, 47, 23, -1,
				23, 47, 24, 0, -1,
				48, 0, 1, -1,
				48, 1, 2, -1,
				48, 2, 3, -1,
				48, 3, 4, -1,
				48, 4, 5, -1,
				48, 5, 6, -1,
				48, 6, 7, -1,
				48, 7, 8, -1,
				48, 8, 9, -1,
				48, 9, 10, -1,
				48, 10, 11, -1,
				48, 11, 12, -1,
				48, 12, 13, -1,
				48, 13, 14, -1,
				48, 14, 15, -1,
				48, 15, 16, -1,
				48, 16, 17, -1,
				48, 17, 18, -1,
				48, 18, 19, -1,
				48, 19, 20, -1,
				48, 20, 21, -1,
				48, 21, 22, -1,
				48, 22, 23, -1,
				48, 23, 0, -1,
				24, 49, 25, -1,
				25, 49, 26, -1,
				26, 49, 27, -1,
				27, 49, 28, -1,
				28, 49, 29, -1,
				29, 49, 30, -1,
				30, 49, 31, -1,
				31, 49, 32, -1,
				32, 49, 33, -1,
				33, 49, 34, -1,
				34, 49, 35, -1,
				35, 49, 36, -1,
				36, 49, 37, -1,
				37, 49, 38, -1,
				38, 49, 39, -1,
				39, 49, 40, -1,
				40, 49, 41, -1,
				41, 49, 42, -1,
				42, 49, 43, -1,
				43, 49, 44, -1,
				44, 49, 45, -1,
				45, 49, 46, -1,
				46, 49, 47, -1,
				47, 49, 24, -1,
			]
			solid FALSE
		}
	}
#---------- SOLID: FiberClad1_K.102
	Shape {
		appearance Appearance {
			material Material {
				diffuseColor 0 1 0
				transparency 0.7
			}
		}
		geometry IndexedFaceSet {
			coord Coordinate {
				point [
					-0.125 99.4 -1003.6,
					0.159701 99.4 -1003.64,
					0.425 99.4 -1003.75,
					0.652817 99.4 -1003.92,
					0.827628 99.4 -1004.15,
					0.937518 99.4 -1004.42,
					0.975 99.4 -1004.7,
					0.937518 99.4 -1004.98,
					0.827628 99.4 -1005.25,
					0.652817 99.4 -1005.48,
					0.425 99.4 -1005.65,
					0.159701 99.4 -1005.76,
					-0.125 99.4 -1005.8,
					-0.409701 99.4 -1005.76,
					-0.675 99.4 -1005.65,
					-0.902817 99.4 -1005.48,
					-1.07763 99.4 -1005.25,
					-1.18752 99.4 -1004.98,
					-1.225 99.4 -1004.7,
					-1.18752 99.4 -1004.42,
					-1.07763 99.4 -1004.15,
					-0.902817 99.4 -1003.92,
					-0.675 99.4 -1003.75,
					-0.409701 99.4 -1003.64,
					-0.125 -99.4 -1003.6,
					0.159701 -99.4 -1003.64,
					0.425 -99.4 -1003.75,
					0.652817 -99.4 -1003.92,
					0.827628 -99.4 -1004.15,
					0.937518 -99.4 -1004.42,
					0.975 -99.4 -1004.7,
					0.937518 -99.4 -1004.98,
					0.827628 -99.4 -1005.25,
					0.652817 -99.4 -1005.48,
					0.425 -99.4 -1005.65,
					0.159701 -99.4 -1005.76,
					-0.125 -99.4 -1005.8,
					-0.409701 -99.4 -1005.76,
					-0.675 -99.4 -1005.65,
					-0.902817 -99.4 -1005.48,
					-1.07763 -99.4 -1005.25,
					-1.18752 -99.4 -1004.98,
					-1.225 -99.4 -1004.7,
					-1.18752 -99.4 -1004.42,
					-1.07763 -99.4 -1004.15,
					-0.902817 -99.4 -1003.92,
					-0.675 -99.4 -1003.75,
					-0.409701 -99.4 -1003.64,
					-0.125 99.4 -1004.7,
					-0.125 -99.4 -1004.7,
				]
			}
			coordIndex [
				0, 24, 25, 1, -1,
				1, 25, 26, 2, -1,
				2, 26, 27, 3, -1,
				3, 27, 28, 4, -1,
				4, 28, 29, 5, -1,
				5, 29, 30, 6, -1,
				6, 30, 31, 7, -1,
				7, 31, 32, 8, -1,
				8, 32, 33, 9, -1,
				9, 33, 34, 10, -1,
				10, 34, 35, 11, -1,
				11, 35, 36, 12, -1,
				12, 36, 37, 13, -1,
				13, 37, 38, 14, -1,
				14, 38, 39, 15, -1,
				15, 39, 40, 16, -1,
				16, 40, 41, 17, -1,
				17, 41, 42, 18, -1,
				18, 42, 43, 19, -1,
				19, 43, 44, 20, -1,
				20, 44, 45, 21, -1,
				21, 45, 46, 22, -1,
				22, 46, 47, 23, -1,
				23, 47, 24, 0, -1,
				48, 0, 1, -1,
				48, 1, 2, -1,
				48, 2, 3, -1,
				48, 3, 4, -1,
				48, 4, 5, -1,
				48, 5, 6, -1,
				48, 6, 7, -1,
				48, 7, 8, -1,
				48, 8, 9, -1,
				48, 9, 10, -1,
				48, 10, 11, -1,
				48, 11, 12, -1,
				48, 12, 13, -1,
				48, 13, 14, -1,
				48, 14, 15, -1,
				48, 15, 16, -1,
				48, 16, 17, -1,
				48, 17, 18, -1,
				48, 18, 19, -1,
				48, 19, 20, -1,
				48, 20, 21, -1,
				48, 21, 22, -1,
				48, 22, 23, -1,
				48, 23, 0, -1,
				24, 49, 25, -1,
				25, 49, 26, -1,
				26, 49, 27, -1,
				27, 49, 28, -1,
				28, 49, 29, -1,
				29, 49, 30, -1,
				30, 49, 31, -1,
				31, 49, 32, -1,
				32, 49, 33, -1,
				33, 49, 34, -1,
				34, 49, 35, -1,
				35, 49, 36, -1,
				36, 49, 37, -1,
				37, 49, 38, -1,
				38, 49, 39, -1,
				39, 49, 40, -1,
				40, 49, 41, -1,
				41, 49, 42, -1,
				42, 49, 43, -1,
				43, 49, 44, -1,
				44, 49, 45, -1,
				45, 49, 46, -1,
				46, 49, 47, -1,
				47, 49, 24, -1,
			]
			solid FALSE
		}
	}
#---------- SOLID: Fiber_K.102
	Shape {
		appearance Appearance {
			material Material {
				diffuseColor 0 1 0
				transparency 0.7
			}
		}
		geometry IndexedFaceSet {
			coord Coordinate {
				point [
					-0.125 99.4 -1003.7,
					0.133819 99.4 -1003.73,
					0.375 99.4 -1003.83,
					0.582107 99.4 -1003.99,
					0.741025 99.4 -1004.2,
					0.840926 99.4 -1004.44,
					0.875 99.4 -1004.7,
					0.840926 99.4 -1004.96,
					0.741025 99.4 -1005.2,
					0.582107 99.4 -1005.41,
					0.375 99.4 -1005.57,
					0.133819 99.4 -1005.67,
					-0.125 99.4 -1005.7,
					-0.383819 99.4 -1005.67,
					-0.625 99.4 -1005.57,
					-0.832107 99.4 -1005.41,
					-0.991025 99.4 -1005.2,
					-1.09093 99.4 -1004.96,
					-1.125 99.4 -1004.7,
					-1.09093 99.4 -1004.44,
					-0.991025 99.4 -1004.2,
					-0.832107 99.4 -1003.99,
					-0.625 99.4 -1003.83,
					-0.383819 99.4 -1003.73,
					-0.125 -99.4 -1003.7,
					0.133819 -99.4 -1003.73,
					0.375 -99.4 -1003.83,
					0.582107 -99.4 -1003.99,
					0.741025 -99.4 -1004.2,
					0.840926 -99.4 -1004.44,
					0.875 -99.4 -1004.7,
					0.840926 -99.4 -1004.96,
					0.741025 -99.4 -1005.2,
					0.582107 -99.4 -1005.41,
					0.375 -99.4 -1005.57,
					0.133819 -99.4 -1005.67,
					-0.125 -99.4 -1005.7,
					-0.383819 -99.4 -1005.67,
					-0.625 -99.4 -1005.57,
					-0.832107 -99.4 -1005.41,
					-0.991025 -99.4 -1005.2,
					-1.09093 -99.4 -1004.96,
					-1.125 -99.4 -1004.7,
					-1.09093 -99.4 -1004.44,
					-0.991025 -99.4 -1004.2,
					-0.832107 -99.4 -1003.99,
					-0.625 -99.4 -1003.83,
					-0.383819 -99.4 -1003.73,
					-0.125 99.4 -1004.7,
					-0.125 -99.4 -1004.7,
				]
			}
			coordIndex [
				0, 24, 25, 1, -1,
				1, 25, 26, 2, -1,
				2, 26, 27, 3, -1,
				3, 27, 28, 4, -1,
				4, 28, 29, 5, -1,
				5, 29, 30, 6, -1,
				6, 30, 31, 7, -1,
				7, 31, 32, 8, -1,
				8, 32, 33, 9, -1,
				9, 33, 34, 10, -1,
				10, 34, 35, 11, -1,
				11, 35, 36, 12, -1,
				12, 36, 37, 13, -1,
				13, 37, 38, 14, -1,
				14, 38, 39, 15, -1,
				15, 39, 40, 16, -1,
				16, 40, 41, 17, -1,
				17, 41, 42, 18, -1,
				18, 42, 43, 19, -1,
				19, 43, 44, 20, -1,
				20, 44, 45, 21, -1,
				21, 45, 46, 22, -1,
				22, 46, 47, 23, -1,
				23, 47, 24, 0, -1,
				48, 0, 1, -1,
				48, 1, 2, -1,
				48, 2, 3, -1,
				48, 3, 4, -1,
				48, 4, 5, -1,
				48, 5, 6, -1,
				48, 6, 7, -1,
				48, 7, 8, -1,
				48, 8, 9, -1,
				48, 9, 10, -1,
				48, 10, 11, -1,
				48, 11, 12, -1,
				48, 12, 13, -1,
				48, 13, 14, -1,
				48, 14, 15, -1,
				48, 15, 16, -1,
				48, 16, 17, -1,
				48, 17, 18, -1,
				48, 18, 19, -1,
				48, 19, 20, -1,
				48, 20, 21, -1,
				48, 21, 22, -1,
				48, 22, 23, -1,
				48, 23, 0, -1,
				24, 49, 25, -1,
				25, 49, 26, -1,
				26, 49, 27, -1,
				27, 49, 28, -1,
				28, 49, 29, -1,
				29, 49, 30, -1,
				30, 49, 31, -1,
				31, 49, 32, -1,
				32, 49, 33, -1,
				33, 49, 34, -1,
				34, 49, 35, -1,
				35, 49, 36, -1,
				36, 49, 37, -1,
				37, 49, 38, -1,
				38, 49, 39, -1,
				39, 49, 40, -1,
				40, 49, 41, -1,
				41, 49, 42, -1,
				42, 49, 43, -1,
				43, 49, 44, -1,
				44, 49, 45, -1,
				45, 49, 46, -1,
				46, 49, 47, -1,
				47, 49, 24, -1,
			]
			solid FALSE
		}
	}
#---------- SOLID: Pixel_K102.102
	Shape {
		appearance Appearance {
			material Material {
				diffuseColor 0 0 1
				transparency 0.7
			}
		}
		geometry IndexedFaceSet {
			coord Coordinate {
				point [
					-1.425 -99.6 -1006,
					-1.425 -99.6 -1003.4,
					1.175 -99.6 -1003.4,
					1.175 -99.6 -1006,
					-1.425 -99.4 -1006,
					-1.425 -99.4 -1003.4,
					1.175 -99.4 -1003.4,
					1.175 -99.4 -1006,
				]
			}
			coordIndex [
				0, 3, 2, 1, -1,
				4, 7, 3, 0, -1,
				7, 6, 2, 3, -1,
				6, 5, 1, 2, -1,
				5, 4, 0, 1, -1,
				4, 5, 6, 7, -1,
			]
			solid FALSE
		}
	}
#---------- SOLID: Enclosure.1
	Shape {
		appearance Appearance {
			material Material {
				diffuseColor 1 1 1
				transparency 0.7
			}
		}
		geometry IndexedFaceSet {
			coord Coordinate {
				point [
					-281.35 -281.35 -3020,
					281.35 -281.35 -3020,
					281.35 281.35 -3020,
					-281.35 281.35 -3020,
					-281.35 -281.35 -2980,
					281.35 -281.35 -2980,
					281.35 281.35 -2980,
					-281.35 281.35 -2980,
				]
			}
			coordIndex [
				0, 3, 2, 1, -1,
				4, 7, 3, 0, -1,
				7, 6, 2, 3, -1,
				6, 5, 1, 2, -1,
				5, 4, 0, 1, -1,
				4, 5, 6, 7, -1,
			]
			solid FALSE
		}
	}
#---------- SOLID: Casing_2.2
	Shape {
		appearance Appearance {
			material Material {
				diffuseColor 1 1 1
				transparency 0.7
			}
		}
		geometry IndexedFaceSet {
			coord Coordinate {
				point [
					-281.35 -281.35 -3020,
					281.35 -281.35 -3020,
					281.35 281.35 -3020,
					-281.35 281.35 -3020,
					-281.35 -281.35 -2980,
					281.35 -281.35 -2980,
					281.35 281.35 -2980,
					-281.35 281.35 -2980,
				]
			}
			coordIndex [
				0, 3, 2, 1, -1,
				4, 7, 3, 0, -1,
				7, 6, 2, 3, -1,
				6, 5, 1, 2, -1,
				5, 4, 0, 1, -1,
				4, 5, 6, 7, -1,
			]
			solid FALSE
		}
	}
#---------- SOLID: BarCoating_X.201
	Shape {
		appearance Appearance {
			material Material {
				diffuseColor 1 1 1
				transparency 0.7
			}
		}
		geometry IndexedFaceSet {
			coord Coordinate {
				point [
					-100.25 -100.375 -2999.25,
					100.25 -100.375 -2999.25,
					100.25 100.125 -2999.25,
					-100.25 100.125 -2999.25,
					-100.25 -100.375 -2988.75,
					100.25 -100.375 -2988.75,
					100.25 100.125 -2988.75,
					-100.25 100.125 -2988.75,
				]
			}
			coordIndex [
				0, 3, 2, 1, -1,
				4, 7, 3, 0, -1,
				7, 6, 2, 3, -1,
				6, 5, 1, 2, -1,
				5, 4, 0, 1, -1,
				4, 5, 6, 7, -1,
			]
			solid FALSE
		}
	}
#---------- SOLID: BarScin_X.201
	Shape {
		appearance Appearance {
			material Material {
				diffuseColor 1 1 1
				transparency 0.7
			}
		}
		geometry IndexedFaceSet {
			coord Coordinate {
				point [
					-100 -100.125 -2999,
					100 -100.125 -2999,
					100 99.875 -2999,
					-100 99.875 -2999,
					-100 -100.125 -2989,
					100 -100.125 -2989,
					100 99.875 -2989,
					-100 99.875 -2989,
				]
			}
			coordIndex [
				0, 3, 2, 1, -1,
				4, 7, 3, 0, -1,
				7, 6, 2, 3, -1,
				6, 5, 1, 2, -1,
				5, 4, 0, 1, -1,
				4, 5, 6, 7, -1,
			]
			solid FALSE
		}
	}
#---------- SOLID: FiberClad2_X.201
	Shape {
		appearance Appearance {
			material Material {
				diffuseColor 0 1 0
				transparency 0.7
			}
		}
		geometry IndexedFaceSet {
			coord Coordinate {
				point [
					-99.4 -0.125 -2991.5,
					-99.4 0.185583 -2991.54,
					-99.4 0.475 -2991.66,
					-99.4 0.723528 -2991.85,
					-99.4 0.91423 -2992.1,
					-99.4 1.03411 -2992.39,
					-99.4 1.075 -2992.7,
					-99.4 1.03411 -2993.01,
					-99.4 0.91423 -2993.3,
					-99.4 0.723528 -2993.55,
					-99.4 0.475 -2993.74,
					-99.4 0.185583 -2993.86,
					-99.4 -0.125 -2993.9,
					-99.4 -0.435583 -2993.86,
					-99.4 -0.725 -2993.74,
					-99.4 -0.973528 -2993.55,
					-99.4 -1.16423 -2993.3,
					-99.4 -1.28411 -2993.01,
					-99.4 -1.325 -2992.7,
					-99.4 -1.28411 -2992.39,
					-99.4 -1.16423 -2992.1,
					-99.4 -0.973528 -2991.85,
					-99.4 -0.725 -2991.66,
					-99.4 -0.435583 -2991.54,
					99.4 -0.125 -2991.5,
					99.4 0.185583 -2991.54,
					99.4 0.475 -2991.66,
					99.4 0.723528 -2991.85,
					99.4 0.91423 -2992.1,
					99.4 1.03411 -2992.39,
					99.4 1.075 -2992.7,
					99.4 1.03411 -2993.01,
					99.4 0.91423 -2993.3,
					99.4 0.723528 -2993.55,
					99.4 0.475 -2993.74,
					99.4 0.185583 -2993.86,
					99.4 -0.125 -2993.9,
					99.4 -0.435583 -2993.86,
					99.4 -0.725 -2993.74,
					99.4 -0.973528 -2993.55,
					99.4 -1.16423 -2993.3,
					99.4 -1.28411 -2993.01,
					99.4 -1.325 -2992.7,
					99.4 -1.28411 -2992.39,
					99.4 -1.16423 -2992.1,
					99.4 -0.973528 -2991.85,
					99.4 -0.725 -2991.66,
					99.4 -0.435583 -2991.54,
					-99.4 -0.125 -2992.7,
					99.4 -0.125 -2992.7,
				]
			}
			coordIndex [
				0, 24, 25, 1, -1,
				1, 25, 26, 2, -1,
				2, 26, 27, 3, -1,
				3, 27, 28, 4, -1,
				4, 28, 29, 5, -1,
				5, 29, 30, 6, -1,
				6, 30, 31, 7, -1,
				7, 31, 32, 8, -1,
				8, 32, 33, 9, -1,
				9, 33, 34, 10, -1,
				10, 34, 35, 11, -1,
				11, 35, 36, 12, -1,
				12, 36, 37, 13, -1,
				13, 37, 38, 14, -1,
				14, 38, 39, 15, -1,
				15, 39, 40, 16, -1,
				16, 40, 41, 17, -1,
				17, 41, 42, 18, -1,
				18, 42, 43, 19, -1,
				19, 43, 44, 20, -1,
				20, 44, 45, 21, -1,
				21, 45, 46, 22, -1,
				22, 46, 47, 23, -1,
				23, 47, 24, 0, -1,
				48, 0, 1, -1,
				48, 1, 2, -1,
				48, 2, 3, -1,
				48, 3, 4, -1,
				48, 4, 5, -1,
				48, 5, 6, -1,
				48, 6, 7, -1,
				48, 7, 8, -1,
				48, 8, 9, -1,
				48, 9, 10, -1,
				48, 10, 11, -1,
				48, 11, 12, -1,
				48, 12, 13, -1,
				48, 13, 14, -1,
				48, 14, 15, -1,
				48, 15, 16, -1,
				48, 16, 17, -1,
				48, 17, 18, -1,
				48, 18, 19, -1,
				48, 19, 20, -1,
				48, 20, 21, -1,
				48, 21, 22, -1,
				48, 22, 23, -1,
				48, 23, 0, -1,
				24, 49, 25, -1,
				25, 49, 26, -1,
				26, 49, 27, -1,
				27, 49, 28, -1,
				28, 49, 29, -1,
				29, 49, 30, -1,
				30, 49, 31, -1,
				31, 49, 32, -1,
				32, 49, 33, -1,
				33, 49, 34, -1,
				34, 49, 35, -1,
				35, 49, 36, -1,
				36, 49, 37, -1,
				37, 49, 38, -1,
				38, 49, 39, -1,
				39, 49, 40, -1,
				40, 49, 41, -1,
				41, 49, 42, -1,
				42, 49, 43, -1,
				43, 49, 44, -1,
				44, 49, 45, -1,
				45, 49, 46, -1,
				46, 49, 47, -1,
				47, 49, 24, -1,
			]
			solid FALSE
		}
	}
#---------- SOLID: FiberClad1_X.201
	Shape {
		appearance Appearance {
			material Material {
				diffuseColor 0 1 0
				transparency 0.7
			}
		}
		geometry IndexedFaceSet {
			coord Coordinate {
				point [
					-99.4 -0.125 -2991.6,
					-99.4 0.159701 -2991.64,
					-99.4 0.425 -2991.75,
					-99.4 0.652817 -2991.92,
					-99.4 0.827628 -2992.15,
					-99.4 0.937518 -2992.42,
					-99.4 0.975 -2992.7,
					-99.4 0.937518 -2992.98,
					-99.4 0.827628 -2993.25,
					-99.4 0.652817 -2993.48,
					-99.4 0.425 -2993.65,
					-99.4 0.159701 -2993.76,
					-99.4 -0.125 -2993.8,
					-99.4 -0.409701 -2993.76,
					-99.4 -0.675 -2993.65,
					-99.4 -0.902817 -2993.48,
					-99.4 -1.07763 -2993.25,
					-99.4 -1.18752 -2992.98,
					-99.4 -1.225 -2992.7,
					-99.4 -1.18752 -2992.42,
					-99.4 -1.07763 -2992.15,
					-99.4 -0.902817 -2991.92,
					-99.4 -0.675 -2991.75,
					-99.4 -0.409701 -2991.64,
					99.4 -0.125 -2991.6,
					99.4 0.159701 -2991.64,
					99.4 0.425 -2991.75,
					99.4 0.652817 -2991.92,
					99.4 0.827628 -2992.15,
					99.4 0.937518 -2992.42,
					99.4 0.975 -2992.7,
					99.4 0.937518 -2992.98,
					99.4 0.827628 -2993.25,
					99.4 0.652817 -2993.48,
					99.4 0.425 -2993.65,
					99.4 0.159701 -2993.76,
					99.4 -0.125 -2993.8,
					99.4 -0.409701 -2993.76,
					99.4 -0.675 -2993.65,
					99.4 -0.902817 -2993.48,
					99.4 -1.07763 -2993.25,
					99.4 -1.18752 -2992.98,
					99.4 -1.225 -2992.7,
					99.4 -1.18752 -2992.42,
					99.4 -1.07763 -2992.15,
					99.4 -0.902817 -2991.92,
					99.4 -0.675 -2991.75,
					99.4 -0.409701 -2991.64,
					-99.4 -0.125 -2992.7,
					99.4 -0.125 -2992.7,
				]
			}
			coordIndex [
				0, 24, 25, 1, -1,
				1, 25, 26, 2, -1,
				2, 26, 27, 3, -1,
				3, 27, 28, 4, -1,
				4, 28, 29, 5, -1,
				5, 29, 30, 6, -1,
				6, 30, 31, 7, -1,
				7, 31, 32, 8, -1,
				8, 32, 33, 9, -1,
				9, 33, 34, 10, -1,
				10, 34, 35, 11, -1,
				11, 35, 36, 12, -1,
				12, 36, 37, 13, -1,
				13, 37, 38, 14, -1,
				14, 38, 39, 15, -1,
				15, 39, 40, 16, -1,
				16, 40, 41, 17, -1,
				17, 41, 42, 18, -1,
				18, 42, 43, 19, -1,
				19, 43, 44, 20, -1,
				20, 44, 45, 21, -1,
				21, 45, 46, 22, -1,
				22, 46, 47, 23, -1,
				23, 47, 24, 0, -1,
				48, 0, 1, -1,
				48, 1, 2, -1,
				48, 2, 3, -1,
				48, 3, 4, -1,
				48, 4, 5, -1,
				48, 5, 6, -1,
				48, 6, 7, -1,
				48, 7, 8, -1,
				48, 8, 9, -1,
				48, 9, 10, -1,
				48, 10, 11, -1,
				48, 11, 12, -1,
				48, 12, 13, -1,
				48, 13, 14, -1,
				48, 14, 15, -1,
				48, 15, 16, -1,
				48, 16, 17, -1,
				48, 17, 18, -1,
				48, 18, 19, -1,
				48, 19, 20, -1,
				48, 20, 21, -1,
				48, 21, 22, -1,
				48, 22, 23, -1,
				48, 23, 0, -1,
				24, 49, 25, -1,
				25, 49, 26, -1,
				26, 49, 27, -1,
				27, 49, 28, -1,
				28, 49, 29, -1,
				29, 49, 30, -1,
				30, 49, 31, -1,
				31, 49, 32, -1,
				32, 49, 33, -1,
				33, 49, 34, -1,
				34, 49, 35, -1,
				35, 49, 36, -1,
				36, 49, 37, -1,
				37, 49, 38, -1,
				38, 49, 39, -1,
				39, 49, 40, -1,
				40, 49, 41, -1,
				41, 49, 42, -1,
				42, 49, 43, -1,
				43, 49, 44, -1,
				44, 49, 45, -1,
				45, 49, 46, -1,
				46, 49, 47, -1,
				47, 49, 24, -1,
			]
			solid FALSE
		}
	}
#---------- SOLID: Fiber_X.201
	Shape {
		appearance Appearance {
			material Material {
				diffuseColor 0 1 0
				transparency 0.7
			}
		}
		geometry IndexedFaceSet {
			coord Coordinate {
				point [
					-99.4 -0.125 -2991.7,
					-99.4 0.133819 -2991.73,
					-99.4 0.375 -2991.83,
					-99.4 0.582107 -2991.99,
					-99.4 0.741025 -2992.2,
					-99.4 0.840926 -2992.44,
					-99.4 0.875 -2992.7,
					-99.4 0.840926 -2992.96,
					-99.4 0.741025 -2993.2,
					-99.4 0.582107 -2993.41,
					-99.4 0.375 -2993.57,
					-99.4 0.133819 -2993.67,
					-99.4 -0.125 -2993.7,
					-99.4 -0.383819 -2993.67,
					-99.4 -0.625 -2993.57,
					-99.4 -0.832107 -2993.41,
					-99.4 -0.991025 -2993.2,
					-99.4 -1.09093 -2992.96,
					-99.4 -1.125 -2992.7,
					-99.4 -1.09093 -2992.44,
					-99.4 -0.991025 -2992.2,
					-99.4 -0.832107 -2991.99,
					-99.4 -0.625 -2991.83,
					-99.4 -0.383819 -2991.73,
					99.4 -0.125 -2991.7,
					99.4 0.133819 -2991.73,
					99.4 0.375 -2991.83,
					99.4 0.582107 -2991.99,
					99.4 0.741025 -2992.2,
					99.4 0.840926 -2992.44,
					99.4 0.875 -2992.7,
					99.4 0.840926 -2992.96,
					99.4 0.741025 -2993.2,
					99.4 0.582107 -2993.41,
					99.4 0.375 -2993.57,
					99.4 0.133819 -2993.67,
					99.4 -0.125 -2993.7,
					99.4 -0.383819 -2993.67,
					99.4 -0.625 -2993.57,
					99.4 -0.832107 -2993.41,
					99.4 -0.991025 -2993.2,
					99.4 -1.09093 -2992.96,
					99.4 -1.125 -2992.7,
					99.4 -1.09093 -2992.44,
					99.4 -0.991025 -2992.2,
					99.4 -0.832107 -2991.99,
					99.4 -0.625 -2991.83,
					99.4 -0.383819 -2991.73,
					-99.4 -0.125 -2992.7,
					99.4 -0.125 -2992.7,
				]
			}
			coordIndex [
				0, 24, 25, 1, -1,
				1, 25, 26, 2, -1,
				2, 26, 27, 3, -1,
				3, 27, 28, 4, -1,
				4, 28, 29, 5, -1,
				5, 29, 30, 6, -1,
				6, 30, 31, 7, -1,
				7, 31, 32, 8, -1,
				8, 32, 33, 9, -1,
				9, 33, 34, 10, -1,
				10, 34, 35, 11, -1,
				11, 35, 36, 12, -1,
				12, 36, 37, 13, -1,
				13, 37, 38, 14, -1,
				14, 38, 39, 15, -1,
				15, 39, 40, 16, -1,
				16, 40, 41, 17, -1,
				17, 41, 42, 18, -1,
				18, 42, 43, 19, -1,
				19, 43, 44, 20, -1,
				20, 44, 45, 21, -1,
				21, 45, 46, 22, -1,
				22, 46, 47, 23, -1,
				23, 47, 24, 0, -1,
				48, 0, 1, -1,
				48, 1, 2, -1,
				48, 2, 3, -1,
				48, 3, 4, -1,
				48, 4, 5, -1,
				48, 5, 6, -1,
				48, 6, 7, -1,
				48, 7, 8, -1,
				48, 8, 9, -1,
				48, 9, 10, -1,
				48, 10, 11, -1,
				48, 11, 12, -1,
				48, 12, 13, -1,
				48, 13, 14, -1,
				48, 14, 15, -1,
				48, 15, 16, -1,
				48, 16, 17, -1,
				48, 17, 18, -1,
				48, 18, 19, -1,
				48, 19, 20, -1,
				48, 20, 21, -1,
				48, 21, 22, -1,
				48, 22, 23, -1,
				48, 23, 0, -1,
				24, 49, 25, -1,
				25, 49, 26, -1,
				26, 49, 27, -1,
				27, 49, 28, -1,
				28, 49, 29, -1,
				29, 49, 30, -1,
				30, 49, 31, -1,
				31, 49, 32, -1,
				32, 49, 33, -1,
				33, 49, 34, -1,
				34, 49, 35, -1,
				35, 49, 36, -1,
				36, 49, 37, -1,
				37, 49, 38, -1,
				38, 49, 39, -1,
				39, 49, 40, -1,
				40, 49, 41, -1,
				41, 49, 42, -1,
				42, 49, 43, -1,
				43, 49, 44, -1,
				44, 49, 45, -1,
				45, 49, 46, -1,
				46, 49, 47, -1,
				47, 49, 24, -1,
			]
			solid FALSE
		}
	}
#---------- SOLID: Pixel_X201.201
	Shape {
		appearance Appearance {
			material Material {
				diffuseColor 0 0 1
				transparency 0.7
			}
		}
		geometry IndexedFaceSet {
			coord Coordinate {
				point [
					99.6 -1.425 -2994,
					99.6 -1.425 -2991.4,
					99.6 1.175 -2991.4,
					99.6 1.175 -2994,
					99.4 -1.425 -2994,
					99.4 -1.425 -2991.4,
					99.4 1.175 -2991.4,
					99.4 1.175 -2994,
				]
			}
			coordIndex [
				0, 3, 2, 1, -1,
				4, 7, 3, 0, -1,
				7, 6, 2, 3, -1,
				6, 5, 1, 2, -1,
				5, 4, 0, 1, -1,
				4, 5, 6, 7, -1,
			]
			solid FALSE
		}
	}
#---------- SOLID: BarCoating_K.202
	Shape {
		appearance Appearance {
			material Material {
				diffuseColor 1 1 1
				transparency 0.7
			}
		}
		geometry IndexedFaceSet {
			coord Coordinate {
				point [
					-100.375 100.25 -3011.25,
					-100.375 -100.25 -3011.25,
					100.125 -100.25 -3011.25,
					100.125 100.25 -3011.25,
					-100.375 100.25 -3000.75,
					-100.375 -100.25 -3000.75,
					100.125 -100.25 -3000.75,
					100.125 100.25 -3000.75,
				]
			}
			coordIndex [
				0, 3, 2, 1, -1,
				4, 7, 3, 0, -1,
				7, 6, 2, 3, -1,
				6, 5, 1, 2, -1,
				5, 4, 0, 1, -1,
				4, 5, 6, 7, -1,
			]
			solid FALSE
		}
	}
#---------- SOLID: BarScin_K.202
	Shape {
		appearance Appearance {
			material Material {
				diffuseColor 1 1 1
				transparency 0.7
			}
		}
		geometry IndexedFaceSet {
			coord Coordinate {
				point [
					-100.125 100 -3011,
					-100.125 -100 -3011,
					99.875 -100 -3011,
					99.875 100 -3011,
					-100.125 100 -3001,
					-100.125 -100 -3001,
					99.875 -100 -3001,
					99.875 100 -3001,
				]
			}
			coordIndex [
				0, 3, 2, 1, -1,
				4, 7, 3, 0, -1,
				7, 6, 2, 3, -1,
				6, 5, 1, 2, -1,
				5, 4, 0, 1, -1,
				4, 5, 6, 7, -1,
			]
			solid FALSE
		}
	}
#---------- SOLID: FiberClad2_K.202
	Shape {
		appearance Appearance {
			material Material {
				diffuseColor 0 1 0
				transparency 0.7
			}
		}
		geometry IndexedFaceSet {
			coord Coordinate {
				point [
					-0.125 99.4 -3003.5,
					0.185583 99.4 -3003.54,
					0.475 99.4 -3003.66,
					0.723528 99.4 -3003.85,
					0.91423 99.4 -3004.1,
					1.03411 99.4 -3004.39,
					1.075 99.4 -3004.7,
					1.03411 99.4 -3005.01,
					0.91423 99.4 -3005.3,
					0.723528 99.4 -3005.55,
					0.475 99.4 -3005.74,
					0.185583 99.4 -3005.86,
					-0.125 99.4 -3005.9,
					-0.435583 99.4 -3005.86,
					-0.725 99.4 -3005.74,
					-0.973528 99.4 -3005.55,
					-1.16423 99.4 -3005.3,
					-1.28411 99.4 -3005.01,
					-1.325 99.4 -3004.7,
					-1.28411 99.4 -3004.39,
					-1.16423 99.4 -3004.1,
					-0.973528 99.4 -3003.85,
					-0.725 99.4 -3003.66,
					-0.435583 99.4 -3003.54,
					-0.125 -99.4 -3003.5,
					0.185583 -99.4 -3003.54,
					0.475 -99.4 -3003.66,
					0.723528 -99.4 -3003.85,
					0.91423 -99.4 -3004.1,
					1.03411 -99.4 -3004.39,
					1.075 -99.4 -3004.7,
					1.03411 -99.4 -3005.01,
					0.91423 -99.4 -3005.3,
					0.723528 -99.4 -3005.55,
					0.475 -99.4 -3005.74,
					0.185583 -99.4 -3005.86,
					-0.125 -99.4 -3005.9,
					-0.435583 -99.4 -3005.86,
					-0.725 -99.4 -3005.74,
					-0.973528 -99.4 -3005.55,
					-1.16423 -99.4 -3005.3,
					-1.28411 -99.4 -3005.01,
					-1.325 -99.4 -3004.7,
					-1.28411 -99.4 -3004.39,
					-1.16423 -99.4 -3004.1,
					-0.973528 -99.4 -3003.85,
					-0.725 -99.4 -3003.66,
					-0.435583 -99.4 -3003.54,
					-0.125 99.4 -3004.7,
					-0.125 -99.4 -3004.7,
				]
			}
			coordIndex [
				0, 24, 25, 1, -1,
				1, 25, 26, 2, -1,
				2, 26, 27, 3, -1,
				3, 27, 28, 4, -1,
				4, 28, 29, 5, -1,
				5, 29, 30, 6, -1,
				6, 30, 31, 7, -1,
				7, 31, 32, 8, -1,
				8, 32, 33, 9, -1,
				9, 33, 34, 10, -1,
				10, 34, 35, 11, -1,
				11, 35, 36, 12, -1,
				12, 36, 37, 13, -1,
				13, 37, 38, 14, -1,
				14, 38, 39, 15, -1,
				15, 39, 40, 16, -1,
				16, 40, 41, 17, -1,
				17, 41, 42, 18, -1,
				18, 42, 43, 19, -1,
				19, 43, 44, 20, -1,
				20, 44, 45, 21, -1,
				21, 45, 46, 22, -1,
				22, 46, 47, 23, -1,
				23, 47, 24, 0, -1,
				48, 0, 1, -1,
				48, 1, 2, -1,
				48, 2, 3, -1,
				48, 3, 4, -1,
				48, 4, 5, -1,
				48, 5, 6, -1,
				48, 6, 7, -1,
				48, 7, 8, -1,
				48, 8, 9, -1,
				48, 9, 10, -1,
				48, 10, 11, -1,
				48, 11, 12, -1,
				48, 12, 13, -1,
				48, 13, 14, -1,
				48, 14, 15, -1,
				48, 15, 16, -1,
				48, 16, 17, -1,
				48, 17, 18, -1,
				48, 18, 19, -1,
				48, 19, 20, -1,
				48, 20, 21, -1,
				48, 21, 22, -1,
				48, 22, 23, -1,
				48, 23, 0, -1,
				24, 49, 25, -1,
				25, 49, 26, -1,
				26, 49, 27, -1,
				27, 49, 28, -1,
				28, 49, 29, -1,
				29, 49, 30, -1,
				30, 49, 31, -1,
				31, 49, 32, -1,
				32, 49, 33, -1,
				33, 49, 34, -1,
				34, 49, 35, -1,
				35, 49, 36, -1,
				36, 49, 37, -1,
				37, 49, 38, -1,
				38, 49, 39, -1,
				39, 49, 40, -1,
				40, 49, 41, -1,
				41, 49, 42, -1,
				42, 49, 43, -1,
				43, 49, 44, -1,
				44, 49, 45, -1,
				45, 49, 46, -1,
				46, 49, 47, -1,
				47, 49, 24, -1,
			]
			solid FALSE
		}
	}
#---------- SOLID: FiberClad1_K.202
	Shape {
		appearance Appearance {
			material Material {
				diffuseColor 0 1 0
				transparency 0.7
			}
		}
		geometry IndexedFaceSet {
			coord Coordinate {
				point [
					-0.125 99.4 -3003.6,
					0.159701 99.4 -3003.64,
					0.425 99.4 -3003.75,
					0.652817 99.4 -3003.92,
					0.827628 99.4 -3004.15,
					0.937518 99.4 -3004.42,
					0.975 99.4 -3004.7,
					0.937518 99.4 -3004.98,
					0.827628 99.4 -3005.25,
					0.652817 99.4 -3005.48,
					0.425 99.4 -3005.65,
					0.159701 99.4 -3005.76,
					-0.125 99.4 -3005.8,
					-0.409701 99.4 -3005.76,
					-0.675 99.4 -3005.65,
					-0.902817 99.4 -3005.48,
					-1.07763 99.4 -3005.25,
					-1.18752 99.4 -3004.98,
					-1.225 99.4 -3004.7,
					-1.18752 99.4 -3004.42,
					-1.07763 99.4 -3004.15,
					-0.902817 99.4 -3003.92,
					-0.675 99.4 -3003.75,
					-0.409701 99.4 -3003.64,
					-0.125 -99.4 -3003.6,
					0.159701 -99.4 -3003.64,
					0.425 -99.4 -3003.75,
					0.652817 -99.4 -3003.92,
					0.827628 -99.4 -3004.15,
					0.937518 -99.4 -3004.42,
					0.975 -99.4 -3004.7,
					0.937518 -99.4 -3004.98,
					0.827628 -99.4 -3005.25,
					0.652817 -99.4 -3005.48,
					0.425 -99.4 -3005.65,
					0.159701 -99.4 -3005.76,
					-0.125 -99.4 -3005.8,
					-0.409701 -99.4 -3005.76,
					-0.675 -99.4 -3005.65,
					-0.902817 -99.4 -3005.48,
					-1.07763 -99.4 -3005.25,
					-1.18752 -99.4 -3004.98,
					-1.225 -99.4 -3004.7,
					-1.18752 -99.4 -3004.42,
					-1.07763 -99.4 -3004.15,
					-0.902817 -99.4 -3003.92,
					-0.675 -99.4 -3003.75,
					-0.409701 -99.4 -3003.64,
					-0.125 99.4 -3004.7,
					-0.125 -99.4 -3004.7,
				]
			}
			coordIndex [
				0, 24, 25, 1, -1,
				1, 25, 26, 2, -1,
				2, 26, 27, 3, -1,
				3, 27, 28, 4, -1,
				4, 28, 29, 5, -1,
				5, 29, 30, 6, -1,
				6, 30, 31, 7, -1,
				7, 31, 32, 8, -1,
				8, 32, 33, 9, -1,
				9, 33, 34, 10, -1,
				10, 34, 35, 11, -1,
				11, 35, 36, 12, -1,
				12, 36, 37, 13, -1,
				13, 37, 38, 14, -1,
				14, 38, 39, 15, -1,
				15, 39, 40, 16, -1,
				16, 40, 41, 17, -1,
				17, 41, 42, 18, -1,
				18, 42, 43, 19, -1,
				19, 43, 44, 20, -1,
				20, 44, 45, 21, -1,
				21, 45, 46, 22, -1,
				22, 46, 47, 23, -1,
				23, 47, 24, 0, -1,
				48, 0, 1, -1,
				48, 1, 2, -1,
				48, 2, 3, -1,
				48, 3, 4, -1,
				48, 4, 5, -1,
				48, 5, 6, -1,
				48, 6, 7, -1,
				48, 7, 8, -1,
				48, 8, 9, -1,
				48, 9, 10, -1,
				48, 10, 11, -1,
				48, 11, 12, -1,
				48, 12, 13, -1,
				48, 13, 14, -1,
				48, 14, 15, -1,
				48, 15, 16, -1,
				48, 16, 17, -1,
				48, 17, 18, -1,
				48, 18, 19, -1,
				48, 19, 20, -1,
				48, 20, 21, -1,
				48, 21, 22, -1,
				48, 22, 23, -1,
				48, 23, 0, -1,
				24, 49, 25, -1,
				25, 49, 26, -1,
				26, 49, 27, -1,
				27, 49, 28, -1,
				28, 49, 29, -1,
				29, 49, 30, -1,
				30, 49, 31, -1,
				31, 49, 32, -1,
				32, 49, 33, -1,
				33, 49, 34, -1,
				34, 49, 35, -1,
				35, 49, 36, -1,
				36, 49, 37, -1,
				37, 49, 38, -1,
				38, 49, 39, -1,
				39, 49, 40, -1,
				40, 49, 41, -1,
				41, 49, 42, -1,
				42, 49, 43, -1,
				43, 49, 44, -1,
				44, 49, 45, -1,
				45, 49, 46, -1,
				46, 49, 47, -1,
				47, 49, 24, -1,
			]
			solid FALSE
		}
	}
#---------- SOLID: Fiber_K.202
	Shape {
		appearance Appearance {
			material Material {
				diffuseColor 0 1 0
				transparency 0.7
			}
		}
		geometry IndexedFaceSet {
			coord Coordinate {
				point [
					-0.125 99.4 -3003.7,
					0.133819 99.4 -3003.73,
					0.375 99.4 -3003.83,
					0.582107 99.4 -3003.99,
					0.741025 99.4 -3004.2,
					0.840926 99.4 -3004.44,
					0.875 99.4 -3004.7,
					0.840926 99.4 -3004.96,
					0.741025 99.4 -3005.2,
					0.582107 99.4 -3005.41,
					0.375 99.4 -3005.57,
					0.133819 99.4 -3005.67,
					-0.125 99.4 -3005.7,
					-0.383819 99.4 -3005.67,
					-0.625 99.4 -3005.57,
					-0.832107 99.4 -3005.41,
					-0.991025 99.4 -3005.2,
					-1.09093 99.4 -3004.96,
					-1.125 99.4 -3004.7,
					-1.09093 99.4 -3004.44,
					-0.991025 99.4 -3004.2,
					-0.832107 99.4 -3003.99,
					-0.625 99.4 -3003.83,
					-0.383819 99.4 -3003.73,
					-0.125 -99.4 -3003.7,
					0.133819 -99.4 -3003.73,
					0.375 -99.4 -3003.83,
					0.582107 -99.4 -3003.99,
					0.741025 -99.4 -3004.2,
					0.840926 -99.4 -3004.44,
					0.875 -99.4 -3004.7,
					0.840926 -99.4 -3004.96,
					0.741025 -99.4 -3005.2,
					0.582107 -99.4 -3005.41,
					0.375 -99.4 -3005.57,
					0.133819 -99.4 -3005.67,
					-0.125 -99.4 -3005.7,
					-0.383819 -99.4 -3005.67,
					-0.625 -99.4 -3005.57,
					-0.832107 -99.4 -3005.41,
					-0.991025 -99.4 -3005.2,
					-1.09093 -99.4 -3004.96,
					-1.125 -99.4 -3004.7,
					-1.09093 -99.4 -3004.44,
					-0.991025 -99.4 -3004.2,
					-0.832107 -99.4 -3003.99,
					-0.625 -99.4 -3003.83,
					-0.383819 -99.4 -3003.73,
					-0.125 99.4 -3004.7,
					-0.125 -99.4 -3004.7,
				]
			}
			coordIndex [
				0, 24, 25, 1, -1,
				1, 25, 26, 2, -1,
				2, 26, 27, 3, -1,
				3, 27, 28, 4, -1,
				4, 28, 29, 5, -1,
				5, 29, 30, 6, -1,
				6, 30, 31, 7, -1,
				7, 31, 32, 8, -1,
				8, 32, 33, 9, -1,
				9, 33, 34, 10, -1,
				10, 34, 35, 11, -1,
				11, 35, 36, 12, -1,
				12, 36, 37, 13, -1,
				13, 37, 38, 14, -1,
				14, 38, 39, 15, -1,
				15, 39, 40, 16, -1,
				16, 40, 41, 17, -1,
				17, 41, 42, 18, -1,
				18, 42, 43, 19, -1,
				19, 43, 44, 20, -1,
				20, 44, 45, 21, -1,
				21, 45, 46, 22, -1,
				22, 46, 47, 23, -1,
				23, 47, 24, 0, -1,
				48, 0, 1, -1,
				48, 1, 2, -1,
				48, 2, 3, -1,
				48, 3, 4, -1,
				48, 4, 5, -1,
				48, 5, 6, -1,
				48, 6, 7, -1,
				48, 7, 8, -1,
				48, 8, 9, -1,
				48, 9, 10, -1,
				48, 10, 11, -1,
				48, 11, 12, -1,
				48, 12, 13, -1,
				48, 13, 14, -1,
				48, 14, 15, -1,
				48, 15, 16, -1,
				48, 16, 17, -1,
				48, 17, 18, -1,
				48, 18, 19, -1,
				48, 19, 20, -1,
				48, 20, 21, -1,
				48, 21, 22, -1,
				48, 22, 23, -1,
				48, 23, 0, -1,
				24, 49, 25, -1,
				25, 49, 26, -1,
				26, 49, 27, -1,
				27, 49, 28, -1,
				28, 49, 29, -1,
				29, 49, 30, -1,
				30, 49, 31, -1,
				31, 49, 32, -1,
				32, 49, 33, -1,
				33, 49, 34, -1,
				34, 49, 35, -1,
				35, 49, 36, -1,
				36, 49, 37, -1,
				37, 49, 38, -1,
				38, 49, 39, -1,
				39, 49, 40, -1,
				40, 49, 41, -1,
				41, 49, 42, -1,
				42, 49, 43, -1,
				43, 49, 44, -1,
				44, 49, 45, -1,
				45, 49, 46, -1,
				46, 49, 47, -1,
				47, 49, 24, -1,
			]
			solid FALSE
		}
	}
#---------- SOLID: Pixel_K202.202
	Shape {
		appearance Appearance {
			material Material {
				diffuseColor 0 0 1
				transparency 0.7
			}
		}
		geometry IndexedFaceSet {
			coord Coordinate {
				point [
					-1.425 -99.6 -3006,
					-1.425 -99.6 -3003.4,
					1.175 -99.6 -3003.4,
					1.175 -99.6 -3006,
					-1.425 -99.4 -3006,
					-1.425 -99.4 -3003.4,
					1.175 -99.4 -3003.4,
					1.175 -99.4 -3006,
				]
			}
			coordIndex [
				0, 3, 2, 1, -1,
				4, 7, 3, 0, -1,
				7, 6, 2, 3, -1,
				6, 5, 1, 2, -1,
				5, 4, 0, 1, -1,
				4, 5, 6, 7, -1,
			]
			solid FALSE
		}
	}
#---------- SOLID: Enclosure.2
	Shape {
		appearance Appearance {
			material Material {
				diffuseColor 1 1 1
				transparency 0.7
			}
		}
		geometry IndexedFaceSet {
			coord Coordinate {
				point [
					-281.35 -281.35 -2100,
					281.35 -281.35 -2100,
					281.35 281.35 -2100,
					-281.35 281.35 -2100,
					-281.35 -281.35 -1900,
					281.35 -281.35 -1900,
					281.35 281.35 -1900,
					-281.35 281.35 -1900,
				]
			}
			coordIndex [
				0, 3, 2, 1, -1,
				4, 7, 3, 0, -1,
				7, 6, 2, 3, -1,
				6, 5, 1, 2, -1,
				5, 4, 0, 1, -1,
				4, 5, 6, 7, -1,
			]
			solid FALSE
		}
	}
#---------- SOLID: Casing_3.3
	Shape {
		appearance Appearance {
			material Material {
				diffuseColor 1 1 1
				transparency 0.7
			}
		}
		geometry IndexedFaceSet {
			coord Coordinate {
				point [
					-281.35 -281.35 -2100,
					281.35 -281.35 -2100,
					281.35 281.35 -2100,
					-281.35 281.35 -2100,
					-281.35 -281.35 -1900,
					281.35 -281.35 -1900,
					281.35 281.35 -1900,
					-281.35 281.35 -1900,
				]
			}
			coordIndex [
				0, 3, 2, 1, -1,
				4, 7, 3, 0, -1,
				7, 6, 2, 3, -1,
				6, 5, 1, 2, -1,
				5, 4, 0, 1, -1,
				4, 5, 6, 7, -1,
			]
			solid FALSE
		}
	}
#---------- SOLID: BarCoating_Z.301
	Shape {
		appearance Appearance {
			material Material {
				diffuseColor 1 1 1
				transparency 0.7
			}
		}
		geometry IndexedFaceSet {
			coord Coordinate {
				point [
					-100.25 -100.375 -1999.25,
					100.25 -100.375 -1999.25,
					100.25 100.125 -1999.25,
					-100.25 100.125 -1999.25,
					-100.25 -100.375 -1948.75,
					100.25 -100.375 -1948.75,
					100.25 100.125 -1948.75,
					-100.25 100.125 -1948.75,
				]
			}
			coordIndex [
				0, 3, 2, 1, -1,
				4, 7, 3, 0, -1,
				7, 6, 2, 3, -1,
				6, 5, 1, 2, -1,
				5, 4, 0, 1, -1,
				4, 5, 6, 7, -1,
			]
			solid FALSE
		}
	}
#---------- SOLID: BarScin_Z.301
	Shape {
		appearance Appearance {
			material Material {
				diffuseColor 1 1 1
				transparency 0.7
			}
		}
		geometry IndexedFaceSet {
			coord Coordinate {
				point [
					-100 -100.125 -1999,
					100 -100.125 -1999,
					100 99.875 -1999,
					-100 99.875 -1999,
					-100 -100.125 -1949,
					100 -100.125 -1949,
					100 99.875 -1949,
					-100 99.875 -1949,
				]
			}
			coordIndex [
				0, 3, 2, 1, -1,
				4, 7, 3, 0, -1,
				7, 6, 2, 3, -1,
				6, 5, 1, 2, -1,
				5, 4, 0, 1, -1,
				4, 5, 6, 7, -1,
			]
			solid FALSE
		}
	}
#---------- SOLID: FiberClad2_Z.301
	Shape {
		appearance Appearance {
			material Material {
				diffuseColor 0 1 0
				transparency 0.7
			}
		}
		geometry IndexedFaceSet {
			coord Coordinate {
				point [
					-99.4 -0.125 -1971.5,
					-99.4 0.185583 -1971.54,
					-99.4 0.475 -1971.66,
					-99.4 0.723528 -1971.85,
					-99.4 0.91423 -1972.1,
					-99.4 1.03411 -1972.39,
					-99.4 1.075 -1972.7,
					-99.4 1.03411 -1973.01,
					-99.4 0.91423 -1973.3,
					-99.4 0.723528 -1973.55,
					-99.4 0.475 -1973.74,
					-99.4 0.185583 -1973.86,
					-99.4 -0.125 -1973.9,
					-99.4 -0.435583 -1973.86,
					-99.4 -0.725 -1973.74,
					-99.4 -0.973528 -1973.55,
					-99.4 -1.16423 -1973.3,
					-99.4 -1.28411 -1973.01,
					-99.4 -1.325 -1972.7,
					-99.4 -1.28411 -1972.39,
					-99.4 -1.16423 -1972.1,
					-99.4 -0.973528 -1971.85,
					-99.4 -0.725 -1971.66,
					-99.4 -0.435583 -1971.54,
					99.4 -0.125 -1971.5,
					99.4 0.185583 -1971.54,
					99.4 0.475 -1971.66,
					99.4 0.723528 -1971.85,
					99.4 0.91423 -1972.1,
					99.4 1.03411 -1972.39,
					99.4 1.075 -1972.7,
					99.4 1.03411 -1973.01,
					99.4 0.91423 -1973.3,
					99.4 0.723528 -1973.55,
					99.4 0.475 -1973.74,
					99.4 0.185583 -1973.86,
					99.4 -0.125 -1973.9,
					99.4 -0.435583 -1973.86,
					99.4 -0.725 -1973.74,
					99.4 -0.973528 -1973.55,
					99.4 -1.16423 -1973.3,
					99.4 -1.28411 -1973.01,
					99.4 -1.325 -1972.7,
					99.4 -1.28411 -1972.39,
					99.4 -1.16423 -1972.1,
					99.4 -0.973528 -1971.85,
					99.4 -0.725 -1971.66,
					99.4 -0.435583 -1971.54,
					-99.4 -0.125 -1972.7,
					99.4 -0.125 -1972.7,
				]
			}
			coordIndex [
				0, 24, 25, 1, -1,
				1, 25, 26, 2, -1,
				2, 26, 27, 3, -1,
				3, 27, 28, 4, -1,
				4, 28, 29, 5, -1,
				5, 29, 30, 6, -1,
				6, 30, 31, 7, -1,
				7, 31, 32, 8, -1,
				8, 32, 33, 9, -1,
				9, 33, 34, 10, -1,
				10, 34, 35, 11, -1,
				11, 35, 36, 12, -1,
				12, 36, 37, 13, -1,
				13, 37, 38, 14, -1,
				14, 38, 39, 15, -1,
				15, 39, 40, 16, -1,
				16, 40, 41, 17, -1,
				17, 41, 42, 18, -1,
				18, 42, 43, 19, -1,
				19, 43, 44, 20, -1,
				20, 44, 45, 21, -1,
				21, 45, 46, 22, -1,
				22, 46, 47, 23, -1,
				23, 47, 24, 0, -1,
				48, 0, 1, -1,
				48, 1, 2, -1,
				48, 2, 3, -1,
				48, 3, 4, -1,
				48, 4, 5, -1,
				48, 5, 6, -1,
				48, 6, 7, -1,
				48, 7, 8, -1,
				48, 8, 9, -1,
				48, 9, 10, -1,
				48, 10, 11, -1,
				48, 11, 12, -1,
				48, 12, 13, -1,
				48, 13, 14, -1,
				48, 14, 15, -1,
				48, 15, 16, -1,
				48, 16, 17, -1,
				48, 17, 18, -1,
				48, 18, 19, -1,
				48, 19, 20, -1,
				48, 20, 21, -1,
				48, 21, 22, -1,
				48, 22, 23, -1,
				48, 23, 0, -1,
				24, 49, 25, -1,
				25, 49, 26, -1,
				26, 49, 27, -1,
				27, 49, 28, -1,
				28, 49, 29, -1,
				29, 49, 30, -1,
				30, 49, 31, -1,
				31, 49, 32, -1,
				32, 49, 33, -1,
				33, 49, 34, -1,
				34, 49, 35, -1,
				35, 49, 36, -1,
				36, 49, 37, -1,
				37, 49, 38, -1,
				38, 49, 39, -1,
				39, 49, 40, -1,
				40, 49, 41, -1,
				41, 49, 42, -1,
				42, 49, 43, -1,
				43, 49, 44, -1,
				44, 49, 45, -1,
				45, 49, 46, -1,
				46, 49, 47, -1,
				47, 49, 24, -1,
			]
			solid FALSE
		}
	}
#---------- SOLID: FiberClad1_Z.301
	Shape {
		appearance Appearance {
			material Material {
				diffuseColor 0 1 0
				transparency 0.7
			}
		}
		geometry IndexedFaceSet {
			coord Coordinate {
				point [
					-99.4 -0.125 -1971.6,
					-99.4 0.159701 -1971.64,
					-99.4 0.425 -1971.75,
					-99.4 0.652817 -1971.92,
					-99.4 0.827628 -1972.15,
					-99.4 0.937518 -1972.42,
					-99.4 0.975 -1972.7,
					-99.4 0.937518 -1972.98,
					-99.4 0.827628 -1973.25,
					-99.4 0.652817 -1973.48,
					-99.4 0.425 -1973.65,
					-99.4 0.159701 -1973.76,
					-99.4 -0.125 -1973.8,
					-99.4 -0.409701 -1973.76,
					-99.4 -0.675 -1973.65,
					-99.4 -0.902817 -1973.48,
					-99.4 -1.07763 -1973.25,
					-99.4 -1.18752 -1972.98,
					-99.4 -1.225 -1972.7,
					-99.4 -1.18752 -1972.42,
					-99.4 -1.07763 -1972.15,
					-99.4 -0.902817 -1971.92,
					-99.4 -0.675 -1971.75,
					-99.4 -0.409701 -1971.64,
					99.4 -0.125 -1971.6,
					99.4 0.159701 -1971.64,
					99.4 0.425 -1971.75,
					99.4 0.652817 -1971.92,
					99.4 0.827628 -1972.15,
					99.4 0.937518 -1972.42,
					99.4 0.975 -1972.7,
					99.4 0.937518 -1972.98,
					99.4 0.827628 -1973.25,
					99.4 0.652817 -1973.48,
					99.4 0.425 -1973.65,
					99.4 0.159701 -1973.76,
					99.4 -0.125 -1973.8,
					99.4 -0.409701 -1973.76,
					99.4 -0.675 -1973.65,
					99.4 -0.902817 -1973.48,
					99.4 -1.07763 -1973.25,
					99.4 -1.18752 -1972.98,
					99.4 -1.225 -1972.7,
					99.4 -1.18752 -1972.42,
					99.4 -1.07763 -1972.15,
					99.4 -0.902817 -1971.92,
					99.4 -0.675 -1971.75,
					99.4 -0.409701 -1971.64,
					-99.4 -0.125 -1972.7,
					99.4 -0.125 -1972.7,
				]
			}
			coordIndex [
				0, 24, 25, 1, -1,
				1, 25, 26, 2, -1,
				2, 26, 27, 3, -1,
				3, 27, 28, 4, -1,
				4, 28, 29, 5, -1,
				5, 29, 30, 6, -1,
				6, 30, 31, 7, -1,
				7, 31, 32, 8, -1,
				8, 32, 33, 9, -1,
				9, 33, 34, 10, -1,
				10, 34, 35, 11, -1,
				11, 35, 36, 12, -1,
				12, 36, 37, 13, -1,
				13, 37, 38, 14, -1,
				14, 38, 39, 15, -1,
				15, 39, 40, 16, -1,
				16, 40, 41, 17, -1,
				17, 41, 42, 18, -1,
				18, 42, 43, 19, -1,
				19, 43, 44, 20, -1,
				20, 44, 45, 21, -1,
				21, 45, 46, 22, -1,
				22, 46, 47, 23, -1,
				23, 47, 24, 0, -1,
				48, 0, 1, -1,
				48, 1, 2, -1,
				48, 2, 3, -1,
				48, 3, 4, -1,
				48, 4, 5, -1,
				48, 5, 6, -1,
				48, 6, 7, -1,
				48, 7, 8, -1,
				48, 8, 9, -1,
				48, 9, 10, -1,
				48, 10, 11, -1,
				48, 11, 12, -1,
				48, 12, 13, -1,
				48, 13, 14, -1,
				48, 14, 15, -1,
				48, 15, 16, -1,
				48, 16, 17, -1,
				48, 17, 18, -1,
				48, 18, 19, -1,
				48, 19, 20, -1,
				48, 20, 21, -1,
				48, 21, 22, -1,
				48, 22, 23, -1,
				48, 23, 0, -1,
				24, 49, 25, -1,
				25, 49, 26, -1,
				26, 49, 27, -1,
				27, 49, 28, -1,
				28, 49, 29, -1,
				29, 49, 30, -1,
				30, 49, 31, -1,
				31, 49, 32, -1,
				32, 49, 33, -1,
				33, 49, 34, -1,
				34, 49, 35, -1,
				35, 49, 36, -1,
				36, 49, 37, -1,
				37, 49, 38, -1,
				38, 49, 39, -1,
				39, 49, 40, -1,
				40, 49, 41, -1,
				41, 49, 42, -1,
				42, 49, 43, -1,
				43, 49, 44, -1,
				44, 49, 45, -1,
				45, 49, 46, -1,
				46, 49, 47, -1,
				47, 49, 24, -1,
			]
			solid FALSE
		}
	}
#---------- SOLID: Fiber_Z.301
	Shape {
		appearance Appearance {
			material Material {
				diffuseColor 0 1 0
				transparency 0.7
			}
		}
		geometry IndexedFaceSet {
			coord Coordinate {
				point [
					-99.4 -0.125 -1971.7,
					-99.4 0.133819 -1971.73,
					-99.4 0.375 -1971.83,
					-99.4 0.582107 -1971.99,
					-99.4 0.741025 -1972.2,
					-99.4 0.840926 -1972.44,
					-99.4 0.875 -1972.7,
					-99.4 0.840926 -1972.96,
					-99.4 0.741025 -1973.2,
					-99.4 0.582107 -1973.41,
					-99.4 0.375 -1973.57,
					-99.4 0.133819 -1973.67,
					-99.4 -0.125 -1973.7,
					-99.4 -0.383819 -1973.67,
					-99.4 -0.625 -1973.57,
					-99.4 -0.832107 -1973.41,
					-99.4 -0.991025 -1973.2,
					-99.4 -1.09093 -1972.96,
					-99.4 -1.125 -1972.7,
					-99.4 -1.09093 -1972.44,
					-99.4 -0.991025 -1972.2,
					-99.4 -0.832107 -1971.99,
					-99.4 -0.625 -1971.83,
					-99.4 -0.383819 -1971.73,
					99.4 -0.125 -1971.7,
					99.4 0.133819 -1971.73,
					99.4 0.375 -1971.83,
					99.4 0.582107 -1971.99,
					99.4 0.741025 -1972.2,
					99.4 0.840926 -1972.44,
					99.4 0.875 -1972.7,
					99.4 0.840926 -1972.96,
					99.4 0.741025 -1973.2,
					99.4 0.582107 -1973.41,
					99.4 0.375 -1973.57,
					99.4 0.133819 -1973.67,
					99.4 -0.125 -1973.7,
					99.4 -0.383819 -1973.67,
					99.4 -0.625 -1973.57,
					99.4 -0.832107 -1973.41,
					99.4 -0.991025 -1973.2,
					99.4 -1.09093 -1972.96,
					99.4 -1.125 -1972.7,
					99.4 -1.09093 -1972.44,
					99.4 -0.991025 -1972.2,
					99.4 -0.832107 -1971.99,
					99.4 -0.625 -1971.83,
					99.4 -0.383819 -1971.73,
					-99.4 -0.125 -1972.7,
					99.4 -0.125 -1972.7,
				]
			}
			coordIndex [
				0, 24, 25, 1, -1,
				1, 25, 26, 2, -1,
				2, 26, 27, 3, -1,
				3, 27, 28, 4, -1,
				4, 28, 29, 5, -1,
				5, 29, 30, 6, -1,
				6, 30, 31, 7, -1,
				7, 31, 32, 8, -1,
				8, 32, 33, 9, -1,
				9, 33, 34, 10, -1,
				10, 34, 35, 11, -1,
				11, 35, 36, 12, -1,
				12, 36, 37, 13, -1,
				13, 37, 38, 14, -1,
				14, 38, 39, 15, -1,
				15, 39, 40, 16, -1,
				16, 40, 41, 17, -1,
				17, 41, 42, 18, -1,
				18, 42, 43, 19, -1,
				19, 43, 44, 20, -1,
				20, 44, 45, 21, -1,
				21, 45, 46, 22, -1,
				22, 46, 47, 23, -1,
				23, 47, 24, 0, -1,
				48, 0, 1, -1,
				48, 1, 2, -1,
				48, 2, 3, -1,
				48, 3, 4, -1,
				48, 4, 5, -1,
				48, 5, 6, -1,
				48, 6, 7, -1,
				48, 7, 8, -1,
				48, 8, 9, -1,
				48, 9, 10, -1,
				48, 10, 11, -1,
				48, 11, 12, -1,
				48, 12, 13, -1,
				48, 13, 14, -1,
				48, 14, 15, -1,
				48, 15, 16, -1,
				48, 16, 17, -1,
				48, 17, 18, -1,
				48, 18, 19, -1,
				48, 19, 20, -1,
				48, 20, 21, -1,
				48, 21, 22, -1,
				48, 22, 23, -1,
				48, 23, 0, -1,
				24, 49, 25, -1,
				25, 49, 26, -1,
				26, 49, 27, -1,
				27, 49, 28, -1,
				28, 49, 29, -1,
				29, 49, 30, -1,
				30, 49, 31, -1,
				31, 49, 32, -1,
				32, 49, 33, -1,
				33, 49, 34, -1,
				34, 49, 35, -1,
				35, 49, 36, -1,
				36, 49, 37, -1,
				37, 49, 38, -1,
				38, 49, 39, -1,
				39, 49, 40, -1,
				40, 49, 41, -1,
				41, 49, 42, -1,
				42, 49, 43, -1,
				43, 49, 44, -1,
				44, 49, 45, -1,
				45, 49, 46, -1,
				46, 49, 47, -1,
				47, 49, 24, -1,
			]
			solid FALSE
		}
	}
#---------- SOLID: Pixel_Z301.301
	Shape {
		appearance Appearance {
			material Material {
				diffuseColor 0 0 1
				transparency 0.7
			}
		}
		geometry IndexedFaceSet {
			coord Coordinate {
				point [
					99.6 -1.425 -1974,
					99.6 -1.425 -1971.4,
					99.6 1.175 -1971.4,
					99.6 1.175 -1974,
					99.4 -1.425 -1974,
					99.4 -1.425 -1971.4,
					99.4 1.175 -1971.4,
					99.4 1.175 -1974,
				]
			}
			coordIndex [
				0, 3, 2, 1, -1,
				4, 7, 3, 0, -1,
				7, 6, 2, 3, -1,
				6, 5, 1, 2, -1,
				5, 4, 0, 1, -1,
				4, 5, 6, 7, -1,
			]
			solid FALSE
		}
	}
#---------- POLYLINE
Shape {
	appearance Appearance {
		material Material {
			diffuseColor 0 1 0
			emissiveColor 0 1 0
		}
	}
	geometry IndexedLineSet {
		coord Coordinate {
			point [
				123.085 -333.069 -550,
				260.299 -178.619 -880,
				270.313 -167.348 -904.082,
			]
		}
		coordIndex [
			0, 1, 2, -1
		]
	}
}
#---------- POLYLINE
Shape {
	appearance Appearance {
		material Material {
			diffuseColor 0 0 1
			emissiveColor 0 0 1
		}
	}
	geometry IndexedLineSet {
		coord Coordinate {
			point [
				270.313 -167.348 -904.082,
				270.55 -167.094 -904.593,
				270.449 -166.771 -905.283,
				270.771 -167.23 -905.863,
				270.609 -167.244 -905.721,
				270.735 -167.29 -905.652,
				270.726 -167.282 -905.638,
			]
		}
		coordIndex [
			0, 1, 2, 3, 4, 5, 6, -1
		]
	}
}
#---------- POLYLINE
Shape {
	appearance Appearance {
		material Material {
			diffuseColor 0 1 0
			emissiveColor 0 1 0
		}
	}
	geometry IndexedLineSet {
		coord Coordinate {
			point [
				270.726 -167.282 -905.638,
				270.99 -167.88 -905.961,
				271.016 -167.893 -906.005,
			]
		}
		coordIndex [
			0, 1, 2, -1
		]
	}
}
#---------- POLYLINE
Shape {
	appearance Appearance {
		material Material {
			diffuseColor 1 0 0
			emissiveColor 1 0 0
		}
	}
	geometry IndexedLineSet {
		coord Coordinate {
			point [
				271.016 -167.893 -906.005,
				271.016 -167.893 -906.005,
			]
		}
		coordIndex [
			0, 1, -1
		]
	}
}
#---------- POLYLINE
Shape {
	appearance Appearance {
		material Material {
			diffuseColor 1 0 0
			emissiveColor 1 0 0
		}
	}
	geometry IndexedLineSet {
		coord Coordinate {
			point [
				271.016 -167.893 -906.005,
				271.016 -167.893 -906.005,
			]
		}
		coordIndex [
			0, 1, -1
		]
	}
}
#---------- POLYLINE
Shape {
	appearance Appearance {
		material Material {
			diffuseColor 1 0 0
			emissiveColor 1 0 0
		}
	}
	geometry IndexedLineSet {
		coord Coordinate {
			point [
				271.016 -167.893 -906.005,
				271.016 -167.893 -906.005,
			]
		}
		coordIndex [
			0, 1, -1
		]
	}
}
#---------- POLYLINE
Shape {
	appearance Appearance {
		material Material {
			diffuseColor 1 0 0
			emissiveColor 1 0 0
		}
	}
	geometry IndexedLineSet {
		coord Coordinate {
			point [
				271.016 -167.893 -906.005,
				271.016 -167.893 -906.005,
			]
		}
		coordIndex [
			0, 1, -1
		]
	}
}
#---------- POLYLINE
Shape {
	appearance Appearance {
		material Material {
			diffuseColor 1 0 0
			emissiveColor 1 0 0
		}
	}
	geometry IndexedLineSet {
		coord Coordinate {
			point [
				271.016 -167.893 -906.005,
				271.016 -167.893 -906.005,
			]
		}
		coordIndex [
			0, 1, -1
		]
	}
}
#---------- POLYLINE
Shape {
	appearance Appearance {
		material Material {
			diffuseColor 1 0 0
			emissiveColor 1 0 0
		}
	}
	geometry IndexedLineSet {
		coord Coordinate {
			point [
				271.016 -167.893 -906.005,
				271.016 -167.893 -906.005,
			]
		}
		coordIndex [
			0, 1, -1
		]
	}
}
#---------- POLYLINE
Shape {
	appearance Appearance {
		material Material {
			diffuseColor 1 0 0
			emissiveColor 1 0 0
		}
	}
	geometry IndexedLineSet {
		coord Coordinate {
			point [
				271.016 -167.893 -906.005,
				271.016 -167.893 -906.005,
			]
		}
		coordIndex [
			0, 1, -1
		]
	}
}
#---------- POLYLINE
Shape {
	appearance Appearance {
		material Material {
			diffuseColor 1 0 0
			emissiveColor 1 0 0
		}
	}
	geometry IndexedLineSet {
		coord Coordinate {
			point [
				271.016 -167.893 -906.005,
				271.016 -167.893 -906.005,
			]
		}
		coordIndex [
			0, 1, -1
		]
	}
}
#---------- POLYLINE
Shape {
	appearance Appearance {
		material Material {
			diffuseColor 1 0 0
			emissiveColor 1 0 0
		}
	}
	geometry IndexedLineSet {
		coord Coordinate {
			point [
				271.016 -167.893 -906.005,
				271.016 -167.893 -906.005,
			]
		}
		coordIndex [
			0, 1, -1
		]
	}
}
#---------- POLYLINE
Shape {
	appearance Appearance {
		material Material {
			diffuseColor 1 0 0
			emissiveColor 1 0 0
		}
	}
	geometry IndexedLineSet {
		coord Coordinate {
			point [
				271.016 -167.893 -906.005,
				271.016 -167.893 -906.005,
			]
		}
		coordIndex [
			0, 1, -1
		]
	}
}
#---------- POLYLINE
Shape {
	appearance Appearance {
		material Material {
			diffuseColor 1 0 0
			emissiveColor 1 0 0
		}
	}
	geometry IndexedLineSet {
		coord Coordinate {
			point [
				271.016 -167.893 -906.005,
				271.016 -167.893 -906.005,
			]
		}
		coordIndex [
			0, 1, -1
		]
	}
}
#---------- POLYLINE
Shape {
	appearance Appearance {
		material Material {
			diffuseColor 1 0 0
			emissiveColor 1 0 0
		}
	}
	geometry IndexedLineSet {
		coord Coordinate {
			point [
				271.016 -167.893 -906.005,
				271.016 -167.893 -906.005,
			]
		}
		coordIndex [
			0, 1, -1
		]
	}
}
#---------- POLYLINE
Shape {
	appearance Appearance {
		material Material {
			diffuseColor 1 0 0
			emissiveColor 1 0 0
		}
	}
	geometry IndexedLineSet {
		coord Coordinate {
			point [
				271.016 -167.893 -906.005,
				271.016 -167.893 -906.005,
			]
		}
		coordIndex [
			0, 1, -1
		]
	}
}
#---------- POLYLINE
Shape {
	appearance Appearance {
		material Material {
			diffuseColor 1 0 0
			emissiveColor 1 0 0
		}
	}
	geometry IndexedLineSet {
		coord Coordinate {
			point [
				271.016 -167.893 -906.005,
				271.016 -167.893 -906.005,
			]
		}
		coordIndex [
			0, 1, -1
		]
	}
}
#---------- POLYLINE
Shape {
	appearance Appearance {
		material Material {
			diffuseColor 1 0 0
			emissiveColor 1 0 0
		}
	}
	geometry IndexedLineSet {
		coord Coordinate {
			point [
				271.016 -167.893 -906.005,
				271.016 -167.893 -906.005,
			]
		}
		coordIndex [
			0, 1, -1
		]
	}
}
#---------- POLYLINE
Shape {
	appearance Appearance {
		material Material {
			diffuseColor 1 0 0
			emissiveColor 1 0 0
		}
	}
	geometry IndexedLineSet {
		coord Coordinate {
			point [
				271.016 -167.893 -906.005,
				271.016 -167.893 -906.005,
			]
		}
		coordIndex [
			0, 1, -1
		]
	}
}
#---------- POLYLINE
Shape {
	appearance Appearance {
		material Material {
			diffuseColor 1 0 0
			emissiveColor 1 0 0
		}
	}
	geometry IndexedLineSet {
		coord Coordinate {
			point [
				271.016 -167.893 -906.005,
				271.016 -167.893 -906.005,
			]
		}
		coordIndex [
			0, 1, -1
		]
	}
}
#---------- POLYLINE
Shape {
	appearance Appearance {
		material Material {
			diffuseColor 1 0 0
			emissiveColor 1 0 0
		}
	}
	geometry IndexedLineSet {
		coord Coordinate {
			point [
				271.016 -167.893 -906.005,
				271.016 -167.893 -906.005,
			]
		}
		coordIndex [
			0, 1, -1
		]
	}
}
#---------- POLYLINE
Shape {
	appearance Appearance {
		material Material {
			diffuseColor 1 0 0
			emissiveColor 1 0 0
		}
	}
	geometry IndexedLineSet {
		coord Coordinate {
			point [
				271.016 -167.893 -906.005,
				271.016 -167.893 -906.005,
			]
		}
		coordIndex [
			0, 1, -1
		]
	}
}
#---------- POLYLINE
Shape {
	appearance Appearance {
		material Material {
			diffuseColor 1 0 0
			emissiveColor 1 0 0
		}
	}
	geometry IndexedLineSet {
		coord Coordinate {
			point [
				271.016 -167.893 -906.005,
				271.016 -167.893 -906.005,
			]
		}
		coordIndex [
			0, 1, -1
		]
	}
}
#---------- POLYLINE
Shape {
	appearance Appearance {
		material Material {
			diffuseColor 1 0 0
			emissiveColor 1 0 0
		}
	}
	geometry IndexedLineSet {
		coord Coordinate {
			point [
				271.016 -167.893 -906.005,
				271.016 -167.893 -906.005,
			]
		}
		coordIndex [
			0, 1, -1
		]
	}
}
#---------- POLYLINE
Shape {
	appearance Appearance {
		material Material {
			diffuseColor 1 0 0
			emissiveColor 1 0 0
		}
	}
	geometry IndexedLineSet {
		coord Coordinate {
			point [
				271.016 -167.893 -906.005,
				271.016 -167.893 -906.005,
			]
		}
		coordIndex [
			0, 1, -1
		]
	}
}
#---------- POLYLINE
Shape {
	appearance Appearance {
		material Material {
			diffuseColor 1 0 0
			emissiveColor 1 0 0
		}
	}
	geometry IndexedLineSet {
		coord Coordinate {
			point [
				271.016 -167.893 -906.005,
				271.016 -167.893 -906.005,
			]
		}
		coordIndex [
			0, 1, -1
		]
	}
}
#---------- POLYLINE
Shape {
	appearance Appearance {
		material Material {
			diffuseColor 1 0 0
			emissiveColor 1 0 0
		}
	}
	geometry IndexedLineSet {
		coord Coordinate {
			point [
				271.016 -167.893 -906.005,
				271.016 -167.893 -906.005,
			]
		}
		coordIndex [
			0, 1, -1
		]
	}
}
#---------- POLYLINE
Shape {
	appearance Appearance {
		material Material {
			diffuseColor 1 0 0
			emissiveColor 1 0 0
		}
	}
	geometry IndexedLineSet {
		coord Coordinate {
			point [
				271.016 -167.893 -906.005,
				271.016 -167.893 -906.005,
			]
		}
		coordIndex [
			0, 1, -1
		]
	}
}
#---------- POLYLINE
Shape {
	appearance Appearance {
		material Material {
			diffuseColor 1 0 0
			emissiveColor 1 0 0
		}
	}
	geometry IndexedLineSet {
		coord Coordinate {
			point [
				271.016 -167.893 -906.005,
				271.016 -167.893 -906.005,
			]
		}
		coordIndex [
			0, 1, -1
		]
	}
}
#---------- POLYLINE
Shape {
	appearance Appearance {
		material Material {
			diffuseColor 0 1 0
			emissiveColor 0 1 0
		}
	}
	geometry IndexedLineSet {
		coord Coordinate {
			point [
				271.016 -167.893 -906.005,
				271.071 -167.869 -905.938,
			]
		}
		coordIndex [
			0, 1, -1
		]
	}
}
#---------- POLYLINE
Shape {
	appearance Appearance {
		material Material {
			diffuseColor 1 0 0
			emissiveColor 1 0 0
		}
	}
	geometry IndexedLineSet {
		coord Coordinate {
			point [
				271.071 -167.869 -905.938,
				271.071 -167.869 -905.938,
			]
		}
		coordIndex [
			0, 1, -1
		]
	}
}
#---------- POLYLINE
Shape {
	appearance Appearance {
		material Material {
			diffuseColor 1 0 0
			emissiveColor 1 0 0
		}
	}
	geometry IndexedLineSet {
		coord Coordinate {
			point [
				271.071 -167.869 -905.938,
				271.071 -167.869 -905.938,
			]
		}
		coordIndex [
			0, 1, -1
		]
	}
}
#---------- POLYLINE
Shape {
	appearance Appearance {
		material Material {
			diffuseColor 1 0 0
			emissiveColor 1 0 0
		}
	}
	geometry IndexedLineSet {
		coord Coordinate {
			point [
				271.071 -167.869 -905.938,
				271.071 -167.869 -905.938,
			]
		}
		coordIndex [
			0, 1, -1
		]
	}
}
#---------- POLYLINE
Shape {
	appearance Appearance {
		material Material {
			diffuseColor 1 0 0
			emissiveColor 1 0 0
		}
	}
	geometry IndexedLineSet {
		coord Coordinate {
			point [
				271.071 -167.869 -905.938,
				271.071 -167.869 -905.938,
			]
		}
		coordIndex [
			0, 1, -1
		]
	}
}
#---------- POLYLINE
Shape {
	appearance Appearance {
		material Material {
			diffuseColor 1 0 0
			emissiveColor 1 0 0
		}
	}
	geometry IndexedLineSet {
		coord Coordinate {
			point [
				271.071 -167.869 -905.938,
				271.071 -167.869 -905.938,
			]
		}
		coordIndex [
			0, 1, -1
		]
	}
}
#---------- POLYLINE
Shape {
	appearance Appearance {
		material Material {
			diffuseColor 1 0 0
			emissiveColor 1 0 0
		}
	}
	geometry IndexedLineSet {
		coord Coordinate {
			point [
				271.071 -167.869 -905.938,
				271.071 -167.869 -905.938,
			]
		}
		coordIndex [
			0, 1, -1
		]
	}
}
#---------- POLYLINE
Shape {
	appearance Appearance {
		material Material {
			diffuseColor 1 0 0
			emissiveColor 1 0 0
		}
	}
	geometry IndexedLineSet {
		coord Coordinate {
			point [
				271.071 -167.869 -905.938,
				271.071 -167.869 -905.938,
			]
		}
		coordIndex [
			0, 1, -1
		]
	}
}
#---------- POLYLINE
Shape {
	appearance Appearance {
		material Material {
			diffuseColor 1 0 0
			emissiveColor 1 0 0
		}
	}
	geometry IndexedLineSet {
		coord Coordinate {
			point [
				271.071 -167.869 -905.938,
				271.071 -167.869 -905.938,
			]
		}
		coordIndex [
			0, 1, -1
		]
	}
}
#---------- POLYLINE
Shape {
	appearance Appearance {
		material Material {
			diffuseColor 1 0 0
			emissiveColor 1 0 0
		}
	}
	geometry IndexedLineSet {
		coord Coordinate {
			point [
				271.071 -167.869 -905.938,
				271.071 -167.869 -905.938,
			]
		}
		coordIndex [
			0, 1, -1
		]
	}
}
#---------- POLYLINE
Shape {
	appearance Appearance {
		material Material {
			diffuseColor 1 0 0
			emissiveColor 1 0 0
		}
	}
	geometry IndexedLineSet {
		coord Coordinate {
			point [
				271.071 -167.869 -905.938,
				271.071 -167.869 -905.938,
			]
		}
		coordIndex [
			0, 1, -1
		]
	}
}
#---------- POLYLINE
Shape {
	appearance Appearance {
		material Material {
			diffuseColor 1 0 0
			emissiveColor 1 0 0
		}
	}
	geometry IndexedLineSet {
		coord Coordinate {
			point [
				271.071 -167.869 -905.938,
				271.071 -167.869 -905.938,
			]
		}
		coordIndex [
			0, 1, -1
		]
	}
}
#---------- POLYLINE
Shape {
	appearance Appearance {
		material Material {
			diffuseColor 1 0 0
			emissiveColor 1 0 0
		}
	}
	geometry IndexedLineSet {
		coord Coordinate {
			point [
				271.071 -167.869 -905.938,
				271.071 -167.869 -905.938,
			]
		}
		coordIndex [
			0, 1, -1
		]
	}
}
#---------- POLYLINE
Shape {
	appearance Appearance {
		material Material {
			diffuseColor 1 0 0
			emissiveColor 1 0 0
		}
	}
	geometry IndexedLineSet {
		coord Coordinate {
			point [
				271.071 -167.869 -905.938,
				271.071 -167.869 -905.938,
			]
		}
		coordIndex [
			0, 1, -1
		]
	}
}
#---------- POLYLINE
Shape {
	appearance Appearance {
		material Material {
			diffuseColor 1 0 0
			emissiveColor 1 0 0
		}
	}
	geometry IndexedLineSet {
		coord Coordinate {
			point [
				271.071 -167.869 -905.938,
				271.071 -167.869 -905.938,
			]
		}
		coordIndex [
			0, 1, -1
		]
	}
}
#---------- POLYLINE
Shape {
	appearance Appearance {
		material Material {
			diffuseColor 1 0 0
			emissiveColor 1 0 0
		}
	}
	geometry IndexedLineSet {
		coord Coordinate {
			point [
				271.071 -167.869 -905.938,
				271.071 -167.869 -905.938,
			]
		}
		coordIndex [
			0, 1, -1
		]
	}
}
#---------- POLYLINE
Shape {
	appearance Appearance {
		material Material {
			diffuseColor 1 0 0
			emissiveColor 1 0 0
		}
	}
	geometry IndexedLineSet {
		coord Coordinate {
			point [
				271.071 -167.869 -905.938,
				271.071 -167.869 -905.938,
			]
		}
		coordIndex [
			0, 1, -1
		]
	}
}
#---------- POLYLINE
Shape {
	appearance Appearance {
		material Material {
			diffuseColor 1 0 0
			emissiveColor 1 0 0
		}
	}
	geometry IndexedLineSet {
		coord Coordinate {
			point [
				271.071 -167.869 -905.938,
				271.071 -167.869 -905.938,
			]
		}
		coordIndex [
			0, 1, -1
		]
	}
}
#---------- POLYLINE
Shape {
	appearance Appearance {
		material Material {
			diffuseColor 1 0 0
			emissiveColor 1 0 0
		}
	}
	geometry IndexedLineSet {
		coord Coordinate {
			point [
				271.071 -167.869 -905.938,
				271.071 -167.869 -905.938,
			]
		}
		coordIndex [
			0, 1, -1
		]
	}
}
#---------- POLYLINE
Shape {
	appearance Appearance {
		material Material {
			diffuseColor 1 0 0
			emissiveColor 1 0 0
		}
	}
	geometry IndexedLineSet {
		coord Coordinate {
			point [
				271.071 -167.869 -905.938,
				271.071 -167.869 -905.938,
			]
		}
		coordIndex [
			0, 1, -1
		]
	}
}
#---------- POLYLINE
Shape {
	appearance Appearance {
		material Material {
			diffuseColor 1 0 0
			emissiveColor 1 0 0
		}
	}
	geometry IndexedLineSet {
		coord Coordinate {
			point [
				271.071 -167.869 -905.938,
				271.071 -167.869 -905.938,
			]
		}
		coordIndex [
			0, 1, -1
		]
	}
}
#---------- POLYLINE
Shape {
	appearance Appearance {
		material Material {
			diffuseColor 1 0 0
			emissiveColor 1 0 0
		}
	}
	geometry IndexedLineSet {
		coord Coordinate {
			point [
				271.016 -167.893 -906.005,
				271.023 -167.897 -906.012,
			]
		}
		coordIndex [
			0, 1, -1
		]
	}
}
#---------- POLYLINE
Shape {
	appearance Appearance {
		material Material {
			diffuseColor 1 0 0
			emissiveColor 1 0 0
		}
	}
	geometry IndexedLineSet {
		coord Coordinate {
			point [
				270.99 -167.88 -905.961,
				270.99 -167.881 -905.96,
			]
		}
		coordIndex [
			0, 1, -1
		]
	}
}
#---------- POLYLINE
Shape {
	appearance Appearance {
		material Material {
			diffuseColor 0 1 0
			emissiveColor 0 1 0
		}
	}
	geometry IndexedLineSet {
		coord Coordinate {
			point [
				270.726 -167.282 -905.638,
				269.774 -165.122 -904.474,
				266.441 -161.367 -903.01,
				266.591 -160.906 -901.659,
			]
		}
		coordIndex [
			0, 1, 2, 3, -1
		]
	}
}
#---------- POLYLINE
Shape {
	appearance Appearance {
		material Material {
			diffuseColor 1 0 0
			emissiveColor 1 0 0
		}
	}
	geometry IndexedLineSet {
		coord Coordinate {
			point [
				266.591 -160.906 -901.659,
				266.591 -160.906 -901.659,
			]
		}
		coordIndex [
			0, 1, -1
		]
	}
}
#---------- POLYLINE
Shape {
	appearance Appearance {
		material Material {
			diffuseColor 1 0 0
			emissiveColor 1 0 0
		}
	}
	geometry IndexedLineSet {
		coord Coordinate {
			point [
				266.591 -160.906 -901.659,
				266.591 -160.906 -901.659,
			]
		}
		coordIndex [
			0, 1, -1
		]
	}
}
#---------- POLYLINE
Shape {
	appearance Appearance {
		material Material {
			diffuseColor 1 0 0
			emissiveColor 1 0 0
		}
	}
	geometry IndexedLineSet {
		coord Coordinate {
			point [
				266.591 -160.906 -901.659,
				266.591 -160.906 -901.659,
			]
		}
		coordIndex [
			0, 1, -1
		]
	}
}
#---------- POLYLINE
Shape {
	appearance Appearance {
		material Material {
			diffuseColor 1 0 0
			emissiveColor 1 0 0
		}
	}
	geometry IndexedLineSet {
		coord Coordinate {
			point [
				266.591 -160.906 -901.659,
				266.591 -160.906 -901.659,
			]
		}
		coordIndex [
			0, 1, -1
		]
	}
}
#---------- POLYLINE
Shape {
	appearance Appearance {
		material Material {
			diffuseColor 1 0 0
			emissiveColor 1 0 0
		}
	}
	geometry IndexedLineSet {
		coord Coordinate {
			point [
				266.591 -160.906 -901.659,
			]
		}
		coordIndex [
			0, -1
		]
	}
}
#---------- POLYLINE
Shape {
	appearance Appearance {
		material Material {
			diffuseColor 1 0 0
			emissiveColor 1 0 0
		}
	}
	geometry IndexedLineSet {
		coord Coordinate {
			point [
				266.591 -160.906 -901.659,
				266.591 -160.906 -901.659,
			]
		}
		coordIndex [
			0, 1, -1
		]
	}
}
#---------- POLYLINE
Shape {
	appearance Appearance {
		material Material {
			diffuseColor 1 0 0
			emissiveColor 1 0 0
		}
	}
	geometry IndexedLineSet {
		coord Coordinate {
			point [
				266.591 -160.906 -901.659,
				266.591 -160.906 -901.659,
			]
		}
		coordIndex [
			0, 1, -1
		]
	}
}
#---------- POLYLINE
Shape {
	appearance Appearance {
		material Material {
			diffuseColor 1 0 0
			emissiveColor 1 0 0
		}
	}
	geometry IndexedLineSet {
		coord Coordinate {
			point [
				266.591 -160.906 -901.659,
				266.591 -160.906 -901.659,
			]
		}
		coordIndex [
			0, 1, -1
		]
	}
}
#---------- POLYLINE
Shape {
	appearance Appearance {
		material Material {
			diffuseColor 1 0 0
			emissiveColor 1 0 0
		}
	}
	geometry IndexedLineSet {
		coord Coordinate {
			point [
				266.591 -160.906 -901.659,
				266.591 -160.906 -901.659,
			]
		}
		coordIndex [
			0, 1, -1
		]
	}
}
#---------- POLYLINE
Shape {
	appearance Appearance {
		material Material {
			diffuseColor 1 0 0
			emissiveColor 1 0 0
		}
	}
	geometry IndexedLineSet {
		coord Coordinate {
			point [
				266.591 -160.906 -901.659,
				266.591 -160.906 -901.659,
			]
		}
		coordIndex [
			0, 1, -1
		]
	}
}
#---------- POLYLINE
Shape {
	appearance Appearance {
		material Material {
			diffuseColor 1 0 0
			emissiveColor 1 0 0
		}
	}
	geometry IndexedLineSet {
		coord Coordinate {
			point [
				266.591 -160.906 -901.659,
				266.591 -160.906 -901.659,
			]
		}
		coordIndex [
			0, 1, -1
		]
	}
}
#---------- POLYLINE
Shape {
	appearance Appearance {
		material Material {
			diffuseColor 1 0 0
			emissiveColor 1 0 0
		}
	}
	geometry IndexedLineSet {
		coord Coordinate {
			point [
				266.591 -160.906 -901.659,
				266.591 -160.906 -901.659,
			]
		}
		coordIndex [
			0, 1, -1
		]
	}
}
#---------- POLYLINE
Shape {
	appearance Appearance {
		material Material {
			diffuseColor 1 0 0
			emissiveColor 1 0 0
		}
	}
	geometry IndexedLineSet {
		coord Coordinate {
			point [
				266.591 -160.906 -901.659,
				266.591 -160.906 -901.659,
			]
		}
		coordIndex [
			0, 1, -1
		]
	}
}
#---------- POLYLINE
Shape {
	appearance Appearance {
		material Material {
			diffuseColor 0 1 0
			emissiveColor 0 1 0
		}
	}
	geometry IndexedLineSet {
		coord Coordinate {
			point [
				266.591 -160.906 -901.659,
				266.745 -160.991 -901.613,
			]
		}
		coordIndex [
			0, 1, -1
		]
	}
}
#---------- POLYLINE
Shape {
	appearance Appearance {
		material Material {
			diffuseColor 1 0 0
			emissiveColor 1 0 0
		}
	}
	geometry IndexedLineSet {
		coord Coordinate {
			point [
				266.745 -160.991 -901.613,
				266.745 -160.991 -901.613,
			]
		}
		coordIndex [
			0, 1, -1
		]
	}
}
#---------- POLYLINE
Shape {
	appearance Appearance {
		material Material {
			diffuseColor 1 0 0
			emissiveColor 1 0 0
		}
	}
	geometry IndexedLineSet {
		coord Coordinate {
			point [
				266.745 -160.991 -901.613,
				266.745 -160.991 -901.613,
			]
		}
		coordIndex [
			0, 1, -1
		]
	}
}
#---------- POLYLINE
Shape {
	appearance Appearance {
		material Material {
			diffuseColor 1 0 0
			emissiveColor 1 0 0
		}
	}
	geometry IndexedLineSet {
		coord Coordinate {
			point [
				266.745 -160.991 -901.613,
				266.745 -160.991 -901.613,
			]
		}
		coordIndex [
			0, 1, -1
		]
	}
}
#---------- POLYLINE
Shape {
	appearance Appearance {
		material Material {
			diffuseColor 1 0 0
			emissiveColor 1 0 0
		}
	}
	geometry IndexedLineSet {
		coord Coordinate {
			point [
				266.745 -160.991 -901.613,
				266.745 -160.991 -901.613,
			]
		}
		coordIndex [
			0, 1, -1
		]
	}
}
#---------- POLYLINE
Shape {
	appearance Appearance {
		material Material {
			diffuseColor 1 0 0
			emissiveColor 1 0 0
		}
	}
	geometry IndexedLineSet {
		coord Coordinate {
			point [
				266.745 -160.991 -901.613,
				266.745 -160.991 -901.613,
			]
		}
		coordIndex [
			0, 1, -1
		]
	}
}
#---------- POLYLINE
Shape {
	appearance Appearance {
		material Material {
			diffuseColor 1 0 0
			emissiveColor 1 0 0
		}
	}
	geometry IndexedLineSet {
		coord Coordinate {
			point [
				266.745 -160.991 -901.613,
				266.745 -160.991 -901.613,
			]
		}
		coordIndex [
			0, 1, -1
		]
	}
}
#---------- POLYLINE
Shape {
	appearance Appearance {
		material Material {
			diffuseColor 1 0 0
			emissiveColor 1 0 0
		}
	}
	geometry IndexedLineSet {
		coord Coordinate {
			point [
				266.745 -160.991 -901.613,
				266.745 -160.991 -901.613,
			]
		}
		coordIndex [
			0, 1, -1
		]
	}
}
#---------- POLYLINE
Shape {
	appearance Appearance {
		material Material {
			diffuseColor 0 1 0
			emissiveColor 0 1 0
		}
	}
	geometry IndexedLineSet {
		coord Coordinate {
			point [
				266.745 -160.991 -901.613,
				266.745 -160.991 -901.613,
			]
		}
		coordIndex [
			0, 1, -1
		]
	}
}
#---------- POLYLINE
Shape {
	appearance Appearance {
		material Material {
			diffuseColor 1 0 0
			emissiveColor 1 0 0
		}
	}
	geometry IndexedLineSet {
		coord Coordinate {
			point [
				266.745 -160.991 -901.613,
				266.745 -160.991 -901.613,
			]
		}
		coordIndex [
			0, 1, -1
		]
	}
}
#---------- POLYLINE
Shape {
	appearance Appearance {
		material Material {
			diffuseColor 1 0 0
			emissiveColor 1 0 0
		}
	}
	geometry IndexedLineSet {
		coord Coordinate {
			point [
				266.745 -160.991 -901.613,
				266.745 -160.991 -901.613,
			]
		}
		coordIndex [
			0, 1, -1
		]
	}
}
#---------- POLYLINE
Shape {
	appearance Appearance {
		material Material {
			diffuseColor 1 0 0
			emissiveColor 1 0 0
		}
	}
	geometry IndexedLineSet {
		coord Coordinate {
			point [
				266.745 -160.991 -901.613,
				266.745 -160.991 -901.613,
			]
		}
		coordIndex [
			0, 1, -1
		]
	}
}
#---------- POLYLINE
Shape {
	appearance Appearance {
		material Material {
			diffuseColor 1 0 0
			emissiveColor 1 0 0
		}
	}
	geometry IndexedLineSet {
		coord Coordinate {
			point [
				266.745 -160.991 -901.613,
				266.745 -160.991 -901.613,
			]
		}
		coordIndex [
			0, 1, -1
		]
	}
}
#---------- POLYLINE
Shape {
	appearance Appearance {
		material Material {
			diffuseColor 1 0 0
			emissiveColor 1 0 0
		}
	}
	geometry IndexedLineSet {
		coord Coordinate {
			point [
				266.745 -160.991 -901.613,
				266.745 -160.991 -901.613,
			]
		}
		coordIndex [
			0, 1, -1
		]
	}
}
#---------- POLYLINE
Shape {
	appearance Appearance {
		material Material {
			diffuseColor 1 0 0
			emissiveColor 1 0 0
		}
	}
	geometry IndexedLineSet {
		coord Coordinate {
			point [
				266.745 -160.991 -901.613,
				266.745 -160.991 -901.613,
			]
		}
		coordIndex [
			0, 1, -1
		]
	}
}
#---------- POLYLINE
Shape {
	appearance Appearance {
		material Material {
			diffuseColor 1 0 0
			emissiveColor 1 0 0
		}
	}
	geometry IndexedLineSet {
		coord Coordinate {
			point [
				266.745 -160.991 -901.613,
				266.745 -160.991 -901.613,
			]
		}
		coordIndex [
			0, 1, -1
		]
	}
}
#---------- POLYLINE
Shape {
	appearance Appearance {
		material Material {
			diffuseColor 1 0 0
			emissiveColor 1 0 0
		}
	}
	geometry IndexedLineSet {
		coord Coordinate {
			point [
				266.745 -160.991 -901.613,
				266.745 -160.991 -901.613,
			]
		}
		coordIndex [
			0, 1, -1
		]
	}
}
#---------- POLYLINE
Shape {
	appearance Appearance {
		material Material {
			diffuseColor 1 0 0
			emissiveColor 1 0 0
		}
	}
	geometry IndexedLineSet {
		coord Coordinate {
			point [
				266.745 -160.991 -901.613,
				266.745 -160.991 -901.613,
			]
		}
		coordIndex [
			0, 1, -1
		]
	}
}
#---------- POLYLINE
Shape {
	appearance Appearance {
		material Material {
			diffuseColor 1 0 0
			emissiveColor 1 0 0
		}
	}
	geometry IndexedLineSet {
		coord Coordinate {
			point [
				266.745 -160.991 -901.613,
				266.745 -160.991 -901.613,
			]
		}
		coordIndex [
			0, 1, -1
		]
	}
}
#---------- POLYLINE
Shape {
	appearance Appearance {
		material Material {
			diffuseColor 1 0 0
			emissiveColor 1 0 0
		}
	}
	geometry IndexedLineSet {
		coord Coordinate {
			point [
				266.745 -160.991 -901.613,
				266.746 -160.991 -901.613,
			]
		}
		coordIndex [
			0, 1, -1
		]
	}
}
#---------- POLYLINE
Shape {
	appearance Appearance {
		material Material {
			diffuseColor 1 0 0
			emissiveColor 1 0 0
		}
	}
	geometry IndexedLineSet {
		coord Coordinate {
			point [
				266.591 -160.906 -901.659,
				266.594 -160.902 -901.654,
			]
		}
		coordIndex [
			0, 1, -1
		]
	}
}
#---------- POLYLINE
Shape {
	appearance Appearance {
		material Material {
			diffuseColor 1 0 0
			emissiveColor 1 0 0
		}
	}
	geometry IndexedLineSet {
		coord Coordinate {
			point [
				266.441 -161.367 -903.01,
				266.438 -161.364 -903.012,
			]
		}
		coordIndex [
			0, 1, -1
		]
	}
}
#---------- POLYLINE
Shape {
	appearance Appearance {
		material Material {
			diffuseColor 1 0 0
			emissiveColor 1 0 0
		}
	}
	geometry IndexedLineSet {
		coord Coordinate {
			point [
				269.774 -165.122 -904.474,
				269.774 -165.121 -904.474,
			]
		}
		coordIndex [
			0, 1, -1
		]
	}
}
#---------- POLYLINE
Shape {
	appearance Appearance {
		material Material {
			diffuseColor 0 1 0
			emissiveColor 0 1 0
		}
	}
	geometry IndexedLineSet {
		coord Coordinate {
			point [
				270.609 -167.244 -905.721,
				294.679 -165.513 -888.298,
			]
		}
		coordIndex [
			0, 1, -1
		]
	}
}
#---------- POLYLINE
Shape {
	appearance Appearance {
		material Material {
			diffuseColor 1 0 0
			emissiveColor 1 0 0
		}
	}
	geometry IndexedLineSet {
		coord Coordinate {
			point [
				294.679 -165.513 -888.298,
				294.679 -165.513 -888.298,
			]
		}
		coordIndex [
			0, 1, -1
		]
	}
}
#---------- POLYLINE
Shape {
	appearance Appearance {
		material Material {
			diffuseColor 1 0 0
			emissiveColor 1 0 0
		}
	}
	geometry IndexedLineSet {
		coord Coordinate {
			point [
				294.679 -165.513 -888.298,
				294.679 -165.513 -888.298,
			]
		}
		coordIndex [
			0, 1, -1
		]
	}
}
#---------- POLYLINE
Shape {
	appearance Appearance {
		material Material {
			diffuseColor 1 0 0
			emissiveColor 1 0 0
		}
	}
	geometry IndexedLineSet {
		coord Coordinate {
			point [
				294.679 -165.513 -888.298,
				294.679 -165.513 -888.298,
			]
		}
		coordIndex [
			0, 1, -1
		]
	}
}
#---------- POLYLINE
Shape {
	appearance Appearance {
		material Material {
			diffuseColor 1 0 0
			emissiveColor 1 0 0
		}
	}
	geometry IndexedLineSet {
		coord Coordinate {
			point [
				294.679 -165.513 -888.298,
				294.679 -165.513 -888.298,
			]
		}
		coordIndex [
			0, 1, -1
		]
	}
}
#---------- POLYLINE
Shape {
	appearance Appearance {
		material Material {
			diffuseColor 1 0 0
			emissiveColor 1 0 0
		}
	}
	geometry IndexedLineSet {
		coord Coordinate {
			point [
				294.679 -165.513 -888.298,
				294.679 -165.513 -888.298,
			]
		}
		coordIndex [
			0, 1, -1
		]
	}
}
#---------- POLYLINE
Shape {
	appearance Appearance {
		material Material {
			diffuseColor 1 0 0
			emissiveColor 1 0 0
		}
	}
	geometry IndexedLineSet {
		coord Coordinate {
			point [
				294.679 -165.513 -888.298,
				294.679 -165.513 -888.298,
			]
		}
		coordIndex [
			0, 1, -1
		]
	}
}
#---------- POLYLINE
Shape {
	appearance Appearance {
		material Material {
			diffuseColor 0 1 0
			emissiveColor 0 1 0
		}
	}
	geometry IndexedLineSet {
		coord Coordinate {
			point [
				294.679 -165.513 -888.298,
				294.678 -165.511 -888.306,
			]
		}
		coordIndex [
			0, 1, -1
		]
	}
}
#---------- POLYLINE
Shape {
	appearance Appearance {
		material Material {
			diffuseColor 1 0 0
			emissiveColor 1 0 0
		}
	}
	geometry IndexedLineSet {
		coord Coordinate {
			point [
				294.678 -165.511 -888.306,
				294.678 -165.511 -888.306,
			]
		}
		coordIndex [
			0, 1, -1
		]
	}
}
#---------- POLYLINE
Shape {
	appearance Appearance {
		material Material {
			diffuseColor 1 0 0
			emissiveColor 1 0 0
		}
	}
	geometry IndexedLineSet {
		coord Coordinate {
			point [
				294.678 -165.511 -888.306,
				294.678 -165.511 -888.306,
			]
		}
		coordIndex [
			0, 1, -1
		]
	}
}
#---------- POLYLINE
Shape {
	appearance Appearance {
		material Material {
			diffuseColor 1 0 0
			emissiveColor 1 0 0
		}
	}
	geometry IndexedLineSet {
		coord Coordinate {
			point [
				294.678 -165.511 -888.306,
				294.678 -165.511 -888.306,
			]
		}
		coordIndex [
			0, 1, -1
		]
	}
}
#---------- POLYLINE
Shape {
	appearance Appearance {
		material Material {
			diffuseColor 1 0 0
			emissiveColor 1 0 0
		}
	}
	geometry IndexedLineSet {
		coord Coordinate {
			point [
				294.678 -165.511 -888.306,
				294.678 -165.511 -888.306,
			]
		}
		coordIndex [
			0, 1, -1
		]
	}
}
#---------- POLYLINE
Shape {
	appearance Appearance {
		material Material {
			diffuseColor 1 0 0
			emissiveColor 1 0 0
		}
	}
	geometry IndexedLineSet {
		coord Coordinate {
			point [
				294.678 -165.511 -888.306,
				294.678 -165.511 -888.306,
			]
		}
		coordIndex [
			0, 1, -1
		]
	}
}
#---------- POLYLINE
Shape {
	appearance Appearance {
		material Material {
			diffuseColor 1 0 0
			emissiveColor 1 0 0
		}
	}
	geometry IndexedLineSet {
		coord Coordinate {
			point [
				294.678 -165.511 -888.306,
				294.678 -165.511 -888.306,
			]
		}
		coordIndex [
			0, 1, -1
		]
	}
}
#---------- POLYLINE
Shape {
	appearance Appearance {
		material Material {
			diffuseColor 1 0 0
			emissiveColor 1 0 0
		}
	}
	geometry IndexedLineSet {
		coord Coordinate {
			point [
				294.678 -165.511 -888.306,
				294.678 -165.511 -888.306,
			]
		}
		coordIndex [
			0, 1, -1
		]
	}
}
#---------- POLYLINE
Shape {
	appearance Appearance {
		material Material {
			diffuseColor 1 0 0
			emissiveColor 1 0 0
		}
	}
	geometry IndexedLineSet {
		coord Coordinate {
			point [
				294.678 -165.511 -888.306,
				294.678 -165.511 -888.306,
			]
		}
		coordIndex [
			0, 1, -1
		]
	}
}
#---------- POLYLINE
Shape {
	appearance Appearance {
		material Material {
			diffuseColor 1 0 0
			emissiveColor 1 0 0
		}
	}
	geometry IndexedLineSet {
		coord Coordinate {
			point [
				294.678 -165.511 -888.306,
				294.678 -165.511 -888.306,
			]
		}
		coordIndex [
			0, 1, -1
		]
	}
}
#---------- POLYLINE
Shape {
	appearance Appearance {
		material Material {
			diffuseColor 1 0 0
			emissiveColor 1 0 0
		}
	}
	geometry IndexedLineSet {
		coord Coordinate {
			point [
				294.678 -165.511 -888.306,
				294.678 -165.511 -888.306,
			]
		}
		coordIndex [
			0, 1, -1
		]
	}
}
#---------- POLYLINE
Shape {
	appearance Appearance {
		material Material {
			diffuseColor 1 0 0
			emissiveColor 1 0 0
		}
	}
	geometry IndexedLineSet {
		coord Coordinate {
			point [
				294.678 -165.511 -888.306,
				294.678 -165.511 -888.306,
			]
		}
		coordIndex [
			0, 1, -1
		]
	}
}
#---------- POLYLINE
Shape {
	appearance Appearance {
		material Material {
			diffuseColor 1 0 0
			emissiveColor 1 0 0
		}
	}
	geometry IndexedLineSet {
		coord Coordinate {
			point [
				294.678 -165.511 -888.306,
				294.678 -165.511 -888.306,
			]
		}
		coordIndex [
			0, 1, -1
		]
	}
}
#---------- POLYLINE
Shape {
	appearance Appearance {
		material Material {
			diffuseColor 1 0 0
			emissiveColor 1 0 0
		}
	}
	geometry IndexedLineSet {
		coord Coordinate {
			point [
				294.678 -165.511 -888.306,
				294.678 -165.511 -888.306,
			]
		}
		coordIndex [
			0, 1, -1
		]
	}
}
#---------- POLYLINE
Shape {
	appearance Appearance {
		material Material {
			diffuseColor 1 0 0
			emissiveColor 1 0 0
		}
	}
	geometry IndexedLineSet {
		coord Coordinate {
			point [
				294.678 -165.511 -888.306,
				294.678 -165.511 -888.306,
			]
		}
		coordIndex [
			0, 1, -1
		]
	}
}
#---------- POLYLINE
Shape {
	appearance Appearance {
		material Material {
			diffuseColor 1 0 0
			emissiveColor 1 0 0
		}
	}
	geometry IndexedLineSet {
		coord Coordinate {
			point [
				294.678 -165.511 -888.306,
				294.678 -165.511 -888.306,
			]
		}
		coordIndex [
			0, 1, -1
		]
	}
}
#---------- POLYLINE
Shape {
	appearance Appearance {
		material Material {
			diffuseColor 1 0 0
			emissiveColor 1 0 0
		}
	}
	geometry IndexedLineSet {
		coord Coordinate {
			point [
				294.678 -165.511 -888.306,
				294.678 -165.511 -888.306,
			]
		}
		coordIndex [
			0, 1, -1
		]
	}
}
#---------- POLYLINE
Shape {
	appearance Appearance {
		material Material {
			diffuseColor 0 1 0
			emissiveColor 0 1 0
		}
	}
	geometry IndexedLineSet {
		coord Coordinate {
			point [
				294.679 -165.513 -888.298,
				294.715 -165.556 -888.275,
			]
		}
		coordIndex [
			0, 1, -1
		]
	}
}
#---------- POLYLINE
Shape {
	appearance Appearance {
		material Material {
			diffuseColor 1 0 0
			emissiveColor 1 0 0
		}
	}
	geometry IndexedLineSet {
		coord Coordinate {
			point [
				294.715 -165.556 -888.275,
				294.715 -165.556 -888.275,
			]
		}
		coordIndex [
			0, 1, -1
		]
	}
}
#---------- POLYLINE
Shape {
	appearance Appearance {
		material Material {
			diffuseColor 1 0 0
			emissiveColor 1 0 0
		}
	}
	geometry IndexedLineSet {
		coord Coordinate {
			point [
				294.715 -165.556 -888.275,
				294.715 -165.556 -888.275,
			]
		}
		coordIndex [
			0, 1, -1
		]
	}
}
#---------- POLYLINE
Shape {
	appearance Appearance {
		material Material {
			diffuseColor 1 0 0
			emissiveColor 1 0 0
		}
	}
	geometry IndexedLineSet {
		coord Coordinate {
			point [
				294.715 -165.556 -888.275,
				294.715 -165.556 -888.275,
			]
		}
		coordIndex [
			0, 1, -1
		]
	}
}
#---------- POLYLINE
Shape {
	appearance Appearance {
		material Material {
			diffuseColor 1 0 0
			emissiveColor 1 0 0
		}
	}
	geometry IndexedLineSet {
		coord Coordinate {
			point [
				294.715 -165.556 -888.275,
				294.715 -165.556 -888.275,
			]
		}
		coordIndex [
			0, 1, -1
		]
	}
}
#---------- POLYLINE
Shape {
	appearance Appearance {
		material Material {
			diffuseColor 1 0 0
			emissiveColor 1 0 0
		}
	}
	geometry IndexedLineSet {
		coord Coordinate {
			point [
				294.715 -165.556 -888.275,
				294.715 -165.556 -888.275,
			]
		}
		coordIndex [
			0, 1, -1
		]
	}
}
#---------- POLYLINE
Shape {
	appearance Appearance {
		material Material {
			diffuseColor 1 0 0
			emissiveColor 1 0 0
		}
	}
	geometry IndexedLineSet {
		coord Coordinate {
			point [
				294.715 -165.556 -888.275,
				294.715 -165.556 -888.275,
			]
		}
		coordIndex [
			0, 1, -1
		]
	}
}
#---------- POLYLINE
Shape {
	appearance Appearance {
		material Material {
			diffuseColor 1 0 0
			emissiveColor 1 0 0
		}
	}
	geometry IndexedLineSet {
		coord Coordinate {
			point [
				294.715 -165.556 -888.275,
				294.715 -165.556 -888.275,
			]
		}
		coordIndex [
			0, 1, -1
		]
	}
}
#---------- POLYLINE
Shape {
	appearance Appearance {
		material Material {
			diffuseColor 1 0 0
			emissiveColor 1 0 0
		}
	}
	geometry IndexedLineSet {
		coord Coordinate {
			point [
				294.715 -165.556 -888.275,
				294.715 -165.556 -888.275,
			]
		}
		coordIndex [
			0, 1, -1
		]
	}
}
#---------- POLYLINE
Shape {
	appearance Appearance {
		material Material {
			diffuseColor 1 0 0
			emissiveColor 1 0 0
		}
	}
	geometry IndexedLineSet {
		coord Coordinate {
			point [
				294.715 -165.556 -888.275,
				294.715 -165.556 -888.275,
			]
		}
		coordIndex [
			0, 1, -1
		]
	}
}
#---------- POLYLINE
Shape {
	appearance Appearance {
		material Material {
			diffuseColor 1 0 0
			emissiveColor 1 0 0
		}
	}
	geometry IndexedLineSet {
		coord Coordinate {
			point [
				294.715 -165.556 -888.275,
				294.715 -165.556 -888.275,
			]
		}
		coordIndex [
			0, 1, -1
		]
	}
}
#---------- POLYLINE
Shape {
	appearance Appearance {
		material Material {
			diffuseColor 1 0 0
			emissiveColor 1 0 0
		}
	}
	geometry IndexedLineSet {
		coord Coordinate {
			point [
				294.715 -165.556 -888.275,
				294.715 -165.557 -888.275,
			]
		}
		coordIndex [
			0, 1, -1
		]
	}
}
#---------- POLYLINE
Shape {
	appearance Appearance {
		material Material {
			diffuseColor 1 0 0
			emissiveColor 1 0 0
		}
	}
	geometry IndexedLineSet {
		coord Coordinate {
			point [
				294.679 -165.513 -888.298,
				294.704 -165.497 -888.27,
			]
		}
		coordIndex [
			0, 1, -1
		]
	}
}
#---------- POLYLINE
Shape {
	appearance Appearance {
		material Material {
			diffuseColor 0 1 0
			emissiveColor 0 1 0
		}
	}
	geometry IndexedLineSet {
		coord Coordinate {
			point [
				270.449 -166.771 -905.283,
				270.534 -166.904 -905.447,
			]
		}
		coordIndex [
			0, 1, -1
		]
	}
}
#---------- POLYLINE
Shape {
	appearance Appearance {
		material Material {
			diffuseColor 1 0 0
			emissiveColor 1 0 0
		}
	}
	geometry IndexedLineSet {
		coord Coordinate {
			point [
				270.534 -166.904 -905.447,
				270.534 -166.904 -905.447,
			]
		}
		coordIndex [
			0, 1, -1
		]
	}
}
#---------- POLYLINE
Shape {
	appearance Appearance {
		material Material {
			diffuseColor 1 0 0
			emissiveColor 1 0 0
		}
	}
	geometry IndexedLineSet {
		coord Coordinate {
			point [
				270.534 -166.904 -905.447,
				270.534 -166.904 -905.447,
			]
		}
		coordIndex [
			0, 1, -1
		]
	}
}
#---------- POLYLINE
Shape {
	appearance Appearance {
		material Material {
			diffuseColor 1 0 0
			emissiveColor 1 0 0
		}
	}
	geometry IndexedLineSet {
		coord Coordinate {
			point [
				270.534 -166.904 -905.447,
				270.534 -166.904 -905.447,
			]
		}
		coordIndex [
			0, 1, -1
		]
	}
}
#---------- POLYLINE
Shape {
	appearance Appearance {
		material Material {
			diffuseColor 1 0 0
			emissiveColor 1 0 0
		}
	}
	geometry IndexedLineSet {
		coord Coordinate {
			point [
				270.534 -166.904 -905.447,
				270.534 -166.904 -905.447,
			]
		}
		coordIndex [
			0, 1, -1
		]
	}
}
#---------- POLYLINE
Shape {
	appearance Appearance {
		material Material {
			diffuseColor 1 0 0
			emissiveColor 1 0 0
		}
	}
	geometry IndexedLineSet {
		coord Coordinate {
			point [
				270.534 -166.904 -905.447,
				270.534 -166.904 -905.447,
			]
		}
		coordIndex [
			0, 1, -1
		]
	}
}
#---------- POLYLINE
Shape {
	appearance Appearance {
		material Material {
			diffuseColor 1 0 0
			emissiveColor 1 0 0
		}
	}
	geometry IndexedLineSet {
		coord Coordinate {
			point [
				270.534 -166.904 -905.447,
				270.534 -166.904 -905.447,
			]
		}
		coordIndex [
			0, 1, -1
		]
	}
}
#---------- POLYLINE
Shape {
	appearance Appearance {
		material Material {
			diffuseColor 1 0 0
			emissiveColor 1 0 0
		}
	}
	geometry IndexedLineSet {
		coord Coordinate {
			point [
				270.534 -166.904 -905.447,
				270.534 -166.904 -905.447,
			]
		}
		coordIndex [
			0, 1, -1
		]
	}
}
#---------- POLYLINE
Shape {
	appearance Appearance {
		material Material {
			diffuseColor 1 0 0
			emissiveColor 1 0 0
		}
	}
	geometry IndexedLineSet {
		coord Coordinate {
			point [
				270.534 -166.904 -905.447,
				270.534 -166.904 -905.447,
			]
		}
		coordIndex [
			0, 1, -1
		]
	}
}
#---------- POLYLINE
Shape {
	appearance Appearance {
		material Material {
			diffuseColor 1 0 0
			emissiveColor 1 0 0
		}
	}
	geometry IndexedLineSet {
		coord Coordinate {
			point [
				270.534 -166.904 -905.447,
				270.534 -166.904 -905.447,
			]
		}
		coordIndex [
			0, 1, -1
		]
	}
}
#---------- POLYLINE
Shape {
	appearance Appearance {
		material Material {
			diffuseColor 1 0 0
			emissiveColor 1 0 0
		}
	}
	geometry IndexedLineSet {
		coord Coordinate {
			point [
				270.534 -166.904 -905.447,
				270.534 -166.904 -905.447,
			]
		}
		coordIndex [
			0, 1, -1
		]
	}
}
#---------- POLYLINE
Shape {
	appearance Appearance {
		material Material {
			diffuseColor 1 0 0
			emissiveColor 1 0 0
		}
	}
	geometry IndexedLineSet {
		coord Coordinate {
			point [
				270.534 -166.904 -905.447,
				270.534 -166.904 -905.447,
			]
		}
		coordIndex [
			0, 1, -1
		]
	}
}
#---------- POLYLINE
Shape {
	appearance Appearance {
		material Material {
			diffuseColor 1 0 0
			emissiveColor 1 0 0
		}
	}
	geometry IndexedLineSet {
		coord Coordinate {
			point [
				270.534 -166.904 -905.447,
				270.534 -166.904 -905.447,
			]
		}
		coordIndex [
			0, 1, -1
		]
	}
}
#---------- POLYLINE
Shape {
	appearance Appearance {
		material Material {
			diffuseColor 1 0 0
			emissiveColor 1 0 0
		}
	}
	geometry IndexedLineSet {
		coord Coordinate {
			point [
				270.534 -166.904 -905.447,
				270.534 -166.904 -905.447,
			]
		}
		coordIndex [
			0, 1, -1
		]
	}
}
#---------- POLYLINE
Shape {
	appearance Appearance {
		material Material {
			diffuseColor 1 0 0
			emissiveColor 1 0 0
		}
	}
	geometry IndexedLineSet {
		coord Coordinate {
			point [
				270.534 -166.904 -905.447,
				270.534 -166.904 -905.447,
			]
		}
		coordIndex [
			0, 1, -1
		]
	}
}
#---------- POLYLINE
Shape {
	appearance Appearance {
		material Material {
			diffuseColor 0 1 0
			emissiveColor 0 1 0
		}
	}
	geometry IndexedLineSet {
		coord Coordinate {
			point [
				270.534 -166.904 -905.447,
				270.363 -166.93 -905.466,
			]
		}
		coordIndex [
			0, 1, -1
		]
	}
}
#---------- POLYLINE
Shape {
	appearance Appearance {
		material Material {
			diffuseColor 1 0 0
			emissiveColor 1 0 0
		}
	}
	geometry IndexedLineSet {
		coord Coordinate {
			point [
				270.363 -166.93 -905.466,
				270.363 -166.93 -905.466,
			]
		}
		coordIndex [
			0, 1, -1
		]
	}
}
#---------- POLYLINE
Shape {
	appearance Appearance {
		material Material {
			diffuseColor 1 0 0
			emissiveColor 1 0 0
		}
	}
	geometry IndexedLineSet {
		coord Coordinate {
			point [
				270.363 -166.93 -905.466,
				270.363 -166.93 -905.466,
			]
		}
		coordIndex [
			0, 1, -1
		]
	}
}
#---------- POLYLINE
Shape {
	appearance Appearance {
		material Material {
			diffuseColor 1 0 0
			emissiveColor 1 0 0
		}
	}
	geometry IndexedLineSet {
		coord Coordinate {
			point [
				270.363 -166.93 -905.466,
				270.363 -166.93 -905.466,
			]
		}
		coordIndex [
			0, 1, -1
		]
	}
}
#---------- POLYLINE
Shape {
	appearance Appearance {
		material Material {
			diffuseColor 1 0 0
			emissiveColor 1 0 0
		}
	}
	geometry IndexedLineSet {
		coord Coordinate {
			point [
				270.363 -166.93 -905.466,
				270.363 -166.93 -905.466,
			]
		}
		coordIndex [
			0, 1, -1
		]
	}
}
#---------- POLYLINE
Shape {
	appearance Appearance {
		material Material {
			diffuseColor 1 0 0
			emissiveColor 1 0 0
		}
	}
	geometry IndexedLineSet {
		coord Coordinate {
			point [
				270.363 -166.93 -905.466,
				270.363 -166.93 -905.466,
			]
		}
		coordIndex [
			0, 1, -1
		]
	}
}
#---------- POLYLINE
Shape {
	appearance Appearance {
		material Material {
			diffuseColor 1 0 0
			emissiveColor 1 0 0
		}
	}
	geometry IndexedLineSet {
		coord Coordinate {
			point [
				270.363 -166.93 -905.466,
				270.363 -166.93 -905.466,
			]
		}
		coordIndex [
			0, 1, -1
		]
	}
}
#---------- POLYLINE
Shape {
	appearance Appearance {
		material Material {
			diffuseColor 1 0 0
			emissiveColor 1 0 0
		}
	}
	geometry IndexedLineSet {
		coord Coordinate {
			point [
				270.363 -166.93 -905.466,
				270.363 -166.93 -905.465,
			]
		}
		coordIndex [
			0, 1, -1
		]
	}
}
#---------- POLYLINE
Shape {
	appearance Appearance {
		material Material {
			diffuseColor 1 0 0
			emissiveColor 1 0 0
		}
	}
	geometry IndexedLineSet {
		coord Coordinate {
			point [
				270.534 -166.904 -905.447,
				270.534 -166.903 -905.447,
			]
		}
		coordIndex [
			0, 1, -1
		]
	}
}
#---------- POLYLINE
Shape {
	appearance Appearance {
		material Material {
			diffuseColor 0 1 0
			emissiveColor 0 1 0
		}
	}
	geometry IndexedLineSet {
		coord Coordinate {
			point [
				270.55 -167.094 -904.593,
				270.465 -166.755 -905.234,
			]
		}
		coordIndex [
			0, 1, -1
		]
	}
}
#---------- POLYLINE
Shape {
	appearance Appearance {
		material Material {
			diffuseColor 1 0 0
			emissiveColor 1 0 0
		}
	}
	geometry IndexedLineSet {
		coord Coordinate {
			point [
				270.465 -166.755 -905.234,
				270.465 -166.755 -905.234,
			]
		}
		coordIndex [
			0, 1, -1
		]
	}
}
#---------- POLYLINE
Shape {
	appearance Appearance {
		material Material {
			diffuseColor 1 0 0
			emissiveColor 1 0 0
		}
	}
	geometry IndexedLineSet {
		coord Coordinate {
			point [
				270.465 -166.755 -905.234,
				270.465 -166.755 -905.234,
			]
		}
		coordIndex [
			0, 1, -1
		]
	}
}
#---------- POLYLINE
Shape {
	appearance Appearance {
		material Material {
			diffuseColor 1 0 0
			emissiveColor 1 0 0
		}
	}
	geometry IndexedLineSet {
		coord Coordinate {
			point [
				270.465 -166.755 -905.234,
				270.465 -166.755 -905.234,
			]
		}
		coordIndex [
			0, 1, -1
		]
	}
}
#---------- POLYLINE
Shape {
	appearance Appearance {
		material Material {
			diffuseColor 1 0 0
			emissiveColor 1 0 0
		}
	}
	geometry IndexedLineSet {
		coord Coordinate {
			point [
				270.465 -166.755 -905.234,
				270.465 -166.755 -905.234,
			]
		}
		coordIndex [
			0, 1, -1
		]
	}
}
#---------- POLYLINE
Shape {
	appearance Appearance {
		material Material {
			diffuseColor 1 0 0
			emissiveColor 1 0 0
		}
	}
	geometry IndexedLineSet {
		coord Coordinate {
			point [
				270.465 -166.755 -905.234,
				270.465 -166.755 -905.234,
			]
		}
		coordIndex [
			0, 1, -1
		]
	}
}
#---------- POLYLINE
Shape {
	appearance Appearance {
		material Material {
			diffuseColor 1 0 0
			emissiveColor 1 0 0
		}
	}
	geometry IndexedLineSet {
		coord Coordinate {
			point [
				270.465 -166.755 -905.234,
				270.465 -166.755 -905.234,
			]
		}
		coordIndex [
			0, 1, -1
		]
	}
}
#---------- POLYLINE
Shape {
	appearance Appearance {
		material Material {
			diffuseColor 1 0 0
			emissiveColor 1 0 0
		}
	}
	geometry IndexedLineSet {
		coord Coordinate {
			point [
				270.465 -166.755 -905.234,
				270.465 -166.755 -905.234,
			]
		}
		coordIndex [
			0, 1, -1
		]
	}
}
#---------- POLYLINE
Shape {
	appearance Appearance {
		material Material {
			diffuseColor 1 0 0
			emissiveColor 1 0 0
		}
	}
	geometry IndexedLineSet {
		coord Coordinate {
			point [
				270.465 -166.755 -905.234,
				270.465 -166.755 -905.234,
			]
		}
		coordIndex [
			0, 1, -1
		]
	}
}
#---------- POLYLINE
Shape {
	appearance Appearance {
		material Material {
			diffuseColor 1 0 0
			emissiveColor 1 0 0
		}
	}
	geometry IndexedLineSet {
		coord Coordinate {
			point [
				270.465 -166.755 -905.234,
				270.465 -166.755 -905.234,
			]
		}
		coordIndex [
			0, 1, -1
		]
	}
}
#---------- POLYLINE
Shape {
	appearance Appearance {
		material Material {
			diffuseColor 1 0 0
			emissiveColor 1 0 0
		}
	}
	geometry IndexedLineSet {
		coord Coordinate {
			point [
				270.465 -166.755 -905.234,
				270.465 -166.755 -905.234,
			]
		}
		coordIndex [
			0, 1, -1
		]
	}
}
#---------- POLYLINE
Shape {
	appearance Appearance {
		material Material {
			diffuseColor 0 1 0
			emissiveColor 0 1 0
		}
	}
	geometry IndexedLineSet {
		coord Coordinate {
			point [
				270.465 -166.755 -905.234,
				270.818 -166.901 -905.152,
			]
		}
		coordIndex [
			0, 1, -1
		]
	}
}
#---------- POLYLINE
Shape {
	appearance Appearance {
		material Material {
			diffuseColor 1 0 0
			emissiveColor 1 0 0
		}
	}
	geometry IndexedLineSet {
		coord Coordinate {
			point [
				270.818 -166.901 -905.152,
				270.818 -166.901 -905.152,
			]
		}
		coordIndex [
			0, 1, -1
		]
	}
}
#---------- POLYLINE
Shape {
	appearance Appearance {
		material Material {
			diffuseColor 1 0 0
			emissiveColor 1 0 0
		}
	}
	geometry IndexedLineSet {
		coord Coordinate {
			point [
				270.818 -166.901 -905.152,
				270.818 -166.901 -905.152,
			]
		}
		coordIndex [
			0, 1, -1
		]
	}
}
#---------- POLYLINE
Shape {
	appearance Appearance {
		material Material {
			diffuseColor 1 0 0
			emissiveColor 1 0 0
		}
	}
	geometry IndexedLineSet {
		coord Coordinate {
			point [
				270.818 -166.901 -905.152,
				270.818 -166.901 -905.152,
			]
		}
		coordIndex [
			0, 1, -1
		]
	}
}
#---------- POLYLINE
Shape {
	appearance Appearance {
		material Material {
			diffuseColor 1 0 0
			emissiveColor 1 0 0
		}
	}
	geometry IndexedLineSet {
		coord Coordinate {
			point [
				270.818 -166.901 -905.152,
				270.818 -166.901 -905.152,
			]
		}
		coordIndex [
			0, 1, -1
		]
	}
}
#---------- POLYLINE
Shape {
	appearance Appearance {
		material Material {
			diffuseColor 1 0 0
			emissiveColor 1 0 0
		}
	}
	geometry IndexedLineSet {
		coord Coordinate {
			point [
				270.818 -166.901 -905.152,
				270.818 -166.901 -905.152,
			]
		}
		coordIndex [
			0, 1, -1
		]
	}
}
#---------- POLYLINE
Shape {
	appearance Appearance {
		material Material {
			diffuseColor 1 0 0
			emissiveColor 1 0 0
		}
	}
	geometry IndexedLineSet {
		coord Coordinate {
			point [
				270.818 -166.901 -905.152,
				270.818 -166.901 -905.152,
			]
		}
		coordIndex [
			0, 1, -1
		]
	}
}
#---------- POLYLINE
Shape {
	appearance Appearance {
		material Material {
			diffuseColor 1 0 0
			emissiveColor 1 0 0
		}
	}
	geometry IndexedLineSet {
		coord Coordinate {
			point [
				270.818 -166.901 -905.152,
				270.818 -166.901 -905.152,
			]
		}
		coordIndex [
			0, 1, -1
		]
	}
}
#---------- POLYLINE
Shape {
	appearance Appearance {
		material Material {
			diffuseColor 1 0 0
			emissiveColor 1 0 0
		}
	}
	geometry IndexedLineSet {
		coord Coordinate {
			point [
				270.818 -166.901 -905.152,
				270.818 -166.901 -905.152,
			]
		}
		coordIndex [
			0, 1, -1
		]
	}
}
#---------- POLYLINE
Shape {
	appearance Appearance {
		material Material {
			diffuseColor 1 0 0
			emissiveColor 1 0 0
		}
	}
	geometry IndexedLineSet {
		coord Coordinate {
			point [
				270.818 -166.901 -905.152,
				270.818 -166.901 -905.152,
			]
		}
		coordIndex [
			0, 1, -1
		]
	}
}
#---------- POLYLINE
Shape {
	appearance Appearance {
		material Material {
			diffuseColor 1 0 0
			emissiveColor 1 0 0
		}
	}
	geometry IndexedLineSet {
		coord Coordinate {
			point [
				270.818 -166.901 -905.152,
				270.818 -166.901 -905.152,
			]
		}
		coordIndex [
			0, 1, -1
		]
	}
}
#---------- POLYLINE
Shape {
	appearance Appearance {
		material Material {
			diffuseColor 1 0 0
			emissiveColor 1 0 0
		}
	}
	geometry IndexedLineSet {
		coord Coordinate {
			point [
				270.818 -166.901 -905.152,
				270.818 -166.901 -905.152,
			]
		}
		coordIndex [
			0, 1, -1
		]
	}
}
#---------- POLYLINE
Shape {
	appearance Appearance {
		material Material {
			diffuseColor 1 0 0
			emissiveColor 1 0 0
		}
	}
	geometry IndexedLineSet {
		coord Coordinate {
			point [
				270.818 -166.901 -905.152,
				270.818 -166.901 -905.152,
			]
		}
		coordIndex [
			0, 1, -1
		]
	}
}
#---------- POLYLINE
Shape {
	appearance Appearance {
		material Material {
			diffuseColor 1 0 0
			emissiveColor 1 0 0
		}
	}
	geometry IndexedLineSet {
		coord Coordinate {
			point [
				270.818 -166.901 -905.152,
				270.817 -166.901 -905.151,
			]
		}
		coordIndex [
			0, 1, -1
		]
	}
}
#---------- POLYLINE
Shape {
	appearance Appearance {
		material Material {
			diffuseColor 1 0 0
			emissiveColor 1 0 0
		}
	}
	geometry IndexedLineSet {
		coord Coordinate {
			point [
				270.465 -166.755 -905.234,
				270.467 -166.755 -905.239,
			]
		}
		coordIndex [
			0, 1, -1
		]
	}
}
#---------- POLYLINE
Shape {
	appearance Appearance {
		material Material {
			diffuseColor 1 0 0
			emissiveColor 1 0 0
		}
	}
	geometry IndexedLineSet {
		coord Coordinate {
			point [
				270.313 -167.348 -904.082,
				270.79 -166.799 -905.282,
				270.877 -166.675 -905.445,
				271.197 -166.25 -905.929,
				271.289 -166.164 -906.278,
				271.315 -165.784 -907.24,
				271.032 -165.977 -907.709,
				270.875 -165.915 -907.577,
				270.879 -165.908 -907.578,
			]
		}
		coordIndex [
			0, 1, 2, 3, 4, 5, 6, 7, 8, -1
		]
	}
}
#---------- POLYLINE
Shape {
	appearance Appearance {
		material Material {
			diffuseColor 0 1 0
			emissiveColor 0 1 0
		}
	}
	geometry IndexedLineSet {
		coord Coordinate {
			point [
				270.875 -165.915 -907.577,
				287.184 -178.079 -892.91,
			]
		}
		coordIndex [
			0, 1, -1
		]
	}
}
#---------- POLYLINE
Shape {
	appearance Appearance {
		material Material {
			diffuseColor 1 0 0
			emissiveColor 1 0 0
		}
	}
	geometry IndexedLineSet {
		coord Coordinate {
			point [
				287.184 -178.079 -892.91,
				287.184 -178.079 -892.91,
			]
		}
		coordIndex [
			0, 1, -1
		]
	}
}
#---------- POLYLINE
Shape {
	appearance Appearance {
		material Material {
			diffuseColor 1 0 0
			emissiveColor 1 0 0
		}
	}
	geometry IndexedLineSet {
		coord Coordinate {
			point [
				287.184 -178.079 -892.91,
				287.184 -178.079 -892.91,
			]
		}
		coordIndex [
			0, 1, -1
		]
	}
}
#---------- POLYLINE
Shape {
	appearance Appearance {
		material Material {
			diffuseColor 1 0 0
			emissiveColor 1 0 0
		}
	}
	geometry IndexedLineSet {
		coord Coordinate {
			point [
				287.184 -178.079 -892.91,
				287.184 -178.079 -892.91,
			]
		}
		coordIndex [
			0, 1, -1
		]
	}
}
#---------- POLYLINE
Shape {
	appearance Appearance {
		material Material {
			diffuseColor 1 0 0
			emissiveColor 1 0 0
		}
	}
	geometry IndexedLineSet {
		coord Coordinate {
			point [
				287.184 -178.079 -892.91,
				287.184 -178.079 -892.91,
			]
		}
		coordIndex [
			0, 1, -1
		]
	}
}
#---------- POLYLINE
Shape {
	appearance Appearance {
		material Material {
			diffuseColor 1 0 0
			emissiveColor 1 0 0
		}
	}
	geometry IndexedLineSet {
		coord Coordinate {
			point [
				287.184 -178.079 -892.91,
				287.184 -178.079 -892.91,
			]
		}
		coordIndex [
			0, 1, -1
		]
	}
}
#---------- POLYLINE
Shape {
	appearance Appearance {
		material Material {
			diffuseColor 1 0 0
			emissiveColor 1 0 0
		}
	}
	geometry IndexedLineSet {
		coord Coordinate {
			point [
				287.184 -178.079 -892.91,
				287.184 -178.079 -892.91,
			]
		}
		coordIndex [
			0, 1, -1
		]
	}
}
#---------- POLYLINE
Shape {
	appearance Appearance {
		material Material {
			diffuseColor 1 0 0
			emissiveColor 1 0 0
		}
	}
	geometry IndexedLineSet {
		coord Coordinate {
			point [
				287.184 -178.079 -892.91,
				287.184 -178.079 -892.91,
			]
		}
		coordIndex [
			0, 1, -1
		]
	}
}
#---------- POLYLINE
Shape {
	appearance Appearance {
		material Material {
			diffuseColor 1 0 0
			emissiveColor 1 0 0
		}
	}
	geometry IndexedLineSet {
		coord Coordinate {
			point [
				287.184 -178.079 -892.91,
				287.184 -178.079 -892.91,
			]
		}
		coordIndex [
			0, 1, -1
		]
	}
}
#---------- POLYLINE
Shape {
	appearance Appearance {
		material Material {
			diffuseColor 1 0 0
			emissiveColor 1 0 0
		}
	}
	geometry IndexedLineSet {
		coord Coordinate {
			point [
				287.184 -178.079 -892.91,
				287.184 -178.079 -892.91,
			]
		}
		coordIndex [
			0, 1, -1
		]
	}
}
#---------- POLYLINE
Shape {
	appearance Appearance {
		material Material {
			diffuseColor 1 0 0
			emissiveColor 1 0 0
		}
	}
	geometry IndexedLineSet {
		coord Coordinate {
			point [
				287.184 -178.079 -892.91,
				287.184 -178.079 -892.91,
			]
		}
		coordIndex [
			0, 1, -1
		]
	}
}
#---------- POLYLINE
Shape {
	appearance Appearance {
		material Material {
			diffuseColor 1 0 0
			emissiveColor 1 0 0
		}
	}
	geometry IndexedLineSet {
		coord Coordinate {
			point [
				287.184 -178.079 -892.91,
				287.184 -178.079 -892.91,
			]
		}
		coordIndex [
			0, 1, -1
		]
	}
}
#---------- POLYLINE
Shape {
	appearance Appearance {
		material Material {
			diffuseColor 1 0 0
			emissiveColor 1 0 0
		}
	}
	geometry IndexedLineSet {
		coord Coordinate {
			point [
				287.184 -178.079 -892.91,
				287.184 -178.079 -892.91,
			]
		}
		coordIndex [
			0, 1, -1
		]
	}
}
#---------- POLYLINE
Shape {
	appearance Appearance {
		material Material {
			diffuseColor 1 0 0
			emissiveColor 1 0 0
		}
	}
	geometry IndexedLineSet {
		coord Coordinate {
			point [
				287.184 -178.079 -892.91,
				287.184 -178.079 -892.91,
			]
		}
		coordIndex [
			0, 1, -1
		]
	}
}
#---------- POLYLINE
Shape {
	appearance Appearance {
		material Material {
			diffuseColor 1 0 0
			emissiveColor 1 0 0
		}
	}
	geometry IndexedLineSet {
		coord Coordinate {
			point [
				287.184 -178.079 -892.91,
				287.184 -178.079 -892.91,
			]
		}
		coordIndex [
			0, 1, -1
		]
	}
}
#---------- POLYLINE
Shape {
	appearance Appearance {
		material Material {
			diffuseColor 1 0 0
			emissiveColor 1 0 0
		}
	}
	geometry IndexedLineSet {
		coord Coordinate {
			point [
				287.184 -178.079 -892.91,
				287.184 -178.079 -892.91,
			]
		}
		coordIndex [
			0, 1, -1
		]
	}
}
#---------- POLYLINE
Shape {
	appearance Appearance {
		material Material {
			diffuseColor 1 0 0
			emissiveColor 1 0 0
		}
	}
	geometry IndexedLineSet {
		coord Coordinate {
			point [
				287.184 -178.079 -892.91,
				287.184 -178.079 -892.91,
			]
		}
		coordIndex [
			0, 1, -1
		]
	}
}
#---------- POLYLINE
Shape {
	appearance Appearance {
		material Material {
			diffuseColor 1 0 0
			emissiveColor 1 0 0
		}
	}
	geometry IndexedLineSet {
		coord Coordinate {
			point [
				287.184 -178.079 -892.91,
				287.184 -178.079 -892.91,
			]
		}
		coordIndex [
			0, 1, -1
		]
	}
}
#---------- POLYLINE
Shape {
	appearance Appearance {
		material Material {
			diffuseColor 1 0 0
			emissiveColor 1 0 0
		}
	}
	geometry IndexedLineSet {
		coord Coordinate {
			point [
				287.184 -178.079 -892.91,
				287.184 -178.079 -892.91,
			]
		}
		coordIndex [
			0, 1, -1
		]
	}
}
#---------- POLYLINE
Shape {
	appearance Appearance {
		material Material {
			diffuseColor 1 0 0
			emissiveColor 1 0 0
		}
	}
	geometry IndexedLineSet {
		coord Coordinate {
			point [
				287.184 -178.079 -892.91,
				287.184 -178.079 -892.91,
			]
		}
		coordIndex [
			0, 1, -1
		]
	}
}
#---------- POLYLINE
Shape {
	appearance Appearance {
		material Material {
			diffuseColor 1 0 0
			emissiveColor 1 0 0
		}
	}
	geometry IndexedLineSet {
		coord Coordinate {
			point [
				287.184 -178.079 -892.91,
				287.184 -178.079 -892.91,
			]
		}
		coordIndex [
			0, 1, -1
		]
	}
}
#---------- POLYLINE
Shape {
	appearance Appearance {
		material Material {
			diffuseColor 1 0 0
			emissiveColor 1 0 0
		}
	}
	geometry IndexedLineSet {
		coord Coordinate {
			point [
				287.184 -178.079 -892.91,
				287.184 -178.079 -892.91,
			]
		}
		coordIndex [
			0, 1, -1
		]
	}
}
#---------- POLYLINE
Shape {
	appearance Appearance {
		material Material {
			diffuseColor 1 0 0
			emissiveColor 1 0 0
		}
	}
	geometry IndexedLineSet {
		coord Coordinate {
			point [
				287.184 -178.079 -892.91,
				287.184 -178.079 -892.91,
			]
		}
		coordIndex [
			0, 1, -1
		]
	}
}
#---------- POLYLINE
Shape {
	appearance Appearance {
		material Material {
			diffuseColor 1 0 0
			emissiveColor 1 0 0
		}
	}
	geometry IndexedLineSet {
		coord Coordinate {
			point [
				287.184 -178.079 -892.91,
				287.184 -178.079 -892.91,
			]
		}
		coordIndex [
			0, 1, -1
		]
	}
}
#---------- POLYLINE
Shape {
	appearance Appearance {
		material Material {
			diffuseColor 1 0 0
			emissiveColor 1 0 0
		}
	}
	geometry IndexedLineSet {
		coord Coordinate {
			point [
				287.184 -178.079 -892.91,
				287.184 -178.079 -892.91,
			]
		}
		coordIndex [
			0, 1, -1
		]
	}
}
#---------- POLYLINE
Shape {
	appearance Appearance {
		material Material {
			diffuseColor 1 0 0
			emissiveColor 1 0 0
		}
	}
	geometry IndexedLineSet {
		coord Coordinate {
			point [
				287.184 -178.079 -892.91,
				287.184 -178.079 -892.91,
			]
		}
		coordIndex [
			0, 1, -1
		]
	}
}
#---------- POLYLINE
Shape {
	appearance Appearance {
		material Material {
			diffuseColor 0 1 0
			emissiveColor 0 1 0
		}
	}
	geometry IndexedLineSet {
		coord Coordinate {
			point [
				287.184 -178.079 -892.91,
				287.48 -178.137 -892.854,
			]
		}
		coordIndex [
			0, 1, -1
		]
	}
}
#---------- POLYLINE
Shape {
	appearance Appearance {
		material Material {
			diffuseColor 1 0 0
			emissiveColor 1 0 0
		}
	}
	geometry IndexedLineSet {
		coord Coordinate {
			point [
				287.48 -178.137 -892.854,
				287.48 -178.137 -892.854,
			]
		}
		coordIndex [
			0, 1, -1
		]
	}
}
#---------- POLYLINE
Shape {
	appearance Appearance {
		material Material {
			diffuseColor 1 0 0
			emissiveColor 1 0 0
		}
	}
	geometry IndexedLineSet {
		coord Coordinate {
			point [
				287.48 -178.137 -892.854,
				287.48 -178.137 -892.854,
			]
		}
		coordIndex [
			0, 1, -1
		]
	}
}
#---------- POLYLINE
Shape {
	appearance Appearance {
		material Material {
			diffuseColor 1 0 0
			emissiveColor 1 0 0
		}
	}
	geometry IndexedLineSet {
		coord Coordinate {
			point [
				287.48 -178.137 -892.854,
				287.48 -178.137 -892.855,
			]
		}
		coordIndex [
			0, 1, -1
		]
	}
}
#---------- POLYLINE
Shape {
	appearance Appearance {
		material Material {
			diffuseColor 1 0 0
			emissiveColor 1 0 0
		}
	}
	geometry IndexedLineSet {
		coord Coordinate {
			point [
				287.184 -178.079 -892.91,
				287.219 -178.094 -892.859,
			]
		}
		coordIndex [
			0, 1, -1
		]
	}
}
#---------- POLYLINE
Shape {
	appearance Appearance {
		material Material {
			diffuseColor 0 1 0
			emissiveColor 0 1 0
		}
	}
	geometry IndexedLineSet {
		coord Coordinate {
			point [
				271.315 -165.784 -907.24,
				270.795 -166.21 -908.268,
			]
		}
		coordIndex [
			0, 1, -1
		]
	}
}
#---------- POLYLINE
Shape {
	appearance Appearance {
		material Material {
			diffuseColor 1 0 0
			emissiveColor 1 0 0
		}
	}
	geometry IndexedLineSet {
		coord Coordinate {
			point [
				270.795 -166.21 -908.268,
				270.795 -166.21 -908.268,
			]
		}
		coordIndex [
			0, 1, -1
		]
	}
}
#---------- POLYLINE
Shape {
	appearance Appearance {
		material Material {
			diffuseColor 1 0 0
			emissiveColor 1 0 0
		}
	}
	geometry IndexedLineSet {
		coord Coordinate {
			point [
				270.795 -166.21 -908.268,
				270.795 -166.21 -908.268,
			]
		}
		coordIndex [
			0, 1, -1
		]
	}
}
#---------- POLYLINE
Shape {
	appearance Appearance {
		material Material {
			diffuseColor 1 0 0
			emissiveColor 1 0 0
		}
	}
	geometry IndexedLineSet {
		coord Coordinate {
			point [
				270.795 -166.21 -908.268,
				270.795 -166.21 -908.268,
			]
		}
		coordIndex [
			0, 1, -1
		]
	}
}
#---------- POLYLINE
Shape {
	appearance Appearance {
		material Material {
			diffuseColor 1 0 0
			emissiveColor 1 0 0
		}
	}
	geometry IndexedLineSet {
		coord Coordinate {
			point [
				270.795 -166.21 -908.268,
				270.795 -166.21 -908.268,
			]
		}
		coordIndex [
			0, 1, -1
		]
	}
}
#---------- POLYLINE
Shape {
	appearance Appearance {
		material Material {
			diffuseColor 0 1 0
			emissiveColor 0 1 0
		}
	}
	geometry IndexedLineSet {
		coord Coordinate {
			point [
				270.795 -166.21 -908.268,
				270.796 -166.214 -908.27,
			]
		}
		coordIndex [
			0, 1, -1
		]
	}
}
#---------- POLYLINE
Shape {
	appearance Appearance {
		material Material {
			diffuseColor 1 0 0
			emissiveColor 1 0 0
		}
	}
	geometry IndexedLineSet {
		coord Coordinate {
			point [
				270.796 -166.214 -908.27,
				270.796 -166.214 -908.27,
			]
		}
		coordIndex [
			0, 1, -1
		]
	}
}
#---------- POLYLINE
Shape {
	appearance Appearance {
		material Material {
			diffuseColor 1 0 0
			emissiveColor 1 0 0
		}
	}
	geometry IndexedLineSet {
		coord Coordinate {
			point [
				270.796 -166.214 -908.27,
				270.796 -166.214 -908.27,
			]
		}
		coordIndex [
			0, 1, -1
		]
	}
}
#---------- POLYLINE
Shape {
	appearance Appearance {
		material Material {
			diffuseColor 1 0 0
			emissiveColor 1 0 0
		}
	}
	geometry IndexedLineSet {
		coord Coordinate {
			point [
				270.796 -166.214 -908.27,
				270.796 -166.214 -908.27,
			]
		}
		coordIndex [
			0, 1, -1
		]
	}
}
#---------- POLYLINE
Shape {
	appearance Appearance {
		material Material {
			diffuseColor 1 0 0
			emissiveColor 1 0 0
		}
	}
	geometry IndexedLineSet {
		coord Coordinate {
			point [
				270.796 -166.214 -908.27,
				270.796 -166.214 -908.27,
			]
		}
		coordIndex [
			0, 1, -1
		]
	}
}
#---------- POLYLINE
Shape {
	appearance Appearance {
		material Material {
			diffuseColor 1 0 0
			emissiveColor 1 0 0
		}
	}
	geometry IndexedLineSet {
		coord Coordinate {
			point [
				270.796 -166.214 -908.27,
				270.796 -166.214 -908.27,
			]
		}
		coordIndex [
			0, 1, -1
		]
	}
}
#---------- POLYLINE
Shape {
	appearance Appearance {
		material Material {
			diffuseColor 1 0 0
			emissiveColor 1 0 0
		}
	}
	geometry IndexedLineSet {
		coord Coordinate {
			point [
				270.796 -166.214 -908.27,
				270.796 -166.214 -908.27,
			]
		}
		coordIndex [
			0, 1, -1
		]
	}
}
#---------- POLYLINE
Shape {
	appearance Appearance {
		material Material {
			diffuseColor 1 0 0
			emissiveColor 1 0 0
		}
	}
	geometry IndexedLineSet {
		coord Coordinate {
			point [
				270.796 -166.214 -908.27,
				270.796 -166.214 -908.27,
			]
		}
		coordIndex [
			0, 1, -1
		]
	}
}
#---------- POLYLINE
Shape {
	appearance Appearance {
		material Material {
			diffuseColor 0 1 0
			emissiveColor 0 1 0
		}
	}
	geometry IndexedLineSet {
		coord Coordinate {
			point [
				270.795 -166.21 -908.268,
				270.784 -166.202 -908.273,
			]
		}
		coordIndex [
			0, 1, -1
		]
	}
}
#---------- POLYLINE
Shape {
	appearance Appearance {
		material Material {
			diffuseColor 1 0 0
			emissiveColor 1 0 0
		}
	}
	geometry IndexedLineSet {
		coord Coordinate {
			point [
				270.784 -166.202 -908.273,
				270.784 -166.202 -908.273,
			]
		}
		coordIndex [
			0, 1, -1
		]
	}
}
#---------- POLYLINE
Shape {
	appearance Appearance {
		material Material {
			diffuseColor 1 0 0
			emissiveColor 1 0 0
		}
	}
	geometry IndexedLineSet {
		coord Coordinate {
			point [
				270.784 -166.202 -908.273,
				270.784 -166.202 -908.273,
			]
		}
		coordIndex [
			0, 1, -1
		]
	}
}
#---------- POLYLINE
Shape {
	appearance Appearance {
		material Material {
			diffuseColor 1 0 0
			emissiveColor 1 0 0
		}
	}
	geometry IndexedLineSet {
		coord Coordinate {
			point [
				270.784 -166.202 -908.273,
				270.784 -166.202 -908.273,
			]
		}
		coordIndex [
			0, 1, -1
		]
	}
}
#---------- POLYLINE
Shape {
	appearance Appearance {
		material Material {
			diffuseColor 1 0 0
			emissiveColor 1 0 0
		}
	}
	geometry IndexedLineSet {
		coord Coordinate {
			point [
				270.784 -166.202 -908.273,
				270.784 -166.202 -908.273,
			]
		}
		coordIndex [
			0, 1, -1
		]
	}
}
#---------- POLYLINE
Shape {
	appearance Appearance {
		material Material {
			diffuseColor 1 0 0
			emissiveColor 1 0 0
		}
	}
	geometry IndexedLineSet {
		coord Coordinate {
			point [
				270.784 -166.202 -908.273,
				270.784 -166.202 -908.273,
			]
		}
		coordIndex [
			0, 1, -1
		]
	}
}
#---------- POLYLINE
Shape {
	appearance Appearance {
		material Material {
			diffuseColor 1 0 0
			emissiveColor 1 0 0
		}
	}
	geometry IndexedLineSet {
		coord Coordinate {
			point [
				270.784 -166.202 -908.273,
				270.784 -166.202 -908.273,
			]
		}
		coordIndex [
			0, 1, -1
		]
	}
}
#---------- POLYLINE
Shape {
	appearance Appearance {
		material Material {
			diffuseColor 1 0 0
			emissiveColor 1 0 0
		}
	}
	geometry IndexedLineSet {
		coord Coordinate {
			point [
				270.784 -166.202 -908.273,
				270.784 -166.202 -908.273,
			]
		}
		coordIndex [
			0, 1, -1
		]
	}
}
#---------- POLYLINE
Shape {
	appearance Appearance {
		material Material {
			diffuseColor 1 0 0
			emissiveColor 1 0 0
		}
	}
	geometry IndexedLineSet {
		coord Coordinate {
			point [
				270.784 -166.202 -908.273,
				270.784 -166.202 -908.273,
			]
		}
		coordIndex [
			0, 1, -1
		]
	}
}
#---------- POLYLINE
Shape {
	appearance Appearance {
		material Material {
			diffuseColor 1 0 0
			emissiveColor 1 0 0
		}
	}
	geometry IndexedLineSet {
		coord Coordinate {
			point [
				270.784 -166.202 -908.273,
				270.784 -166.202 -908.273,
			]
		}
		coordIndex [
			0, 1, -1
		]
	}
}
#---------- POLYLINE
Shape {
	appearance Appearance {
		material Material {
			diffuseColor 1 0 0
			emissiveColor 1 0 0
		}
	}
	geometry IndexedLineSet {
		coord Coordinate {
			point [
				270.784 -166.202 -908.273,
				270.784 -166.202 -908.273,
			]
		}
		coordIndex [
			0, 1, -1
		]
	}
}
#---------- POLYLINE
Shape {
	appearance Appearance {
		material Material {
			diffuseColor 1 0 0
			emissiveColor 1 0 0
		}
	}
	geometry IndexedLineSet {
		coord Coordinate {
			point [
				270.784 -166.202 -908.273,
				270.784 -166.202 -908.273,
			]
		}
		coordIndex [
			0, 1, -1
		]
	}
}
#---------- POLYLINE
Shape {
	appearance Appearance {
		material Material {
			diffuseColor 1 0 0
			emissiveColor 1 0 0
		}
	}
	geometry IndexedLineSet {
		coord Coordinate {
			point [
				270.784 -166.202 -908.273,
				270.784 -166.202 -908.273,
			]
		}
		coordIndex [
			0, 1, -1
		]
	}
}
#---------- POLYLINE
Shape {
	appearance Appearance {
		material Material {
			diffuseColor 1 0 0
			emissiveColor 1 0 0
		}
	}
	geometry IndexedLineSet {
		coord Coordinate {
			point [
				270.784 -166.202 -908.273,
				270.784 -166.202 -908.273,
			]
		}
		coordIndex [
			0, 1, -1
		]
	}
}
#---------- POLYLINE
Shape {
	appearance Appearance {
		material Material {
			diffuseColor 1 0 0
			emissiveColor 1 0 0
		}
	}
	geometry IndexedLineSet {
		coord Coordinate {
			point [
				270.784 -166.202 -908.273,
				270.784 -166.202 -908.273,
			]
		}
		coordIndex [
			0, 1, -1
		]
	}
}
#---------- POLYLINE
Shape {
	appearance Appearance {
		material Material {
			diffuseColor 1 0 0
			emissiveColor 1 0 0
		}
	}
	geometry IndexedLineSet {
		coord Coordinate {
			point [
				270.784 -166.202 -908.273,
				270.784 -166.202 -908.273,
			]
		}
		coordIndex [
			0, 1, -1
		]
	}
}
#---------- POLYLINE
Shape {
	appearance Appearance {
		material Material {
			diffuseColor 1 0 0
			emissiveColor 1 0 0
		}
	}
	geometry IndexedLineSet {
		coord Coordinate {
			point [
				270.784 -166.202 -908.273,
				270.784 -166.202 -908.273,
			]
		}
		coordIndex [
			0, 1, -1
		]
	}
}
#---------- POLYLINE
Shape {
	appearance Appearance {
		material Material {
			diffuseColor 1 0 0
			emissiveColor 1 0 0
		}
	}
	geometry IndexedLineSet {
		coord Coordinate {
			point [
				270.784 -166.202 -908.273,
				270.784 -166.202 -908.273,
			]
		}
		coordIndex [
			0, 1, -1
		]
	}
}
#---------- POLYLINE
Shape {
	appearance Appearance {
		material Material {
			diffuseColor 1 0 0
			emissiveColor 1 0 0
		}
	}
	geometry IndexedLineSet {
		coord Coordinate {
			point [
				270.784 -166.202 -908.273,
				270.784 -166.202 -908.273,
			]
		}
		coordIndex [
			0, 1, -1
		]
	}
}
#---------- POLYLINE
Shape {
	appearance Appearance {
		material Material {
			diffuseColor 1 0 0
			emissiveColor 1 0 0
		}
	}
	geometry IndexedLineSet {
		coord Coordinate {
			point [
				270.784 -166.202 -908.273,
				270.784 -166.202 -908.273,
			]
		}
		coordIndex [
			0, 1, -1
		]
	}
}
#---------- POLYLINE
Shape {
	appearance Appearance {
		material Material {
			diffuseColor 1 0 0
			emissiveColor 1 0 0
		}
	}
	geometry IndexedLineSet {
		coord Coordinate {
			point [
				270.784 -166.202 -908.273,
				270.784 -166.202 -908.273,
			]
		}
		coordIndex [
			0, 1, -1
		]
	}
}
#---------- POLYLINE
Shape {
	appearance Appearance {
		material Material {
			diffuseColor 1 0 0
			emissiveColor 1 0 0
		}
	}
	geometry IndexedLineSet {
		coord Coordinate {
			point [
				270.784 -166.202 -908.273,
				270.784 -166.202 -908.273,
			]
		}
		coordIndex [
			0, 1, -1
		]
	}
}
#---------- POLYLINE
Shape {
	appearance Appearance {
		material Material {
			diffuseColor 1 0 0
			emissiveColor 1 0 0
		}
	}
	geometry IndexedLineSet {
		coord Coordinate {
			point [
				270.784 -166.202 -908.273,
				270.784 -166.202 -908.273,
			]
		}
		coordIndex [
			0, 1, -1
		]
	}
}
#---------- POLYLINE
Shape {
	appearance Appearance {
		material Material {
			diffuseColor 1 0 0
			emissiveColor 1 0 0
		}
	}
	geometry IndexedLineSet {
		coord Coordinate {
			point [
				270.784 -166.202 -908.273,
				270.783 -166.203 -908.273,
			]
		}
		coordIndex [
			0, 1, -1
		]
	}
}
#---------- POLYLINE
Shape {
	appearance Appearance {
		material Material {
			diffuseColor 1 0 0
			emissiveColor 1 0 0
		}
	}
	geometry IndexedLineSet {
		coord Coordinate {
			point [
				270.795 -166.21 -908.268,
				270.794 -166.21 -908.268,
			]
		}
		coordIndex [
			0, 1, -1
		]
	}
}
#---------- POLYLINE
Shape {
	appearance Appearance {
		material Material {
			diffuseColor 0 1 0
			emissiveColor 0 1 0
		}
	}
	geometry IndexedLineSet {
		coord Coordinate {
			point [
				271.289 -166.164 -906.278,
				272.551 -159.265 -923.853,
				275.214 -154.157 -940,
				279.833 -145.301 -968,
				280.493 -144.036 -972,
				289.731 -126.323 -1028,
				290.391 -125.058 -1032,
				944.979 1130.01 -5000,
			]
		}
		coordIndex [
			0, 1, 2, 3, 4, 5, 6, 7, -1
		]
	}
}
#---------- POLYLINE
Shape {
	appearance Appearance {
		material Material {
			diffuseColor 1 0 0
			emissiveColor 1 0 0
		}
	}
	geometry IndexedLineSet {
		coord Coordinate {
			point [
				272.551 -159.265 -923.853,
				272.55 -159.264 -923.854,
			]
		}
		coordIndex [
			0, 1, -1
		]
	}
}
#---------- POLYLINE
Shape {
	appearance Appearance {
		material Material {
			diffuseColor 0 1 0
			emissiveColor 0 1 0
		}
	}
	geometry IndexedLineSet {
		coord Coordinate {
			point [
				271.197 -166.25 -905.929,
				273.272 -160.495 -914.263,
				288.24 -153.481 -916.685,
				292.777 -147.976 -918.514,
				296.105 -144.93 -917.508,
			]
		}
		coordIndex [
			0, 1, 2, 3, 4, -1
		]
	}
}
#---------- POLYLINE
Shape {
	appearance Appearance {
		material Material {
			diffuseColor 1 0 0
			emissiveColor 1 0 0
		}
	}
	geometry IndexedLineSet {
		coord Coordinate {
			point [
				296.105 -144.93 -917.508,
				296.105 -144.93 -917.508,
			]
		}
		coordIndex [
			0, 1, -1
		]
	}
}
#---------- POLYLINE
Shape {
	appearance Appearance {
		material Material {
			diffuseColor 0 1 0
			emissiveColor 0 1 0
		}
	}
	geometry IndexedLineSet {
		coord Coordinate {
			point [
				296.105 -144.93 -917.508,
				296.009 -144.878 -917.492,
			]
		}
		coordIndex [
			0, 1, -1
		]
	}
}
#---------- POLYLINE
Shape {
	appearance Appearance {
		material Material {
			diffuseColor 1 0 0
			emissiveColor 1 0 0
		}
	}
	geometry IndexedLineSet {
		coord Coordinate {
			point [
				296.009 -144.878 -917.492,
				296.009 -144.878 -917.492,
			]
		}
		coordIndex [
			0, 1, -1
		]
	}
}
#---------- POLYLINE
Shape {
	appearance Appearance {
		material Material {
			diffuseColor 1 0 0
			emissiveColor 1 0 0
		}
	}
	geometry IndexedLineSet {
		coord Coordinate {
			point [
				296.009 -144.878 -917.492,
				296.009 -144.878 -917.492,
			]
		}
		coordIndex [
			0, 1, -1
		]
	}
}
#---------- POLYLINE
Shape {
	appearance Appearance {
		material Material {
			diffuseColor 1 0 0
			emissiveColor 1 0 0
		}
	}
	geometry IndexedLineSet {
		coord Coordinate {
			point [
				296.009 -144.878 -917.492,
				296.009 -144.878 -917.492,
			]
		}
		coordIndex [
			0, 1, -1
		]
	}
}
#---------- POLYLINE
Shape {
	appearance Appearance {
		material Material {
			diffuseColor 1 0 0
			emissiveColor 1 0 0
		}
	}
	geometry IndexedLineSet {
		coord Coordinate {
			point [
				296.009 -144.878 -917.492,
				296.009 -144.878 -917.492,
			]
		}
		coordIndex [
			0, 1, -1
		]
	}
}
#---------- POLYLINE
Shape {
	appearance Appearance {
		material Material {
			diffuseColor 1 0 0
			emissiveColor 1 0 0
		}
	}
	geometry IndexedLineSet {
		coord Coordinate {
			point [
				296.009 -144.878 -917.492,
				296.009 -144.878 -917.492,
			]
		}
		coordIndex [
			0, 1, -1
		]
	}
}
#---------- POLYLINE
Shape {
	appearance Appearance {
		material Material {
			diffuseColor 1 0 0
			emissiveColor 1 0 0
		}
	}
	geometry IndexedLineSet {
		coord Coordinate {
			point [
				296.009 -144.878 -917.492,
				296.009 -144.878 -917.492,
			]
		}
		coordIndex [
			0, 1, -1
		]
	}
}
#---------- POLYLINE
Shape {
	appearance Appearance {
		material Material {
			diffuseColor 1 0 0
			emissiveColor 1 0 0
		}
	}
	geometry IndexedLineSet {
		coord Coordinate {
			point [
				296.009 -144.878 -917.492,
				296.009 -144.878 -917.492,
			]
		}
		coordIndex [
			0, 1, -1
		]
	}
}
#---------- POLYLINE
Shape {
	appearance Appearance {
		material Material {
			diffuseColor 1 0 0
			emissiveColor 1 0 0
		}
	}
	geometry IndexedLineSet {
		coord Coordinate {
			point [
				296.009 -144.878 -917.492,
				296.009 -144.878 -917.492,
			]
		}
		coordIndex [
			0, 1, -1
		]
	}
}
#---------- POLYLINE
Shape {
	appearance Appearance {
		material Material {
			diffuseColor 1 0 0
			emissiveColor 1 0 0
		}
	}
	geometry IndexedLineSet {
		coord Coordinate {
			point [
				296.009 -144.878 -917.492,
				296.008 -144.878 -917.491,
			]
		}
		coordIndex [
			0, 1, -1
		]
	}
}
#---------- POLYLINE
Shape {
	appearance Appearance {
		material Material {
			diffuseColor 1 0 0
			emissiveColor 1 0 0
		}
	}
	geometry IndexedLineSet {
		coord Coordinate {
			point [
				296.105 -144.93 -917.508,
				296.126 -144.921 -917.503,
			]
		}
		coordIndex [
			0, 1, -1
		]
	}
}
#---------- POLYLINE
Shape {
	appearance Appearance {
		material Material {
			diffuseColor 1 0 0
			emissiveColor 1 0 0
		}
	}
	geometry IndexedLineSet {
		coord Coordinate {
			point [
				292.777 -147.976 -918.514,
				292.777 -147.975 -918.516,
			]
		}
		coordIndex [
			0, 1, -1
		]
	}
}
#---------- POLYLINE
Shape {
	appearance Appearance {
		material Material {
			diffuseColor 1 0 0
			emissiveColor 1 0 0
		}
	}
	geometry IndexedLineSet {
		coord Coordinate {
			point [
				288.24 -153.481 -916.685,
				288.242 -153.482 -916.685,
			]
		}
		coordIndex [
			0, 1, -1
		]
	}
}
#---------- POLYLINE
Shape {
	appearance Appearance {
		material Material {
			diffuseColor 1 0 0
			emissiveColor 1 0 0
		}
	}
	geometry IndexedLineSet {
		coord Coordinate {
			point [
				273.272 -160.495 -914.263,
				273.275 -160.331 -914.536,
				273.325 -160.266 -914.557,
				273.353 -160.294 -914.572,
			]
		}
		coordIndex [
			0, 1, 2, 3, -1
		]
	}
}
#---------- POLYLINE
Shape {
	appearance Appearance {
		material Material {
			diffuseColor 0 1 0
			emissiveColor 0 1 0
		}
	}
	geometry IndexedLineSet {
		coord Coordinate {
			point [
				273.325 -160.266 -914.557,
				274.204 -161.056 -914.934,
			]
		}
		coordIndex [
			0, 1, -1
		]
	}
}
#---------- POLYLINE
Shape {
	appearance Appearance {
		material Material {
			diffuseColor 1 0 0
			emissiveColor 1 0 0
		}
	}
	geometry IndexedLineSet {
		coord Coordinate {
			point [
				274.204 -161.056 -914.934,
				274.204 -161.056 -914.934,
			]
		}
		coordIndex [
			0, 1, -1
		]
	}
}
#---------- POLYLINE
Shape {
	appearance Appearance {
		material Material {
			diffuseColor 1 0 0
			emissiveColor 1 0 0
		}
	}
	geometry IndexedLineSet {
		coord Coordinate {
			point [
				274.204 -161.056 -914.934,
				274.204 -161.056 -914.934,
			]
		}
		coordIndex [
			0, 1, -1
		]
	}
}
#---------- POLYLINE
Shape {
	appearance Appearance {
		material Material {
			diffuseColor 1 0 0
			emissiveColor 1 0 0
		}
	}
	geometry IndexedLineSet {
		coord Coordinate {
			point [
				274.204 -161.056 -914.934,
				274.204 -161.056 -914.934,
			]
		}
		coordIndex [
			0, 1, -1
		]
	}
}
#---------- POLYLINE
Shape {
	appearance Appearance {
		material Material {
			diffuseColor 1 0 0
			emissiveColor 1 0 0
		}
	}
	geometry IndexedLineSet {
		coord Coordinate {
			point [
				274.204 -161.056 -914.934,
				274.204 -161.056 -914.934,
			]
		}
		coordIndex [
			0, 1, -1
		]
	}
}
#---------- POLYLINE
Shape {
	appearance Appearance {
		material Material {
			diffuseColor 1 0 0
			emissiveColor 1 0 0
		}
	}
	geometry IndexedLineSet {
		coord Coordinate {
			point [
				274.204 -161.056 -914.934,
				274.204 -161.056 -914.934,
			]
		}
		coordIndex [
			0, 1, -1
		]
	}
}
#---------- POLYLINE
Shape {
	appearance Appearance {
		material Material {
			diffuseColor 1 0 0
			emissiveColor 1 0 0
		}
	}
	geometry IndexedLineSet {
		coord Coordinate {
			point [
				274.204 -161.056 -914.934,
				274.204 -161.056 -914.934,
			]
		}
		coordIndex [
			0, 1, -1
		]
	}
}
#---------- POLYLINE
Shape {
	appearance Appearance {
		material Material {
			diffuseColor 1 0 0
			emissiveColor 1 0 0
		}
	}
	geometry IndexedLineSet {
		coord Coordinate {
			point [
				274.204 -161.056 -914.934,
				274.204 -161.056 -914.934,
			]
		}
		coordIndex [
			0, 1, -1
		]
	}
}
#---------- POLYLINE
Shape {
	appearance Appearance {
		material Material {
			diffuseColor 1 0 0
			emissiveColor 1 0 0
		}
	}
	geometry IndexedLineSet {
		coord Coordinate {
			point [
				274.204 -161.056 -914.934,
				274.204 -161.056 -914.934,
			]
		}
		coordIndex [
			0, 1, -1
		]
	}
}
#---------- POLYLINE
Shape {
	appearance Appearance {
		material Material {
			diffuseColor 1 0 0
			emissiveColor 1 0 0
		}
	}
	geometry IndexedLineSet {
		coord Coordinate {
			point [
				274.204 -161.056 -914.934,
				274.204 -161.056 -914.934,
			]
		}
		coordIndex [
			0, 1, -1
		]
	}
}
#---------- POLYLINE
Shape {
	appearance Appearance {
		material Material {
			diffuseColor 0 1 0
			emissiveColor 0 1 0
		}
	}
	geometry IndexedLineSet {
		coord Coordinate {
			point [
				274.204 -161.056 -914.934,
				274.208 -161.071 -914.898,
			]
		}
		coordIndex [
			0, 1, -1
		]
	}
}
#---------- POLYLINE
Shape {
	appearance Appearance {
		material Material {
			diffuseColor 1 0 0
			emissiveColor 1 0 0
		}
	}
	geometry IndexedLineSet {
		coord Coordinate {
			point [
				274.208 -161.071 -914.898,
				274.208 -161.071 -914.898,
			]
		}
		coordIndex [
			0, 1, -1
		]
	}
}
#---------- POLYLINE
Shape {
	appearance Appearance {
		material Material {
			diffuseColor 1 0 0
			emissiveColor 1 0 0
		}
	}
	geometry IndexedLineSet {
		coord Coordinate {
			point [
				274.208 -161.071 -914.898,
				274.208 -161.071 -914.898,
			]
		}
		coordIndex [
			0, 1, -1
		]
	}
}
#---------- POLYLINE
Shape {
	appearance Appearance {
		material Material {
			diffuseColor 1 0 0
			emissiveColor 1 0 0
		}
	}
	geometry IndexedLineSet {
		coord Coordinate {
			point [
				274.208 -161.071 -914.898,
				274.208 -161.071 -914.898,
			]
		}
		coordIndex [
			0, 1, -1
		]
	}
}
#---------- POLYLINE
Shape {
	appearance Appearance {
		material Material {
			diffuseColor 1 0 0
			emissiveColor 1 0 0
		}
	}
	geometry IndexedLineSet {
		coord Coordinate {
			point [
				274.208 -161.071 -914.898,
				274.208 -161.071 -914.898,
			]
		}
		coordIndex [
			0, 1, -1
		]
	}
}
#---------- POLYLINE
Shape {
	appearance Appearance {
		material Material {
			diffuseColor 1 0 0
			emissiveColor 1 0 0
		}
	}
	geometry IndexedLineSet {
		coord Coordinate {
			point [
				274.208 -161.071 -914.898,
				274.208 -161.071 -914.898,
			]
		}
		coordIndex [
			0, 1, -1
		]
	}
}
#---------- POLYLINE
Shape {
	appearance Appearance {
		material Material {
			diffuseColor 1 0 0
			emissiveColor 1 0 0
		}
	}
	geometry IndexedLineSet {
		coord Coordinate {
			point [
				274.208 -161.071 -914.898,
				274.208 -161.071 -914.898,
			]
		}
		coordIndex [
			0, 1, -1
		]
	}
}
#---------- POLYLINE
Shape {
	appearance Appearance {
		material Material {
			diffuseColor 1 0 0
			emissiveColor 1 0 0
		}
	}
	geometry IndexedLineSet {
		coord Coordinate {
			point [
				274.208 -161.071 -914.898,
				274.208 -161.071 -914.898,
			]
		}
		coordIndex [
			0, 1, -1
		]
	}
}
#---------- POLYLINE
Shape {
	appearance Appearance {
		material Material {
			diffuseColor 1 0 0
			emissiveColor 1 0 0
		}
	}
	geometry IndexedLineSet {
		coord Coordinate {
			point [
				274.208 -161.071 -914.898,
				274.208 -161.071 -914.898,
			]
		}
		coordIndex [
			0, 1, -1
		]
	}
}
#---------- POLYLINE
Shape {
	appearance Appearance {
		material Material {
			diffuseColor 1 0 0
			emissiveColor 1 0 0
		}
	}
	geometry IndexedLineSet {
		coord Coordinate {
			point [
				274.208 -161.071 -914.898,
				274.208 -161.071 -914.898,
			]
		}
		coordIndex [
			0, 1, -1
		]
	}
}
#---------- POLYLINE
Shape {
	appearance Appearance {
		material Material {
			diffuseColor 1 0 0
			emissiveColor 1 0 0
		}
	}
	geometry IndexedLineSet {
		coord Coordinate {
			point [
				274.204 -161.056 -914.934,
				274.205 -161.056 -914.934,
			]
		}
		coordIndex [
			0, 1, -1
		]
	}
}
#---------- POLYLINE
Shape {
	appearance Appearance {
		material Material {
			diffuseColor 1 0 0
			emissiveColor 1 0 0
		}
	}
	geometry IndexedLineSet {
		coord Coordinate {
			point [
				274.204 -161.056 -914.934,
				274.207 -161.058 -914.936,
			]
		}
		coordIndex [
			0, 1, -1
		]
	}
}
#---------- POLYLINE
Shape {
	appearance Appearance {
		material Material {
			diffuseColor 0 1 0
			emissiveColor 0 1 0
		}
	}
	geometry IndexedLineSet {
		coord Coordinate {
			point [
				273.275 -160.331 -914.536,
				273.295 -160.237 -914.532,
			]
		}
		coordIndex [
			0, 1, -1
		]
	}
}
#---------- POLYLINE
Shape {
	appearance Appearance {
		material Material {
			diffuseColor 1 0 0
			emissiveColor 1 0 0
		}
	}
	geometry IndexedLineSet {
		coord Coordinate {
			point [
				273.295 -160.237 -914.532,
				273.295 -160.237 -914.532,
			]
		}
		coordIndex [
			0, 1, -1
		]
	}
}
#---------- POLYLINE
Shape {
	appearance Appearance {
		material Material {
			diffuseColor 1 0 0
			emissiveColor 1 0 0
		}
	}
	geometry IndexedLineSet {
		coord Coordinate {
			point [
				273.295 -160.237 -914.532,
				273.295 -160.237 -914.532,
			]
		}
		coordIndex [
			0, 1, -1
		]
	}
}
#---------- POLYLINE
Shape {
	appearance Appearance {
		material Material {
			diffuseColor 1 0 0
			emissiveColor 1 0 0
		}
	}
	geometry IndexedLineSet {
		coord Coordinate {
			point [
				273.295 -160.237 -914.532,
				273.295 -160.237 -914.532,
			]
		}
		coordIndex [
			0, 1, -1
		]
	}
}
#---------- POLYLINE
Shape {
	appearance Appearance {
		material Material {
			diffuseColor 1 0 0
			emissiveColor 1 0 0
		}
	}
	geometry IndexedLineSet {
		coord Coordinate {
			point [
				273.295 -160.237 -914.532,
				273.295 -160.237 -914.532,
			]
		}
		coordIndex [
			0, 1, -1
		]
	}
}
#---------- POLYLINE
Shape {
	appearance Appearance {
		material Material {
			diffuseColor 1 0 0
			emissiveColor 1 0 0
		}
	}
	geometry IndexedLineSet {
		coord Coordinate {
			point [
				273.295 -160.237 -914.532,
				273.295 -160.237 -914.532,
			]
		}
		coordIndex [
			0, 1, -1
		]
	}
}
#---------- POLYLINE
Shape {
	appearance Appearance {
		material Material {
			diffuseColor 1 0 0
			emissiveColor 1 0 0
		}
	}
	geometry IndexedLineSet {
		coord Coordinate {
			point [
				273.295 -160.237 -914.532,
				273.295 -160.237 -914.532,
			]
		}
		coordIndex [
			0, 1, -1
		]
	}
}
#---------- POLYLINE
Shape {
	appearance Appearance {
		material Material {
			diffuseColor 1 0 0
			emissiveColor 1 0 0
		}
	}
	geometry IndexedLineSet {
		coord Coordinate {
			point [
				273.295 -160.237 -914.532,
				273.295 -160.237 -914.532,
			]
		}
		coordIndex [
			0, 1, -1
		]
	}
}
#---------- POLYLINE
Shape {
	appearance Appearance {
		material Material {
			diffuseColor 1 0 0
			emissiveColor 1 0 0
		}
	}
	geometry IndexedLineSet {
		coord Coordinate {
			point [
				273.295 -160.237 -914.532,
				273.295 -160.237 -914.532,
			]
		}
		coordIndex [
			0, 1, -1
		]
	}
}
#---------- POLYLINE
Shape {
	appearance Appearance {
		material Material {
			diffuseColor 1 0 0
			emissiveColor 1 0 0
		}
	}
	geometry IndexedLineSet {
		coord Coordinate {
			point [
				273.295 -160.237 -914.532,
				273.295 -160.237 -914.532,
			]
		}
		coordIndex [
			0, 1, -1
		]
	}
}
#---------- POLYLINE
Shape {
	appearance Appearance {
		material Material {
			diffuseColor 0 1 0
			emissiveColor 0 1 0
		}
	}
	geometry IndexedLineSet {
		coord Coordinate {
			point [
				273.295 -160.237 -914.532,
				273.307 -160.231 -914.533,
			]
		}
		coordIndex [
			0, 1, -1
		]
	}
}
#---------- POLYLINE
Shape {
	appearance Appearance {
		material Material {
			diffuseColor 1 0 0
			emissiveColor 1 0 0
		}
	}
	geometry IndexedLineSet {
		coord Coordinate {
			point [
				273.307 -160.231 -914.533,
				273.307 -160.231 -914.533,
			]
		}
		coordIndex [
			0, 1, -1
		]
	}
}
#---------- POLYLINE
Shape {
	appearance Appearance {
		material Material {
			diffuseColor 1 0 0
			emissiveColor 1 0 0
		}
	}
	geometry IndexedLineSet {
		coord Coordinate {
			point [
				273.307 -160.231 -914.533,
				273.307 -160.231 -914.533,
			]
		}
		coordIndex [
			0, 1, -1
		]
	}
}
#---------- POLYLINE
Shape {
	appearance Appearance {
		material Material {
			diffuseColor 1 0 0
			emissiveColor 1 0 0
		}
	}
	geometry IndexedLineSet {
		coord Coordinate {
			point [
				273.307 -160.231 -914.533,
				273.307 -160.231 -914.533,
			]
		}
		coordIndex [
			0, 1, -1
		]
	}
}
#---------- POLYLINE
Shape {
	appearance Appearance {
		material Material {
			diffuseColor 1 0 0
			emissiveColor 1 0 0
		}
	}
	geometry IndexedLineSet {
		coord Coordinate {
			point [
				273.307 -160.231 -914.533,
				273.307 -160.231 -914.533,
			]
		}
		coordIndex [
			0, 1, -1
		]
	}
}
#---------- POLYLINE
Shape {
	appearance Appearance {
		material Material {
			diffuseColor 0 1 0
			emissiveColor 0 1 0
		}
	}
	geometry IndexedLineSet {
		coord Coordinate {
			point [
				273.307 -160.231 -914.533,
				273.301 -160.215 -914.535,
			]
		}
		coordIndex [
			0, 1, -1
		]
	}
}
#---------- POLYLINE
Shape {
	appearance Appearance {
		material Material {
			diffuseColor 1 0 0
			emissiveColor 1 0 0
		}
	}
	geometry IndexedLineSet {
		coord Coordinate {
			point [
				273.301 -160.215 -914.535,
				273.301 -160.215 -914.535,
			]
		}
		coordIndex [
			0, 1, -1
		]
	}
}
#---------- POLYLINE
Shape {
	appearance Appearance {
		material Material {
			diffuseColor 1 0 0
			emissiveColor 1 0 0
		}
	}
	geometry IndexedLineSet {
		coord Coordinate {
			point [
				273.301 -160.215 -914.535,
				273.301 -160.215 -914.535,
			]
		}
		coordIndex [
			0, 1, -1
		]
	}
}
#---------- POLYLINE
Shape {
	appearance Appearance {
		material Material {
			diffuseColor 1 0 0
			emissiveColor 1 0 0
		}
	}
	geometry IndexedLineSet {
		coord Coordinate {
			point [
				273.301 -160.215 -914.535,
				273.301 -160.215 -914.535,
			]
		}
		coordIndex [
			0, 1, -1
		]
	}
}
#---------- POLYLINE
Shape {
	appearance Appearance {
		material Material {
			diffuseColor 1 0 0
			emissiveColor 1 0 0
		}
	}
	geometry IndexedLineSet {
		coord Coordinate {
			point [
				273.301 -160.215 -914.535,
				273.301 -160.215 -914.535,
			]
		}
		coordIndex [
			0, 1, -1
		]
	}
}
#---------- POLYLINE
Shape {
	appearance Appearance {
		material Material {
			diffuseColor 1 0 0
			emissiveColor 1 0 0
		}
	}
	geometry IndexedLineSet {
		coord Coordinate {
			point [
				273.301 -160.215 -914.535,
				273.301 -160.215 -914.535,
			]
		}
		coordIndex [
			0, 1, -1
		]
	}
}
#---------- POLYLINE
Shape {
	appearance Appearance {
		material Material {
			diffuseColor 1 0 0
			emissiveColor 1 0 0
		}
	}
	geometry IndexedLineSet {
		coord Coordinate {
			point [
				273.301 -160.215 -914.535,
				273.301 -160.215 -914.535,
			]
		}
		coordIndex [
			0, 1, -1
		]
	}
}
#---------- POLYLINE
Shape {
	appearance Appearance {
		material Material {
			diffuseColor 1 0 0
			emissiveColor 1 0 0
		}
	}
	geometry IndexedLineSet {
		coord Coordinate {
			point [
				273.301 -160.215 -914.535,
				273.301 -160.215 -914.535,
			]
		}
		coordIndex [
			0, 1, -1
		]
	}
}
#---------- POLYLINE
Shape {
	appearance Appearance {
		material Material {
			diffuseColor 1 0 0
			emissiveColor 1 0 0
		}
	}
	geometry IndexedLineSet {
		coord Coordinate {
			point [
				273.301 -160.215 -914.535,
				273.301 -160.215 -914.535,
			]
		}
		coordIndex [
			0, 1, -1
		]
	}
}
#---------- POLYLINE
Shape {
	appearance Appearance {
		material Material {
			diffuseColor 1 0 0
			emissiveColor 1 0 0
		}
	}
	geometry IndexedLineSet {
		coord Coordinate {
			point [
				273.301 -160.215 -914.535,
				273.301 -160.215 -914.535,
			]
		}
		coordIndex [
			0, 1, -1
		]
	}
}
#---------- POLYLINE
Shape {
	appearance Appearance {
		material Material {
			diffuseColor 1 0 0
			emissiveColor 1 0 0
		}
	}
	geometry IndexedLineSet {
		coord Coordinate {
			point [
				273.301 -160.215 -914.535,
				273.301 -160.215 -914.535,
			]
		}
		coordIndex [
			0, 1, -1
		]
	}
}
#---------- POLYLINE
Shape {
	appearance Appearance {
		material Material {
			diffuseColor 1 0 0
			emissiveColor 1 0 0
		}
	}
	geometry IndexedLineSet {
		coord Coordinate {
			point [
				273.307 -160.231 -914.533,
				273.307 -160.231 -914.534,
			]
		}
		coordIndex [
			0, 1, -1
		]
	}
}
#---------- POLYLINE
Shape {
	appearance Appearance {
		material Material {
			diffuseColor 1 0 0
			emissiveColor 1 0 0
		}
	}
	geometry IndexedLineSet {
		coord Coordinate {
			point [
				273.295 -160.237 -914.532,
				273.296 -160.233 -914.53,
			]
		}
		coordIndex [
			0, 1, -1
		]
	}
}
#---------- POLYLINE
Shape {
	appearance Appearance {
		material Material {
			diffuseColor 0 1 0
			emissiveColor 0 1 0
		}
	}
	geometry IndexedLineSet {
		coord Coordinate {
			point [
				270.877 -166.675 -905.445,
				285.138 -148.693 -925.98,
			]
		}
		coordIndex [
			0, 1, -1
		]
	}
}
#---------- POLYLINE
Shape {
	appearance Appearance {
		material Material {
			diffuseColor 0 0 1
			emissiveColor 0 0 1
		}
	}
	geometry IndexedLineSet {
		coord Coordinate {
			point [
				285.138 -148.693 -925.98,
				285.512 -148.266 -926.456,
				285.841 -147.741 -926.683,
				285.904 -147.684 -926.673,
				286.046 -147.539 -926.548,
				286.058 -147.53 -926.547,
			]
		}
		coordIndex [
			0, 1, 2, 3, 4, 5, -1
		]
	}
}
#---------- POLYLINE
Shape {
	appearance Appearance {
		material Material {
			diffuseColor 0 1 0
			emissiveColor 0 1 0
		}
	}
	geometry IndexedLineSet {
		coord Coordinate {
			point [
				286.058 -147.53 -926.547,
				278.082 -169.021 -934.561,
			]
		}
		coordIndex [
			0, 1, -1
		]
	}
}
#---------- POLYLINE
Shape {
	appearance Appearance {
		material Material {
			diffuseColor 1 0 0
			emissiveColor 1 0 0
		}
	}
	geometry IndexedLineSet {
		coord Coordinate {
			point [
				278.082 -169.021 -934.561,
				278.082 -169.021 -934.561,
			]
		}
		coordIndex [
			0, 1, -1
		]
	}
}
#---------- POLYLINE
Shape {
	appearance Appearance {
		material Material {
			diffuseColor 1 0 0
			emissiveColor 1 0 0
		}
	}
	geometry IndexedLineSet {
		coord Coordinate {
			point [
				278.082 -169.021 -934.561,
				278.082 -169.021 -934.561,
			]
		}
		coordIndex [
			0, 1, -1
		]
	}
}
#---------- POLYLINE
Shape {
	appearance Appearance {
		material Material {
			diffuseColor 1 0 0
			emissiveColor 1 0 0
		}
	}
	geometry IndexedLineSet {
		coord Coordinate {
			point [
				278.082 -169.021 -934.561,
				278.082 -169.021 -934.561,
			]
		}
		coordIndex [
			0, 1, -1
		]
	}
}
#---------- POLYLINE
Shape {
	appearance Appearance {
		material Material {
			diffuseColor 1 0 0
			emissiveColor 1 0 0
		}
	}
	geometry IndexedLineSet {
		coord Coordinate {
			point [
				278.082 -169.021 -934.561,
				278.082 -169.021 -934.561,
			]
		}
		coordIndex [
			0, 1, -1
		]
	}
}
#---------- POLYLINE
Shape {
	appearance Appearance {
		material Material {
			diffuseColor 1 0 0
			emissiveColor 1 0 0
		}
	}
	geometry IndexedLineSet {
		coord Coordinate {
			point [
				278.082 -169.021 -934.561,
				278.082 -169.021 -934.561,
			]
		}
		coordIndex [
			0, 1, -1
		]
	}
}
#---------- POLYLINE
Shape {
	appearance Appearance {
		material Material {
			diffuseColor 1 0 0
			emissiveColor 1 0 0
		}
	}
	geometry IndexedLineSet {
		coord Coordinate {
			point [
				278.082 -169.021 -934.561,
				278.082 -169.021 -934.561,
			]
		}
		coordIndex [
			0, 1, -1
		]
	}
}
#---------- POLYLINE
Shape {
	appearance Appearance {
		material Material {
			diffuseColor 1 0 0
			emissiveColor 1 0 0
		}
	}
	geometry IndexedLineSet {
		coord Coordinate {
			point [
				278.082 -169.021 -934.561,
				278.082 -169.021 -934.561,
			]
		}
		coordIndex [
			0, 1, -1
		]
	}
}
#---------- POLYLINE
Shape {
	appearance Appearance {
		material Material {
			diffuseColor 1 0 0
			emissiveColor 1 0 0
		}
	}
	geometry IndexedLineSet {
		coord Coordinate {
			point [
				278.082 -169.021 -934.561,
				278.082 -169.021 -934.561,
			]
		}
		coordIndex [
			0, 1, -1
		]
	}
}
#---------- POLYLINE
Shape {
	appearance Appearance {
		material Material {
			diffuseColor 1 0 0
			emissiveColor 1 0 0
		}
	}
	geometry IndexedLineSet {
		coord Coordinate {
			point [
				278.082 -169.021 -934.561,
				278.082 -169.021 -934.561,
			]
		}
		coordIndex [
			0, 1, -1
		]
	}
}
#---------- POLYLINE
Shape {
	appearance Appearance {
		material Material {
			diffuseColor 0 1 0
			emissiveColor 0 1 0
		}
	}
	geometry IndexedLineSet {
		coord Coordinate {
			point [
				278.082 -169.021 -934.561,
				278.289 -169.084 -934.535,
			]
		}
		coordIndex [
			0, 1, -1
		]
	}
}
#---------- POLYLINE
Shape {
	appearance Appearance {
		material Material {
			diffuseColor 1 0 0
			emissiveColor 1 0 0
		}
	}
	geometry IndexedLineSet {
		coord Coordinate {
			point [
				278.289 -169.084 -934.535,
				278.289 -169.084 -934.535,
			]
		}
		coordIndex [
			0, 1, -1
		]
	}
}
#---------- POLYLINE
Shape {
	appearance Appearance {
		material Material {
			diffuseColor 1 0 0
			emissiveColor 1 0 0
		}
	}
	geometry IndexedLineSet {
		coord Coordinate {
			point [
				278.289 -169.084 -934.535,
				278.289 -169.084 -934.535,
			]
		}
		coordIndex [
			0, 1, -1
		]
	}
}
#---------- POLYLINE
Shape {
	appearance Appearance {
		material Material {
			diffuseColor 1 0 0
			emissiveColor 1 0 0
		}
	}
	geometry IndexedLineSet {
		coord Coordinate {
			point [
				278.289 -169.084 -934.535,
				278.289 -169.084 -934.535,
			]
		}
		coordIndex [
			0, 1, -1
		]
	}
}
#---------- POLYLINE
Shape {
	appearance Appearance {
		material Material {
			diffuseColor 1 0 0
			emissiveColor 1 0 0
		}
	}
	geometry IndexedLineSet {
		coord Coordinate {
			point [
				278.289 -169.084 -934.535,
				278.289 -169.084 -934.535,
			]
		}
		coordIndex [
			0, 1, -1
		]
	}
}
#---------- POLYLINE
Shape {
	appearance Appearance {
		material Material {
			diffuseColor 1 0 0
			emissiveColor 1 0 0
		}
	}
	geometry IndexedLineSet {
		coord Coordinate {
			point [
				278.289 -169.084 -934.535,
				278.289 -169.084 -934.535,
			]
		}
		coordIndex [
			0, 1, -1
		]
	}
}
#---------- POLYLINE
Shape {
	appearance Appearance {
		material Material {
			diffuseColor 1 0 0
			emissiveColor 1 0 0
		}
	}
	geometry IndexedLineSet {
		coord Coordinate {
			point [
				278.289 -169.084 -934.535,
				278.289 -169.084 -934.535,
			]
		}
		coordIndex [
			0, 1, -1
		]
	}
}
#---------- POLYLINE
Shape {
	appearance Appearance {
		material Material {
			diffuseColor 1 0 0
			emissiveColor 1 0 0
		}
	}
	geometry IndexedLineSet {
		coord Coordinate {
			point [
				278.289 -169.084 -934.535,
				278.289 -169.084 -934.535,
			]
		}
		coordIndex [
			0, 1, -1
		]
	}
}
#---------- POLYLINE
Shape {
	appearance Appearance {
		material Material {
			diffuseColor 1 0 0
			emissiveColor 1 0 0
		}
	}
	geometry IndexedLineSet {
		coord Coordinate {
			point [
				278.289 -169.084 -934.535,
				278.289 -169.084 -934.535,
			]
		}
		coordIndex [
			0, 1, -1
		]
	}
}
#---------- POLYLINE
Shape {
	appearance Appearance {
		material Material {
			diffuseColor 1 0 0
			emissiveColor 1 0 0
		}
	}
	geometry IndexedLineSet {
		coord Coordinate {
			point [
				278.289 -169.084 -934.535,
				278.289 -169.084 -934.535,
			]
		}
		coordIndex [
			0, 1, -1
		]
	}
}
#---------- POLYLINE
Shape {
	appearance Appearance {
		material Material {
			diffuseColor 1 0 0
			emissiveColor 1 0 0
		}
	}
	geometry IndexedLineSet {
		coord Coordinate {
			point [
				278.289 -169.084 -934.535,
				278.289 -169.084 -934.535,
			]
		}
		coordIndex [
			0, 1, -1
		]
	}
}
#---------- POLYLINE
Shape {
	appearance Appearance {
		material Material {
			diffuseColor 1 0 0
			emissiveColor 1 0 0
		}
	}
	geometry IndexedLineSet {
		coord Coordinate {
			point [
				278.289 -169.084 -934.535,
				278.289 -169.084 -934.535,
			]
		}
		coordIndex [
			0, 1, -1
		]
	}
}
#---------- POLYLINE
Shape {
	appearance Appearance {
		material Material {
			diffuseColor 1 0 0
			emissiveColor 1 0 0
		}
	}
	geometry IndexedLineSet {
		coord Coordinate {
			point [
				278.289 -169.084 -934.535,
				278.289 -169.084 -934.535,
			]
		}
		coordIndex [
			0, 1, -1
		]
	}
}
#---------- POLYLINE
Shape {
	appearance Appearance {
		material Material {
			diffuseColor 1 0 0
			emissiveColor 1 0 0
		}
	}
	geometry IndexedLineSet {
		coord Coordinate {
			point [
				278.289 -169.084 -934.535,
				278.289 -169.084 -934.535,
			]
		}
		coordIndex [
			0, 1, -1
		]
	}
}
#---------- POLYLINE
Shape {
	appearance Appearance {
		material Material {
			diffuseColor 1 0 0
			emissiveColor 1 0 0
		}
	}
	geometry IndexedLineSet {
		coord Coordinate {
			point [
				278.289 -169.084 -934.535,
				278.289 -169.084 -934.535,
			]
		}
		coordIndex [
			0, 1, -1
		]
	}
}
#---------- POLYLINE
Shape {
	appearance Appearance {
		material Material {
			diffuseColor 1 0 0
			emissiveColor 1 0 0
		}
	}
	geometry IndexedLineSet {
		coord Coordinate {
			point [
				278.289 -169.084 -934.535,
				278.289 -169.084 -934.535,
			]
		}
		coordIndex [
			0, 1, -1
		]
	}
}
#---------- POLYLINE
Shape {
	appearance Appearance {
		material Material {
			diffuseColor 1 0 0
			emissiveColor 1 0 0
		}
	}
	geometry IndexedLineSet {
		coord Coordinate {
			point [
				278.289 -169.084 -934.535,
				278.289 -169.084 -934.535,
			]
		}
		coordIndex [
			0, 1, -1
		]
	}
}
#---------- POLYLINE
Shape {
	appearance Appearance {
		material Material {
			diffuseColor 1 0 0
			emissiveColor 1 0 0
		}
	}
	geometry IndexedLineSet {
		coord Coordinate {
			point [
				278.289 -169.084 -934.535,
				278.289 -169.084 -934.534,
			]
		}
		coordIndex [
			0, 1, -1
		]
	}
}
#---------- POLYLINE
Shape {
	appearance Appearance {
		material Material {
			diffuseColor 1 0 0
			emissiveColor 1 0 0
		}
	}
	geometry IndexedLineSet {
		coord Coordinate {
			point [
				278.082 -169.021 -934.561,
				278.084 -169.037 -934.565,
			]
		}
		coordIndex [
			0, 1, -1
		]
	}
}
#---------- POLYLINE
Shape {
	appearance Appearance {
		material Material {
			diffuseColor 0 1 0
			emissiveColor 0 1 0
		}
	}
	geometry IndexedLineSet {
		coord Coordinate {
			point [
				286.058 -147.53 -926.547,
				290.141 -136.525 -922.443,
			]
		}
		coordIndex [
			0, 1, -1
		]
	}
}
#---------- POLYLINE
Shape {
	appearance Appearance {
		material Material {
			diffuseColor 1 0 0
			emissiveColor 1 0 0
		}
	}
	geometry IndexedLineSet {
		coord Coordinate {
			point [
				290.141 -136.525 -922.443,
				290.141 -136.525 -922.443,
			]
		}
		coordIndex [
			0, 1, -1
		]
	}
}
#---------- POLYLINE
Shape {
	appearance Appearance {
		material Material {
			diffuseColor 1 0 0
			emissiveColor 1 0 0
		}
	}
	geometry IndexedLineSet {
		coord Coordinate {
			point [
				290.141 -136.525 -922.443,
				290.141 -136.525 -922.443,
			]
		}
		coordIndex [
			0, 1, -1
		]
	}
}
#---------- POLYLINE
Shape {
	appearance Appearance {
		material Material {
			diffuseColor 0 1 0
			emissiveColor 0 1 0
		}
	}
	geometry IndexedLineSet {
		coord Coordinate {
			point [
				290.141 -136.525 -922.443,
				290.127 -136.526 -922.448,
			]
		}
		coordIndex [
			0, 1, -1
		]
	}
}
#---------- POLYLINE
Shape {
	appearance Appearance {
		material Material {
			diffuseColor 1 0 0
			emissiveColor 1 0 0
		}
	}
	geometry IndexedLineSet {
		coord Coordinate {
			point [
				290.127 -136.526 -922.448,
				290.127 -136.526 -922.448,
			]
		}
		coordIndex [
			0, 1, -1
		]
	}
}
#---------- POLYLINE
Shape {
	appearance Appearance {
		material Material {
			diffuseColor 1 0 0
			emissiveColor 1 0 0
		}
	}
	geometry IndexedLineSet {
		coord Coordinate {
			point [
				290.127 -136.526 -922.448,
				290.127 -136.526 -922.448,
			]
		}
		coordIndex [
			0, 1, -1
		]
	}
}
#---------- POLYLINE
Shape {
	appearance Appearance {
		material Material {
			diffuseColor 1 0 0
			emissiveColor 1 0 0
		}
	}
	geometry IndexedLineSet {
		coord Coordinate {
			point [
				290.127 -136.526 -922.448,
				290.127 -136.526 -922.448,
			]
		}
		coordIndex [
			0, 1, -1
		]
	}
}
#---------- POLYLINE
Shape {
	appearance Appearance {
		material Material {
			diffuseColor 1 0 0
			emissiveColor 1 0 0
		}
	}
	geometry IndexedLineSet {
		coord Coordinate {
			point [
				290.127 -136.526 -922.448,
				290.127 -136.526 -922.448,
			]
		}
		coordIndex [
			0, 1, -1
		]
	}
}
#---------- POLYLINE
Shape {
	appearance Appearance {
		material Material {
			diffuseColor 1 0 0
			emissiveColor 1 0 0
		}
	}
	geometry IndexedLineSet {
		coord Coordinate {
			point [
				290.127 -136.526 -922.448,
				290.127 -136.526 -922.448,
			]
		}
		coordIndex [
			0, 1, -1
		]
	}
}
#---------- POLYLINE
Shape {
	appearance Appearance {
		material Material {
			diffuseColor 0 1 0
			emissiveColor 0 1 0
		}
	}
	geometry IndexedLineSet {
		coord Coordinate {
			point [
				290.127 -136.526 -922.448,
				290.126 -136.523 -922.449,
			]
		}
		coordIndex [
			0, 1, -1
		]
	}
}
#---------- POLYLINE
Shape {
	appearance Appearance {
		material Material {
			diffuseColor 1 0 0
			emissiveColor 1 0 0
		}
	}
	geometry IndexedLineSet {
		coord Coordinate {
			point [
				290.126 -136.523 -922.449,
				290.126 -136.523 -922.449,
			]
		}
		coordIndex [
			0, 1, -1
		]
	}
}
#---------- POLYLINE
Shape {
	appearance Appearance {
		material Material {
			diffuseColor 1 0 0
			emissiveColor 1 0 0
		}
	}
	geometry IndexedLineSet {
		coord Coordinate {
			point [
				290.126 -136.523 -922.449,
				290.126 -136.523 -922.449,
			]
		}
		coordIndex [
			0, 1, -1
		]
	}
}
#---------- POLYLINE
Shape {
	appearance Appearance {
		material Material {
			diffuseColor 1 0 0
			emissiveColor 1 0 0
		}
	}
	geometry IndexedLineSet {
		coord Coordinate {
			point [
				290.127 -136.526 -922.448,
				290.127 -136.526 -922.449,
			]
		}
		coordIndex [
			0, 1, -1
		]
	}
}
#---------- POLYLINE
Shape {
	appearance Appearance {
		material Material {
			diffuseColor 1 0 0
			emissiveColor 1 0 0
		}
	}
	geometry IndexedLineSet {
		coord Coordinate {
			point [
				290.141 -136.525 -922.443,
				290.141 -136.509 -922.442,
			]
		}
		coordIndex [
			0, 1, -1
		]
	}
}
#---------- POLYLINE
Shape {
	appearance Appearance {
		material Material {
			diffuseColor 0 1 0
			emissiveColor 0 1 0
		}
	}
	geometry IndexedLineSet {
		coord Coordinate {
			point [
				285.904 -147.684 -926.673,
				298.239 -136.763 -922.933,
				298.25 -135.042 -922.907,
				297.885 -135.182 -922.958,
				297.241 -135.275 -923.072,
			]
		}
		coordIndex [
			0, 1, 2, 3, 4, -1
		]
	}
}
#---------- POLYLINE
Shape {
	appearance Appearance {
		material Material {
			diffuseColor 1 0 0
			emissiveColor 1 0 0
		}
	}
	geometry IndexedLineSet {
		coord Coordinate {
			point [
				297.241 -135.275 -923.072,
				297.241 -135.275 -923.072,
			]
		}
		coordIndex [
			0, 1, -1
		]
	}
}
#---------- POLYLINE
Shape {
	appearance Appearance {
		material Material {
			diffuseColor 1 0 0
			emissiveColor 1 0 0
		}
	}
	geometry IndexedLineSet {
		coord Coordinate {
			point [
				297.241 -135.275 -923.072,
				297.241 -135.275 -923.072,
			]
		}
		coordIndex [
			0, 1, -1
		]
	}
}
#---------- POLYLINE
Shape {
	appearance Appearance {
		material Material {
			diffuseColor 1 0 0
			emissiveColor 1 0 0
		}
	}
	geometry IndexedLineSet {
		coord Coordinate {
			point [
				297.241 -135.275 -923.072,
				297.241 -135.275 -923.072,
			]
		}
		coordIndex [
			0, 1, -1
		]
	}
}
#---------- POLYLINE
Shape {
	appearance Appearance {
		material Material {
			diffuseColor 1 0 0
			emissiveColor 1 0 0
		}
	}
	geometry IndexedLineSet {
		coord Coordinate {
			point [
				297.241 -135.275 -923.072,
				297.241 -135.275 -923.072,
			]
		}
		coordIndex [
			0, 1, -1
		]
	}
}
#---------- POLYLINE
Shape {
	appearance Appearance {
		material Material {
			diffuseColor 1 0 0
			emissiveColor 1 0 0
		}
	}
	geometry IndexedLineSet {
		coord Coordinate {
			point [
				297.241 -135.275 -923.072,
				297.241 -135.275 -923.072,
			]
		}
		coordIndex [
			0, 1, -1
		]
	}
}
#---------- POLYLINE
Shape {
	appearance Appearance {
		material Material {
			diffuseColor 1 0 0
			emissiveColor 1 0 0
		}
	}
	geometry IndexedLineSet {
		coord Coordinate {
			point [
				297.241 -135.275 -923.072,
				297.241 -135.275 -923.072,
			]
		}
		coordIndex [
			0, 1, -1
		]
	}
}
#---------- POLYLINE
Shape {
	appearance Appearance {
		material Material {
			diffuseColor 1 0 0
			emissiveColor 1 0 0
		}
	}
	geometry IndexedLineSet {
		coord Coordinate {
			point [
				297.241 -135.275 -923.072,
				297.241 -135.275 -923.072,
			]
		}
		coordIndex [
			0, 1, -1
		]
	}
}
#---------- POLYLINE
Shape {
	appearance Appearance {
		material Material {
			diffuseColor 1 0 0
			emissiveColor 1 0 0
		}
	}
	geometry IndexedLineSet {
		coord Coordinate {
			point [
				297.241 -135.275 -923.072,
				297.241 -135.275 -923.072,
			]
		}
		coordIndex [
			0, 1, -1
		]
	}
}
#---------- POLYLINE
Shape {
	appearance Appearance {
		material Material {
			diffuseColor 1 0 0
			emissiveColor 1 0 0
		}
	}
	geometry IndexedLineSet {
		coord Coordinate {
			point [
				297.241 -135.275 -923.072,
				297.241 -135.275 -923.072,
			]
		}
		coordIndex [
			0, 1, -1
		]
	}
}
#---------- POLYLINE
Shape {
	appearance Appearance {
		material Material {
			diffuseColor 0 1 0
			emissiveColor 0 1 0
		}
	}
	geometry IndexedLineSet {
		coord Coordinate {
			point [
				297.241 -135.275 -923.072,
				297.265 -135.298 -923.09,
			]
		}
		coordIndex [
			0, 1, -1
		]
	}
}
#---------- POLYLINE
Shape {
	appearance Appearance {
		material Material {
			diffuseColor 1 0 0
			emissiveColor 1 0 0
		}
	}
	geometry IndexedLineSet {
		coord Coordinate {
			point [
				297.265 -135.298 -923.09,
				297.265 -135.298 -923.09,
			]
		}
		coordIndex [
			0, 1, -1
		]
	}
}
#---------- POLYLINE
Shape {
	appearance Appearance {
		material Material {
			diffuseColor 1 0 0
			emissiveColor 1 0 0
		}
	}
	geometry IndexedLineSet {
		coord Coordinate {
			point [
				297.265 -135.298 -923.09,
				297.265 -135.298 -923.09,
			]
		}
		coordIndex [
			0, 1, -1
		]
	}
}
#---------- POLYLINE
Shape {
	appearance Appearance {
		material Material {
			diffuseColor 1 0 0
			emissiveColor 1 0 0
		}
	}
	geometry IndexedLineSet {
		coord Coordinate {
			point [
				297.265 -135.298 -923.09,
				297.265 -135.298 -923.09,
			]
		}
		coordIndex [
			0, 1, -1
		]
	}
}
#---------- POLYLINE
Shape {
	appearance Appearance {
		material Material {
			diffuseColor 1 0 0
			emissiveColor 1 0 0
		}
	}
	geometry IndexedLineSet {
		coord Coordinate {
			point [
				297.265 -135.298 -923.09,
				297.265 -135.298 -923.09,
			]
		}
		coordIndex [
			0, 1, -1
		]
	}
}
#---------- POLYLINE
Shape {
	appearance Appearance {
		material Material {
			diffuseColor 1 0 0
			emissiveColor 1 0 0
		}
	}
	geometry IndexedLineSet {
		coord Coordinate {
			point [
				297.265 -135.298 -923.09,
				297.265 -135.298 -923.09,
			]
		}
		coordIndex [
			0, 1, -1
		]
	}
}
#---------- POLYLINE
Shape {
	appearance Appearance {
		material Material {
			diffuseColor 1 0 0
			emissiveColor 1 0 0
		}
	}
	geometry IndexedLineSet {
		coord Coordinate {
			point [
				297.265 -135.298 -923.09,
				297.265 -135.298 -923.09,
			]
		}
		coordIndex [
			0, 1, -1
		]
	}
}
#---------- POLYLINE
Shape {
	appearance Appearance {
		material Material {
			diffuseColor 1 0 0
			emissiveColor 1 0 0
		}
	}
	geometry IndexedLineSet {
		coord Coordinate {
			point [
				297.265 -135.298 -923.09,
				297.265 -135.298 -923.09,
			]
		}
		coordIndex [
			0, 1, -1
		]
	}
}
#---------- POLYLINE
Shape {
	appearance Appearance {
		material Material {
			diffuseColor 1 0 0
			emissiveColor 1 0 0
		}
	}
	geometry IndexedLineSet {
		coord Coordinate {
			point [
				297.265 -135.298 -923.09,
				297.265 -135.298 -923.09,
			]
		}
		coordIndex [
			0, 1, -1
		]
	}
}
#---------- POLYLINE
Shape {
	appearance Appearance {
		material Material {
			diffuseColor 1 0 0
			emissiveColor 1 0 0
		}
	}
	geometry IndexedLineSet {
		coord Coordinate {
			point [
				297.265 -135.298 -923.09,
				297.265 -135.298 -923.09,
			]
		}
		coordIndex [
			0, 1, -1
		]
	}
}
#---------- POLYLINE
Shape {
	appearance Appearance {
		material Material {
			diffuseColor 1 0 0
			emissiveColor 1 0 0
		}
	}
	geometry IndexedLineSet {
		coord Coordinate {
			point [
				297.265 -135.298 -923.09,
				297.265 -135.298 -923.09,
			]
		}
		coordIndex [
			0, 1, -1
		]
	}
}
#---------- POLYLINE
Shape {
	appearance Appearance {
		material Material {
			diffuseColor 1 0 0
			emissiveColor 1 0 0
		}
	}
	geometry IndexedLineSet {
		coord Coordinate {
			point [
				297.265 -135.298 -923.09,
				297.265 -135.298 -923.09,
			]
		}
		coordIndex [
			0, 1, -1
		]
	}
}
#---------- POLYLINE
Shape {
	appearance Appearance {
		material Material {
			diffuseColor 1 0 0
			emissiveColor 1 0 0
		}
	}
	geometry IndexedLineSet {
		coord Coordinate {
			point [
				297.265 -135.298 -923.09,
				297.265 -135.298 -923.09,
			]
		}
		coordIndex [
			0, 1, -1
		]
	}
}
#---------- POLYLINE
Shape {
	appearance Appearance {
		material Material {
			diffuseColor 1 0 0
			emissiveColor 1 0 0
		}
	}
	geometry IndexedLineSet {
		coord Coordinate {
			point [
				297.265 -135.298 -923.09,
				297.266 -135.298 -923.091,
			]
		}
		coordIndex [
			0, 1, -1
		]
	}
}
#---------- POLYLINE
Shape {
	appearance Appearance {
		material Material {
			diffuseColor 1 0 0
			emissiveColor 1 0 0
		}
	}
	geometry IndexedLineSet {
		coord Coordinate {
			point [
				297.241 -135.275 -923.072,
				297.237 -135.274 -923.072,
			]
		}
		coordIndex [
			0, 1, -1
		]
	}
}
#---------- POLYLINE
Shape {
	appearance Appearance {
		material Material {
			diffuseColor 1 0 0
			emissiveColor 1 0 0
		}
	}
	geometry IndexedLineSet {
		coord Coordinate {
			point [
				297.885 -135.182 -922.958,
				297.885 -135.182 -922.958,
			]
		}
		coordIndex [
			0, 1, -1
		]
	}
}
#---------- POLYLINE
Shape {
	appearance Appearance {
		material Material {
			diffuseColor 1 0 0
			emissiveColor 1 0 0
		}
	}
	geometry IndexedLineSet {
		coord Coordinate {
			point [
				298.25 -135.042 -922.907,
				298.254 -135.026 -922.906,
			]
		}
		coordIndex [
			0, 1, -1
		]
	}
}
#---------- POLYLINE
Shape {
	appearance Appearance {
		material Material {
			diffuseColor 1 0 0
			emissiveColor 1 0 0
		}
	}
	geometry IndexedLineSet {
		coord Coordinate {
			point [
				298.239 -136.763 -922.933,
				298.264 -136.759 -922.926,
			]
		}
		coordIndex [
			0, 1, -1
		]
	}
}
#---------- POLYLINE
Shape {
	appearance Appearance {
		material Material {
			diffuseColor 1 0 0
			emissiveColor 1 0 0
		}
	}
	geometry IndexedLineSet {
		coord Coordinate {
			point [
				285.841 -147.741 -926.683,
				285.841 -147.734 -926.683,
				285.85 -147.688 -926.684,
			]
		}
		coordIndex [
			0, 1, 2, -1
		]
	}
}
#---------- POLYLINE
Shape {
	appearance Appearance {
		material Material {
			diffuseColor 0 1 0
			emissiveColor 0 1 0
		}
	}
	geometry IndexedLineSet {
		coord Coordinate {
			point [
				285.841 -147.734 -926.683,
				288.375 -122.723 -926.766,
				288.454 -122.745 -926.664,
				288.616 -122.794 -926.661,
			]
		}
		coordIndex [
			0, 1, 2, 3, -1
		]
	}
}
#---------- POLYLINE
Shape {
	appearance Appearance {
		material Material {
			diffuseColor 1 0 0
			emissiveColor 1 0 0
		}
	}
	geometry IndexedLineSet {
		coord Coordinate {
			point [
				288.616 -122.794 -926.661,
				288.616 -122.794 -926.661,
			]
		}
		coordIndex [
			0, 1, -1
		]
	}
}
#---------- POLYLINE
Shape {
	appearance Appearance {
		material Material {
			diffuseColor 1 0 0
			emissiveColor 1 0 0
		}
	}
	geometry IndexedLineSet {
		coord Coordinate {
			point [
				288.616 -122.794 -926.661,
				288.616 -122.794 -926.661,
			]
		}
		coordIndex [
			0, 1, -1
		]
	}
}
#---------- POLYLINE
Shape {
	appearance Appearance {
		material Material {
			diffuseColor 1 0 0
			emissiveColor 1 0 0
		}
	}
	geometry IndexedLineSet {
		coord Coordinate {
			point [
				288.616 -122.794 -926.661,
				288.616 -122.794 -926.661,
			]
		}
		coordIndex [
			0, 1, -1
		]
	}
}
#---------- POLYLINE
Shape {
	appearance Appearance {
		material Material {
			diffuseColor 1 0 0
			emissiveColor 1 0 0
		}
	}
	geometry IndexedLineSet {
		coord Coordinate {
			point [
				288.616 -122.794 -926.661,
				288.616 -122.794 -926.661,
			]
		}
		coordIndex [
			0, 1, -1
		]
	}
}
#---------- POLYLINE
Shape {
	appearance Appearance {
		material Material {
			diffuseColor 1 0 0
			emissiveColor 1 0 0
		}
	}
	geometry IndexedLineSet {
		coord Coordinate {
			point [
				288.616 -122.794 -926.661,
				288.616 -122.794 -926.661,
			]
		}
		coordIndex [
			0, 1, -1
		]
	}
}
#---------- POLYLINE
Shape {
	appearance Appearance {
		material Material {
			diffuseColor 1 0 0
			emissiveColor 1 0 0
		}
	}
	geometry IndexedLineSet {
		coord Coordinate {
			point [
				288.616 -122.794 -926.661,
				288.616 -122.794 -926.661,
			]
		}
		coordIndex [
			0, 1, -1
		]
	}
}
#---------- POLYLINE
Shape {
	appearance Appearance {
		material Material {
			diffuseColor 1 0 0
			emissiveColor 1 0 0
		}
	}
	geometry IndexedLineSet {
		coord Coordinate {
			point [
				288.616 -122.794 -926.661,
				288.616 -122.794 -926.661,
			]
		}
		coordIndex [
			0, 1, -1
		]
	}
}
#---------- POLYLINE
Shape {
	appearance Appearance {
		material Material {
			diffuseColor 1 0 0
			emissiveColor 1 0 0
		}
	}
	geometry IndexedLineSet {
		coord Coordinate {
			point [
				288.616 -122.794 -926.661,
				288.616 -122.794 -926.661,
			]
		}
		coordIndex [
			0, 1, -1
		]
	}
}
#---------- POLYLINE
Shape {
	appearance Appearance {
		material Material {
			diffuseColor 0 1 0
			emissiveColor 0 1 0
		}
	}
	geometry IndexedLineSet {
		coord Coordinate {
			point [
				288.616 -122.794 -926.661,
				288.68 -122.826 -926.615,
				288.563 -122.878 -926.561,
			]
		}
		coordIndex [
			0, 1, 2, -1
		]
	}
}
#---------- POLYLINE
Shape {
	appearance Appearance {
		material Material {
			diffuseColor 1 0 0
			emissiveColor 1 0 0
		}
	}
	geometry IndexedLineSet {
		coord Coordinate {
			point [
				288.563 -122.878 -926.561,
				288.563 -122.878 -926.561,
			]
		}
		coordIndex [
			0, 1, -1
		]
	}
}
#---------- POLYLINE
Shape {
	appearance Appearance {
		material Material {
			diffuseColor 1 0 0
			emissiveColor 1 0 0
		}
	}
	geometry IndexedLineSet {
		coord Coordinate {
			point [
				288.563 -122.878 -926.561,
				288.563 -122.878 -926.561,
			]
		}
		coordIndex [
			0, 1, -1
		]
	}
}
#---------- POLYLINE
Shape {
	appearance Appearance {
		material Material {
			diffuseColor 1 0 0
			emissiveColor 1 0 0
		}
	}
	geometry IndexedLineSet {
		coord Coordinate {
			point [
				288.563 -122.878 -926.561,
				288.563 -122.878 -926.561,
			]
		}
		coordIndex [
			0, 1, -1
		]
	}
}
#---------- POLYLINE
Shape {
	appearance Appearance {
		material Material {
			diffuseColor 1 0 0
			emissiveColor 1 0 0
		}
	}
	geometry IndexedLineSet {
		coord Coordinate {
			point [
				288.563 -122.878 -926.561,
				288.563 -122.878 -926.561,
			]
		}
		coordIndex [
			0, 1, -1
		]
	}
}
#---------- POLYLINE
Shape {
	appearance Appearance {
		material Material {
			diffuseColor 1 0 0
			emissiveColor 1 0 0
		}
	}
	geometry IndexedLineSet {
		coord Coordinate {
			point [
				288.563 -122.878 -926.561,
				288.563 -122.878 -926.561,
			]
		}
		coordIndex [
			0, 1, -1
		]
	}
}
#---------- POLYLINE
Shape {
	appearance Appearance {
		material Material {
			diffuseColor 1 0 0
			emissiveColor 1 0 0
		}
	}
	geometry IndexedLineSet {
		coord Coordinate {
			point [
				288.563 -122.878 -926.561,
				288.563 -122.878 -926.561,
			]
		}
		coordIndex [
			0, 1, -1
		]
	}
}
#---------- POLYLINE
Shape {
	appearance Appearance {
		material Material {
			diffuseColor 1 0 0
			emissiveColor 1 0 0
		}
	}
	geometry IndexedLineSet {
		coord Coordinate {
			point [
				288.563 -122.878 -926.561,
				288.563 -122.878 -926.561,
			]
		}
		coordIndex [
			0, 1, -1
		]
	}
}
#---------- POLYLINE
Shape {
	appearance Appearance {
		material Material {
			diffuseColor 1 0 0
			emissiveColor 1 0 0
		}
	}
	geometry IndexedLineSet {
		coord Coordinate {
			point [
				288.563 -122.878 -926.561,
				288.563 -122.878 -926.561,
			]
		}
		coordIndex [
			0, 1, -1
		]
	}
}
#---------- POLYLINE
Shape {
	appearance Appearance {
		material Material {
			diffuseColor 1 0 0
			emissiveColor 1 0 0
		}
	}
	geometry IndexedLineSet {
		coord Coordinate {
			point [
				288.563 -122.878 -926.561,
				288.563 -122.878 -926.561,
			]
		}
		coordIndex [
			0, 1, -1
		]
	}
}
#---------- POLYLINE
Shape {
	appearance Appearance {
		material Material {
			diffuseColor 1 0 0
			emissiveColor 1 0 0
		}
	}
	geometry IndexedLineSet {
		coord Coordinate {
			point [
				288.563 -122.878 -926.561,
				288.563 -122.878 -926.561,
			]
		}
		coordIndex [
			0, 1, -1
		]
	}
}
#---------- POLYLINE
Shape {
	appearance Appearance {
		material Material {
			diffuseColor 1 0 0
			emissiveColor 1 0 0
		}
	}
	geometry IndexedLineSet {
		coord Coordinate {
			point [
				288.563 -122.878 -926.561,
				288.563 -122.878 -926.561,
			]
		}
		coordIndex [
			0, 1, -1
		]
	}
}
#---------- POLYLINE
Shape {
	appearance Appearance {
		material Material {
			diffuseColor 1 0 0
			emissiveColor 1 0 0
		}
	}
	geometry IndexedLineSet {
		coord Coordinate {
			point [
				288.563 -122.878 -926.561,
				288.563 -122.878 -926.561,
			]
		}
		coordIndex [
			0, 1, -1
		]
	}
}
#---------- POLYLINE
Shape {
	appearance Appearance {
		material Material {
			diffuseColor 1 0 0
			emissiveColor 1 0 0
		}
	}
	geometry IndexedLineSet {
		coord Coordinate {
			point [
				288.563 -122.878 -926.561,
				288.563 -122.878 -926.561,
			]
		}
		coordIndex [
			0, 1, -1
		]
	}
}
#---------- POLYLINE
Shape {
	appearance Appearance {
		material Material {
			diffuseColor 1 0 0
			emissiveColor 1 0 0
		}
	}
	geometry IndexedLineSet {
		coord Coordinate {
			point [
				288.563 -122.878 -926.561,
				288.563 -122.878 -926.561,
			]
		}
		coordIndex [
			0, 1, -1
		]
	}
}
#---------- POLYLINE
Shape {
	appearance Appearance {
		material Material {
			diffuseColor 1 0 0
			emissiveColor 1 0 0
		}
	}
	geometry IndexedLineSet {
		coord Coordinate {
			point [
				288.563 -122.878 -926.561,
				288.563 -122.878 -926.561,
			]
		}
		coordIndex [
			0, 1, -1
		]
	}
}
#---------- POLYLINE
Shape {
	appearance Appearance {
		material Material {
			diffuseColor 1 0 0
			emissiveColor 1 0 0
		}
	}
	geometry IndexedLineSet {
		coord Coordinate {
			point [
				288.563 -122.878 -926.561,
				288.563 -122.878 -926.561,
			]
		}
		coordIndex [
			0, 1, -1
		]
	}
}
#---------- POLYLINE
Shape {
	appearance Appearance {
		material Material {
			diffuseColor 1 0 0
			emissiveColor 1 0 0
		}
	}
	geometry IndexedLineSet {
		coord Coordinate {
			point [
				288.563 -122.878 -926.561,
				288.563 -122.878 -926.561,
			]
		}
		coordIndex [
			0, 1, -1
		]
	}
}
#---------- POLYLINE
Shape {
	appearance Appearance {
		material Material {
			diffuseColor 1 0 0
			emissiveColor 1 0 0
		}
	}
	geometry IndexedLineSet {
		coord Coordinate {
			point [
				288.563 -122.878 -926.561,
				288.562 -122.877 -926.56,
			]
		}
		coordIndex [
			0, 1, -1
		]
	}
}
#---------- POLYLINE
Shape {
	appearance Appearance {
		material Material {
			diffuseColor 1 0 0
			emissiveColor 1 0 0
		}
	}
	geometry IndexedLineSet {
		coord Coordinate {
			point [
				288.68 -122.826 -926.615,
				288.68 -122.826 -926.615,
			]
		}
		coordIndex [
			0, 1, -1
		]
	}
}
#---------- POLYLINE
Shape {
	appearance Appearance {
		material Material {
			diffuseColor 1 0 0
			emissiveColor 1 0 0
		}
	}
	geometry IndexedLineSet {
		coord Coordinate {
			point [
				288.616 -122.794 -926.661,
				288.62 -122.793 -926.66,
			]
		}
		coordIndex [
			0, 1, -1
		]
	}
}
#---------- POLYLINE
Shape {
	appearance Appearance {
		material Material {
			diffuseColor 1 0 0
			emissiveColor 1 0 0
		}
	}
	geometry IndexedLineSet {
		coord Coordinate {
			point [
				288.454 -122.745 -926.664,
				288.454 -122.745 -926.664,
			]
		}
		coordIndex [
			0, 1, -1
		]
	}
}
#---------- POLYLINE
Shape {
	appearance Appearance {
		material Material {
			diffuseColor 1 0 0
			emissiveColor 1 0 0
		}
	}
	geometry IndexedLineSet {
		coord Coordinate {
			point [
				288.375 -122.723 -926.766,
				288.373 -122.704 -926.772,
			]
		}
		coordIndex [
			0, 1, -1
		]
	}
}
#---------- POLYLINE
Shape {
	appearance Appearance {
		material Material {
			diffuseColor 0 1 0
			emissiveColor 0 1 0
		}
	}
	geometry IndexedLineSet {
		coord Coordinate {
			point [
				285.512 -148.266 -926.456,
				285.656 -148.032 -926.547,
				286.285 -147.028 -926.813,
			]
		}
		coordIndex [
			0, 1, 2, -1
		]
	}
}
#---------- POLYLINE
Shape {
	appearance Appearance {
		material Material {
			diffuseColor 1 0 0
			emissiveColor 1 0 0
		}
	}
	geometry IndexedLineSet {
		coord Coordinate {
			point [
				286.285 -147.028 -926.813,
				286.285 -147.028 -926.813,
			]
		}
		coordIndex [
			0, 1, -1
		]
	}
}
#---------- POLYLINE
Shape {
	appearance Appearance {
		material Material {
			diffuseColor 1 0 0
			emissiveColor 1 0 0
		}
	}
	geometry IndexedLineSet {
		coord Coordinate {
			point [
				286.285 -147.028 -926.813,
				286.285 -147.028 -926.813,
			]
		}
		coordIndex [
			0, 1, -1
		]
	}
}
#---------- POLYLINE
Shape {
	appearance Appearance {
		material Material {
			diffuseColor 1 0 0
			emissiveColor 1 0 0
		}
	}
	geometry IndexedLineSet {
		coord Coordinate {
			point [
				286.285 -147.028 -926.813,
				286.285 -147.028 -926.813,
			]
		}
		coordIndex [
			0, 1, -1
		]
	}
}
#---------- POLYLINE
Shape {
	appearance Appearance {
		material Material {
			diffuseColor 1 0 0
			emissiveColor 1 0 0
		}
	}
	geometry IndexedLineSet {
		coord Coordinate {
			point [
				286.285 -147.028 -926.813,
				286.285 -147.028 -926.813,
			]
		}
		coordIndex [
			0, 1, -1
		]
	}
}
#---------- POLYLINE
Shape {
	appearance Appearance {
		material Material {
			diffuseColor 1 0 0
			emissiveColor 1 0 0
		}
	}
	geometry IndexedLineSet {
		coord Coordinate {
			point [
				286.285 -147.028 -926.813,
				286.285 -147.028 -926.813,
			]
		}
		coordIndex [
			0, 1, -1
		]
	}
}
#---------- POLYLINE
Shape {
	appearance Appearance {
		material Material {
			diffuseColor 1 0 0
			emissiveColor 1 0 0
		}
	}
	geometry IndexedLineSet {
		coord Coordinate {
			point [
				286.285 -147.028 -926.813,
				286.285 -147.028 -926.813,
			]
		}
		coordIndex [
			0, 1, -1
		]
	}
}
#---------- POLYLINE
Shape {
	appearance Appearance {
		material Material {
			diffuseColor 1 0 0
			emissiveColor 1 0 0
		}
	}
	geometry IndexedLineSet {
		coord Coordinate {
			point [
				286.285 -147.028 -926.813,
				286.285 -147.028 -926.813,
			]
		}
		coordIndex [
			0, 1, -1
		]
	}
}
#---------- POLYLINE
Shape {
	appearance Appearance {
		material Material {
			diffuseColor 1 0 0
			emissiveColor 1 0 0
		}
	}
	geometry IndexedLineSet {
		coord Coordinate {
			point [
				286.285 -147.028 -926.813,
				286.285 -147.028 -926.813,
			]
		}
		coordIndex [
			0, 1, -1
		]
	}
}
#---------- POLYLINE
Shape {
	appearance Appearance {
		material Material {
			diffuseColor 0 1 0
			emissiveColor 0 1 0
		}
	}
	geometry IndexedLineSet {
		coord Coordinate {
			point [
				286.285 -147.028 -926.813,
				286.286 -147.028 -926.813,
			]
		}
		coordIndex [
			0, 1, -1
		]
	}
}
#---------- POLYLINE
Shape {
	appearance Appearance {
		material Material {
			diffuseColor 1 0 0
			emissiveColor 1 0 0
		}
	}
	geometry IndexedLineSet {
		coord Coordinate {
			point [
				286.286 -147.028 -926.813,
				286.286 -147.028 -926.813,
			]
		}
		coordIndex [
			0, 1, -1
		]
	}
}
#---------- POLYLINE
Shape {
	appearance Appearance {
		material Material {
			diffuseColor 1 0 0
			emissiveColor 1 0 0
		}
	}
	geometry IndexedLineSet {
		coord Coordinate {
			point [
				286.286 -147.028 -926.813,
				286.286 -147.028 -926.813,
			]
		}
		coordIndex [
			0, 1, -1
		]
	}
}
#---------- POLYLINE
Shape {
	appearance Appearance {
		material Material {
			diffuseColor 1 0 0
			emissiveColor 1 0 0
		}
	}
	geometry IndexedLineSet {
		coord Coordinate {
			point [
				286.286 -147.028 -926.813,
				286.286 -147.028 -926.813,
			]
		}
		coordIndex [
			0, 1, -1
		]
	}
}
#---------- POLYLINE
Shape {
	appearance Appearance {
		material Material {
			diffuseColor 1 0 0
			emissiveColor 1 0 0
		}
	}
	geometry IndexedLineSet {
		coord Coordinate {
			point [
				286.286 -147.028 -926.813,
			]
		}
		coordIndex [
			0, -1
		]
	}
}
#---------- POLYLINE
Shape {
	appearance Appearance {
		material Material {
			diffuseColor 1 0 0
			emissiveColor 1 0 0
		}
	}
	geometry IndexedLineSet {
		coord Coordinate {
			point [
				286.286 -147.028 -926.813,
				286.286 -147.028 -926.813,
			]
		}
		coordIndex [
			0, 1, -1
		]
	}
}
#---------- POLYLINE
Shape {
	appearance Appearance {
		material Material {
			diffuseColor 1 0 0
			emissiveColor 1 0 0
		}
	}
	geometry IndexedLineSet {
		coord Coordinate {
			point [
				286.286 -147.028 -926.813,
				286.286 -147.028 -926.813,
			]
		}
		coordIndex [
			0, 1, -1
		]
	}
}
#---------- POLYLINE
Shape {
	appearance Appearance {
		material Material {
			diffuseColor 1 0 0
			emissiveColor 1 0 0
		}
	}
	geometry IndexedLineSet {
		coord Coordinate {
			point [
				286.286 -147.028 -926.813,
				286.286 -147.028 -926.813,
			]
		}
		coordIndex [
			0, 1, -1
		]
	}
}
#---------- POLYLINE
Shape {
	appearance Appearance {
		material Material {
			diffuseColor 1 0 0
			emissiveColor 1 0 0
		}
	}
	geometry IndexedLineSet {
		coord Coordinate {
			point [
				286.286 -147.028 -926.813,
				286.286 -147.028 -926.813,
			]
		}
		coordIndex [
			0, 1, -1
		]
	}
}
#---------- POLYLINE
Shape {
	appearance Appearance {
		material Material {
			diffuseColor 1 0 0
			emissiveColor 1 0 0
		}
	}
	geometry IndexedLineSet {
		coord Coordinate {
			point [
				286.286 -147.028 -926.813,
				286.286 -147.028 -926.813,
			]
		}
		coordIndex [
			0, 1, -1
		]
	}
}
#---------- POLYLINE
Shape {
	appearance Appearance {
		material Material {
			diffuseColor 1 0 0
			emissiveColor 1 0 0
		}
	}
	geometry IndexedLineSet {
		coord Coordinate {
			point [
				286.286 -147.028 -926.813,
				286.286 -147.028 -926.813,
			]
		}
		coordIndex [
			0, 1, -1
		]
	}
}
#---------- POLYLINE
Shape {
	appearance Appearance {
		material Material {
			diffuseColor 1 0 0
			emissiveColor 1 0 0
		}
	}
	geometry IndexedLineSet {
		coord Coordinate {
			point [
				286.286 -147.028 -926.813,
				286.286 -147.028 -926.813,
			]
		}
		coordIndex [
			0, 1, -1
		]
	}
}
#---------- POLYLINE
Shape {
	appearance Appearance {
		material Material {
			diffuseColor 1 0 0
			emissiveColor 1 0 0
		}
	}
	geometry IndexedLineSet {
		coord Coordinate {
			point [
				286.286 -147.028 -926.813,
				286.286 -147.027 -926.813,
			]
		}
		coordIndex [
			0, 1, -1
		]
	}
}
#---------- POLYLINE
Shape {
	appearance Appearance {
		material Material {
			diffuseColor 1 0 0
			emissiveColor 1 0 0
		}
	}
	geometry IndexedLineSet {
		coord Coordinate {
			point [
				286.285 -147.028 -926.813,
				286.284 -147.024 -926.813,
			]
		}
		coordIndex [
			0, 1, -1
		]
	}
}
#---------- POLYLINE
Shape {
	appearance Appearance {
		material Material {
			diffuseColor 1 0 0
			emissiveColor 1 0 0
		}
	}
	geometry IndexedLineSet {
		coord Coordinate {
			point [
				285.138 -148.693 -925.98,
				285.27 -148.499 -926.208,
				285.528 -148.412 -926.135,
				285.54 -148.411 -926.149,
			]
		}
		coordIndex [
			0, 1, 2, 3, -1
		]
	}
}
#---------- POLYLINE
Shape {
	appearance Appearance {
		material Material {
			diffuseColor 0 1 0
			emissiveColor 0 1 0
		}
	}
	geometry IndexedLineSet {
		coord Coordinate {
			point [
				270.79 -166.799 -905.282,
				273.941 -162.28 -911.128,
				274.36 -161.818 -911.763,
			]
		}
		coordIndex [
			0, 1, 2, -1
		]
	}
}
#---------- POLYLINE
Shape {
	appearance Appearance {
		material Material {
			diffuseColor 1 0 0
			emissiveColor 1 0 0
		}
	}
	geometry IndexedLineSet {
		coord Coordinate {
			point [
				274.36 -161.818 -911.763,
				274.36 -161.818 -911.763,
			]
		}
		coordIndex [
			0, 1, -1
		]
	}
}
#---------- POLYLINE
Shape {
	appearance Appearance {
		material Material {
			diffuseColor 1 0 0
			emissiveColor 1 0 0
		}
	}
	geometry IndexedLineSet {
		coord Coordinate {
			point [
				274.36 -161.818 -911.763,
				274.36 -161.818 -911.763,
			]
		}
		coordIndex [
			0, 1, -1
		]
	}
}
#---------- POLYLINE
Shape {
	appearance Appearance {
		material Material {
			diffuseColor 1 0 0
			emissiveColor 1 0 0
		}
	}
	geometry IndexedLineSet {
		coord Coordinate {
			point [
				274.36 -161.818 -911.763,
				274.36 -161.818 -911.763,
			]
		}
		coordIndex [
			0, 1, -1
		]
	}
}
#---------- POLYLINE
Shape {
	appearance Appearance {
		material Material {
			diffuseColor 1 0 0
			emissiveColor 1 0 0
		}
	}
	geometry IndexedLineSet {
		coord Coordinate {
			point [
				274.36 -161.818 -911.763,
				274.36 -161.818 -911.763,
			]
		}
		coordIndex [
			0, 1, -1
		]
	}
}
#---------- POLYLINE
Shape {
	appearance Appearance {
		material Material {
			diffuseColor 1 0 0
			emissiveColor 1 0 0
		}
	}
	geometry IndexedLineSet {
		coord Coordinate {
			point [
				274.36 -161.818 -911.763,
				274.36 -161.817 -911.763,
			]
		}
		coordIndex [
			0, 1, -1
		]
	}
}
#---------- POLYLINE
Shape {
	appearance Appearance {
		material Material {
			diffuseColor 0 1 0
			emissiveColor 0 1 0
		}
	}
	geometry IndexedLineSet {
		coord Coordinate {
			point [
				274.36 -161.818 -911.763,
				274.219 -161.83 -911.755,
			]
		}
		coordIndex [
			0, 1, -1
		]
	}
}
#---------- POLYLINE
Shape {
	appearance Appearance {
		material Material {
			diffuseColor 1 0 0
			emissiveColor 1 0 0
		}
	}
	geometry IndexedLineSet {
		coord Coordinate {
			point [
				274.219 -161.83 -911.755,
				274.219 -161.83 -911.755,
			]
		}
		coordIndex [
			0, 1, -1
		]
	}
}
#---------- POLYLINE
Shape {
	appearance Appearance {
		material Material {
			diffuseColor 1 0 0
			emissiveColor 1 0 0
		}
	}
	geometry IndexedLineSet {
		coord Coordinate {
			point [
				274.219 -161.83 -911.755,
				274.219 -161.83 -911.755,
			]
		}
		coordIndex [
			0, 1, -1
		]
	}
}
#---------- POLYLINE
Shape {
	appearance Appearance {
		material Material {
			diffuseColor 1 0 0
			emissiveColor 1 0 0
		}
	}
	geometry IndexedLineSet {
		coord Coordinate {
			point [
				274.219 -161.83 -911.755,
				274.219 -161.83 -911.755,
			]
		}
		coordIndex [
			0, 1, -1
		]
	}
}
#---------- POLYLINE
Shape {
	appearance Appearance {
		material Material {
			diffuseColor 1 0 0
			emissiveColor 1 0 0
		}
	}
	geometry IndexedLineSet {
		coord Coordinate {
			point [
				274.219 -161.83 -911.755,
				274.219 -161.83 -911.755,
			]
		}
		coordIndex [
			0, 1, -1
		]
	}
}
#---------- POLYLINE
Shape {
	appearance Appearance {
		material Material {
			diffuseColor 1 0 0
			emissiveColor 1 0 0
		}
	}
	geometry IndexedLineSet {
		coord Coordinate {
			point [
				274.219 -161.83 -911.755,
				274.219 -161.83 -911.755,
			]
		}
		coordIndex [
			0, 1, -1
		]
	}
}
#---------- POLYLINE
Shape {
	appearance Appearance {
		material Material {
			diffuseColor 1 0 0
			emissiveColor 1 0 0
		}
	}
	geometry IndexedLineSet {
		coord Coordinate {
			point [
				274.219 -161.83 -911.755,
				274.219 -161.829 -911.755,
			]
		}
		coordIndex [
			0, 1, -1
		]
	}
}
#---------- POLYLINE
Shape {
	appearance Appearance {
		material Material {
			diffuseColor 0 1 0
			emissiveColor 0 1 0
		}
	}
	geometry IndexedLineSet {
		coord Coordinate {
			point [
				274.219 -161.83 -911.755,
				274.214 -161.831 -911.756,
			]
		}
		coordIndex [
			0, 1, -1
		]
	}
}
#---------- POLYLINE
Shape {
	appearance Appearance {
		material Material {
			diffuseColor 1 0 0
			emissiveColor 1 0 0
		}
	}
	geometry IndexedLineSet {
		coord Coordinate {
			point [
				274.214 -161.831 -911.756,
				274.214 -161.831 -911.756,
			]
		}
		coordIndex [
			0, 1, -1
		]
	}
}
#---------- POLYLINE
Shape {
	appearance Appearance {
		material Material {
			diffuseColor 1 0 0
			emissiveColor 1 0 0
		}
	}
	geometry IndexedLineSet {
		coord Coordinate {
			point [
				274.214 -161.831 -911.756,
				274.214 -161.831 -911.756,
			]
		}
		coordIndex [
			0, 1, -1
		]
	}
}
#---------- POLYLINE
Shape {
	appearance Appearance {
		material Material {
			diffuseColor 1 0 0
			emissiveColor 1 0 0
		}
	}
	geometry IndexedLineSet {
		coord Coordinate {
			point [
				274.214 -161.831 -911.756,
				274.214 -161.831 -911.756,
			]
		}
		coordIndex [
			0, 1, -1
		]
	}
}
#---------- POLYLINE
Shape {
	appearance Appearance {
		material Material {
			diffuseColor 1 0 0
			emissiveColor 1 0 0
		}
	}
	geometry IndexedLineSet {
		coord Coordinate {
			point [
				274.214 -161.831 -911.756,
				274.214 -161.831 -911.756,
			]
		}
		coordIndex [
			0, 1, -1
		]
	}
}
#---------- POLYLINE
Shape {
	appearance Appearance {
		material Material {
			diffuseColor 1 0 0
			emissiveColor 1 0 0
		}
	}
	geometry IndexedLineSet {
		coord Coordinate {
			point [
				274.219 -161.83 -911.755,
				274.219 -161.83 -911.754,
			]
		}
		coordIndex [
			0, 1, -1
		]
	}
}
#---------- POLYLINE
Shape {
	appearance Appearance {
		material Material {
			diffuseColor 1 0 0
			emissiveColor 1 0 0
		}
	}
	geometry IndexedLineSet {
		coord Coordinate {
			point [
				274.36 -161.818 -911.763,
				274.368 -161.81 -911.76,
			]
		}
		coordIndex [
			0, 1, -1
		]
	}
}
#End of file.
