#VRML V2.0 utf8
# Generated by VRML 2.0 driver of GEANT4


#---------- CAMERA
Viewpoint {
	position 0 0 15779.7
}

#---------- SOLID: World.0
	Shape {
		appearance Appearance {
			material Material {
				diffuseColor 1 1 1
				transparency 0.7
			}
		}
		geometry IndexedFaceSet {
			coord Coordinate {
				point [
					-3500 -5000 -5000,
					3500 -5000 -5000,
					3500 5000 -5000,
					-3500 5000 -5000,
					-3500 -5000 5000,
					3500 -5000 5000,
					3500 5000 5000,
					-3500 5000 5000,
				]
			}
			coordIndex [
				0, 3, 2, 1, -1,
				4, 7, 3, 0, -1,
				7, 6, 2, 3, -1,
				6, 5, 1, 2, -1,
				5, 4, 0, 1, -1,
				4, 5, 6, 7, -1,
			]
			solid FALSE
		}
	}
#---------- SOLID: LeadBrickI.0
	Shape {
		appearance Appearance {
			material Material {
				diffuseColor 0 0 0
				transparency 0.7
			}
		}
		geometry IndexedFaceSet {
			coord Coordinate {
				point [
					-320 -320 -940,
					320 -320 -940,
					320 320 -940,
					-320 320 -940,
					-320 -320 -880,
					320 -320 -880,
					320 320 -880,
					-320 320 -880,
				]
			}
			coordIndex [
				0, 3, 2, 1, -1,
				4, 7, 3, 0, -1,
				7, 6, 2, 3, -1,
				6, 5, 1, 2, -1,
				5, 4, 0, 1, -1,
				4, 5, 6, 7, -1,
			]
			solid FALSE
		}
	}
#---------- SOLID: IronCoverI.0
	Shape {
		appearance Appearance {
			material Material {
				diffuseColor 1 0 0
				transparency 0.7
			}
		}
		geometry IndexedFaceSet {
			coord Coordinate {
				point [
					-320 -320 -972,
					320 -320 -972,
					320 320 -972,
					-320 320 -972,
					-320 -320 -968,
					320 -320 -968,
					320 320 -968,
					-320 320 -968,
				]
			}
			coordIndex [
				0, 3, 2, 1, -1,
				4, 7, 3, 0, -1,
				7, 6, 2, 3, -1,
				6, 5, 1, 2, -1,
				5, 4, 0, 1, -1,
				4, 5, 6, 7, -1,
			]
			solid FALSE
		}
	}
#---------- SOLID: IronCoverII.0
	Shape {
		appearance Appearance {
			material Material {
				diffuseColor 1 0 0
				transparency 0.7
			}
		}
		geometry IndexedFaceSet {
			coord Coordinate {
				point [
					-320 -320 -1032,
					320 -320 -1032,
					320 320 -1032,
					-320 320 -1032,
					-320 -320 -1028,
					320 -320 -1028,
					320 320 -1028,
					-320 320 -1028,
				]
			}
			coordIndex [
				0, 3, 2, 1, -1,
				4, 7, 3, 0, -1,
				7, 6, 2, 3, -1,
				6, 5, 1, 2, -1,
				5, 4, 0, 1, -1,
				4, 5, 6, 7, -1,
			]
			solid FALSE
		}
	}
#---------- SOLID: IronCoverIII.0
	Shape {
		appearance Appearance {
			material Material {
				diffuseColor 1 0 0
				transparency 0.7
			}
		}
		geometry IndexedFaceSet {
			coord Coordinate {
				point [
					-320 -320 -1999,
					320 -320 -1999,
					320 320 -1999,
					-320 320 -1999,
					-320 -320 -1995,
					320 -320 -1995,
					320 320 -1995,
					-320 320 -1995,
				]
			}
			coordIndex [
				0, 3, 2, 1, -1,
				4, 7, 3, 0, -1,
				7, 6, 2, 3, -1,
				6, 5, 1, 2, -1,
				5, 4, 0, 1, -1,
				4, 5, 6, 7, -1,
			]
			solid FALSE
		}
	}
#---------- SOLID: IronCoverIV.0
	Shape {
		appearance Appearance {
			material Material {
				diffuseColor 1 0 0
				transparency 0.7
			}
		}
		geometry IndexedFaceSet {
			coord Coordinate {
				point [
					-320 -320 -2005,
					320 -320 -2005,
					320 320 -2005,
					-320 320 -2005,
					-320 -320 -2001,
					320 -320 -2001,
					320 320 -2001,
					-320 320 -2001,
				]
			}
			coordIndex [
				0, 3, 2, 1, -1,
				4, 7, 3, 0, -1,
				7, 6, 2, 3, -1,
				6, 5, 1, 2, -1,
				5, 4, 0, 1, -1,
				4, 5, 6, 7, -1,
			]
			solid FALSE
		}
	}
#---------- SOLID: Enclosure.0
	Shape {
		appearance Appearance {
			material Material {
				diffuseColor 1 1 1
				transparency 0.7
			}
		}
		geometry IndexedFaceSet {
			coord Coordinate {
				point [
					-281.35 -281.35 -1020,
					281.35 -281.35 -1020,
					281.35 281.35 -1020,
					-281.35 281.35 -1020,
					-281.35 -281.35 -980,
					281.35 -281.35 -980,
					281.35 281.35 -980,
					-281.35 281.35 -980,
				]
			}
			coordIndex [
				0, 3, 2, 1, -1,
				4, 7, 3, 0, -1,
				7, 6, 2, 3, -1,
				6, 5, 1, 2, -1,
				5, 4, 0, 1, -1,
				4, 5, 6, 7, -1,
			]
			solid FALSE
		}
	}
#---------- SOLID: Casing_1.1
	Shape {
		appearance Appearance {
			material Material {
				diffuseColor 1 1 1
				transparency 0.7
			}
		}
		geometry IndexedFaceSet {
			coord Coordinate {
				point [
					-281.35 -281.35 -1020,
					281.35 -281.35 -1020,
					281.35 281.35 -1020,
					-281.35 281.35 -1020,
					-281.35 -281.35 -980,
					281.35 -281.35 -980,
					281.35 281.35 -980,
					-281.35 281.35 -980,
				]
			}
			coordIndex [
				0, 3, 2, 1, -1,
				4, 7, 3, 0, -1,
				7, 6, 2, 3, -1,
				6, 5, 1, 2, -1,
				5, 4, 0, 1, -1,
				4, 5, 6, 7, -1,
			]
			solid FALSE
		}
	}
#---------- SOLID: BarCoating_X.101
	Shape {
		appearance Appearance {
			material Material {
				diffuseColor 1 1 1
				transparency 0.7
			}
		}
		geometry IndexedFaceSet {
			coord Coordinate {
				point [
					-100.25 -100.375 -999.25,
					100.25 -100.375 -999.25,
					100.25 100.125 -999.25,
					-100.25 100.125 -999.25,
					-100.25 -100.375 -988.75,
					100.25 -100.375 -988.75,
					100.25 100.125 -988.75,
					-100.25 100.125 -988.75,
				]
			}
			coordIndex [
				0, 3, 2, 1, -1,
				4, 7, 3, 0, -1,
				7, 6, 2, 3, -1,
				6, 5, 1, 2, -1,
				5, 4, 0, 1, -1,
				4, 5, 6, 7, -1,
			]
			solid FALSE
		}
	}
#---------- SOLID: BarScin_X.101
	Shape {
		appearance Appearance {
			material Material {
				diffuseColor 1 1 1
				transparency 0.7
			}
		}
		geometry IndexedFaceSet {
			coord Coordinate {
				point [
					-100 -100.125 -999,
					100 -100.125 -999,
					100 99.875 -999,
					-100 99.875 -999,
					-100 -100.125 -989,
					100 -100.125 -989,
					100 99.875 -989,
					-100 99.875 -989,
				]
			}
			coordIndex [
				0, 3, 2, 1, -1,
				4, 7, 3, 0, -1,
				7, 6, 2, 3, -1,
				6, 5, 1, 2, -1,
				5, 4, 0, 1, -1,
				4, 5, 6, 7, -1,
			]
			solid FALSE
		}
	}
#---------- SOLID: FiberClad2_X.101
	Shape {
		appearance Appearance {
			material Material {
				diffuseColor 0 1 0
				transparency 0.7
			}
		}
		geometry IndexedFaceSet {
			coord Coordinate {
				point [
					-99.4 -0.125 -991.5,
					-99.4 0.185583 -991.541,
					-99.4 0.475 -991.661,
					-99.4 0.723528 -991.851,
					-99.4 0.91423 -992.1,
					-99.4 1.03411 -992.389,
					-99.4 1.075 -992.7,
					-99.4 1.03411 -993.011,
					-99.4 0.91423 -993.3,
					-99.4 0.723528 -993.549,
					-99.4 0.475 -993.739,
					-99.4 0.185583 -993.859,
					-99.4 -0.125 -993.9,
					-99.4 -0.435583 -993.859,
					-99.4 -0.725 -993.739,
					-99.4 -0.973528 -993.549,
					-99.4 -1.16423 -993.3,
					-99.4 -1.28411 -993.011,
					-99.4 -1.325 -992.7,
					-99.4 -1.28411 -992.389,
					-99.4 -1.16423 -992.1,
					-99.4 -0.973528 -991.851,
					-99.4 -0.725 -991.661,
					-99.4 -0.435583 -991.541,
					99.4 -0.125 -991.5,
					99.4 0.185583 -991.541,
					99.4 0.475 -991.661,
					99.4 0.723528 -991.851,
					99.4 0.91423 -992.1,
					99.4 1.03411 -992.389,
					99.4 1.075 -992.7,
					99.4 1.03411 -993.011,
					99.4 0.91423 -993.3,
					99.4 0.723528 -993.549,
					99.4 0.475 -993.739,
					99.4 0.185583 -993.859,
					99.4 -0.125 -993.9,
					99.4 -0.435583 -993.859,
					99.4 -0.725 -993.739,
					99.4 -0.973528 -993.549,
					99.4 -1.16423 -993.3,
					99.4 -1.28411 -993.011,
					99.4 -1.325 -992.7,
					99.4 -1.28411 -992.389,
					99.4 -1.16423 -992.1,
					99.4 -0.973528 -991.851,
					99.4 -0.725 -991.661,
					99.4 -0.435583 -991.541,
					-99.4 -0.125 -992.7,
					99.4 -0.125 -992.7,
				]
			}
			coordIndex [
				0, 24, 25, 1, -1,
				1, 25, 26, 2, -1,
				2, 26, 27, 3, -1,
				3, 27, 28, 4, -1,
				4, 28, 29, 5, -1,
				5, 29, 30, 6, -1,
				6, 30, 31, 7, -1,
				7, 31, 32, 8, -1,
				8, 32, 33, 9, -1,
				9, 33, 34, 10, -1,
				10, 34, 35, 11, -1,
				11, 35, 36, 12, -1,
				12, 36, 37, 13, -1,
				13, 37, 38, 14, -1,
				14, 38, 39, 15, -1,
				15, 39, 40, 16, -1,
				16, 40, 41, 17, -1,
				17, 41, 42, 18, -1,
				18, 42, 43, 19, -1,
				19, 43, 44, 20, -1,
				20, 44, 45, 21, -1,
				21, 45, 46, 22, -1,
				22, 46, 47, 23, -1,
				23, 47, 24, 0, -1,
				48, 0, 1, -1,
				48, 1, 2, -1,
				48, 2, 3, -1,
				48, 3, 4, -1,
				48, 4, 5, -1,
				48, 5, 6, -1,
				48, 6, 7, -1,
				48, 7, 8, -1,
				48, 8, 9, -1,
				48, 9, 10, -1,
				48, 10, 11, -1,
				48, 11, 12, -1,
				48, 12, 13, -1,
				48, 13, 14, -1,
				48, 14, 15, -1,
				48, 15, 16, -1,
				48, 16, 17, -1,
				48, 17, 18, -1,
				48, 18, 19, -1,
				48, 19, 20, -1,
				48, 20, 21, -1,
				48, 21, 22, -1,
				48, 22, 23, -1,
				48, 23, 0, -1,
				24, 49, 25, -1,
				25, 49, 26, -1,
				26, 49, 27, -1,
				27, 49, 28, -1,
				28, 49, 29, -1,
				29, 49, 30, -1,
				30, 49, 31, -1,
				31, 49, 32, -1,
				32, 49, 33, -1,
				33, 49, 34, -1,
				34, 49, 35, -1,
				35, 49, 36, -1,
				36, 49, 37, -1,
				37, 49, 38, -1,
				38, 49, 39, -1,
				39, 49, 40, -1,
				40, 49, 41, -1,
				41, 49, 42, -1,
				42, 49, 43, -1,
				43, 49, 44, -1,
				44, 49, 45, -1,
				45, 49, 46, -1,
				46, 49, 47, -1,
				47, 49, 24, -1,
			]
			solid FALSE
		}
	}
#---------- SOLID: FiberClad1_X.101
	Shape {
		appearance Appearance {
			material Material {
				diffuseColor 0 1 0
				transparency 0.7
			}
		}
		geometry IndexedFaceSet {
			coord Coordinate {
				point [
					-99.4 -0.125 -991.6,
					-99.4 0.159701 -991.637,
					-99.4 0.425 -991.747,
					-99.4 0.652817 -991.922,
					-99.4 0.827628 -992.15,
					-99.4 0.937518 -992.415,
					-99.4 0.975 -992.7,
					-99.4 0.937518 -992.985,
					-99.4 0.827628 -993.25,
					-99.4 0.652817 -993.478,
					-99.4 0.425 -993.653,
					-99.4 0.159701 -993.763,
					-99.4 -0.125 -993.8,
					-99.4 -0.409701 -993.763,
					-99.4 -0.675 -993.653,
					-99.4 -0.902817 -993.478,
					-99.4 -1.07763 -993.25,
					-99.4 -1.18752 -992.985,
					-99.4 -1.225 -992.7,
					-99.4 -1.18752 -992.415,
					-99.4 -1.07763 -992.15,
					-99.4 -0.902817 -991.922,
					-99.4 -0.675 -991.747,
					-99.4 -0.409701 -991.637,
					99.4 -0.125 -991.6,
					99.4 0.159701 -991.637,
					99.4 0.425 -991.747,
					99.4 0.652817 -991.922,
					99.4 0.827628 -992.15,
					99.4 0.937518 -992.415,
					99.4 0.975 -992.7,
					99.4 0.937518 -992.985,
					99.4 0.827628 -993.25,
					99.4 0.652817 -993.478,
					99.4 0.425 -993.653,
					99.4 0.159701 -993.763,
					99.4 -0.125 -993.8,
					99.4 -0.409701 -993.763,
					99.4 -0.675 -993.653,
					99.4 -0.902817 -993.478,
					99.4 -1.07763 -993.25,
					99.4 -1.18752 -992.985,
					99.4 -1.225 -992.7,
					99.4 -1.18752 -992.415,
					99.4 -1.07763 -992.15,
					99.4 -0.902817 -991.922,
					99.4 -0.675 -991.747,
					99.4 -0.409701 -991.637,
					-99.4 -0.125 -992.7,
					99.4 -0.125 -992.7,
				]
			}
			coordIndex [
				0, 24, 25, 1, -1,
				1, 25, 26, 2, -1,
				2, 26, 27, 3, -1,
				3, 27, 28, 4, -1,
				4, 28, 29, 5, -1,
				5, 29, 30, 6, -1,
				6, 30, 31, 7, -1,
				7, 31, 32, 8, -1,
				8, 32, 33, 9, -1,
				9, 33, 34, 10, -1,
				10, 34, 35, 11, -1,
				11, 35, 36, 12, -1,
				12, 36, 37, 13, -1,
				13, 37, 38, 14, -1,
				14, 38, 39, 15, -1,
				15, 39, 40, 16, -1,
				16, 40, 41, 17, -1,
				17, 41, 42, 18, -1,
				18, 42, 43, 19, -1,
				19, 43, 44, 20, -1,
				20, 44, 45, 21, -1,
				21, 45, 46, 22, -1,
				22, 46, 47, 23, -1,
				23, 47, 24, 0, -1,
				48, 0, 1, -1,
				48, 1, 2, -1,
				48, 2, 3, -1,
				48, 3, 4, -1,
				48, 4, 5, -1,
				48, 5, 6, -1,
				48, 6, 7, -1,
				48, 7, 8, -1,
				48, 8, 9, -1,
				48, 9, 10, -1,
				48, 10, 11, -1,
				48, 11, 12, -1,
				48, 12, 13, -1,
				48, 13, 14, -1,
				48, 14, 15, -1,
				48, 15, 16, -1,
				48, 16, 17, -1,
				48, 17, 18, -1,
				48, 18, 19, -1,
				48, 19, 20, -1,
				48, 20, 21, -1,
				48, 21, 22, -1,
				48, 22, 23, -1,
				48, 23, 0, -1,
				24, 49, 25, -1,
				25, 49, 26, -1,
				26, 49, 27, -1,
				27, 49, 28, -1,
				28, 49, 29, -1,
				29, 49, 30, -1,
				30, 49, 31, -1,
				31, 49, 32, -1,
				32, 49, 33, -1,
				33, 49, 34, -1,
				34, 49, 35, -1,
				35, 49, 36, -1,
				36, 49, 37, -1,
				37, 49, 38, -1,
				38, 49, 39, -1,
				39, 49, 40, -1,
				40, 49, 41, -1,
				41, 49, 42, -1,
				42, 49, 43, -1,
				43, 49, 44, -1,
				44, 49, 45, -1,
				45, 49, 46, -1,
				46, 49, 47, -1,
				47, 49, 24, -1,
			]
			solid FALSE
		}
	}
#---------- SOLID: Fiber_X.101
	Shape {
		appearance Appearance {
			material Material {
				diffuseColor 0 1 0
				transparency 0.7
			}
		}
		geometry IndexedFaceSet {
			coord Coordinate {
				point [
					-99.4 -0.125 -991.7,
					-99.4 0.133819 -991.734,
					-99.4 0.375 -991.834,
					-99.4 0.582107 -991.993,
					-99.4 0.741025 -992.2,
					-99.4 0.840926 -992.441,
					-99.4 0.875 -992.7,
					-99.4 0.840926 -992.959,
					-99.4 0.741025 -993.2,
					-99.4 0.582107 -993.407,
					-99.4 0.375 -993.566,
					-99.4 0.133819 -993.666,
					-99.4 -0.125 -993.7,
					-99.4 -0.383819 -993.666,
					-99.4 -0.625 -993.566,
					-99.4 -0.832107 -993.407,
					-99.4 -0.991025 -993.2,
					-99.4 -1.09093 -992.959,
					-99.4 -1.125 -992.7,
					-99.4 -1.09093 -992.441,
					-99.4 -0.991025 -992.2,
					-99.4 -0.832107 -991.993,
					-99.4 -0.625 -991.834,
					-99.4 -0.383819 -991.734,
					99.4 -0.125 -991.7,
					99.4 0.133819 -991.734,
					99.4 0.375 -991.834,
					99.4 0.582107 -991.993,
					99.4 0.741025 -992.2,
					99.4 0.840926 -992.441,
					99.4 0.875 -992.7,
					99.4 0.840926 -992.959,
					99.4 0.741025 -993.2,
					99.4 0.582107 -993.407,
					99.4 0.375 -993.566,
					99.4 0.133819 -993.666,
					99.4 -0.125 -993.7,
					99.4 -0.383819 -993.666,
					99.4 -0.625 -993.566,
					99.4 -0.832107 -993.407,
					99.4 -0.991025 -993.2,
					99.4 -1.09093 -992.959,
					99.4 -1.125 -992.7,
					99.4 -1.09093 -992.441,
					99.4 -0.991025 -992.2,
					99.4 -0.832107 -991.993,
					99.4 -0.625 -991.834,
					99.4 -0.383819 -991.734,
					-99.4 -0.125 -992.7,
					99.4 -0.125 -992.7,
				]
			}
			coordIndex [
				0, 24, 25, 1, -1,
				1, 25, 26, 2, -1,
				2, 26, 27, 3, -1,
				3, 27, 28, 4, -1,
				4, 28, 29, 5, -1,
				5, 29, 30, 6, -1,
				6, 30, 31, 7, -1,
				7, 31, 32, 8, -1,
				8, 32, 33, 9, -1,
				9, 33, 34, 10, -1,
				10, 34, 35, 11, -1,
				11, 35, 36, 12, -1,
				12, 36, 37, 13, -1,
				13, 37, 38, 14, -1,
				14, 38, 39, 15, -1,
				15, 39, 40, 16, -1,
				16, 40, 41, 17, -1,
				17, 41, 42, 18, -1,
				18, 42, 43, 19, -1,
				19, 43, 44, 20, -1,
				20, 44, 45, 21, -1,
				21, 45, 46, 22, -1,
				22, 46, 47, 23, -1,
				23, 47, 24, 0, -1,
				48, 0, 1, -1,
				48, 1, 2, -1,
				48, 2, 3, -1,
				48, 3, 4, -1,
				48, 4, 5, -1,
				48, 5, 6, -1,
				48, 6, 7, -1,
				48, 7, 8, -1,
				48, 8, 9, -1,
				48, 9, 10, -1,
				48, 10, 11, -1,
				48, 11, 12, -1,
				48, 12, 13, -1,
				48, 13, 14, -1,
				48, 14, 15, -1,
				48, 15, 16, -1,
				48, 16, 17, -1,
				48, 17, 18, -1,
				48, 18, 19, -1,
				48, 19, 20, -1,
				48, 20, 21, -1,
				48, 21, 22, -1,
				48, 22, 23, -1,
				48, 23, 0, -1,
				24, 49, 25, -1,
				25, 49, 26, -1,
				26, 49, 27, -1,
				27, 49, 28, -1,
				28, 49, 29, -1,
				29, 49, 30, -1,
				30, 49, 31, -1,
				31, 49, 32, -1,
				32, 49, 33, -1,
				33, 49, 34, -1,
				34, 49, 35, -1,
				35, 49, 36, -1,
				36, 49, 37, -1,
				37, 49, 38, -1,
				38, 49, 39, -1,
				39, 49, 40, -1,
				40, 49, 41, -1,
				41, 49, 42, -1,
				42, 49, 43, -1,
				43, 49, 44, -1,
				44, 49, 45, -1,
				45, 49, 46, -1,
				46, 49, 47, -1,
				47, 49, 24, -1,
			]
			solid FALSE
		}
	}
#---------- SOLID: Pixel_X101.101
	Shape {
		appearance Appearance {
			material Material {
				diffuseColor 0 0 1
				transparency 0.7
			}
		}
		geometry IndexedFaceSet {
			coord Coordinate {
				point [
					99.6 -1.425 -994,
					99.6 -1.425 -991.4,
					99.6 1.175 -991.4,
					99.6 1.175 -994,
					99.4 -1.425 -994,
					99.4 -1.425 -991.4,
					99.4 1.175 -991.4,
					99.4 1.175 -994,
				]
			}
			coordIndex [
				0, 3, 2, 1, -1,
				4, 7, 3, 0, -1,
				7, 6, 2, 3, -1,
				6, 5, 1, 2, -1,
				5, 4, 0, 1, -1,
				4, 5, 6, 7, -1,
			]
			solid FALSE
		}
	}
#---------- SOLID: BarCoating_K.102
	Shape {
		appearance Appearance {
			material Material {
				diffuseColor 1 1 1
				transparency 0.7
			}
		}
		geometry IndexedFaceSet {
			coord Coordinate {
				point [
					-100.375 100.25 -1011.25,
					-100.375 -100.25 -1011.25,
					100.125 -100.25 -1011.25,
					100.125 100.25 -1011.25,
					-100.375 100.25 -1000.75,
					-100.375 -100.25 -1000.75,
					100.125 -100.25 -1000.75,
					100.125 100.25 -1000.75,
				]
			}
			coordIndex [
				0, 3, 2, 1, -1,
				4, 7, 3, 0, -1,
				7, 6, 2, 3, -1,
				6, 5, 1, 2, -1,
				5, 4, 0, 1, -1,
				4, 5, 6, 7, -1,
			]
			solid FALSE
		}
	}
#---------- SOLID: BarScin_K.102
	Shape {
		appearance Appearance {
			material Material {
				diffuseColor 1 1 1
				transparency 0.7
			}
		}
		geometry IndexedFaceSet {
			coord Coordinate {
				point [
					-100.125 100 -1011,
					-100.125 -100 -1011,
					99.875 -100 -1011,
					99.875 100 -1011,
					-100.125 100 -1001,
					-100.125 -100 -1001,
					99.875 -100 -1001,
					99.875 100 -1001,
				]
			}
			coordIndex [
				0, 3, 2, 1, -1,
				4, 7, 3, 0, -1,
				7, 6, 2, 3, -1,
				6, 5, 1, 2, -1,
				5, 4, 0, 1, -1,
				4, 5, 6, 7, -1,
			]
			solid FALSE
		}
	}
#---------- SOLID: FiberClad2_K.102
	Shape {
		appearance Appearance {
			material Material {
				diffuseColor 0 1 0
				transparency 0.7
			}
		}
		geometry IndexedFaceSet {
			coord Coordinate {
				point [
					-0.125 99.4 -1003.5,
					0.185583 99.4 -1003.54,
					0.475 99.4 -1003.66,
					0.723528 99.4 -1003.85,
					0.91423 99.4 -1004.1,
					1.03411 99.4 -1004.39,
					1.075 99.4 -1004.7,
					1.03411 99.4 -1005.01,
					0.91423 99.4 -1005.3,
					0.723528 99.4 -1005.55,
					0.475 99.4 -1005.74,
					0.185583 99.4 -1005.86,
					-0.125 99.4 -1005.9,
					-0.435583 99.4 -1005.86,
					-0.725 99.4 -1005.74,
					-0.973528 99.4 -1005.55,
					-1.16423 99.4 -1005.3,
					-1.28411 99.4 -1005.01,
					-1.325 99.4 -1004.7,
					-1.28411 99.4 -1004.39,
					-1.16423 99.4 -1004.1,
					-0.973528 99.4 -1003.85,
					-0.725 99.4 -1003.66,
					-0.435583 99.4 -1003.54,
					-0.125 -99.4 -1003.5,
					0.185583 -99.4 -1003.54,
					0.475 -99.4 -1003.66,
					0.723528 -99.4 -1003.85,
					0.91423 -99.4 -1004.1,
					1.03411 -99.4 -1004.39,
					1.075 -99.4 -1004.7,
					1.03411 -99.4 -1005.01,
					0.91423 -99.4 -1005.3,
					0.723528 -99.4 -1005.55,
					0.475 -99.4 -1005.74,
					0.185583 -99.4 -1005.86,
					-0.125 -99.4 -1005.9,
					-0.435583 -99.4 -1005.86,
					-0.725 -99.4 -1005.74,
					-0.973528 -99.4 -1005.55,
					-1.16423 -99.4 -1005.3,
					-1.28411 -99.4 -1005.01,
					-1.325 -99.4 -1004.7,
					-1.28411 -99.4 -1004.39,
					-1.16423 -99.4 -1004.1,
					-0.973528 -99.4 -1003.85,
					-0.725 -99.4 -1003.66,
					-0.435583 -99.4 -1003.54,
					-0.125 99.4 -1004.7,
					-0.125 -99.4 -1004.7,
				]
			}
			coordIndex [
				0, 24, 25, 1, -1,
				1, 25, 26, 2, -1,
				2, 26, 27, 3, -1,
				3, 27, 28, 4, -1,
				4, 28, 29, 5, -1,
				5, 29, 30, 6, -1,
				6, 30, 31, 7, -1,
				7, 31, 32, 8, -1,
				8, 32, 33, 9, -1,
				9, 33, 34, 10, -1,
				10, 34, 35, 11, -1,
				11, 35, 36, 12, -1,
				12, 36, 37, 13, -1,
				13, 37, 38, 14, -1,
				14, 38, 39, 15, -1,
				15, 39, 40, 16, -1,
				16, 40, 41, 17, -1,
				17, 41, 42, 18, -1,
				18, 42, 43, 19, -1,
				19, 43, 44, 20, -1,
				20, 44, 45, 21, -1,
				21, 45, 46, 22, -1,
				22, 46, 47, 23, -1,
				23, 47, 24, 0, -1,
				48, 0, 1, -1,
				48, 1, 2, -1,
				48, 2, 3, -1,
				48, 3, 4, -1,
				48, 4, 5, -1,
				48, 5, 6, -1,
				48, 6, 7, -1,
				48, 7, 8, -1,
				48, 8, 9, -1,
				48, 9, 10, -1,
				48, 10, 11, -1,
				48, 11, 12, -1,
				48, 12, 13, -1,
				48, 13, 14, -1,
				48, 14, 15, -1,
				48, 15, 16, -1,
				48, 16, 17, -1,
				48, 17, 18, -1,
				48, 18, 19, -1,
				48, 19, 20, -1,
				48, 20, 21, -1,
				48, 21, 22, -1,
				48, 22, 23, -1,
				48, 23, 0, -1,
				24, 49, 25, -1,
				25, 49, 26, -1,
				26, 49, 27, -1,
				27, 49, 28, -1,
				28, 49, 29, -1,
				29, 49, 30, -1,
				30, 49, 31, -1,
				31, 49, 32, -1,
				32, 49, 33, -1,
				33, 49, 34, -1,
				34, 49, 35, -1,
				35, 49, 36, -1,
				36, 49, 37, -1,
				37, 49, 38, -1,
				38, 49, 39, -1,
				39, 49, 40, -1,
				40, 49, 41, -1,
				41, 49, 42, -1,
				42, 49, 43, -1,
				43, 49, 44, -1,
				44, 49, 45, -1,
				45, 49, 46, -1,
				46, 49, 47, -1,
				47, 49, 24, -1,
			]
			solid FALSE
		}
	}
#---------- SOLID: FiberClad1_K.102
	Shape {
		appearance Appearance {
			material Material {
				diffuseColor 0 1 0
				transparency 0.7
			}
		}
		geometry IndexedFaceSet {
			coord Coordinate {
				point [
					-0.125 99.4 -1003.6,
					0.159701 99.4 -1003.64,
					0.425 99.4 -1003.75,
					0.652817 99.4 -1003.92,
					0.827628 99.4 -1004.15,
					0.937518 99.4 -1004.42,
					0.975 99.4 -1004.7,
					0.937518 99.4 -1004.98,
					0.827628 99.4 -1005.25,
					0.652817 99.4 -1005.48,
					0.425 99.4 -1005.65,
					0.159701 99.4 -1005.76,
					-0.125 99.4 -1005.8,
					-0.409701 99.4 -1005.76,
					-0.675 99.4 -1005.65,
					-0.902817 99.4 -1005.48,
					-1.07763 99.4 -1005.25,
					-1.18752 99.4 -1004.98,
					-1.225 99.4 -1004.7,
					-1.18752 99.4 -1004.42,
					-1.07763 99.4 -1004.15,
					-0.902817 99.4 -1003.92,
					-0.675 99.4 -1003.75,
					-0.409701 99.4 -1003.64,
					-0.125 -99.4 -1003.6,
					0.159701 -99.4 -1003.64,
					0.425 -99.4 -1003.75,
					0.652817 -99.4 -1003.92,
					0.827628 -99.4 -1004.15,
					0.937518 -99.4 -1004.42,
					0.975 -99.4 -1004.7,
					0.937518 -99.4 -1004.98,
					0.827628 -99.4 -1005.25,
					0.652817 -99.4 -1005.48,
					0.425 -99.4 -1005.65,
					0.159701 -99.4 -1005.76,
					-0.125 -99.4 -1005.8,
					-0.409701 -99.4 -1005.76,
					-0.675 -99.4 -1005.65,
					-0.902817 -99.4 -1005.48,
					-1.07763 -99.4 -1005.25,
					-1.18752 -99.4 -1004.98,
					-1.225 -99.4 -1004.7,
					-1.18752 -99.4 -1004.42,
					-1.07763 -99.4 -1004.15,
					-0.902817 -99.4 -1003.92,
					-0.675 -99.4 -1003.75,
					-0.409701 -99.4 -1003.64,
					-0.125 99.4 -1004.7,
					-0.125 -99.4 -1004.7,
				]
			}
			coordIndex [
				0, 24, 25, 1, -1,
				1, 25, 26, 2, -1,
				2, 26, 27, 3, -1,
				3, 27, 28, 4, -1,
				4, 28, 29, 5, -1,
				5, 29, 30, 6, -1,
				6, 30, 31, 7, -1,
				7, 31, 32, 8, -1,
				8, 32, 33, 9, -1,
				9, 33, 34, 10, -1,
				10, 34, 35, 11, -1,
				11, 35, 36, 12, -1,
				12, 36, 37, 13, -1,
				13, 37, 38, 14, -1,
				14, 38, 39, 15, -1,
				15, 39, 40, 16, -1,
				16, 40, 41, 17, -1,
				17, 41, 42, 18, -1,
				18, 42, 43, 19, -1,
				19, 43, 44, 20, -1,
				20, 44, 45, 21, -1,
				21, 45, 46, 22, -1,
				22, 46, 47, 23, -1,
				23, 47, 24, 0, -1,
				48, 0, 1, -1,
				48, 1, 2, -1,
				48, 2, 3, -1,
				48, 3, 4, -1,
				48, 4, 5, -1,
				48, 5, 6, -1,
				48, 6, 7, -1,
				48, 7, 8, -1,
				48, 8, 9, -1,
				48, 9, 10, -1,
				48, 10, 11, -1,
				48, 11, 12, -1,
				48, 12, 13, -1,
				48, 13, 14, -1,
				48, 14, 15, -1,
				48, 15, 16, -1,
				48, 16, 17, -1,
				48, 17, 18, -1,
				48, 18, 19, -1,
				48, 19, 20, -1,
				48, 20, 21, -1,
				48, 21, 22, -1,
				48, 22, 23, -1,
				48, 23, 0, -1,
				24, 49, 25, -1,
				25, 49, 26, -1,
				26, 49, 27, -1,
				27, 49, 28, -1,
				28, 49, 29, -1,
				29, 49, 30, -1,
				30, 49, 31, -1,
				31, 49, 32, -1,
				32, 49, 33, -1,
				33, 49, 34, -1,
				34, 49, 35, -1,
				35, 49, 36, -1,
				36, 49, 37, -1,
				37, 49, 38, -1,
				38, 49, 39, -1,
				39, 49, 40, -1,
				40, 49, 41, -1,
				41, 49, 42, -1,
				42, 49, 43, -1,
				43, 49, 44, -1,
				44, 49, 45, -1,
				45, 49, 46, -1,
				46, 49, 47, -1,
				47, 49, 24, -1,
			]
			solid FALSE
		}
	}
#---------- SOLID: Fiber_K.102
	Shape {
		appearance Appearance {
			material Material {
				diffuseColor 0 1 0
				transparency 0.7
			}
		}
		geometry IndexedFaceSet {
			coord Coordinate {
				point [
					-0.125 99.4 -1003.7,
					0.133819 99.4 -1003.73,
					0.375 99.4 -1003.83,
					0.582107 99.4 -1003.99,
					0.741025 99.4 -1004.2,
					0.840926 99.4 -1004.44,
					0.875 99.4 -1004.7,
					0.840926 99.4 -1004.96,
					0.741025 99.4 -1005.2,
					0.582107 99.4 -1005.41,
					0.375 99.4 -1005.57,
					0.133819 99.4 -1005.67,
					-0.125 99.4 -1005.7,
					-0.383819 99.4 -1005.67,
					-0.625 99.4 -1005.57,
					-0.832107 99.4 -1005.41,
					-0.991025 99.4 -1005.2,
					-1.09093 99.4 -1004.96,
					-1.125 99.4 -1004.7,
					-1.09093 99.4 -1004.44,
					-0.991025 99.4 -1004.2,
					-0.832107 99.4 -1003.99,
					-0.625 99.4 -1003.83,
					-0.383819 99.4 -1003.73,
					-0.125 -99.4 -1003.7,
					0.133819 -99.4 -1003.73,
					0.375 -99.4 -1003.83,
					0.582107 -99.4 -1003.99,
					0.741025 -99.4 -1004.2,
					0.840926 -99.4 -1004.44,
					0.875 -99.4 -1004.7,
					0.840926 -99.4 -1004.96,
					0.741025 -99.4 -1005.2,
					0.582107 -99.4 -1005.41,
					0.375 -99.4 -1005.57,
					0.133819 -99.4 -1005.67,
					-0.125 -99.4 -1005.7,
					-0.383819 -99.4 -1005.67,
					-0.625 -99.4 -1005.57,
					-0.832107 -99.4 -1005.41,
					-0.991025 -99.4 -1005.2,
					-1.09093 -99.4 -1004.96,
					-1.125 -99.4 -1004.7,
					-1.09093 -99.4 -1004.44,
					-0.991025 -99.4 -1004.2,
					-0.832107 -99.4 -1003.99,
					-0.625 -99.4 -1003.83,
					-0.383819 -99.4 -1003.73,
					-0.125 99.4 -1004.7,
					-0.125 -99.4 -1004.7,
				]
			}
			coordIndex [
				0, 24, 25, 1, -1,
				1, 25, 26, 2, -1,
				2, 26, 27, 3, -1,
				3, 27, 28, 4, -1,
				4, 28, 29, 5, -1,
				5, 29, 30, 6, -1,
				6, 30, 31, 7, -1,
				7, 31, 32, 8, -1,
				8, 32, 33, 9, -1,
				9, 33, 34, 10, -1,
				10, 34, 35, 11, -1,
				11, 35, 36, 12, -1,
				12, 36, 37, 13, -1,
				13, 37, 38, 14, -1,
				14, 38, 39, 15, -1,
				15, 39, 40, 16, -1,
				16, 40, 41, 17, -1,
				17, 41, 42, 18, -1,
				18, 42, 43, 19, -1,
				19, 43, 44, 20, -1,
				20, 44, 45, 21, -1,
				21, 45, 46, 22, -1,
				22, 46, 47, 23, -1,
				23, 47, 24, 0, -1,
				48, 0, 1, -1,
				48, 1, 2, -1,
				48, 2, 3, -1,
				48, 3, 4, -1,
				48, 4, 5, -1,
				48, 5, 6, -1,
				48, 6, 7, -1,
				48, 7, 8, -1,
				48, 8, 9, -1,
				48, 9, 10, -1,
				48, 10, 11, -1,
				48, 11, 12, -1,
				48, 12, 13, -1,
				48, 13, 14, -1,
				48, 14, 15, -1,
				48, 15, 16, -1,
				48, 16, 17, -1,
				48, 17, 18, -1,
				48, 18, 19, -1,
				48, 19, 20, -1,
				48, 20, 21, -1,
				48, 21, 22, -1,
				48, 22, 23, -1,
				48, 23, 0, -1,
				24, 49, 25, -1,
				25, 49, 26, -1,
				26, 49, 27, -1,
				27, 49, 28, -1,
				28, 49, 29, -1,
				29, 49, 30, -1,
				30, 49, 31, -1,
				31, 49, 32, -1,
				32, 49, 33, -1,
				33, 49, 34, -1,
				34, 49, 35, -1,
				35, 49, 36, -1,
				36, 49, 37, -1,
				37, 49, 38, -1,
				38, 49, 39, -1,
				39, 49, 40, -1,
				40, 49, 41, -1,
				41, 49, 42, -1,
				42, 49, 43, -1,
				43, 49, 44, -1,
				44, 49, 45, -1,
				45, 49, 46, -1,
				46, 49, 47, -1,
				47, 49, 24, -1,
			]
			solid FALSE
		}
	}
#---------- SOLID: Pixel_K102.102
	Shape {
		appearance Appearance {
			material Material {
				diffuseColor 0 0 1
				transparency 0.7
			}
		}
		geometry IndexedFaceSet {
			coord Coordinate {
				point [
					-1.425 -99.6 -1006,
					-1.425 -99.6 -1003.4,
					1.175 -99.6 -1003.4,
					1.175 -99.6 -1006,
					-1.425 -99.4 -1006,
					-1.425 -99.4 -1003.4,
					1.175 -99.4 -1003.4,
					1.175 -99.4 -1006,
				]
			}
			coordIndex [
				0, 3, 2, 1, -1,
				4, 7, 3, 0, -1,
				7, 6, 2, 3, -1,
				6, 5, 1, 2, -1,
				5, 4, 0, 1, -1,
				4, 5, 6, 7, -1,
			]
			solid FALSE
		}
	}
#---------- SOLID: Enclosure.1
	Shape {
		appearance Appearance {
			material Material {
				diffuseColor 1 1 1
				transparency 0.7
			}
		}
		geometry IndexedFaceSet {
			coord Coordinate {
				point [
					-281.35 -281.35 -3020,
					281.35 -281.35 -3020,
					281.35 281.35 -3020,
					-281.35 281.35 -3020,
					-281.35 -281.35 -2980,
					281.35 -281.35 -2980,
					281.35 281.35 -2980,
					-281.35 281.35 -2980,
				]
			}
			coordIndex [
				0, 3, 2, 1, -1,
				4, 7, 3, 0, -1,
				7, 6, 2, 3, -1,
				6, 5, 1, 2, -1,
				5, 4, 0, 1, -1,
				4, 5, 6, 7, -1,
			]
			solid FALSE
		}
	}
#---------- SOLID: Casing_2.2
	Shape {
		appearance Appearance {
			material Material {
				diffuseColor 1 1 1
				transparency 0.7
			}
		}
		geometry IndexedFaceSet {
			coord Coordinate {
				point [
					-281.35 -281.35 -3020,
					281.35 -281.35 -3020,
					281.35 281.35 -3020,
					-281.35 281.35 -3020,
					-281.35 -281.35 -2980,
					281.35 -281.35 -2980,
					281.35 281.35 -2980,
					-281.35 281.35 -2980,
				]
			}
			coordIndex [
				0, 3, 2, 1, -1,
				4, 7, 3, 0, -1,
				7, 6, 2, 3, -1,
				6, 5, 1, 2, -1,
				5, 4, 0, 1, -1,
				4, 5, 6, 7, -1,
			]
			solid FALSE
		}
	}
#---------- SOLID: BarCoating_X.201
	Shape {
		appearance Appearance {
			material Material {
				diffuseColor 1 1 1
				transparency 0.7
			}
		}
		geometry IndexedFaceSet {
			coord Coordinate {
				point [
					-100.25 -100.375 -2999.25,
					100.25 -100.375 -2999.25,
					100.25 100.125 -2999.25,
					-100.25 100.125 -2999.25,
					-100.25 -100.375 -2988.75,
					100.25 -100.375 -2988.75,
					100.25 100.125 -2988.75,
					-100.25 100.125 -2988.75,
				]
			}
			coordIndex [
				0, 3, 2, 1, -1,
				4, 7, 3, 0, -1,
				7, 6, 2, 3, -1,
				6, 5, 1, 2, -1,
				5, 4, 0, 1, -1,
				4, 5, 6, 7, -1,
			]
			solid FALSE
		}
	}
#---------- SOLID: BarScin_X.201
	Shape {
		appearance Appearance {
			material Material {
				diffuseColor 1 1 1
				transparency 0.7
			}
		}
		geometry IndexedFaceSet {
			coord Coordinate {
				point [
					-100 -100.125 -2999,
					100 -100.125 -2999,
					100 99.875 -2999,
					-100 99.875 -2999,
					-100 -100.125 -2989,
					100 -100.125 -2989,
					100 99.875 -2989,
					-100 99.875 -2989,
				]
			}
			coordIndex [
				0, 3, 2, 1, -1,
				4, 7, 3, 0, -1,
				7, 6, 2, 3, -1,
				6, 5, 1, 2, -1,
				5, 4, 0, 1, -1,
				4, 5, 6, 7, -1,
			]
			solid FALSE
		}
	}
#---------- SOLID: FiberClad2_X.201
	Shape {
		appearance Appearance {
			material Material {
				diffuseColor 0 1 0
				transparency 0.7
			}
		}
		geometry IndexedFaceSet {
			coord Coordinate {
				point [
					-99.4 -0.125 -2991.5,
					-99.4 0.185583 -2991.54,
					-99.4 0.475 -2991.66,
					-99.4 0.723528 -2991.85,
					-99.4 0.91423 -2992.1,
					-99.4 1.03411 -2992.39,
					-99.4 1.075 -2992.7,
					-99.4 1.03411 -2993.01,
					-99.4 0.91423 -2993.3,
					-99.4 0.723528 -2993.55,
					-99.4 0.475 -2993.74,
					-99.4 0.185583 -2993.86,
					-99.4 -0.125 -2993.9,
					-99.4 -0.435583 -2993.86,
					-99.4 -0.725 -2993.74,
					-99.4 -0.973528 -2993.55,
					-99.4 -1.16423 -2993.3,
					-99.4 -1.28411 -2993.01,
					-99.4 -1.325 -2992.7,
					-99.4 -1.28411 -2992.39,
					-99.4 -1.16423 -2992.1,
					-99.4 -0.973528 -2991.85,
					-99.4 -0.725 -2991.66,
					-99.4 -0.435583 -2991.54,
					99.4 -0.125 -2991.5,
					99.4 0.185583 -2991.54,
					99.4 0.475 -2991.66,
					99.4 0.723528 -2991.85,
					99.4 0.91423 -2992.1,
					99.4 1.03411 -2992.39,
					99.4 1.075 -2992.7,
					99.4 1.03411 -2993.01,
					99.4 0.91423 -2993.3,
					99.4 0.723528 -2993.55,
					99.4 0.475 -2993.74,
					99.4 0.185583 -2993.86,
					99.4 -0.125 -2993.9,
					99.4 -0.435583 -2993.86,
					99.4 -0.725 -2993.74,
					99.4 -0.973528 -2993.55,
					99.4 -1.16423 -2993.3,
					99.4 -1.28411 -2993.01,
					99.4 -1.325 -2992.7,
					99.4 -1.28411 -2992.39,
					99.4 -1.16423 -2992.1,
					99.4 -0.973528 -2991.85,
					99.4 -0.725 -2991.66,
					99.4 -0.435583 -2991.54,
					-99.4 -0.125 -2992.7,
					99.4 -0.125 -2992.7,
				]
			}
			coordIndex [
				0, 24, 25, 1, -1,
				1, 25, 26, 2, -1,
				2, 26, 27, 3, -1,
				3, 27, 28, 4, -1,
				4, 28, 29, 5, -1,
				5, 29, 30, 6, -1,
				6, 30, 31, 7, -1,
				7, 31, 32, 8, -1,
				8, 32, 33, 9, -1,
				9, 33, 34, 10, -1,
				10, 34, 35, 11, -1,
				11, 35, 36, 12, -1,
				12, 36, 37, 13, -1,
				13, 37, 38, 14, -1,
				14, 38, 39, 15, -1,
				15, 39, 40, 16, -1,
				16, 40, 41, 17, -1,
				17, 41, 42, 18, -1,
				18, 42, 43, 19, -1,
				19, 43, 44, 20, -1,
				20, 44, 45, 21, -1,
				21, 45, 46, 22, -1,
				22, 46, 47, 23, -1,
				23, 47, 24, 0, -1,
				48, 0, 1, -1,
				48, 1, 2, -1,
				48, 2, 3, -1,
				48, 3, 4, -1,
				48, 4, 5, -1,
				48, 5, 6, -1,
				48, 6, 7, -1,
				48, 7, 8, -1,
				48, 8, 9, -1,
				48, 9, 10, -1,
				48, 10, 11, -1,
				48, 11, 12, -1,
				48, 12, 13, -1,
				48, 13, 14, -1,
				48, 14, 15, -1,
				48, 15, 16, -1,
				48, 16, 17, -1,
				48, 17, 18, -1,
				48, 18, 19, -1,
				48, 19, 20, -1,
				48, 20, 21, -1,
				48, 21, 22, -1,
				48, 22, 23, -1,
				48, 23, 0, -1,
				24, 49, 25, -1,
				25, 49, 26, -1,
				26, 49, 27, -1,
				27, 49, 28, -1,
				28, 49, 29, -1,
				29, 49, 30, -1,
				30, 49, 31, -1,
				31, 49, 32, -1,
				32, 49, 33, -1,
				33, 49, 34, -1,
				34, 49, 35, -1,
				35, 49, 36, -1,
				36, 49, 37, -1,
				37, 49, 38, -1,
				38, 49, 39, -1,
				39, 49, 40, -1,
				40, 49, 41, -1,
				41, 49, 42, -1,
				42, 49, 43, -1,
				43, 49, 44, -1,
				44, 49, 45, -1,
				45, 49, 46, -1,
				46, 49, 47, -1,
				47, 49, 24, -1,
			]
			solid FALSE
		}
	}
#---------- SOLID: FiberClad1_X.201
	Shape {
		appearance Appearance {
			material Material {
				diffuseColor 0 1 0
				transparency 0.7
			}
		}
		geometry IndexedFaceSet {
			coord Coordinate {
				point [
					-99.4 -0.125 -2991.6,
					-99.4 0.159701 -2991.64,
					-99.4 0.425 -2991.75,
					-99.4 0.652817 -2991.92,
					-99.4 0.827628 -2992.15,
					-99.4 0.937518 -2992.42,
					-99.4 0.975 -2992.7,
					-99.4 0.937518 -2992.98,
					-99.4 0.827628 -2993.25,
					-99.4 0.652817 -2993.48,
					-99.4 0.425 -2993.65,
					-99.4 0.159701 -2993.76,
					-99.4 -0.125 -2993.8,
					-99.4 -0.409701 -2993.76,
					-99.4 -0.675 -2993.65,
					-99.4 -0.902817 -2993.48,
					-99.4 -1.07763 -2993.25,
					-99.4 -1.18752 -2992.98,
					-99.4 -1.225 -2992.7,
					-99.4 -1.18752 -2992.42,
					-99.4 -1.07763 -2992.15,
					-99.4 -0.902817 -2991.92,
					-99.4 -0.675 -2991.75,
					-99.4 -0.409701 -2991.64,
					99.4 -0.125 -2991.6,
					99.4 0.159701 -2991.64,
					99.4 0.425 -2991.75,
					99.4 0.652817 -2991.92,
					99.4 0.827628 -2992.15,
					99.4 0.937518 -2992.42,
					99.4 0.975 -2992.7,
					99.4 0.937518 -2992.98,
					99.4 0.827628 -2993.25,
					99.4 0.652817 -2993.48,
					99.4 0.425 -2993.65,
					99.4 0.159701 -2993.76,
					99.4 -0.125 -2993.8,
					99.4 -0.409701 -2993.76,
					99.4 -0.675 -2993.65,
					99.4 -0.902817 -2993.48,
					99.4 -1.07763 -2993.25,
					99.4 -1.18752 -2992.98,
					99.4 -1.225 -2992.7,
					99.4 -1.18752 -2992.42,
					99.4 -1.07763 -2992.15,
					99.4 -0.902817 -2991.92,
					99.4 -0.675 -2991.75,
					99.4 -0.409701 -2991.64,
					-99.4 -0.125 -2992.7,
					99.4 -0.125 -2992.7,
				]
			}
			coordIndex [
				0, 24, 25, 1, -1,
				1, 25, 26, 2, -1,
				2, 26, 27, 3, -1,
				3, 27, 28, 4, -1,
				4, 28, 29, 5, -1,
				5, 29, 30, 6, -1,
				6, 30, 31, 7, -1,
				7, 31, 32, 8, -1,
				8, 32, 33, 9, -1,
				9, 33, 34, 10, -1,
				10, 34, 35, 11, -1,
				11, 35, 36, 12, -1,
				12, 36, 37, 13, -1,
				13, 37, 38, 14, -1,
				14, 38, 39, 15, -1,
				15, 39, 40, 16, -1,
				16, 40, 41, 17, -1,
				17, 41, 42, 18, -1,
				18, 42, 43, 19, -1,
				19, 43, 44, 20, -1,
				20, 44, 45, 21, -1,
				21, 45, 46, 22, -1,
				22, 46, 47, 23, -1,
				23, 47, 24, 0, -1,
				48, 0, 1, -1,
				48, 1, 2, -1,
				48, 2, 3, -1,
				48, 3, 4, -1,
				48, 4, 5, -1,
				48, 5, 6, -1,
				48, 6, 7, -1,
				48, 7, 8, -1,
				48, 8, 9, -1,
				48, 9, 10, -1,
				48, 10, 11, -1,
				48, 11, 12, -1,
				48, 12, 13, -1,
				48, 13, 14, -1,
				48, 14, 15, -1,
				48, 15, 16, -1,
				48, 16, 17, -1,
				48, 17, 18, -1,
				48, 18, 19, -1,
				48, 19, 20, -1,
				48, 20, 21, -1,
				48, 21, 22, -1,
				48, 22, 23, -1,
				48, 23, 0, -1,
				24, 49, 25, -1,
				25, 49, 26, -1,
				26, 49, 27, -1,
				27, 49, 28, -1,
				28, 49, 29, -1,
				29, 49, 30, -1,
				30, 49, 31, -1,
				31, 49, 32, -1,
				32, 49, 33, -1,
				33, 49, 34, -1,
				34, 49, 35, -1,
				35, 49, 36, -1,
				36, 49, 37, -1,
				37, 49, 38, -1,
				38, 49, 39, -1,
				39, 49, 40, -1,
				40, 49, 41, -1,
				41, 49, 42, -1,
				42, 49, 43, -1,
				43, 49, 44, -1,
				44, 49, 45, -1,
				45, 49, 46, -1,
				46, 49, 47, -1,
				47, 49, 24, -1,
			]
			solid FALSE
		}
	}
#---------- SOLID: Fiber_X.201
	Shape {
		appearance Appearance {
			material Material {
				diffuseColor 0 1 0
				transparency 0.7
			}
		}
		geometry IndexedFaceSet {
			coord Coordinate {
				point [
					-99.4 -0.125 -2991.7,
					-99.4 0.133819 -2991.73,
					-99.4 0.375 -2991.83,
					-99.4 0.582107 -2991.99,
					-99.4 0.741025 -2992.2,
					-99.4 0.840926 -2992.44,
					-99.4 0.875 -2992.7,
					-99.4 0.840926 -2992.96,
					-99.4 0.741025 -2993.2,
					-99.4 0.582107 -2993.41,
					-99.4 0.375 -2993.57,
					-99.4 0.133819 -2993.67,
					-99.4 -0.125 -2993.7,
					-99.4 -0.383819 -2993.67,
					-99.4 -0.625 -2993.57,
					-99.4 -0.832107 -2993.41,
					-99.4 -0.991025 -2993.2,
					-99.4 -1.09093 -2992.96,
					-99.4 -1.125 -2992.7,
					-99.4 -1.09093 -2992.44,
					-99.4 -0.991025 -2992.2,
					-99.4 -0.832107 -2991.99,
					-99.4 -0.625 -2991.83,
					-99.4 -0.383819 -2991.73,
					99.4 -0.125 -2991.7,
					99.4 0.133819 -2991.73,
					99.4 0.375 -2991.83,
					99.4 0.582107 -2991.99,
					99.4 0.741025 -2992.2,
					99.4 0.840926 -2992.44,
					99.4 0.875 -2992.7,
					99.4 0.840926 -2992.96,
					99.4 0.741025 -2993.2,
					99.4 0.582107 -2993.41,
					99.4 0.375 -2993.57,
					99.4 0.133819 -2993.67,
					99.4 -0.125 -2993.7,
					99.4 -0.383819 -2993.67,
					99.4 -0.625 -2993.57,
					99.4 -0.832107 -2993.41,
					99.4 -0.991025 -2993.2,
					99.4 -1.09093 -2992.96,
					99.4 -1.125 -2992.7,
					99.4 -1.09093 -2992.44,
					99.4 -0.991025 -2992.2,
					99.4 -0.832107 -2991.99,
					99.4 -0.625 -2991.83,
					99.4 -0.383819 -2991.73,
					-99.4 -0.125 -2992.7,
					99.4 -0.125 -2992.7,
				]
			}
			coordIndex [
				0, 24, 25, 1, -1,
				1, 25, 26, 2, -1,
				2, 26, 27, 3, -1,
				3, 27, 28, 4, -1,
				4, 28, 29, 5, -1,
				5, 29, 30, 6, -1,
				6, 30, 31, 7, -1,
				7, 31, 32, 8, -1,
				8, 32, 33, 9, -1,
				9, 33, 34, 10, -1,
				10, 34, 35, 11, -1,
				11, 35, 36, 12, -1,
				12, 36, 37, 13, -1,
				13, 37, 38, 14, -1,
				14, 38, 39, 15, -1,
				15, 39, 40, 16, -1,
				16, 40, 41, 17, -1,
				17, 41, 42, 18, -1,
				18, 42, 43, 19, -1,
				19, 43, 44, 20, -1,
				20, 44, 45, 21, -1,
				21, 45, 46, 22, -1,
				22, 46, 47, 23, -1,
				23, 47, 24, 0, -1,
				48, 0, 1, -1,
				48, 1, 2, -1,
				48, 2, 3, -1,
				48, 3, 4, -1,
				48, 4, 5, -1,
				48, 5, 6, -1,
				48, 6, 7, -1,
				48, 7, 8, -1,
				48, 8, 9, -1,
				48, 9, 10, -1,
				48, 10, 11, -1,
				48, 11, 12, -1,
				48, 12, 13, -1,
				48, 13, 14, -1,
				48, 14, 15, -1,
				48, 15, 16, -1,
				48, 16, 17, -1,
				48, 17, 18, -1,
				48, 18, 19, -1,
				48, 19, 20, -1,
				48, 20, 21, -1,
				48, 21, 22, -1,
				48, 22, 23, -1,
				48, 23, 0, -1,
				24, 49, 25, -1,
				25, 49, 26, -1,
				26, 49, 27, -1,
				27, 49, 28, -1,
				28, 49, 29, -1,
				29, 49, 30, -1,
				30, 49, 31, -1,
				31, 49, 32, -1,
				32, 49, 33, -1,
				33, 49, 34, -1,
				34, 49, 35, -1,
				35, 49, 36, -1,
				36, 49, 37, -1,
				37, 49, 38, -1,
				38, 49, 39, -1,
				39, 49, 40, -1,
				40, 49, 41, -1,
				41, 49, 42, -1,
				42, 49, 43, -1,
				43, 49, 44, -1,
				44, 49, 45, -1,
				45, 49, 46, -1,
				46, 49, 47, -1,
				47, 49, 24, -1,
			]
			solid FALSE
		}
	}
#---------- SOLID: Pixel_X201.201
	Shape {
		appearance Appearance {
			material Material {
				diffuseColor 0 0 1
				transparency 0.7
			}
		}
		geometry IndexedFaceSet {
			coord Coordinate {
				point [
					99.6 -1.425 -2994,
					99.6 -1.425 -2991.4,
					99.6 1.175 -2991.4,
					99.6 1.175 -2994,
					99.4 -1.425 -2994,
					99.4 -1.425 -2991.4,
					99.4 1.175 -2991.4,
					99.4 1.175 -2994,
				]
			}
			coordIndex [
				0, 3, 2, 1, -1,
				4, 7, 3, 0, -1,
				7, 6, 2, 3, -1,
				6, 5, 1, 2, -1,
				5, 4, 0, 1, -1,
				4, 5, 6, 7, -1,
			]
			solid FALSE
		}
	}
#---------- SOLID: BarCoating_K.202
	Shape {
		appearance Appearance {
			material Material {
				diffuseColor 1 1 1
				transparency 0.7
			}
		}
		geometry IndexedFaceSet {
			coord Coordinate {
				point [
					-100.375 100.25 -3011.25,
					-100.375 -100.25 -3011.25,
					100.125 -100.25 -3011.25,
					100.125 100.25 -3011.25,
					-100.375 100.25 -3000.75,
					-100.375 -100.25 -3000.75,
					100.125 -100.25 -3000.75,
					100.125 100.25 -3000.75,
				]
			}
			coordIndex [
				0, 3, 2, 1, -1,
				4, 7, 3, 0, -1,
				7, 6, 2, 3, -1,
				6, 5, 1, 2, -1,
				5, 4, 0, 1, -1,
				4, 5, 6, 7, -1,
			]
			solid FALSE
		}
	}
#---------- SOLID: BarScin_K.202
	Shape {
		appearance Appearance {
			material Material {
				diffuseColor 1 1 1
				transparency 0.7
			}
		}
		geometry IndexedFaceSet {
			coord Coordinate {
				point [
					-100.125 100 -3011,
					-100.125 -100 -3011,
					99.875 -100 -3011,
					99.875 100 -3011,
					-100.125 100 -3001,
					-100.125 -100 -3001,
					99.875 -100 -3001,
					99.875 100 -3001,
				]
			}
			coordIndex [
				0, 3, 2, 1, -1,
				4, 7, 3, 0, -1,
				7, 6, 2, 3, -1,
				6, 5, 1, 2, -1,
				5, 4, 0, 1, -1,
				4, 5, 6, 7, -1,
			]
			solid FALSE
		}
	}
#---------- SOLID: FiberClad2_K.202
	Shape {
		appearance Appearance {
			material Material {
				diffuseColor 0 1 0
				transparency 0.7
			}
		}
		geometry IndexedFaceSet {
			coord Coordinate {
				point [
					-0.125 99.4 -3003.5,
					0.185583 99.4 -3003.54,
					0.475 99.4 -3003.66,
					0.723528 99.4 -3003.85,
					0.91423 99.4 -3004.1,
					1.03411 99.4 -3004.39,
					1.075 99.4 -3004.7,
					1.03411 99.4 -3005.01,
					0.91423 99.4 -3005.3,
					0.723528 99.4 -3005.55,
					0.475 99.4 -3005.74,
					0.185583 99.4 -3005.86,
					-0.125 99.4 -3005.9,
					-0.435583 99.4 -3005.86,
					-0.725 99.4 -3005.74,
					-0.973528 99.4 -3005.55,
					-1.16423 99.4 -3005.3,
					-1.28411 99.4 -3005.01,
					-1.325 99.4 -3004.7,
					-1.28411 99.4 -3004.39,
					-1.16423 99.4 -3004.1,
					-0.973528 99.4 -3003.85,
					-0.725 99.4 -3003.66,
					-0.435583 99.4 -3003.54,
					-0.125 -99.4 -3003.5,
					0.185583 -99.4 -3003.54,
					0.475 -99.4 -3003.66,
					0.723528 -99.4 -3003.85,
					0.91423 -99.4 -3004.1,
					1.03411 -99.4 -3004.39,
					1.075 -99.4 -3004.7,
					1.03411 -99.4 -3005.01,
					0.91423 -99.4 -3005.3,
					0.723528 -99.4 -3005.55,
					0.475 -99.4 -3005.74,
					0.185583 -99.4 -3005.86,
					-0.125 -99.4 -3005.9,
					-0.435583 -99.4 -3005.86,
					-0.725 -99.4 -3005.74,
					-0.973528 -99.4 -3005.55,
					-1.16423 -99.4 -3005.3,
					-1.28411 -99.4 -3005.01,
					-1.325 -99.4 -3004.7,
					-1.28411 -99.4 -3004.39,
					-1.16423 -99.4 -3004.1,
					-0.973528 -99.4 -3003.85,
					-0.725 -99.4 -3003.66,
					-0.435583 -99.4 -3003.54,
					-0.125 99.4 -3004.7,
					-0.125 -99.4 -3004.7,
				]
			}
			coordIndex [
				0, 24, 25, 1, -1,
				1, 25, 26, 2, -1,
				2, 26, 27, 3, -1,
				3, 27, 28, 4, -1,
				4, 28, 29, 5, -1,
				5, 29, 30, 6, -1,
				6, 30, 31, 7, -1,
				7, 31, 32, 8, -1,
				8, 32, 33, 9, -1,
				9, 33, 34, 10, -1,
				10, 34, 35, 11, -1,
				11, 35, 36, 12, -1,
				12, 36, 37, 13, -1,
				13, 37, 38, 14, -1,
				14, 38, 39, 15, -1,
				15, 39, 40, 16, -1,
				16, 40, 41, 17, -1,
				17, 41, 42, 18, -1,
				18, 42, 43, 19, -1,
				19, 43, 44, 20, -1,
				20, 44, 45, 21, -1,
				21, 45, 46, 22, -1,
				22, 46, 47, 23, -1,
				23, 47, 24, 0, -1,
				48, 0, 1, -1,
				48, 1, 2, -1,
				48, 2, 3, -1,
				48, 3, 4, -1,
				48, 4, 5, -1,
				48, 5, 6, -1,
				48, 6, 7, -1,
				48, 7, 8, -1,
				48, 8, 9, -1,
				48, 9, 10, -1,
				48, 10, 11, -1,
				48, 11, 12, -1,
				48, 12, 13, -1,
				48, 13, 14, -1,
				48, 14, 15, -1,
				48, 15, 16, -1,
				48, 16, 17, -1,
				48, 17, 18, -1,
				48, 18, 19, -1,
				48, 19, 20, -1,
				48, 20, 21, -1,
				48, 21, 22, -1,
				48, 22, 23, -1,
				48, 23, 0, -1,
				24, 49, 25, -1,
				25, 49, 26, -1,
				26, 49, 27, -1,
				27, 49, 28, -1,
				28, 49, 29, -1,
				29, 49, 30, -1,
				30, 49, 31, -1,
				31, 49, 32, -1,
				32, 49, 33, -1,
				33, 49, 34, -1,
				34, 49, 35, -1,
				35, 49, 36, -1,
				36, 49, 37, -1,
				37, 49, 38, -1,
				38, 49, 39, -1,
				39, 49, 40, -1,
				40, 49, 41, -1,
				41, 49, 42, -1,
				42, 49, 43, -1,
				43, 49, 44, -1,
				44, 49, 45, -1,
				45, 49, 46, -1,
				46, 49, 47, -1,
				47, 49, 24, -1,
			]
			solid FALSE
		}
	}
#---------- SOLID: FiberClad1_K.202
	Shape {
		appearance Appearance {
			material Material {
				diffuseColor 0 1 0
				transparency 0.7
			}
		}
		geometry IndexedFaceSet {
			coord Coordinate {
				point [
					-0.125 99.4 -3003.6,
					0.159701 99.4 -3003.64,
					0.425 99.4 -3003.75,
					0.652817 99.4 -3003.92,
					0.827628 99.4 -3004.15,
					0.937518 99.4 -3004.42,
					0.975 99.4 -3004.7,
					0.937518 99.4 -3004.98,
					0.827628 99.4 -3005.25,
					0.652817 99.4 -3005.48,
					0.425 99.4 -3005.65,
					0.159701 99.4 -3005.76,
					-0.125 99.4 -3005.8,
					-0.409701 99.4 -3005.76,
					-0.675 99.4 -3005.65,
					-0.902817 99.4 -3005.48,
					-1.07763 99.4 -3005.25,
					-1.18752 99.4 -3004.98,
					-1.225 99.4 -3004.7,
					-1.18752 99.4 -3004.42,
					-1.07763 99.4 -3004.15,
					-0.902817 99.4 -3003.92,
					-0.675 99.4 -3003.75,
					-0.409701 99.4 -3003.64,
					-0.125 -99.4 -3003.6,
					0.159701 -99.4 -3003.64,
					0.425 -99.4 -3003.75,
					0.652817 -99.4 -3003.92,
					0.827628 -99.4 -3004.15,
					0.937518 -99.4 -3004.42,
					0.975 -99.4 -3004.7,
					0.937518 -99.4 -3004.98,
					0.827628 -99.4 -3005.25,
					0.652817 -99.4 -3005.48,
					0.425 -99.4 -3005.65,
					0.159701 -99.4 -3005.76,
					-0.125 -99.4 -3005.8,
					-0.409701 -99.4 -3005.76,
					-0.675 -99.4 -3005.65,
					-0.902817 -99.4 -3005.48,
					-1.07763 -99.4 -3005.25,
					-1.18752 -99.4 -3004.98,
					-1.225 -99.4 -3004.7,
					-1.18752 -99.4 -3004.42,
					-1.07763 -99.4 -3004.15,
					-0.902817 -99.4 -3003.92,
					-0.675 -99.4 -3003.75,
					-0.409701 -99.4 -3003.64,
					-0.125 99.4 -3004.7,
					-0.125 -99.4 -3004.7,
				]
			}
			coordIndex [
				0, 24, 25, 1, -1,
				1, 25, 26, 2, -1,
				2, 26, 27, 3, -1,
				3, 27, 28, 4, -1,
				4, 28, 29, 5, -1,
				5, 29, 30, 6, -1,
				6, 30, 31, 7, -1,
				7, 31, 32, 8, -1,
				8, 32, 33, 9, -1,
				9, 33, 34, 10, -1,
				10, 34, 35, 11, -1,
				11, 35, 36, 12, -1,
				12, 36, 37, 13, -1,
				13, 37, 38, 14, -1,
				14, 38, 39, 15, -1,
				15, 39, 40, 16, -1,
				16, 40, 41, 17, -1,
				17, 41, 42, 18, -1,
				18, 42, 43, 19, -1,
				19, 43, 44, 20, -1,
				20, 44, 45, 21, -1,
				21, 45, 46, 22, -1,
				22, 46, 47, 23, -1,
				23, 47, 24, 0, -1,
				48, 0, 1, -1,
				48, 1, 2, -1,
				48, 2, 3, -1,
				48, 3, 4, -1,
				48, 4, 5, -1,
				48, 5, 6, -1,
				48, 6, 7, -1,
				48, 7, 8, -1,
				48, 8, 9, -1,
				48, 9, 10, -1,
				48, 10, 11, -1,
				48, 11, 12, -1,
				48, 12, 13, -1,
				48, 13, 14, -1,
				48, 14, 15, -1,
				48, 15, 16, -1,
				48, 16, 17, -1,
				48, 17, 18, -1,
				48, 18, 19, -1,
				48, 19, 20, -1,
				48, 20, 21, -1,
				48, 21, 22, -1,
				48, 22, 23, -1,
				48, 23, 0, -1,
				24, 49, 25, -1,
				25, 49, 26, -1,
				26, 49, 27, -1,
				27, 49, 28, -1,
				28, 49, 29, -1,
				29, 49, 30, -1,
				30, 49, 31, -1,
				31, 49, 32, -1,
				32, 49, 33, -1,
				33, 49, 34, -1,
				34, 49, 35, -1,
				35, 49, 36, -1,
				36, 49, 37, -1,
				37, 49, 38, -1,
				38, 49, 39, -1,
				39, 49, 40, -1,
				40, 49, 41, -1,
				41, 49, 42, -1,
				42, 49, 43, -1,
				43, 49, 44, -1,
				44, 49, 45, -1,
				45, 49, 46, -1,
				46, 49, 47, -1,
				47, 49, 24, -1,
			]
			solid FALSE
		}
	}
#---------- SOLID: Fiber_K.202
	Shape {
		appearance Appearance {
			material Material {
				diffuseColor 0 1 0
				transparency 0.7
			}
		}
		geometry IndexedFaceSet {
			coord Coordinate {
				point [
					-0.125 99.4 -3003.7,
					0.133819 99.4 -3003.73,
					0.375 99.4 -3003.83,
					0.582107 99.4 -3003.99,
					0.741025 99.4 -3004.2,
					0.840926 99.4 -3004.44,
					0.875 99.4 -3004.7,
					0.840926 99.4 -3004.96,
					0.741025 99.4 -3005.2,
					0.582107 99.4 -3005.41,
					0.375 99.4 -3005.57,
					0.133819 99.4 -3005.67,
					-0.125 99.4 -3005.7,
					-0.383819 99.4 -3005.67,
					-0.625 99.4 -3005.57,
					-0.832107 99.4 -3005.41,
					-0.991025 99.4 -3005.2,
					-1.09093 99.4 -3004.96,
					-1.125 99.4 -3004.7,
					-1.09093 99.4 -3004.44,
					-0.991025 99.4 -3004.2,
					-0.832107 99.4 -3003.99,
					-0.625 99.4 -3003.83,
					-0.383819 99.4 -3003.73,
					-0.125 -99.4 -3003.7,
					0.133819 -99.4 -3003.73,
					0.375 -99.4 -3003.83,
					0.582107 -99.4 -3003.99,
					0.741025 -99.4 -3004.2,
					0.840926 -99.4 -3004.44,
					0.875 -99.4 -3004.7,
					0.840926 -99.4 -3004.96,
					0.741025 -99.4 -3005.2,
					0.582107 -99.4 -3005.41,
					0.375 -99.4 -3005.57,
					0.133819 -99.4 -3005.67,
					-0.125 -99.4 -3005.7,
					-0.383819 -99.4 -3005.67,
					-0.625 -99.4 -3005.57,
					-0.832107 -99.4 -3005.41,
					-0.991025 -99.4 -3005.2,
					-1.09093 -99.4 -3004.96,
					-1.125 -99.4 -3004.7,
					-1.09093 -99.4 -3004.44,
					-0.991025 -99.4 -3004.2,
					-0.832107 -99.4 -3003.99,
					-0.625 -99.4 -3003.83,
					-0.383819 -99.4 -3003.73,
					-0.125 99.4 -3004.7,
					-0.125 -99.4 -3004.7,
				]
			}
			coordIndex [
				0, 24, 25, 1, -1,
				1, 25, 26, 2, -1,
				2, 26, 27, 3, -1,
				3, 27, 28, 4, -1,
				4, 28, 29, 5, -1,
				5, 29, 30, 6, -1,
				6, 30, 31, 7, -1,
				7, 31, 32, 8, -1,
				8, 32, 33, 9, -1,
				9, 33, 34, 10, -1,
				10, 34, 35, 11, -1,
				11, 35, 36, 12, -1,
				12, 36, 37, 13, -1,
				13, 37, 38, 14, -1,
				14, 38, 39, 15, -1,
				15, 39, 40, 16, -1,
				16, 40, 41, 17, -1,
				17, 41, 42, 18, -1,
				18, 42, 43, 19, -1,
				19, 43, 44, 20, -1,
				20, 44, 45, 21, -1,
				21, 45, 46, 22, -1,
				22, 46, 47, 23, -1,
				23, 47, 24, 0, -1,
				48, 0, 1, -1,
				48, 1, 2, -1,
				48, 2, 3, -1,
				48, 3, 4, -1,
				48, 4, 5, -1,
				48, 5, 6, -1,
				48, 6, 7, -1,
				48, 7, 8, -1,
				48, 8, 9, -1,
				48, 9, 10, -1,
				48, 10, 11, -1,
				48, 11, 12, -1,
				48, 12, 13, -1,
				48, 13, 14, -1,
				48, 14, 15, -1,
				48, 15, 16, -1,
				48, 16, 17, -1,
				48, 17, 18, -1,
				48, 18, 19, -1,
				48, 19, 20, -1,
				48, 20, 21, -1,
				48, 21, 22, -1,
				48, 22, 23, -1,
				48, 23, 0, -1,
				24, 49, 25, -1,
				25, 49, 26, -1,
				26, 49, 27, -1,
				27, 49, 28, -1,
				28, 49, 29, -1,
				29, 49, 30, -1,
				30, 49, 31, -1,
				31, 49, 32, -1,
				32, 49, 33, -1,
				33, 49, 34, -1,
				34, 49, 35, -1,
				35, 49, 36, -1,
				36, 49, 37, -1,
				37, 49, 38, -1,
				38, 49, 39, -1,
				39, 49, 40, -1,
				40, 49, 41, -1,
				41, 49, 42, -1,
				42, 49, 43, -1,
				43, 49, 44, -1,
				44, 49, 45, -1,
				45, 49, 46, -1,
				46, 49, 47, -1,
				47, 49, 24, -1,
			]
			solid FALSE
		}
	}
#---------- SOLID: Pixel_K202.202
	Shape {
		appearance Appearance {
			material Material {
				diffuseColor 0 0 1
				transparency 0.7
			}
		}
		geometry IndexedFaceSet {
			coord Coordinate {
				point [
					-1.425 -99.6 -3006,
					-1.425 -99.6 -3003.4,
					1.175 -99.6 -3003.4,
					1.175 -99.6 -3006,
					-1.425 -99.4 -3006,
					-1.425 -99.4 -3003.4,
					1.175 -99.4 -3003.4,
					1.175 -99.4 -3006,
				]
			}
			coordIndex [
				0, 3, 2, 1, -1,
				4, 7, 3, 0, -1,
				7, 6, 2, 3, -1,
				6, 5, 1, 2, -1,
				5, 4, 0, 1, -1,
				4, 5, 6, 7, -1,
			]
			solid FALSE
		}
	}
#---------- SOLID: Enclosure.2
	Shape {
		appearance Appearance {
			material Material {
				diffuseColor 1 1 1
				transparency 0.7
			}
		}
		geometry IndexedFaceSet {
			coord Coordinate {
				point [
					-281.35 -281.35 -2100,
					281.35 -281.35 -2100,
					281.35 281.35 -2100,
					-281.35 281.35 -2100,
					-281.35 -281.35 -1900,
					281.35 -281.35 -1900,
					281.35 281.35 -1900,
					-281.35 281.35 -1900,
				]
			}
			coordIndex [
				0, 3, 2, 1, -1,
				4, 7, 3, 0, -1,
				7, 6, 2, 3, -1,
				6, 5, 1, 2, -1,
				5, 4, 0, 1, -1,
				4, 5, 6, 7, -1,
			]
			solid FALSE
		}
	}
#---------- SOLID: Casing_3.3
	Shape {
		appearance Appearance {
			material Material {
				diffuseColor 1 1 1
				transparency 0.7
			}
		}
		geometry IndexedFaceSet {
			coord Coordinate {
				point [
					-281.35 -281.35 -2100,
					281.35 -281.35 -2100,
					281.35 281.35 -2100,
					-281.35 281.35 -2100,
					-281.35 -281.35 -1900,
					281.35 -281.35 -1900,
					281.35 281.35 -1900,
					-281.35 281.35 -1900,
				]
			}
			coordIndex [
				0, 3, 2, 1, -1,
				4, 7, 3, 0, -1,
				7, 6, 2, 3, -1,
				6, 5, 1, 2, -1,
				5, 4, 0, 1, -1,
				4, 5, 6, 7, -1,
			]
			solid FALSE
		}
	}
#---------- SOLID: BarCoating_Z.301
	Shape {
		appearance Appearance {
			material Material {
				diffuseColor 1 1 1
				transparency 0.7
			}
		}
		geometry IndexedFaceSet {
			coord Coordinate {
				point [
					-100.25 -100.375 -1999.25,
					100.25 -100.375 -1999.25,
					100.25 100.125 -1999.25,
					-100.25 100.125 -1999.25,
					-100.25 -100.375 -1948.75,
					100.25 -100.375 -1948.75,
					100.25 100.125 -1948.75,
					-100.25 100.125 -1948.75,
				]
			}
			coordIndex [
				0, 3, 2, 1, -1,
				4, 7, 3, 0, -1,
				7, 6, 2, 3, -1,
				6, 5, 1, 2, -1,
				5, 4, 0, 1, -1,
				4, 5, 6, 7, -1,
			]
			solid FALSE
		}
	}
#---------- SOLID: BarScin_Z.301
	Shape {
		appearance Appearance {
			material Material {
				diffuseColor 1 1 1
				transparency 0.7
			}
		}
		geometry IndexedFaceSet {
			coord Coordinate {
				point [
					-100 -100.125 -1999,
					100 -100.125 -1999,
					100 99.875 -1999,
					-100 99.875 -1999,
					-100 -100.125 -1949,
					100 -100.125 -1949,
					100 99.875 -1949,
					-100 99.875 -1949,
				]
			}
			coordIndex [
				0, 3, 2, 1, -1,
				4, 7, 3, 0, -1,
				7, 6, 2, 3, -1,
				6, 5, 1, 2, -1,
				5, 4, 0, 1, -1,
				4, 5, 6, 7, -1,
			]
			solid FALSE
		}
	}
#---------- SOLID: FiberClad2_Z.301
	Shape {
		appearance Appearance {
			material Material {
				diffuseColor 0 1 0
				transparency 0.7
			}
		}
		geometry IndexedFaceSet {
			coord Coordinate {
				point [
					-99.4 -0.125 -1971.5,
					-99.4 0.185583 -1971.54,
					-99.4 0.475 -1971.66,
					-99.4 0.723528 -1971.85,
					-99.4 0.91423 -1972.1,
					-99.4 1.03411 -1972.39,
					-99.4 1.075 -1972.7,
					-99.4 1.03411 -1973.01,
					-99.4 0.91423 -1973.3,
					-99.4 0.723528 -1973.55,
					-99.4 0.475 -1973.74,
					-99.4 0.185583 -1973.86,
					-99.4 -0.125 -1973.9,
					-99.4 -0.435583 -1973.86,
					-99.4 -0.725 -1973.74,
					-99.4 -0.973528 -1973.55,
					-99.4 -1.16423 -1973.3,
					-99.4 -1.28411 -1973.01,
					-99.4 -1.325 -1972.7,
					-99.4 -1.28411 -1972.39,
					-99.4 -1.16423 -1972.1,
					-99.4 -0.973528 -1971.85,
					-99.4 -0.725 -1971.66,
					-99.4 -0.435583 -1971.54,
					99.4 -0.125 -1971.5,
					99.4 0.185583 -1971.54,
					99.4 0.475 -1971.66,
					99.4 0.723528 -1971.85,
					99.4 0.91423 -1972.1,
					99.4 1.03411 -1972.39,
					99.4 1.075 -1972.7,
					99.4 1.03411 -1973.01,
					99.4 0.91423 -1973.3,
					99.4 0.723528 -1973.55,
					99.4 0.475 -1973.74,
					99.4 0.185583 -1973.86,
					99.4 -0.125 -1973.9,
					99.4 -0.435583 -1973.86,
					99.4 -0.725 -1973.74,
					99.4 -0.973528 -1973.55,
					99.4 -1.16423 -1973.3,
					99.4 -1.28411 -1973.01,
					99.4 -1.325 -1972.7,
					99.4 -1.28411 -1972.39,
					99.4 -1.16423 -1972.1,
					99.4 -0.973528 -1971.85,
					99.4 -0.725 -1971.66,
					99.4 -0.435583 -1971.54,
					-99.4 -0.125 -1972.7,
					99.4 -0.125 -1972.7,
				]
			}
			coordIndex [
				0, 24, 25, 1, -1,
				1, 25, 26, 2, -1,
				2, 26, 27, 3, -1,
				3, 27, 28, 4, -1,
				4, 28, 29, 5, -1,
				5, 29, 30, 6, -1,
				6, 30, 31, 7, -1,
				7, 31, 32, 8, -1,
				8, 32, 33, 9, -1,
				9, 33, 34, 10, -1,
				10, 34, 35, 11, -1,
				11, 35, 36, 12, -1,
				12, 36, 37, 13, -1,
				13, 37, 38, 14, -1,
				14, 38, 39, 15, -1,
				15, 39, 40, 16, -1,
				16, 40, 41, 17, -1,
				17, 41, 42, 18, -1,
				18, 42, 43, 19, -1,
				19, 43, 44, 20, -1,
				20, 44, 45, 21, -1,
				21, 45, 46, 22, -1,
				22, 46, 47, 23, -1,
				23, 47, 24, 0, -1,
				48, 0, 1, -1,
				48, 1, 2, -1,
				48, 2, 3, -1,
				48, 3, 4, -1,
				48, 4, 5, -1,
				48, 5, 6, -1,
				48, 6, 7, -1,
				48, 7, 8, -1,
				48, 8, 9, -1,
				48, 9, 10, -1,
				48, 10, 11, -1,
				48, 11, 12, -1,
				48, 12, 13, -1,
				48, 13, 14, -1,
				48, 14, 15, -1,
				48, 15, 16, -1,
				48, 16, 17, -1,
				48, 17, 18, -1,
				48, 18, 19, -1,
				48, 19, 20, -1,
				48, 20, 21, -1,
				48, 21, 22, -1,
				48, 22, 23, -1,
				48, 23, 0, -1,
				24, 49, 25, -1,
				25, 49, 26, -1,
				26, 49, 27, -1,
				27, 49, 28, -1,
				28, 49, 29, -1,
				29, 49, 30, -1,
				30, 49, 31, -1,
				31, 49, 32, -1,
				32, 49, 33, -1,
				33, 49, 34, -1,
				34, 49, 35, -1,
				35, 49, 36, -1,
				36, 49, 37, -1,
				37, 49, 38, -1,
				38, 49, 39, -1,
				39, 49, 40, -1,
				40, 49, 41, -1,
				41, 49, 42, -1,
				42, 49, 43, -1,
				43, 49, 44, -1,
				44, 49, 45, -1,
				45, 49, 46, -1,
				46, 49, 47, -1,
				47, 49, 24, -1,
			]
			solid FALSE
		}
	}
#---------- SOLID: FiberClad1_Z.301
	Shape {
		appearance Appearance {
			material Material {
				diffuseColor 0 1 0
				transparency 0.7
			}
		}
		geometry IndexedFaceSet {
			coord Coordinate {
				point [
					-99.4 -0.125 -1971.6,
					-99.4 0.159701 -1971.64,
					-99.4 0.425 -1971.75,
					-99.4 0.652817 -1971.92,
					-99.4 0.827628 -1972.15,
					-99.4 0.937518 -1972.42,
					-99.4 0.975 -1972.7,
					-99.4 0.937518 -1972.98,
					-99.4 0.827628 -1973.25,
					-99.4 0.652817 -1973.48,
					-99.4 0.425 -1973.65,
					-99.4 0.159701 -1973.76,
					-99.4 -0.125 -1973.8,
					-99.4 -0.409701 -1973.76,
					-99.4 -0.675 -1973.65,
					-99.4 -0.902817 -1973.48,
					-99.4 -1.07763 -1973.25,
					-99.4 -1.18752 -1972.98,
					-99.4 -1.225 -1972.7,
					-99.4 -1.18752 -1972.42,
					-99.4 -1.07763 -1972.15,
					-99.4 -0.902817 -1971.92,
					-99.4 -0.675 -1971.75,
					-99.4 -0.409701 -1971.64,
					99.4 -0.125 -1971.6,
					99.4 0.159701 -1971.64,
					99.4 0.425 -1971.75,
					99.4 0.652817 -1971.92,
					99.4 0.827628 -1972.15,
					99.4 0.937518 -1972.42,
					99.4 0.975 -1972.7,
					99.4 0.937518 -1972.98,
					99.4 0.827628 -1973.25,
					99.4 0.652817 -1973.48,
					99.4 0.425 -1973.65,
					99.4 0.159701 -1973.76,
					99.4 -0.125 -1973.8,
					99.4 -0.409701 -1973.76,
					99.4 -0.675 -1973.65,
					99.4 -0.902817 -1973.48,
					99.4 -1.07763 -1973.25,
					99.4 -1.18752 -1972.98,
					99.4 -1.225 -1972.7,
					99.4 -1.18752 -1972.42,
					99.4 -1.07763 -1972.15,
					99.4 -0.902817 -1971.92,
					99.4 -0.675 -1971.75,
					99.4 -0.409701 -1971.64,
					-99.4 -0.125 -1972.7,
					99.4 -0.125 -1972.7,
				]
			}
			coordIndex [
				0, 24, 25, 1, -1,
				1, 25, 26, 2, -1,
				2, 26, 27, 3, -1,
				3, 27, 28, 4, -1,
				4, 28, 29, 5, -1,
				5, 29, 30, 6, -1,
				6, 30, 31, 7, -1,
				7, 31, 32, 8, -1,
				8, 32, 33, 9, -1,
				9, 33, 34, 10, -1,
				10, 34, 35, 11, -1,
				11, 35, 36, 12, -1,
				12, 36, 37, 13, -1,
				13, 37, 38, 14, -1,
				14, 38, 39, 15, -1,
				15, 39, 40, 16, -1,
				16, 40, 41, 17, -1,
				17, 41, 42, 18, -1,
				18, 42, 43, 19, -1,
				19, 43, 44, 20, -1,
				20, 44, 45, 21, -1,
				21, 45, 46, 22, -1,
				22, 46, 47, 23, -1,
				23, 47, 24, 0, -1,
				48, 0, 1, -1,
				48, 1, 2, -1,
				48, 2, 3, -1,
				48, 3, 4, -1,
				48, 4, 5, -1,
				48, 5, 6, -1,
				48, 6, 7, -1,
				48, 7, 8, -1,
				48, 8, 9, -1,
				48, 9, 10, -1,
				48, 10, 11, -1,
				48, 11, 12, -1,
				48, 12, 13, -1,
				48, 13, 14, -1,
				48, 14, 15, -1,
				48, 15, 16, -1,
				48, 16, 17, -1,
				48, 17, 18, -1,
				48, 18, 19, -1,
				48, 19, 20, -1,
				48, 20, 21, -1,
				48, 21, 22, -1,
				48, 22, 23, -1,
				48, 23, 0, -1,
				24, 49, 25, -1,
				25, 49, 26, -1,
				26, 49, 27, -1,
				27, 49, 28, -1,
				28, 49, 29, -1,
				29, 49, 30, -1,
				30, 49, 31, -1,
				31, 49, 32, -1,
				32, 49, 33, -1,
				33, 49, 34, -1,
				34, 49, 35, -1,
				35, 49, 36, -1,
				36, 49, 37, -1,
				37, 49, 38, -1,
				38, 49, 39, -1,
				39, 49, 40, -1,
				40, 49, 41, -1,
				41, 49, 42, -1,
				42, 49, 43, -1,
				43, 49, 44, -1,
				44, 49, 45, -1,
				45, 49, 46, -1,
				46, 49, 47, -1,
				47, 49, 24, -1,
			]
			solid FALSE
		}
	}
#---------- SOLID: Fiber_Z.301
	Shape {
		appearance Appearance {
			material Material {
				diffuseColor 0 1 0
				transparency 0.7
			}
		}
		geometry IndexedFaceSet {
			coord Coordinate {
				point [
					-99.4 -0.125 -1971.7,
					-99.4 0.133819 -1971.73,
					-99.4 0.375 -1971.83,
					-99.4 0.582107 -1971.99,
					-99.4 0.741025 -1972.2,
					-99.4 0.840926 -1972.44,
					-99.4 0.875 -1972.7,
					-99.4 0.840926 -1972.96,
					-99.4 0.741025 -1973.2,
					-99.4 0.582107 -1973.41,
					-99.4 0.375 -1973.57,
					-99.4 0.133819 -1973.67,
					-99.4 -0.125 -1973.7,
					-99.4 -0.383819 -1973.67,
					-99.4 -0.625 -1973.57,
					-99.4 -0.832107 -1973.41,
					-99.4 -0.991025 -1973.2,
					-99.4 -1.09093 -1972.96,
					-99.4 -1.125 -1972.7,
					-99.4 -1.09093 -1972.44,
					-99.4 -0.991025 -1972.2,
					-99.4 -0.832107 -1971.99,
					-99.4 -0.625 -1971.83,
					-99.4 -0.383819 -1971.73,
					99.4 -0.125 -1971.7,
					99.4 0.133819 -1971.73,
					99.4 0.375 -1971.83,
					99.4 0.582107 -1971.99,
					99.4 0.741025 -1972.2,
					99.4 0.840926 -1972.44,
					99.4 0.875 -1972.7,
					99.4 0.840926 -1972.96,
					99.4 0.741025 -1973.2,
					99.4 0.582107 -1973.41,
					99.4 0.375 -1973.57,
					99.4 0.133819 -1973.67,
					99.4 -0.125 -1973.7,
					99.4 -0.383819 -1973.67,
					99.4 -0.625 -1973.57,
					99.4 -0.832107 -1973.41,
					99.4 -0.991025 -1973.2,
					99.4 -1.09093 -1972.96,
					99.4 -1.125 -1972.7,
					99.4 -1.09093 -1972.44,
					99.4 -0.991025 -1972.2,
					99.4 -0.832107 -1971.99,
					99.4 -0.625 -1971.83,
					99.4 -0.383819 -1971.73,
					-99.4 -0.125 -1972.7,
					99.4 -0.125 -1972.7,
				]
			}
			coordIndex [
				0, 24, 25, 1, -1,
				1, 25, 26, 2, -1,
				2, 26, 27, 3, -1,
				3, 27, 28, 4, -1,
				4, 28, 29, 5, -1,
				5, 29, 30, 6, -1,
				6, 30, 31, 7, -1,
				7, 31, 32, 8, -1,
				8, 32, 33, 9, -1,
				9, 33, 34, 10, -1,
				10, 34, 35, 11, -1,
				11, 35, 36, 12, -1,
				12, 36, 37, 13, -1,
				13, 37, 38, 14, -1,
				14, 38, 39, 15, -1,
				15, 39, 40, 16, -1,
				16, 40, 41, 17, -1,
				17, 41, 42, 18, -1,
				18, 42, 43, 19, -1,
				19, 43, 44, 20, -1,
				20, 44, 45, 21, -1,
				21, 45, 46, 22, -1,
				22, 46, 47, 23, -1,
				23, 47, 24, 0, -1,
				48, 0, 1, -1,
				48, 1, 2, -1,
				48, 2, 3, -1,
				48, 3, 4, -1,
				48, 4, 5, -1,
				48, 5, 6, -1,
				48, 6, 7, -1,
				48, 7, 8, -1,
				48, 8, 9, -1,
				48, 9, 10, -1,
				48, 10, 11, -1,
				48, 11, 12, -1,
				48, 12, 13, -1,
				48, 13, 14, -1,
				48, 14, 15, -1,
				48, 15, 16, -1,
				48, 16, 17, -1,
				48, 17, 18, -1,
				48, 18, 19, -1,
				48, 19, 20, -1,
				48, 20, 21, -1,
				48, 21, 22, -1,
				48, 22, 23, -1,
				48, 23, 0, -1,
				24, 49, 25, -1,
				25, 49, 26, -1,
				26, 49, 27, -1,
				27, 49, 28, -1,
				28, 49, 29, -1,
				29, 49, 30, -1,
				30, 49, 31, -1,
				31, 49, 32, -1,
				32, 49, 33, -1,
				33, 49, 34, -1,
				34, 49, 35, -1,
				35, 49, 36, -1,
				36, 49, 37, -1,
				37, 49, 38, -1,
				38, 49, 39, -1,
				39, 49, 40, -1,
				40, 49, 41, -1,
				41, 49, 42, -1,
				42, 49, 43, -1,
				43, 49, 44, -1,
				44, 49, 45, -1,
				45, 49, 46, -1,
				46, 49, 47, -1,
				47, 49, 24, -1,
			]
			solid FALSE
		}
	}
#---------- SOLID: Pixel_Z301.301
	Shape {
		appearance Appearance {
			material Material {
				diffuseColor 0 0 1
				transparency 0.7
			}
		}
		geometry IndexedFaceSet {
			coord Coordinate {
				point [
					99.6 -1.425 -1974,
					99.6 -1.425 -1971.4,
					99.6 1.175 -1971.4,
					99.6 1.175 -1974,
					99.4 -1.425 -1974,
					99.4 -1.425 -1971.4,
					99.4 1.175 -1971.4,
					99.4 1.175 -1974,
				]
			}
			coordIndex [
				0, 3, 2, 1, -1,
				4, 7, 3, 0, -1,
				7, 6, 2, 3, -1,
				6, 5, 1, 2, -1,
				5, 4, 0, 1, -1,
				4, 5, 6, 7, -1,
			]
			solid FALSE
		}
	}
#---------- POLYLINE
Shape {
	appearance Appearance {
		material Material {
			diffuseColor 0 0 1
			emissiveColor 0 0 1
		}
	}
	geometry IndexedLineSet {
		coord Coordinate {
			point [
				-253.6 -167.62 -550,
				-245.296 -146.501 -587.26,
				-223.47 -90.9914 -685.189,
				-191.854 -10.5999 -827.027,
				-180.038 19.4309 -880,
				-176.644 28.0595 -895.22,
				-176.059 29.5298 -897.821,
				-175.515 30.899 -900.237,
				-175.109 31.9183 -902.028,
				-166.568 53.6511 -940,
				-160.405 68.6061 -968,
				-159.525 70.7425 -972,
				-158.903 72.2682 -974.863,
				-157.864 74.8176 -979.647,
				-157.787 75.0057 -980,
				-149.102 96.3242 -1020,
				-147.365 100.588 -1028,
				-146.496 102.72 -1032,
				-145.834 104.356 -1035.08,
				-133.492 134.872 -1092.45,
				-130.949 141.161 -1104.28,
				-125.814 153.854 -1128.15,
				-120.02 168.177 -1155.08,
				-113.182 185.079 -1186.87,
				-68.1415 296.432 -1396.28,
				-37.5913 372.029 -1538.41,
				-29.8205 391.262 -1574.57,
				-26.2088 400.201 -1591.38,
				-20.665 413.923 -1617.17,
				-17.4779 421.812 -1632,
				-5.14062 452.356 -1689.42,
				-0.891359 462.88 -1709.2,
				-0.0303742 465.012 -1713.2,
				29.4658 538.046 -1850.48,
				59.7322 613.006 -1991.42,
				78.1232 658.546 -2077.06,
				90.8494 690.022 -2136.26,
				94.6586 699.441 -2153.98,
				95.1549 700.668 -2156.29,
				112.172 742.732 -2235.4,
				162.943 868.215 -2471.4,
				189.205 933.125 -2593.46,
				208.905 981.847 -2685.07,
				232.113 1039.19 -2792.92,
				277.733 1151.9 -3004.81,
				337.75 1300.09 -3283.41,
				377.675 1398.67 -3468.8,
				428.105 1523.15 -3702.87,
				447.256 1570.44 -3791.82,
				455.634 1591.13 -3830.73,
				472.121 1631.83 -3907.29,
				484.826 1663.19 -3966.32,
				486.918 1668.36 -3976.04,
				532.771 1781.66 -4189.15,
				543.184 1807.39 -4237.56,
				570.4 1874.63 -4364.06,
				600.903 1949.99 -4505.84,
				623.455 2005.7 -4610.64,
				643.221 2054.54 -4702.51,
				681.254 2148.55 -4879.37,
				689.321 2168.48 -4916.86,
				707.212 2212.67 -5000,
			]
		}
		coordIndex [
			0, 1, 2, 3, 4, 5, 6, 7, 8, 9, 
			10, 11, 12, 13, 14, 15, 16, 17, 18, 19, 
			20, 21, 22, 23, 24, 25, 26, 27, 28, 29, 
			30, 31, 32, 33, 34, 35, 36, 37, 38, 39, 
			40, 41, 42, 43, 44, 45, 46, 47, 48, 49, 
			50, 51, 52, 53, 54, 55, 56, 57, 58, 59, 
			60, 61, -1
		]
	}
}
#---------- POLYLINE
Shape {
	appearance Appearance {
		material Material {
			diffuseColor 1 0 0
			emissiveColor 1 0 0
		}
	}
	geometry IndexedLineSet {
		coord Coordinate {
			point [
				689.321 2168.48 -4916.86,
				689.308 2168.5 -4916.85,
			]
		}
		coordIndex [
			0, 1, -1
		]
	}
}
#---------- POLYLINE
Shape {
	appearance Appearance {
		material Material {
			diffuseColor 1 0 0
			emissiveColor 1 0 0
		}
	}
	geometry IndexedLineSet {
		coord Coordinate {
			point [
				681.254 2148.55 -4879.37,
				681.278 2148.49 -4879.39,
			]
		}
		coordIndex [
			0, 1, -1
		]
	}
}
#---------- POLYLINE
Shape {
	appearance Appearance {
		material Material {
			diffuseColor 1 0 0
			emissiveColor 1 0 0
		}
	}
	geometry IndexedLineSet {
		coord Coordinate {
			point [
				643.221 2054.54 -4702.51,
				643.191 2054.53 -4702.53,
			]
		}
		coordIndex [
			0, 1, -1
		]
	}
}
#---------- POLYLINE
Shape {
	appearance Appearance {
		material Material {
			diffuseColor 1 0 0
			emissiveColor 1 0 0
		}
	}
	geometry IndexedLineSet {
		coord Coordinate {
			point [
				623.455 2005.7 -4610.64,
				623.478 2005.72 -4610.62,
			]
		}
		coordIndex [
			0, 1, -1
		]
	}
}
#---------- POLYLINE
Shape {
	appearance Appearance {
		material Material {
			diffuseColor 1 0 0
			emissiveColor 1 0 0
		}
	}
	geometry IndexedLineSet {
		coord Coordinate {
			point [
				600.903 1949.99 -4505.84,
				600.669 1950.02 -4505.89,
			]
		}
		coordIndex [
			0, 1, -1
		]
	}
}
#---------- POLYLINE
Shape {
	appearance Appearance {
		material Material {
			diffuseColor 1 0 0
			emissiveColor 1 0 0
		}
	}
	geometry IndexedLineSet {
		coord Coordinate {
			point [
				570.4 1874.63 -4364.06,
				570.392 1874.61 -4364.07,
				570.378 1874.56 -4364.13,
			]
		}
		coordIndex [
			0, 1, 2, -1
		]
	}
}
#---------- POLYLINE
Shape {
	appearance Appearance {
		material Material {
			diffuseColor 1 0 0
			emissiveColor 1 0 0
		}
	}
	geometry IndexedLineSet {
		coord Coordinate {
			point [
				543.184 1807.39 -4237.56,
				543.187 1807.42 -4237.54,
			]
		}
		coordIndex [
			0, 1, -1
		]
	}
}
#---------- POLYLINE
Shape {
	appearance Appearance {
		material Material {
			diffuseColor 1 0 0
			emissiveColor 1 0 0
		}
	}
	geometry IndexedLineSet {
		coord Coordinate {
			point [
				532.771 1781.66 -4189.15,
				532.801 1781.58 -4189.19,
			]
		}
		coordIndex [
			0, 1, -1
		]
	}
}
#---------- POLYLINE
Shape {
	appearance Appearance {
		material Material {
			diffuseColor 1 0 0
			emissiveColor 1 0 0
		}
	}
	geometry IndexedLineSet {
		coord Coordinate {
			point [
				486.918 1668.36 -3976.04,
				486.891 1668.28 -3976.09,
			]
		}
		coordIndex [
			0, 1, -1
		]
	}
}
#---------- POLYLINE
Shape {
	appearance Appearance {
		material Material {
			diffuseColor 1 0 0
			emissiveColor 1 0 0
		}
	}
	geometry IndexedLineSet {
		coord Coordinate {
			point [
				484.826 1663.19 -3966.32,
				484.84 1663.16 -3966.33,
			]
		}
		coordIndex [
			0, 1, -1
		]
	}
}
#---------- POLYLINE
Shape {
	appearance Appearance {
		material Material {
			diffuseColor 1 0 0
			emissiveColor 1 0 0
		}
	}
	geometry IndexedLineSet {
		coord Coordinate {
			point [
				472.121 1631.83 -3907.29,
				472.141 1631.83 -3907.29,
			]
		}
		coordIndex [
			0, 1, -1
		]
	}
}
#---------- POLYLINE
Shape {
	appearance Appearance {
		material Material {
			diffuseColor 1 0 0
			emissiveColor 1 0 0
		}
	}
	geometry IndexedLineSet {
		coord Coordinate {
			point [
				455.634 1591.13 -3830.73,
				455.65 1591.14 -3830.72,
			]
		}
		coordIndex [
			0, 1, -1
		]
	}
}
#---------- POLYLINE
Shape {
	appearance Appearance {
		material Material {
			diffuseColor 1 0 0
			emissiveColor 1 0 0
		}
	}
	geometry IndexedLineSet {
		coord Coordinate {
			point [
				447.256 1570.44 -3791.82,
				447.252 1570.49 -3791.8,
			]
		}
		coordIndex [
			0, 1, -1
		]
	}
}
#---------- POLYLINE
Shape {
	appearance Appearance {
		material Material {
			diffuseColor 1 0 0
			emissiveColor 1 0 0
		}
	}
	geometry IndexedLineSet {
		coord Coordinate {
			point [
				428.105 1523.15 -3702.87,
				428.575 1523.47 -3702.65,
				428.536 1523.45 -3702.65,
			]
		}
		coordIndex [
			0, 1, 2, -1
		]
	}
}
#---------- POLYLINE
Shape {
	appearance Appearance {
		material Material {
			diffuseColor 1 0 0
			emissiveColor 1 0 0
		}
	}
	geometry IndexedLineSet {
		coord Coordinate {
			point [
				377.675 1398.67 -3468.8,
				377.491 1398.4 -3469.02,
			]
		}
		coordIndex [
			0, 1, -1
		]
	}
}
#---------- POLYLINE
Shape {
	appearance Appearance {
		material Material {
			diffuseColor 1 0 0
			emissiveColor 1 0 0
		}
	}
	geometry IndexedLineSet {
		coord Coordinate {
			point [
				337.75 1300.09 -3283.41,
				337.747 1299.98 -3283.47,
			]
		}
		coordIndex [
			0, 1, -1
		]
	}
}
#---------- POLYLINE
Shape {
	appearance Appearance {
		material Material {
			diffuseColor 1 0 0
			emissiveColor 1 0 0
		}
	}
	geometry IndexedLineSet {
		coord Coordinate {
			point [
				277.733 1151.9 -3004.81,
				277.582 1151.99 -3004.81,
			]
		}
		coordIndex [
			0, 1, -1
		]
	}
}
#---------- POLYLINE
Shape {
	appearance Appearance {
		material Material {
			diffuseColor 1 0 0
			emissiveColor 1 0 0
		}
	}
	geometry IndexedLineSet {
		coord Coordinate {
			point [
				232.113 1039.19 -2792.92,
				232.136 1039.22 -2792.9,
			]
		}
		coordIndex [
			0, 1, -1
		]
	}
}
#---------- POLYLINE
Shape {
	appearance Appearance {
		material Material {
			diffuseColor 1 0 0
			emissiveColor 1 0 0
		}
	}
	geometry IndexedLineSet {
		coord Coordinate {
			point [
				208.905 981.847 -2685.07,
				208.845 981.861 -2685.08,
			]
		}
		coordIndex [
			0, 1, -1
		]
	}
}
#---------- POLYLINE
Shape {
	appearance Appearance {
		material Material {
			diffuseColor 1 0 0
			emissiveColor 1 0 0
		}
	}
	geometry IndexedLineSet {
		coord Coordinate {
			point [
				189.205 933.125 -2593.46,
				189.172 933.139 -2593.46,
			]
		}
		coordIndex [
			0, 1, -1
		]
	}
}
#---------- POLYLINE
Shape {
	appearance Appearance {
		material Material {
			diffuseColor 1 0 0
			emissiveColor 1 0 0
		}
	}
	geometry IndexedLineSet {
		coord Coordinate {
			point [
				162.943 868.215 -2471.4,
				162.995 868.207 -2471.4,
			]
		}
		coordIndex [
			0, 1, -1
		]
	}
}
#---------- POLYLINE
Shape {
	appearance Appearance {
		material Material {
			diffuseColor 1 0 0
			emissiveColor 1 0 0
		}
	}
	geometry IndexedLineSet {
		coord Coordinate {
			point [
				112.172 742.732 -2235.4,
				112.184 742.699 -2235.42,
			]
		}
		coordIndex [
			0, 1, -1
		]
	}
}
#---------- POLYLINE
Shape {
	appearance Appearance {
		material Material {
			diffuseColor 1 0 0
			emissiveColor 1 0 0
		}
	}
	geometry IndexedLineSet {
		coord Coordinate {
			point [
				95.1549 700.668 -2156.29,
				95.1167 700.638 -2156.31,
			]
		}
		coordIndex [
			0, 1, -1
		]
	}
}
#---------- POLYLINE
Shape {
	appearance Appearance {
		material Material {
			diffuseColor 1 0 0
			emissiveColor 1 0 0
		}
	}
	geometry IndexedLineSet {
		coord Coordinate {
			point [
				94.6586 699.441 -2153.98,
				94.6538 699.462 -2153.97,
			]
		}
		coordIndex [
			0, 1, -1
		]
	}
}
#---------- POLYLINE
Shape {
	appearance Appearance {
		material Material {
			diffuseColor 1 0 0
			emissiveColor 1 0 0
		}
	}
	geometry IndexedLineSet {
		coord Coordinate {
			point [
				90.8494 690.022 -2136.26,
				90.8181 689.989 -2136.29,
			]
		}
		coordIndex [
			0, 1, -1
		]
	}
}
#---------- POLYLINE
Shape {
	appearance Appearance {
		material Material {
			diffuseColor 1 0 0
			emissiveColor 1 0 0
		}
	}
	geometry IndexedLineSet {
		coord Coordinate {
			point [
				78.1232 658.546 -2077.06,
				78.1475 658.701 -2076.98,
			]
		}
		coordIndex [
			0, 1, -1
		]
	}
}
#---------- POLYLINE
Shape {
	appearance Appearance {
		material Material {
			diffuseColor 1 0 0
			emissiveColor 1 0 0
		}
	}
	geometry IndexedLineSet {
		coord Coordinate {
			point [
				59.7322 613.006 -1991.42,
				59.812 613.208 -1991.31,
			]
		}
		coordIndex [
			0, 1, -1
		]
	}
}
#---------- POLYLINE
Shape {
	appearance Appearance {
		material Material {
			diffuseColor 1 0 0
			emissiveColor 1 0 0
		}
	}
	geometry IndexedLineSet {
		coord Coordinate {
			point [
				29.4658 538.046 -1850.48,
				29.5022 538.059 -1850.47,
			]
		}
		coordIndex [
			0, 1, -1
		]
	}
}
#---------- POLYLINE
Shape {
	appearance Appearance {
		material Material {
			diffuseColor 1 0 0
			emissiveColor 1 0 0
		}
	}
	geometry IndexedLineSet {
		coord Coordinate {
			point [
				-0.0303742 465.012 -1713.2,
				-0.0579547 465.042 -1713.2,
			]
		}
		coordIndex [
			0, 1, -1
		]
	}
}
#---------- POLYLINE
Shape {
	appearance Appearance {
		material Material {
			diffuseColor 1 0 0
			emissiveColor 1 0 0
		}
	}
	geometry IndexedLineSet {
		coord Coordinate {
			point [
				-0.891359 462.88 -1709.2,
				-0.856543 462.862 -1709.2,
			]
		}
		coordIndex [
			0, 1, -1
		]
	}
}
#---------- POLYLINE
Shape {
	appearance Appearance {
		material Material {
			diffuseColor 1 0 0
			emissiveColor 1 0 0
		}
	}
	geometry IndexedLineSet {
		coord Coordinate {
			point [
				-5.14062 452.356 -1689.42,
				-5.12151 452.337 -1689.42,
			]
		}
		coordIndex [
			0, 1, -1
		]
	}
}
#---------- POLYLINE
Shape {
	appearance Appearance {
		material Material {
			diffuseColor 1 0 0
			emissiveColor 1 0 0
		}
	}
	geometry IndexedLineSet {
		coord Coordinate {
			point [
				-17.4779 421.812 -1632,
				-17.4508 421.812 -1632,
			]
		}
		coordIndex [
			0, 1, -1
		]
	}
}
#---------- POLYLINE
Shape {
	appearance Appearance {
		material Material {
			diffuseColor 1 0 0
			emissiveColor 1 0 0
		}
	}
	geometry IndexedLineSet {
		coord Coordinate {
			point [
				-20.665 413.923 -1617.17,
				-20.6617 413.895 -1617.19,
			]
		}
		coordIndex [
			0, 1, -1
		]
	}
}
#---------- POLYLINE
Shape {
	appearance Appearance {
		material Material {
			diffuseColor 1 0 0
			emissiveColor 1 0 0
		}
	}
	geometry IndexedLineSet {
		coord Coordinate {
			point [
				-26.2088 400.201 -1591.38,
				-26.0715 400.301 -1591.31,
			]
		}
		coordIndex [
			0, 1, -1
		]
	}
}
#---------- POLYLINE
Shape {
	appearance Appearance {
		material Material {
			diffuseColor 1 0 0
			emissiveColor 1 0 0
		}
	}
	geometry IndexedLineSet {
		coord Coordinate {
			point [
				-29.8205 391.262 -1574.57,
				-29.8411 391.266 -1574.57,
			]
		}
		coordIndex [
			0, 1, -1
		]
	}
}
#---------- POLYLINE
Shape {
	appearance Appearance {
		material Material {
			diffuseColor 1 0 0
			emissiveColor 1 0 0
		}
	}
	geometry IndexedLineSet {
		coord Coordinate {
			point [
				-37.5913 372.029 -1538.41,
				-37.5964 372.972 -1538.03,
				-37.5617 372.99 -1538.34,
			]
		}
		coordIndex [
			0, 1, 2, -1
		]
	}
}
#---------- POLYLINE
Shape {
	appearance Appearance {
		material Material {
			diffuseColor 1 0 0
			emissiveColor 1 0 0
		}
	}
	geometry IndexedLineSet {
		coord Coordinate {
			point [
				-68.1415 296.432 -1396.28,
				-68.1248 296.396 -1396.3,
			]
		}
		coordIndex [
			0, 1, -1
		]
	}
}
#---------- POLYLINE
Shape {
	appearance Appearance {
		material Material {
			diffuseColor 1 0 0
			emissiveColor 1 0 0
		}
	}
	geometry IndexedLineSet {
		coord Coordinate {
			point [
				-113.182 185.079 -1186.87,
				-113.143 185.081 -1186.86,
			]
		}
		coordIndex [
			0, 1, -1
		]
	}
}
#---------- POLYLINE
Shape {
	appearance Appearance {
		material Material {
			diffuseColor 1 0 0
			emissiveColor 1 0 0
		}
	}
	geometry IndexedLineSet {
		coord Coordinate {
			point [
				-120.02 168.177 -1155.08,
				-120.156 168.266 -1155.08,
			]
		}
		coordIndex [
			0, 1, -1
		]
	}
}
#---------- POLYLINE
Shape {
	appearance Appearance {
		material Material {
			diffuseColor 1 0 0
			emissiveColor 1 0 0
		}
	}
	geometry IndexedLineSet {
		coord Coordinate {
			point [
				-125.814 153.854 -1128.15,
				-125.859 153.851 -1128.16,
			]
		}
		coordIndex [
			0, 1, -1
		]
	}
}
#---------- POLYLINE
Shape {
	appearance Appearance {
		material Material {
			diffuseColor 1 0 0
			emissiveColor 1 0 0
		}
	}
	geometry IndexedLineSet {
		coord Coordinate {
			point [
				-130.949 141.161 -1104.28,
				-130.914 141.135 -1104.29,
			]
		}
		coordIndex [
			0, 1, -1
		]
	}
}
#---------- POLYLINE
Shape {
	appearance Appearance {
		material Material {
			diffuseColor 1 0 0
			emissiveColor 1 0 0
		}
	}
	geometry IndexedLineSet {
		coord Coordinate {
			point [
				-133.492 134.872 -1092.45,
				-133.695 134.893 -1092.5,
			]
		}
		coordIndex [
			0, 1, -1
		]
	}
}
#---------- POLYLINE
Shape {
	appearance Appearance {
		material Material {
			diffuseColor 1 0 0
			emissiveColor 1 0 0
		}
	}
	geometry IndexedLineSet {
		coord Coordinate {
			point [
				-145.834 104.356 -1035.08,
				-145.754 104.496 -1035,
			]
		}
		coordIndex [
			0, 1, -1
		]
	}
}
#---------- POLYLINE
Shape {
	appearance Appearance {
		material Material {
			diffuseColor 1 0 0
			emissiveColor 1 0 0
		}
	}
	geometry IndexedLineSet {
		coord Coordinate {
			point [
				-157.864 74.8176 -979.647,
				-157.834 74.8063 -979.648,
			]
		}
		coordIndex [
			0, 1, -1
		]
	}
}
#---------- POLYLINE
Shape {
	appearance Appearance {
		material Material {
			diffuseColor 1 0 0
			emissiveColor 1 0 0
		}
	}
	geometry IndexedLineSet {
		coord Coordinate {
			point [
				-158.903 72.2682 -974.863,
				-158.876 72.2693 -974.858,
			]
		}
		coordIndex [
			0, 1, -1
		]
	}
}
#---------- POLYLINE
Shape {
	appearance Appearance {
		material Material {
			diffuseColor 1 0 0
			emissiveColor 1 0 0
		}
	}
	geometry IndexedLineSet {
		coord Coordinate {
			point [
				-175.109 31.9183 -902.028,
				-175.111 32.007 -902.063,
				-175.11 32.0056 -902.061,
			]
		}
		coordIndex [
			0, 1, 2, -1
		]
	}
}
#---------- POLYLINE
Shape {
	appearance Appearance {
		material Material {
			diffuseColor 1 0 0
			emissiveColor 1 0 0
		}
	}
	geometry IndexedLineSet {
		coord Coordinate {
			point [
				-175.515 30.899 -900.237,
				-175.329 31.0477 -900.406,
				-175.337 31.0912 -900.398,
			]
		}
		coordIndex [
			0, 1, 2, -1
		]
	}
}
#---------- POLYLINE
Shape {
	appearance Appearance {
		material Material {
			diffuseColor 0 1 0
			emissiveColor 0 1 0
		}
	}
	geometry IndexedLineSet {
		coord Coordinate {
			point [
				-175.329 31.0477 -900.406,
				-177.303 34.0009 -897.852,
				-177.055 37.1086 -891.476,
				-176.351 37.3547 -890.463,
			]
		}
		coordIndex [
			0, 1, 2, 3, -1
		]
	}
}
#---------- POLYLINE
Shape {
	appearance Appearance {
		material Material {
			diffuseColor 1 0 0
			emissiveColor 1 0 0
		}
	}
	geometry IndexedLineSet {
		coord Coordinate {
			point [
				-176.351 37.3547 -890.463,
				-176.351 37.3547 -890.463,
			]
		}
		coordIndex [
			0, 1, -1
		]
	}
}
#---------- POLYLINE
Shape {
	appearance Appearance {
		material Material {
			diffuseColor 1 0 0
			emissiveColor 1 0 0
		}
	}
	geometry IndexedLineSet {
		coord Coordinate {
			point [
				-176.351 37.3547 -890.463,
				-176.351 37.3547 -890.463,
			]
		}
		coordIndex [
			0, 1, -1
		]
	}
}
#---------- POLYLINE
Shape {
	appearance Appearance {
		material Material {
			diffuseColor 1 0 0
			emissiveColor 1 0 0
		}
	}
	geometry IndexedLineSet {
		coord Coordinate {
			point [
				-176.351 37.3547 -890.463,
				-176.351 37.3547 -890.463,
			]
		}
		coordIndex [
			0, 1, -1
		]
	}
}
#---------- POLYLINE
Shape {
	appearance Appearance {
		material Material {
			diffuseColor 1 0 0
			emissiveColor 1 0 0
		}
	}
	geometry IndexedLineSet {
		coord Coordinate {
			point [
				-176.351 37.3547 -890.463,
				-176.351 37.3547 -890.463,
			]
		}
		coordIndex [
			0, 1, -1
		]
	}
}
#---------- POLYLINE
Shape {
	appearance Appearance {
		material Material {
			diffuseColor 1 0 0
			emissiveColor 1 0 0
		}
	}
	geometry IndexedLineSet {
		coord Coordinate {
			point [
				-176.351 37.3547 -890.463,
				-176.351 37.3547 -890.463,
			]
		}
		coordIndex [
			0, 1, -1
		]
	}
}
#---------- POLYLINE
Shape {
	appearance Appearance {
		material Material {
			diffuseColor 1 0 0
			emissiveColor 1 0 0
		}
	}
	geometry IndexedLineSet {
		coord Coordinate {
			point [
				-176.351 37.3547 -890.463,
				-176.351 37.3547 -890.463,
			]
		}
		coordIndex [
			0, 1, -1
		]
	}
}
#---------- POLYLINE
Shape {
	appearance Appearance {
		material Material {
			diffuseColor 1 0 0
			emissiveColor 1 0 0
		}
	}
	geometry IndexedLineSet {
		coord Coordinate {
			point [
				-176.351 37.3547 -890.463,
				-176.351 37.3547 -890.463,
			]
		}
		coordIndex [
			0, 1, -1
		]
	}
}
#---------- POLYLINE
Shape {
	appearance Appearance {
		material Material {
			diffuseColor 1 0 0
			emissiveColor 1 0 0
		}
	}
	geometry IndexedLineSet {
		coord Coordinate {
			point [
				-176.351 37.3547 -890.463,
				-176.351 37.3547 -890.463,
			]
		}
		coordIndex [
			0, 1, -1
		]
	}
}
#---------- POLYLINE
Shape {
	appearance Appearance {
		material Material {
			diffuseColor 1 0 0
			emissiveColor 1 0 0
		}
	}
	geometry IndexedLineSet {
		coord Coordinate {
			point [
				-176.351 37.3547 -890.463,
				-176.351 37.3547 -890.463,
			]
		}
		coordIndex [
			0, 1, -1
		]
	}
}
#---------- POLYLINE
Shape {
	appearance Appearance {
		material Material {
			diffuseColor 1 0 0
			emissiveColor 1 0 0
		}
	}
	geometry IndexedLineSet {
		coord Coordinate {
			point [
				-176.351 37.3547 -890.463,
				-176.351 37.3547 -890.463,
			]
		}
		coordIndex [
			0, 1, -1
		]
	}
}
#---------- POLYLINE
Shape {
	appearance Appearance {
		material Material {
			diffuseColor 1 0 0
			emissiveColor 1 0 0
		}
	}
	geometry IndexedLineSet {
		coord Coordinate {
			point [
				-176.351 37.3547 -890.463,
				-176.351 37.3547 -890.463,
			]
		}
		coordIndex [
			0, 1, -1
		]
	}
}
#---------- POLYLINE
Shape {
	appearance Appearance {
		material Material {
			diffuseColor 1 0 0
			emissiveColor 1 0 0
		}
	}
	geometry IndexedLineSet {
		coord Coordinate {
			point [
				-176.351 37.3547 -890.463,
				-176.351 37.3547 -890.463,
			]
		}
		coordIndex [
			0, 1, -1
		]
	}
}
#---------- POLYLINE
Shape {
	appearance Appearance {
		material Material {
			diffuseColor 1 0 0
			emissiveColor 1 0 0
		}
	}
	geometry IndexedLineSet {
		coord Coordinate {
			point [
				-176.351 37.3547 -890.463,
				-176.351 37.3547 -890.463,
			]
		}
		coordIndex [
			0, 1, -1
		]
	}
}
#---------- POLYLINE
Shape {
	appearance Appearance {
		material Material {
			diffuseColor 1 0 0
			emissiveColor 1 0 0
		}
	}
	geometry IndexedLineSet {
		coord Coordinate {
			point [
				-176.351 37.3547 -890.463,
				-176.351 37.3547 -890.463,
			]
		}
		coordIndex [
			0, 1, -1
		]
	}
}
#---------- POLYLINE
Shape {
	appearance Appearance {
		material Material {
			diffuseColor 1 0 0
			emissiveColor 1 0 0
		}
	}
	geometry IndexedLineSet {
		coord Coordinate {
			point [
				-176.351 37.3547 -890.463,
				-176.351 37.3547 -890.463,
			]
		}
		coordIndex [
			0, 1, -1
		]
	}
}
#---------- POLYLINE
Shape {
	appearance Appearance {
		material Material {
			diffuseColor 1 0 0
			emissiveColor 1 0 0
		}
	}
	geometry IndexedLineSet {
		coord Coordinate {
			point [
				-176.351 37.3547 -890.463,
				-176.351 37.3547 -890.463,
			]
		}
		coordIndex [
			0, 1, -1
		]
	}
}
#---------- POLYLINE
Shape {
	appearance Appearance {
		material Material {
			diffuseColor 1 0 0
			emissiveColor 1 0 0
		}
	}
	geometry IndexedLineSet {
		coord Coordinate {
			point [
				-176.351 37.3547 -890.463,
				-176.351 37.3547 -890.463,
			]
		}
		coordIndex [
			0, 1, -1
		]
	}
}
#---------- POLYLINE
Shape {
	appearance Appearance {
		material Material {
			diffuseColor 1 0 0
			emissiveColor 1 0 0
		}
	}
	geometry IndexedLineSet {
		coord Coordinate {
			point [
				-176.351 37.3547 -890.463,
				-176.351 37.3547 -890.463,
			]
		}
		coordIndex [
			0, 1, -1
		]
	}
}
#---------- POLYLINE
Shape {
	appearance Appearance {
		material Material {
			diffuseColor 1 0 0
			emissiveColor 1 0 0
		}
	}
	geometry IndexedLineSet {
		coord Coordinate {
			point [
				-176.351 37.3547 -890.463,
				-176.351 37.3547 -890.463,
			]
		}
		coordIndex [
			0, 1, -1
		]
	}
}
#---------- POLYLINE
Shape {
	appearance Appearance {
		material Material {
			diffuseColor 0 1 0
			emissiveColor 0 1 0
		}
	}
	geometry IndexedLineSet {
		coord Coordinate {
			point [
				-176.351 37.3547 -890.463,
				-176.444 37.114 -890.55,
			]
		}
		coordIndex [
			0, 1, -1
		]
	}
}
#---------- POLYLINE
Shape {
	appearance Appearance {
		material Material {
			diffuseColor 1 0 0
			emissiveColor 1 0 0
		}
	}
	geometry IndexedLineSet {
		coord Coordinate {
			point [
				-176.444 37.114 -890.55,
				-176.444 37.114 -890.55,
			]
		}
		coordIndex [
			0, 1, -1
		]
	}
}
#---------- POLYLINE
Shape {
	appearance Appearance {
		material Material {
			diffuseColor 1 0 0
			emissiveColor 1 0 0
		}
	}
	geometry IndexedLineSet {
		coord Coordinate {
			point [
				-176.444 37.114 -890.55,
				-176.444 37.114 -890.55,
			]
		}
		coordIndex [
			0, 1, -1
		]
	}
}
#---------- POLYLINE
Shape {
	appearance Appearance {
		material Material {
			diffuseColor 1 0 0
			emissiveColor 1 0 0
		}
	}
	geometry IndexedLineSet {
		coord Coordinate {
			point [
				-176.444 37.114 -890.55,
				-176.444 37.114 -890.55,
			]
		}
		coordIndex [
			0, 1, -1
		]
	}
}
#---------- POLYLINE
Shape {
	appearance Appearance {
		material Material {
			diffuseColor 1 0 0
			emissiveColor 1 0 0
		}
	}
	geometry IndexedLineSet {
		coord Coordinate {
			point [
				-176.444 37.114 -890.55,
				-176.444 37.114 -890.55,
			]
		}
		coordIndex [
			0, 1, -1
		]
	}
}
#---------- POLYLINE
Shape {
	appearance Appearance {
		material Material {
			diffuseColor 1 0 0
			emissiveColor 1 0 0
		}
	}
	geometry IndexedLineSet {
		coord Coordinate {
			point [
				-176.444 37.114 -890.55,
				-176.444 37.114 -890.55,
			]
		}
		coordIndex [
			0, 1, -1
		]
	}
}
#---------- POLYLINE
Shape {
	appearance Appearance {
		material Material {
			diffuseColor 1 0 0
			emissiveColor 1 0 0
		}
	}
	geometry IndexedLineSet {
		coord Coordinate {
			point [
				-176.444 37.114 -890.55,
				-176.444 37.114 -890.55,
			]
		}
		coordIndex [
			0, 1, -1
		]
	}
}
#---------- POLYLINE
Shape {
	appearance Appearance {
		material Material {
			diffuseColor 1 0 0
			emissiveColor 1 0 0
		}
	}
	geometry IndexedLineSet {
		coord Coordinate {
			point [
				-176.444 37.114 -890.55,
				-176.444 37.114 -890.55,
			]
		}
		coordIndex [
			0, 1, -1
		]
	}
}
#---------- POLYLINE
Shape {
	appearance Appearance {
		material Material {
			diffuseColor 1 0 0
			emissiveColor 1 0 0
		}
	}
	geometry IndexedLineSet {
		coord Coordinate {
			point [
				-176.444 37.114 -890.55,
				-176.444 37.114 -890.55,
			]
		}
		coordIndex [
			0, 1, -1
		]
	}
}
#---------- POLYLINE
Shape {
	appearance Appearance {
		material Material {
			diffuseColor 1 0 0
			emissiveColor 1 0 0
		}
	}
	geometry IndexedLineSet {
		coord Coordinate {
			point [
				-176.444 37.114 -890.55,
				-176.444 37.114 -890.55,
			]
		}
		coordIndex [
			0, 1, -1
		]
	}
}
#---------- POLYLINE
Shape {
	appearance Appearance {
		material Material {
			diffuseColor 1 0 0
			emissiveColor 1 0 0
		}
	}
	geometry IndexedLineSet {
		coord Coordinate {
			point [
				-176.444 37.114 -890.55,
				-176.444 37.114 -890.55,
			]
		}
		coordIndex [
			0, 1, -1
		]
	}
}
#---------- POLYLINE
Shape {
	appearance Appearance {
		material Material {
			diffuseColor 1 0 0
			emissiveColor 1 0 0
		}
	}
	geometry IndexedLineSet {
		coord Coordinate {
			point [
				-176.444 37.114 -890.55,
				-176.444 37.114 -890.55,
			]
		}
		coordIndex [
			0, 1, -1
		]
	}
}
#---------- POLYLINE
Shape {
	appearance Appearance {
		material Material {
			diffuseColor 1 0 0
			emissiveColor 1 0 0
		}
	}
	geometry IndexedLineSet {
		coord Coordinate {
			point [
				-176.444 37.114 -890.55,
				-176.444 37.114 -890.55,
			]
		}
		coordIndex [
			0, 1, -1
		]
	}
}
#---------- POLYLINE
Shape {
	appearance Appearance {
		material Material {
			diffuseColor 1 0 0
			emissiveColor 1 0 0
		}
	}
	geometry IndexedLineSet {
		coord Coordinate {
			point [
				-176.444 37.114 -890.55,
				-176.444 37.114 -890.55,
			]
		}
		coordIndex [
			0, 1, -1
		]
	}
}
#---------- POLYLINE
Shape {
	appearance Appearance {
		material Material {
			diffuseColor 1 0 0
			emissiveColor 1 0 0
		}
	}
	geometry IndexedLineSet {
		coord Coordinate {
			point [
				-176.444 37.114 -890.55,
				-176.444 37.114 -890.55,
			]
		}
		coordIndex [
			0, 1, -1
		]
	}
}
#---------- POLYLINE
Shape {
	appearance Appearance {
		material Material {
			diffuseColor 1 0 0
			emissiveColor 1 0 0
		}
	}
	geometry IndexedLineSet {
		coord Coordinate {
			point [
				-176.444 37.114 -890.55,
				-176.444 37.114 -890.55,
			]
		}
		coordIndex [
			0, 1, -1
		]
	}
}
#---------- POLYLINE
Shape {
	appearance Appearance {
		material Material {
			diffuseColor 1 0 0
			emissiveColor 1 0 0
		}
	}
	geometry IndexedLineSet {
		coord Coordinate {
			point [
				-176.444 37.114 -890.55,
				-176.444 37.114 -890.55,
			]
		}
		coordIndex [
			0, 1, -1
		]
	}
}
#---------- POLYLINE
Shape {
	appearance Appearance {
		material Material {
			diffuseColor 1 0 0
			emissiveColor 1 0 0
		}
	}
	geometry IndexedLineSet {
		coord Coordinate {
			point [
				-176.444 37.114 -890.55,
				-176.445 37.1136 -890.55,
			]
		}
		coordIndex [
			0, 1, -1
		]
	}
}
#---------- POLYLINE
Shape {
	appearance Appearance {
		material Material {
			diffuseColor 1 0 0
			emissiveColor 1 0 0
		}
	}
	geometry IndexedLineSet {
		coord Coordinate {
			point [
				-176.351 37.3547 -890.463,
				-176.35 37.3586 -890.459,
			]
		}
		coordIndex [
			0, 1, -1
		]
	}
}
#---------- POLYLINE
Shape {
	appearance Appearance {
		material Material {
			diffuseColor 1 0 0
			emissiveColor 1 0 0
		}
	}
	geometry IndexedLineSet {
		coord Coordinate {
			point [
				-177.055 37.1086 -891.476,
				-177.056 37.1087 -891.476,
			]
		}
		coordIndex [
			0, 1, -1
		]
	}
}
#---------- POLYLINE
Shape {
	appearance Appearance {
		material Material {
			diffuseColor 1 0 0
			emissiveColor 1 0 0
		}
	}
	geometry IndexedLineSet {
		coord Coordinate {
			point [
				-177.303 34.0009 -897.852,
				-177.303 34.0012 -897.852,
			]
		}
		coordIndex [
			0, 1, -1
		]
	}
}
#---------- POLYLINE
Shape {
	appearance Appearance {
		material Material {
			diffuseColor 1 0 0
			emissiveColor 1 0 0
		}
	}
	geometry IndexedLineSet {
		coord Coordinate {
			point [
				-176.059 29.5298 -897.821,
				-175.998 29.6049 -897.858,
				-175.999 29.6037 -897.859,
			]
		}
		coordIndex [
			0, 1, 2, -1
		]
	}
}
#---------- POLYLINE
Shape {
	appearance Appearance {
		material Material {
			diffuseColor 1 0 0
			emissiveColor 1 0 0
		}
	}
	geometry IndexedLineSet {
		coord Coordinate {
			point [
				-176.644 28.0595 -895.22,
				-176.79 28.3501 -895.818,
				-176.98 28.3371 -895.821,
				-177.028 28.3251 -895.856,
			]
		}
		coordIndex [
			0, 1, 2, 3, -1
		]
	}
}
#---------- POLYLINE
Shape {
	appearance Appearance {
		material Material {
			diffuseColor 0 1 0
			emissiveColor 0 1 0
		}
	}
	geometry IndexedLineSet {
		coord Coordinate {
			point [
				-176.98 28.3371 -895.821,
				-177.252 28.1321 -896.022,
			]
		}
		coordIndex [
			0, 1, -1
		]
	}
}
#---------- POLYLINE
Shape {
	appearance Appearance {
		material Material {
			diffuseColor 1 0 0
			emissiveColor 1 0 0
		}
	}
	geometry IndexedLineSet {
		coord Coordinate {
			point [
				-177.252 28.1321 -896.022,
				-177.252 28.1321 -896.022,
			]
		}
		coordIndex [
			0, 1, -1
		]
	}
}
#---------- POLYLINE
Shape {
	appearance Appearance {
		material Material {
			diffuseColor 1 0 0
			emissiveColor 1 0 0
		}
	}
	geometry IndexedLineSet {
		coord Coordinate {
			point [
				-177.252 28.1321 -896.022,
				-177.252 28.1321 -896.022,
			]
		}
		coordIndex [
			0, 1, -1
		]
	}
}
#---------- POLYLINE
Shape {
	appearance Appearance {
		material Material {
			diffuseColor 1 0 0
			emissiveColor 1 0 0
		}
	}
	geometry IndexedLineSet {
		coord Coordinate {
			point [
				-177.252 28.1321 -896.022,
				-177.252 28.1321 -896.022,
			]
		}
		coordIndex [
			0, 1, -1
		]
	}
}
#---------- POLYLINE
Shape {
	appearance Appearance {
		material Material {
			diffuseColor 1 0 0
			emissiveColor 1 0 0
		}
	}
	geometry IndexedLineSet {
		coord Coordinate {
			point [
				-177.252 28.1321 -896.022,
				-177.252 28.1321 -896.022,
			]
		}
		coordIndex [
			0, 1, -1
		]
	}
}
#---------- POLYLINE
Shape {
	appearance Appearance {
		material Material {
			diffuseColor 1 0 0
			emissiveColor 1 0 0
		}
	}
	geometry IndexedLineSet {
		coord Coordinate {
			point [
				-177.252 28.1321 -896.022,
				-177.252 28.1321 -896.022,
			]
		}
		coordIndex [
			0, 1, -1
		]
	}
}
#---------- POLYLINE
Shape {
	appearance Appearance {
		material Material {
			diffuseColor 0 1 0
			emissiveColor 0 1 0
		}
	}
	geometry IndexedLineSet {
		coord Coordinate {
			point [
				-177.252 28.1321 -896.022,
				-177.253 28.1338 -896.02,
			]
		}
		coordIndex [
			0, 1, -1
		]
	}
}
#---------- POLYLINE
Shape {
	appearance Appearance {
		material Material {
			diffuseColor 1 0 0
			emissiveColor 1 0 0
		}
	}
	geometry IndexedLineSet {
		coord Coordinate {
			point [
				-177.253 28.1338 -896.02,
				-177.253 28.1338 -896.02,
			]
		}
		coordIndex [
			0, 1, -1
		]
	}
}
#---------- POLYLINE
Shape {
	appearance Appearance {
		material Material {
			diffuseColor 1 0 0
			emissiveColor 1 0 0
		}
	}
	geometry IndexedLineSet {
		coord Coordinate {
			point [
				-177.253 28.1338 -896.02,
				-177.253 28.1338 -896.02,
			]
		}
		coordIndex [
			0, 1, -1
		]
	}
}
#---------- POLYLINE
Shape {
	appearance Appearance {
		material Material {
			diffuseColor 1 0 0
			emissiveColor 1 0 0
		}
	}
	geometry IndexedLineSet {
		coord Coordinate {
			point [
				-177.253 28.1338 -896.02,
				-177.253 28.1338 -896.02,
			]
		}
		coordIndex [
			0, 1, -1
		]
	}
}
#---------- POLYLINE
Shape {
	appearance Appearance {
		material Material {
			diffuseColor 1 0 0
			emissiveColor 1 0 0
		}
	}
	geometry IndexedLineSet {
		coord Coordinate {
			point [
				-177.253 28.1338 -896.02,
				-177.253 28.1338 -896.02,
			]
		}
		coordIndex [
			0, 1, -1
		]
	}
}
#---------- POLYLINE
Shape {
	appearance Appearance {
		material Material {
			diffuseColor 1 0 0
			emissiveColor 1 0 0
		}
	}
	geometry IndexedLineSet {
		coord Coordinate {
			point [
				-177.253 28.1338 -896.02,
				-177.253 28.1338 -896.02,
			]
		}
		coordIndex [
			0, 1, -1
		]
	}
}
#---------- POLYLINE
Shape {
	appearance Appearance {
		material Material {
			diffuseColor 1 0 0
			emissiveColor 1 0 0
		}
	}
	geometry IndexedLineSet {
		coord Coordinate {
			point [
				-177.253 28.1338 -896.02,
				-177.253 28.1338 -896.02,
			]
		}
		coordIndex [
			0, 1, -1
		]
	}
}
#---------- POLYLINE
Shape {
	appearance Appearance {
		material Material {
			diffuseColor 1 0 0
			emissiveColor 1 0 0
		}
	}
	geometry IndexedLineSet {
		coord Coordinate {
			point [
				-177.253 28.1338 -896.02,
				-177.253 28.1338 -896.02,
			]
		}
		coordIndex [
			0, 1, -1
		]
	}
}
#---------- POLYLINE
Shape {
	appearance Appearance {
		material Material {
			diffuseColor 1 0 0
			emissiveColor 1 0 0
		}
	}
	geometry IndexedLineSet {
		coord Coordinate {
			point [
				-177.253 28.1338 -896.02,
				-177.253 28.1338 -896.02,
			]
		}
		coordIndex [
			0, 1, -1
		]
	}
}
#---------- POLYLINE
Shape {
	appearance Appearance {
		material Material {
			diffuseColor 1 0 0
			emissiveColor 1 0 0
		}
	}
	geometry IndexedLineSet {
		coord Coordinate {
			point [
				-177.253 28.1338 -896.02,
				-177.253 28.1338 -896.02,
			]
		}
		coordIndex [
			0, 1, -1
		]
	}
}
#---------- POLYLINE
Shape {
	appearance Appearance {
		material Material {
			diffuseColor 1 0 0
			emissiveColor 1 0 0
		}
	}
	geometry IndexedLineSet {
		coord Coordinate {
			point [
				-177.253 28.1338 -896.02,
				-177.253 28.1338 -896.02,
			]
		}
		coordIndex [
			0, 1, -1
		]
	}
}
#---------- POLYLINE
Shape {
	appearance Appearance {
		material Material {
			diffuseColor 1 0 0
			emissiveColor 1 0 0
		}
	}
	geometry IndexedLineSet {
		coord Coordinate {
			point [
				-177.253 28.1338 -896.02,
				-177.253 28.1338 -896.02,
			]
		}
		coordIndex [
			0, 1, -1
		]
	}
}
#---------- POLYLINE
Shape {
	appearance Appearance {
		material Material {
			diffuseColor 1 0 0
			emissiveColor 1 0 0
		}
	}
	geometry IndexedLineSet {
		coord Coordinate {
			point [
				-177.253 28.1338 -896.02,
				-177.253 28.1338 -896.02,
			]
		}
		coordIndex [
			0, 1, -1
		]
	}
}
#---------- POLYLINE
Shape {
	appearance Appearance {
		material Material {
			diffuseColor 1 0 0
			emissiveColor 1 0 0
		}
	}
	geometry IndexedLineSet {
		coord Coordinate {
			point [
				-177.253 28.1338 -896.02,
				-177.253 28.1338 -896.02,
			]
		}
		coordIndex [
			0, 1, -1
		]
	}
}
#---------- POLYLINE
Shape {
	appearance Appearance {
		material Material {
			diffuseColor 1 0 0
			emissiveColor 1 0 0
		}
	}
	geometry IndexedLineSet {
		coord Coordinate {
			point [
				-177.253 28.1338 -896.02,
				-177.253 28.1339 -896.02,
			]
		}
		coordIndex [
			0, 1, -1
		]
	}
}
#---------- POLYLINE
Shape {
	appearance Appearance {
		material Material {
			diffuseColor 0 1 0
			emissiveColor 0 1 0
		}
	}
	geometry IndexedLineSet {
		coord Coordinate {
			point [
				-177.252 28.1321 -896.022,
				-176.95 27.9582 -896.102,
			]
		}
		coordIndex [
			0, 1, -1
		]
	}
}
#---------- POLYLINE
Shape {
	appearance Appearance {
		material Material {
			diffuseColor 1 0 0
			emissiveColor 1 0 0
		}
	}
	geometry IndexedLineSet {
		coord Coordinate {
			point [
				-176.95 27.9582 -896.102,
				-176.95 27.9582 -896.102,
			]
		}
		coordIndex [
			0, 1, -1
		]
	}
}
#---------- POLYLINE
Shape {
	appearance Appearance {
		material Material {
			diffuseColor 1 0 0
			emissiveColor 1 0 0
		}
	}
	geometry IndexedLineSet {
		coord Coordinate {
			point [
				-176.95 27.9582 -896.102,
				-176.95 27.9582 -896.102,
			]
		}
		coordIndex [
			0, 1, -1
		]
	}
}
#---------- POLYLINE
Shape {
	appearance Appearance {
		material Material {
			diffuseColor 1 0 0
			emissiveColor 1 0 0
		}
	}
	geometry IndexedLineSet {
		coord Coordinate {
			point [
				-176.95 27.9582 -896.102,
				-176.95 27.9582 -896.102,
			]
		}
		coordIndex [
			0, 1, -1
		]
	}
}
#---------- POLYLINE
Shape {
	appearance Appearance {
		material Material {
			diffuseColor 1 0 0
			emissiveColor 1 0 0
		}
	}
	geometry IndexedLineSet {
		coord Coordinate {
			point [
				-176.95 27.9582 -896.102,
				-176.95 27.9582 -896.102,
			]
		}
		coordIndex [
			0, 1, -1
		]
	}
}
#---------- POLYLINE
Shape {
	appearance Appearance {
		material Material {
			diffuseColor 1 0 0
			emissiveColor 1 0 0
		}
	}
	geometry IndexedLineSet {
		coord Coordinate {
			point [
				-176.95 27.9582 -896.102,
				-176.95 27.9582 -896.102,
			]
		}
		coordIndex [
			0, 1, -1
		]
	}
}
#---------- POLYLINE
Shape {
	appearance Appearance {
		material Material {
			diffuseColor 1 0 0
			emissiveColor 1 0 0
		}
	}
	geometry IndexedLineSet {
		coord Coordinate {
			point [
				-176.95 27.9582 -896.102,
				-176.95 27.9582 -896.102,
			]
		}
		coordIndex [
			0, 1, -1
		]
	}
}
#---------- POLYLINE
Shape {
	appearance Appearance {
		material Material {
			diffuseColor 1 0 0
			emissiveColor 1 0 0
		}
	}
	geometry IndexedLineSet {
		coord Coordinate {
			point [
				-176.95 27.9582 -896.102,
				-176.95 27.9582 -896.102,
			]
		}
		coordIndex [
			0, 1, -1
		]
	}
}
#---------- POLYLINE
Shape {
	appearance Appearance {
		material Material {
			diffuseColor 1 0 0
			emissiveColor 1 0 0
		}
	}
	geometry IndexedLineSet {
		coord Coordinate {
			point [
				-176.95 27.9582 -896.102,
				-176.95 27.9582 -896.102,
			]
		}
		coordIndex [
			0, 1, -1
		]
	}
}
#---------- POLYLINE
Shape {
	appearance Appearance {
		material Material {
			diffuseColor 1 0 0
			emissiveColor 1 0 0
		}
	}
	geometry IndexedLineSet {
		coord Coordinate {
			point [
				-176.95 27.9582 -896.102,
				-176.95 27.9582 -896.102,
			]
		}
		coordIndex [
			0, 1, -1
		]
	}
}
#---------- POLYLINE
Shape {
	appearance Appearance {
		material Material {
			diffuseColor 1 0 0
			emissiveColor 1 0 0
		}
	}
	geometry IndexedLineSet {
		coord Coordinate {
			point [
				-176.95 27.9582 -896.102,
				-176.95 27.9582 -896.102,
			]
		}
		coordIndex [
			0, 1, -1
		]
	}
}
#---------- POLYLINE
Shape {
	appearance Appearance {
		material Material {
			diffuseColor 1 0 0
			emissiveColor 1 0 0
		}
	}
	geometry IndexedLineSet {
		coord Coordinate {
			point [
				-176.95 27.9582 -896.102,
				-176.95 27.9582 -896.102,
			]
		}
		coordIndex [
			0, 1, -1
		]
	}
}
#---------- POLYLINE
Shape {
	appearance Appearance {
		material Material {
			diffuseColor 1 0 0
			emissiveColor 1 0 0
		}
	}
	geometry IndexedLineSet {
		coord Coordinate {
			point [
				-176.95 27.9582 -896.102,
				-176.95 27.9582 -896.101,
			]
		}
		coordIndex [
			0, 1, -1
		]
	}
}
#---------- POLYLINE
Shape {
	appearance Appearance {
		material Material {
			diffuseColor 1 0 0
			emissiveColor 1 0 0
		}
	}
	geometry IndexedLineSet {
		coord Coordinate {
			point [
				-176.95 27.9582 -896.102,
				-176.95 27.9583 -896.102,
			]
		}
		coordIndex [
			0, 1, -1
		]
	}
}
#---------- POLYLINE
Shape {
	appearance Appearance {
		material Material {
			diffuseColor 1 0 0
			emissiveColor 1 0 0
		}
	}
	geometry IndexedLineSet {
		coord Coordinate {
			point [
				-177.252 28.1321 -896.022,
				-177.252 28.1317 -896.022,
			]
		}
		coordIndex [
			0, 1, -1
		]
	}
}
#---------- POLYLINE
Shape {
	appearance Appearance {
		material Material {
			diffuseColor 1 0 0
			emissiveColor 1 0 0
		}
	}
	geometry IndexedLineSet {
		coord Coordinate {
			point [
				-191.854 -10.5999 -827.027,
				-191.893 -10.5865 -827.03,
			]
		}
		coordIndex [
			0, 1, -1
		]
	}
}
#---------- POLYLINE
Shape {
	appearance Appearance {
		material Material {
			diffuseColor 1 0 0
			emissiveColor 1 0 0
		}
	}
	geometry IndexedLineSet {
		coord Coordinate {
			point [
				-223.47 -90.9914 -685.189,
				-223.983 -90.2214 -684.974,
				-224.009 -90.0174 -685.092,
			]
		}
		coordIndex [
			0, 1, 2, -1
		]
	}
}
#---------- POLYLINE
Shape {
	appearance Appearance {
		material Material {
			diffuseColor 1 0 0
			emissiveColor 1 0 0
		}
	}
	geometry IndexedLineSet {
		coord Coordinate {
			point [
				-245.296 -146.501 -587.26,
				-245.284 -146.517 -587.266,
			]
		}
		coordIndex [
			0, 1, -1
		]
	}
}
#End of file.
