#VRML V2.0 utf8
# Generated by VRML 2.0 driver of GEANT4


#---------- CAMERA
Viewpoint {
	position 0 0 15779.7
}

#---------- SOLID: World.0
	Shape {
		appearance Appearance {
			material Material {
				diffuseColor 1 1 1
				transparency 0.7
			}
		}
		geometry IndexedFaceSet {
			coord Coordinate {
				point [
					-3500 -5000 -5000,
					3500 -5000 -5000,
					3500 5000 -5000,
					-3500 5000 -5000,
					-3500 -5000 5000,
					3500 -5000 5000,
					3500 5000 5000,
					-3500 5000 5000,
				]
			}
			coordIndex [
				0, 3, 2, 1, -1,
				4, 7, 3, 0, -1,
				7, 6, 2, 3, -1,
				6, 5, 1, 2, -1,
				5, 4, 0, 1, -1,
				4, 5, 6, 7, -1,
			]
			solid FALSE
		}
	}
#---------- SOLID: LeadBrickI.0
	Shape {
		appearance Appearance {
			material Material {
				diffuseColor 0 0 0
				transparency 0.7
			}
		}
		geometry IndexedFaceSet {
			coord Coordinate {
				point [
					-320 -320 -940,
					320 -320 -940,
					320 320 -940,
					-320 320 -940,
					-320 -320 -880,
					320 -320 -880,
					320 320 -880,
					-320 320 -880,
				]
			}
			coordIndex [
				0, 3, 2, 1, -1,
				4, 7, 3, 0, -1,
				7, 6, 2, 3, -1,
				6, 5, 1, 2, -1,
				5, 4, 0, 1, -1,
				4, 5, 6, 7, -1,
			]
			solid FALSE
		}
	}
#---------- SOLID: IronCoverI.0
	Shape {
		appearance Appearance {
			material Material {
				diffuseColor 1 0 0
				transparency 0.7
			}
		}
		geometry IndexedFaceSet {
			coord Coordinate {
				point [
					-320 -320 -972,
					320 -320 -972,
					320 320 -972,
					-320 320 -972,
					-320 -320 -968,
					320 -320 -968,
					320 320 -968,
					-320 320 -968,
				]
			}
			coordIndex [
				0, 3, 2, 1, -1,
				4, 7, 3, 0, -1,
				7, 6, 2, 3, -1,
				6, 5, 1, 2, -1,
				5, 4, 0, 1, -1,
				4, 5, 6, 7, -1,
			]
			solid FALSE
		}
	}
#---------- SOLID: IronCoverII.0
	Shape {
		appearance Appearance {
			material Material {
				diffuseColor 1 0 0
				transparency 0.7
			}
		}
		geometry IndexedFaceSet {
			coord Coordinate {
				point [
					-320 -320 -1032,
					320 -320 -1032,
					320 320 -1032,
					-320 320 -1032,
					-320 -320 -1028,
					320 -320 -1028,
					320 320 -1028,
					-320 320 -1028,
				]
			}
			coordIndex [
				0, 3, 2, 1, -1,
				4, 7, 3, 0, -1,
				7, 6, 2, 3, -1,
				6, 5, 1, 2, -1,
				5, 4, 0, 1, -1,
				4, 5, 6, 7, -1,
			]
			solid FALSE
		}
	}
#---------- SOLID: IronCoverIII.0
	Shape {
		appearance Appearance {
			material Material {
				diffuseColor 1 0 0
				transparency 0.7
			}
		}
		geometry IndexedFaceSet {
			coord Coordinate {
				point [
					-320 -320 -1999,
					320 -320 -1999,
					320 320 -1999,
					-320 320 -1999,
					-320 -320 -1995,
					320 -320 -1995,
					320 320 -1995,
					-320 320 -1995,
				]
			}
			coordIndex [
				0, 3, 2, 1, -1,
				4, 7, 3, 0, -1,
				7, 6, 2, 3, -1,
				6, 5, 1, 2, -1,
				5, 4, 0, 1, -1,
				4, 5, 6, 7, -1,
			]
			solid FALSE
		}
	}
#---------- SOLID: IronCoverIV.0
	Shape {
		appearance Appearance {
			material Material {
				diffuseColor 1 0 0
				transparency 0.7
			}
		}
		geometry IndexedFaceSet {
			coord Coordinate {
				point [
					-320 -320 -2005,
					320 -320 -2005,
					320 320 -2005,
					-320 320 -2005,
					-320 -320 -2001,
					320 -320 -2001,
					320 320 -2001,
					-320 320 -2001,
				]
			}
			coordIndex [
				0, 3, 2, 1, -1,
				4, 7, 3, 0, -1,
				7, 6, 2, 3, -1,
				6, 5, 1, 2, -1,
				5, 4, 0, 1, -1,
				4, 5, 6, 7, -1,
			]
			solid FALSE
		}
	}
#---------- SOLID: Enclosure.0
	Shape {
		appearance Appearance {
			material Material {
				diffuseColor 1 1 1
				transparency 0.7
			}
		}
		geometry IndexedFaceSet {
			coord Coordinate {
				point [
					-281.35 -281.35 -1020,
					281.35 -281.35 -1020,
					281.35 281.35 -1020,
					-281.35 281.35 -1020,
					-281.35 -281.35 -980,
					281.35 -281.35 -980,
					281.35 281.35 -980,
					-281.35 281.35 -980,
				]
			}
			coordIndex [
				0, 3, 2, 1, -1,
				4, 7, 3, 0, -1,
				7, 6, 2, 3, -1,
				6, 5, 1, 2, -1,
				5, 4, 0, 1, -1,
				4, 5, 6, 7, -1,
			]
			solid FALSE
		}
	}
#---------- SOLID: Casing_1.1
	Shape {
		appearance Appearance {
			material Material {
				diffuseColor 1 1 1
				transparency 0.7
			}
		}
		geometry IndexedFaceSet {
			coord Coordinate {
				point [
					-281.35 -281.35 -1020,
					281.35 -281.35 -1020,
					281.35 281.35 -1020,
					-281.35 281.35 -1020,
					-281.35 -281.35 -980,
					281.35 -281.35 -980,
					281.35 281.35 -980,
					-281.35 281.35 -980,
				]
			}
			coordIndex [
				0, 3, 2, 1, -1,
				4, 7, 3, 0, -1,
				7, 6, 2, 3, -1,
				6, 5, 1, 2, -1,
				5, 4, 0, 1, -1,
				4, 5, 6, 7, -1,
			]
			solid FALSE
		}
	}
#---------- SOLID: BarCoating_X.101
	Shape {
		appearance Appearance {
			material Material {
				diffuseColor 1 1 1
				transparency 0.7
			}
		}
		geometry IndexedFaceSet {
			coord Coordinate {
				point [
					-100.25 -100.375 -999.25,
					100.25 -100.375 -999.25,
					100.25 100.125 -999.25,
					-100.25 100.125 -999.25,
					-100.25 -100.375 -988.75,
					100.25 -100.375 -988.75,
					100.25 100.125 -988.75,
					-100.25 100.125 -988.75,
				]
			}
			coordIndex [
				0, 3, 2, 1, -1,
				4, 7, 3, 0, -1,
				7, 6, 2, 3, -1,
				6, 5, 1, 2, -1,
				5, 4, 0, 1, -1,
				4, 5, 6, 7, -1,
			]
			solid FALSE
		}
	}
#---------- SOLID: BarScin_X.101
	Shape {
		appearance Appearance {
			material Material {
				diffuseColor 1 1 1
				transparency 0.7
			}
		}
		geometry IndexedFaceSet {
			coord Coordinate {
				point [
					-100 -100.125 -999,
					100 -100.125 -999,
					100 99.875 -999,
					-100 99.875 -999,
					-100 -100.125 -989,
					100 -100.125 -989,
					100 99.875 -989,
					-100 99.875 -989,
				]
			}
			coordIndex [
				0, 3, 2, 1, -1,
				4, 7, 3, 0, -1,
				7, 6, 2, 3, -1,
				6, 5, 1, 2, -1,
				5, 4, 0, 1, -1,
				4, 5, 6, 7, -1,
			]
			solid FALSE
		}
	}
#---------- SOLID: FiberClad2_X.101
	Shape {
		appearance Appearance {
			material Material {
				diffuseColor 0 1 0
				transparency 0.7
			}
		}
		geometry IndexedFaceSet {
			coord Coordinate {
				point [
					-99.4 -0.125 -991.5,
					-99.4 0.185583 -991.541,
					-99.4 0.475 -991.661,
					-99.4 0.723528 -991.851,
					-99.4 0.91423 -992.1,
					-99.4 1.03411 -992.389,
					-99.4 1.075 -992.7,
					-99.4 1.03411 -993.011,
					-99.4 0.91423 -993.3,
					-99.4 0.723528 -993.549,
					-99.4 0.475 -993.739,
					-99.4 0.185583 -993.859,
					-99.4 -0.125 -993.9,
					-99.4 -0.435583 -993.859,
					-99.4 -0.725 -993.739,
					-99.4 -0.973528 -993.549,
					-99.4 -1.16423 -993.3,
					-99.4 -1.28411 -993.011,
					-99.4 -1.325 -992.7,
					-99.4 -1.28411 -992.389,
					-99.4 -1.16423 -992.1,
					-99.4 -0.973528 -991.851,
					-99.4 -0.725 -991.661,
					-99.4 -0.435583 -991.541,
					99.4 -0.125 -991.5,
					99.4 0.185583 -991.541,
					99.4 0.475 -991.661,
					99.4 0.723528 -991.851,
					99.4 0.91423 -992.1,
					99.4 1.03411 -992.389,
					99.4 1.075 -992.7,
					99.4 1.03411 -993.011,
					99.4 0.91423 -993.3,
					99.4 0.723528 -993.549,
					99.4 0.475 -993.739,
					99.4 0.185583 -993.859,
					99.4 -0.125 -993.9,
					99.4 -0.435583 -993.859,
					99.4 -0.725 -993.739,
					99.4 -0.973528 -993.549,
					99.4 -1.16423 -993.3,
					99.4 -1.28411 -993.011,
					99.4 -1.325 -992.7,
					99.4 -1.28411 -992.389,
					99.4 -1.16423 -992.1,
					99.4 -0.973528 -991.851,
					99.4 -0.725 -991.661,
					99.4 -0.435583 -991.541,
					-99.4 -0.125 -992.7,
					99.4 -0.125 -992.7,
				]
			}
			coordIndex [
				0, 24, 25, 1, -1,
				1, 25, 26, 2, -1,
				2, 26, 27, 3, -1,
				3, 27, 28, 4, -1,
				4, 28, 29, 5, -1,
				5, 29, 30, 6, -1,
				6, 30, 31, 7, -1,
				7, 31, 32, 8, -1,
				8, 32, 33, 9, -1,
				9, 33, 34, 10, -1,
				10, 34, 35, 11, -1,
				11, 35, 36, 12, -1,
				12, 36, 37, 13, -1,
				13, 37, 38, 14, -1,
				14, 38, 39, 15, -1,
				15, 39, 40, 16, -1,
				16, 40, 41, 17, -1,
				17, 41, 42, 18, -1,
				18, 42, 43, 19, -1,
				19, 43, 44, 20, -1,
				20, 44, 45, 21, -1,
				21, 45, 46, 22, -1,
				22, 46, 47, 23, -1,
				23, 47, 24, 0, -1,
				48, 0, 1, -1,
				48, 1, 2, -1,
				48, 2, 3, -1,
				48, 3, 4, -1,
				48, 4, 5, -1,
				48, 5, 6, -1,
				48, 6, 7, -1,
				48, 7, 8, -1,
				48, 8, 9, -1,
				48, 9, 10, -1,
				48, 10, 11, -1,
				48, 11, 12, -1,
				48, 12, 13, -1,
				48, 13, 14, -1,
				48, 14, 15, -1,
				48, 15, 16, -1,
				48, 16, 17, -1,
				48, 17, 18, -1,
				48, 18, 19, -1,
				48, 19, 20, -1,
				48, 20, 21, -1,
				48, 21, 22, -1,
				48, 22, 23, -1,
				48, 23, 0, -1,
				24, 49, 25, -1,
				25, 49, 26, -1,
				26, 49, 27, -1,
				27, 49, 28, -1,
				28, 49, 29, -1,
				29, 49, 30, -1,
				30, 49, 31, -1,
				31, 49, 32, -1,
				32, 49, 33, -1,
				33, 49, 34, -1,
				34, 49, 35, -1,
				35, 49, 36, -1,
				36, 49, 37, -1,
				37, 49, 38, -1,
				38, 49, 39, -1,
				39, 49, 40, -1,
				40, 49, 41, -1,
				41, 49, 42, -1,
				42, 49, 43, -1,
				43, 49, 44, -1,
				44, 49, 45, -1,
				45, 49, 46, -1,
				46, 49, 47, -1,
				47, 49, 24, -1,
			]
			solid FALSE
		}
	}
#---------- SOLID: FiberClad1_X.101
	Shape {
		appearance Appearance {
			material Material {
				diffuseColor 0 1 0
				transparency 0.7
			}
		}
		geometry IndexedFaceSet {
			coord Coordinate {
				point [
					-99.4 -0.125 -991.6,
					-99.4 0.159701 -991.637,
					-99.4 0.425 -991.747,
					-99.4 0.652817 -991.922,
					-99.4 0.827628 -992.15,
					-99.4 0.937518 -992.415,
					-99.4 0.975 -992.7,
					-99.4 0.937518 -992.985,
					-99.4 0.827628 -993.25,
					-99.4 0.652817 -993.478,
					-99.4 0.425 -993.653,
					-99.4 0.159701 -993.763,
					-99.4 -0.125 -993.8,
					-99.4 -0.409701 -993.763,
					-99.4 -0.675 -993.653,
					-99.4 -0.902817 -993.478,
					-99.4 -1.07763 -993.25,
					-99.4 -1.18752 -992.985,
					-99.4 -1.225 -992.7,
					-99.4 -1.18752 -992.415,
					-99.4 -1.07763 -992.15,
					-99.4 -0.902817 -991.922,
					-99.4 -0.675 -991.747,
					-99.4 -0.409701 -991.637,
					99.4 -0.125 -991.6,
					99.4 0.159701 -991.637,
					99.4 0.425 -991.747,
					99.4 0.652817 -991.922,
					99.4 0.827628 -992.15,
					99.4 0.937518 -992.415,
					99.4 0.975 -992.7,
					99.4 0.937518 -992.985,
					99.4 0.827628 -993.25,
					99.4 0.652817 -993.478,
					99.4 0.425 -993.653,
					99.4 0.159701 -993.763,
					99.4 -0.125 -993.8,
					99.4 -0.409701 -993.763,
					99.4 -0.675 -993.653,
					99.4 -0.902817 -993.478,
					99.4 -1.07763 -993.25,
					99.4 -1.18752 -992.985,
					99.4 -1.225 -992.7,
					99.4 -1.18752 -992.415,
					99.4 -1.07763 -992.15,
					99.4 -0.902817 -991.922,
					99.4 -0.675 -991.747,
					99.4 -0.409701 -991.637,
					-99.4 -0.125 -992.7,
					99.4 -0.125 -992.7,
				]
			}
			coordIndex [
				0, 24, 25, 1, -1,
				1, 25, 26, 2, -1,
				2, 26, 27, 3, -1,
				3, 27, 28, 4, -1,
				4, 28, 29, 5, -1,
				5, 29, 30, 6, -1,
				6, 30, 31, 7, -1,
				7, 31, 32, 8, -1,
				8, 32, 33, 9, -1,
				9, 33, 34, 10, -1,
				10, 34, 35, 11, -1,
				11, 35, 36, 12, -1,
				12, 36, 37, 13, -1,
				13, 37, 38, 14, -1,
				14, 38, 39, 15, -1,
				15, 39, 40, 16, -1,
				16, 40, 41, 17, -1,
				17, 41, 42, 18, -1,
				18, 42, 43, 19, -1,
				19, 43, 44, 20, -1,
				20, 44, 45, 21, -1,
				21, 45, 46, 22, -1,
				22, 46, 47, 23, -1,
				23, 47, 24, 0, -1,
				48, 0, 1, -1,
				48, 1, 2, -1,
				48, 2, 3, -1,
				48, 3, 4, -1,
				48, 4, 5, -1,
				48, 5, 6, -1,
				48, 6, 7, -1,
				48, 7, 8, -1,
				48, 8, 9, -1,
				48, 9, 10, -1,
				48, 10, 11, -1,
				48, 11, 12, -1,
				48, 12, 13, -1,
				48, 13, 14, -1,
				48, 14, 15, -1,
				48, 15, 16, -1,
				48, 16, 17, -1,
				48, 17, 18, -1,
				48, 18, 19, -1,
				48, 19, 20, -1,
				48, 20, 21, -1,
				48, 21, 22, -1,
				48, 22, 23, -1,
				48, 23, 0, -1,
				24, 49, 25, -1,
				25, 49, 26, -1,
				26, 49, 27, -1,
				27, 49, 28, -1,
				28, 49, 29, -1,
				29, 49, 30, -1,
				30, 49, 31, -1,
				31, 49, 32, -1,
				32, 49, 33, -1,
				33, 49, 34, -1,
				34, 49, 35, -1,
				35, 49, 36, -1,
				36, 49, 37, -1,
				37, 49, 38, -1,
				38, 49, 39, -1,
				39, 49, 40, -1,
				40, 49, 41, -1,
				41, 49, 42, -1,
				42, 49, 43, -1,
				43, 49, 44, -1,
				44, 49, 45, -1,
				45, 49, 46, -1,
				46, 49, 47, -1,
				47, 49, 24, -1,
			]
			solid FALSE
		}
	}
#---------- SOLID: Fiber_X.101
	Shape {
		appearance Appearance {
			material Material {
				diffuseColor 0 1 0
				transparency 0.7
			}
		}
		geometry IndexedFaceSet {
			coord Coordinate {
				point [
					-99.4 -0.125 -991.7,
					-99.4 0.133819 -991.734,
					-99.4 0.375 -991.834,
					-99.4 0.582107 -991.993,
					-99.4 0.741025 -992.2,
					-99.4 0.840926 -992.441,
					-99.4 0.875 -992.7,
					-99.4 0.840926 -992.959,
					-99.4 0.741025 -993.2,
					-99.4 0.582107 -993.407,
					-99.4 0.375 -993.566,
					-99.4 0.133819 -993.666,
					-99.4 -0.125 -993.7,
					-99.4 -0.383819 -993.666,
					-99.4 -0.625 -993.566,
					-99.4 -0.832107 -993.407,
					-99.4 -0.991025 -993.2,
					-99.4 -1.09093 -992.959,
					-99.4 -1.125 -992.7,
					-99.4 -1.09093 -992.441,
					-99.4 -0.991025 -992.2,
					-99.4 -0.832107 -991.993,
					-99.4 -0.625 -991.834,
					-99.4 -0.383819 -991.734,
					99.4 -0.125 -991.7,
					99.4 0.133819 -991.734,
					99.4 0.375 -991.834,
					99.4 0.582107 -991.993,
					99.4 0.741025 -992.2,
					99.4 0.840926 -992.441,
					99.4 0.875 -992.7,
					99.4 0.840926 -992.959,
					99.4 0.741025 -993.2,
					99.4 0.582107 -993.407,
					99.4 0.375 -993.566,
					99.4 0.133819 -993.666,
					99.4 -0.125 -993.7,
					99.4 -0.383819 -993.666,
					99.4 -0.625 -993.566,
					99.4 -0.832107 -993.407,
					99.4 -0.991025 -993.2,
					99.4 -1.09093 -992.959,
					99.4 -1.125 -992.7,
					99.4 -1.09093 -992.441,
					99.4 -0.991025 -992.2,
					99.4 -0.832107 -991.993,
					99.4 -0.625 -991.834,
					99.4 -0.383819 -991.734,
					-99.4 -0.125 -992.7,
					99.4 -0.125 -992.7,
				]
			}
			coordIndex [
				0, 24, 25, 1, -1,
				1, 25, 26, 2, -1,
				2, 26, 27, 3, -1,
				3, 27, 28, 4, -1,
				4, 28, 29, 5, -1,
				5, 29, 30, 6, -1,
				6, 30, 31, 7, -1,
				7, 31, 32, 8, -1,
				8, 32, 33, 9, -1,
				9, 33, 34, 10, -1,
				10, 34, 35, 11, -1,
				11, 35, 36, 12, -1,
				12, 36, 37, 13, -1,
				13, 37, 38, 14, -1,
				14, 38, 39, 15, -1,
				15, 39, 40, 16, -1,
				16, 40, 41, 17, -1,
				17, 41, 42, 18, -1,
				18, 42, 43, 19, -1,
				19, 43, 44, 20, -1,
				20, 44, 45, 21, -1,
				21, 45, 46, 22, -1,
				22, 46, 47, 23, -1,
				23, 47, 24, 0, -1,
				48, 0, 1, -1,
				48, 1, 2, -1,
				48, 2, 3, -1,
				48, 3, 4, -1,
				48, 4, 5, -1,
				48, 5, 6, -1,
				48, 6, 7, -1,
				48, 7, 8, -1,
				48, 8, 9, -1,
				48, 9, 10, -1,
				48, 10, 11, -1,
				48, 11, 12, -1,
				48, 12, 13, -1,
				48, 13, 14, -1,
				48, 14, 15, -1,
				48, 15, 16, -1,
				48, 16, 17, -1,
				48, 17, 18, -1,
				48, 18, 19, -1,
				48, 19, 20, -1,
				48, 20, 21, -1,
				48, 21, 22, -1,
				48, 22, 23, -1,
				48, 23, 0, -1,
				24, 49, 25, -1,
				25, 49, 26, -1,
				26, 49, 27, -1,
				27, 49, 28, -1,
				28, 49, 29, -1,
				29, 49, 30, -1,
				30, 49, 31, -1,
				31, 49, 32, -1,
				32, 49, 33, -1,
				33, 49, 34, -1,
				34, 49, 35, -1,
				35, 49, 36, -1,
				36, 49, 37, -1,
				37, 49, 38, -1,
				38, 49, 39, -1,
				39, 49, 40, -1,
				40, 49, 41, -1,
				41, 49, 42, -1,
				42, 49, 43, -1,
				43, 49, 44, -1,
				44, 49, 45, -1,
				45, 49, 46, -1,
				46, 49, 47, -1,
				47, 49, 24, -1,
			]
			solid FALSE
		}
	}
#---------- SOLID: Pixel_X101.101
	Shape {
		appearance Appearance {
			material Material {
				diffuseColor 0 0 1
				transparency 0.7
			}
		}
		geometry IndexedFaceSet {
			coord Coordinate {
				point [
					99.6 -1.425 -994,
					99.6 -1.425 -991.4,
					99.6 1.175 -991.4,
					99.6 1.175 -994,
					99.4 -1.425 -994,
					99.4 -1.425 -991.4,
					99.4 1.175 -991.4,
					99.4 1.175 -994,
				]
			}
			coordIndex [
				0, 3, 2, 1, -1,
				4, 7, 3, 0, -1,
				7, 6, 2, 3, -1,
				6, 5, 1, 2, -1,
				5, 4, 0, 1, -1,
				4, 5, 6, 7, -1,
			]
			solid FALSE
		}
	}
#---------- SOLID: BarCoating_K.102
	Shape {
		appearance Appearance {
			material Material {
				diffuseColor 1 1 1
				transparency 0.7
			}
		}
		geometry IndexedFaceSet {
			coord Coordinate {
				point [
					-100.375 100.25 -1011.25,
					-100.375 -100.25 -1011.25,
					100.125 -100.25 -1011.25,
					100.125 100.25 -1011.25,
					-100.375 100.25 -1000.75,
					-100.375 -100.25 -1000.75,
					100.125 -100.25 -1000.75,
					100.125 100.25 -1000.75,
				]
			}
			coordIndex [
				0, 3, 2, 1, -1,
				4, 7, 3, 0, -1,
				7, 6, 2, 3, -1,
				6, 5, 1, 2, -1,
				5, 4, 0, 1, -1,
				4, 5, 6, 7, -1,
			]
			solid FALSE
		}
	}
#---------- SOLID: BarScin_K.102
	Shape {
		appearance Appearance {
			material Material {
				diffuseColor 1 1 1
				transparency 0.7
			}
		}
		geometry IndexedFaceSet {
			coord Coordinate {
				point [
					-100.125 100 -1011,
					-100.125 -100 -1011,
					99.875 -100 -1011,
					99.875 100 -1011,
					-100.125 100 -1001,
					-100.125 -100 -1001,
					99.875 -100 -1001,
					99.875 100 -1001,
				]
			}
			coordIndex [
				0, 3, 2, 1, -1,
				4, 7, 3, 0, -1,
				7, 6, 2, 3, -1,
				6, 5, 1, 2, -1,
				5, 4, 0, 1, -1,
				4, 5, 6, 7, -1,
			]
			solid FALSE
		}
	}
#---------- SOLID: FiberClad2_K.102
	Shape {
		appearance Appearance {
			material Material {
				diffuseColor 0 1 0
				transparency 0.7
			}
		}
		geometry IndexedFaceSet {
			coord Coordinate {
				point [
					-0.125 99.4 -1003.5,
					0.185583 99.4 -1003.54,
					0.475 99.4 -1003.66,
					0.723528 99.4 -1003.85,
					0.91423 99.4 -1004.1,
					1.03411 99.4 -1004.39,
					1.075 99.4 -1004.7,
					1.03411 99.4 -1005.01,
					0.91423 99.4 -1005.3,
					0.723528 99.4 -1005.55,
					0.475 99.4 -1005.74,
					0.185583 99.4 -1005.86,
					-0.125 99.4 -1005.9,
					-0.435583 99.4 -1005.86,
					-0.725 99.4 -1005.74,
					-0.973528 99.4 -1005.55,
					-1.16423 99.4 -1005.3,
					-1.28411 99.4 -1005.01,
					-1.325 99.4 -1004.7,
					-1.28411 99.4 -1004.39,
					-1.16423 99.4 -1004.1,
					-0.973528 99.4 -1003.85,
					-0.725 99.4 -1003.66,
					-0.435583 99.4 -1003.54,
					-0.125 -99.4 -1003.5,
					0.185583 -99.4 -1003.54,
					0.475 -99.4 -1003.66,
					0.723528 -99.4 -1003.85,
					0.91423 -99.4 -1004.1,
					1.03411 -99.4 -1004.39,
					1.075 -99.4 -1004.7,
					1.03411 -99.4 -1005.01,
					0.91423 -99.4 -1005.3,
					0.723528 -99.4 -1005.55,
					0.475 -99.4 -1005.74,
					0.185583 -99.4 -1005.86,
					-0.125 -99.4 -1005.9,
					-0.435583 -99.4 -1005.86,
					-0.725 -99.4 -1005.74,
					-0.973528 -99.4 -1005.55,
					-1.16423 -99.4 -1005.3,
					-1.28411 -99.4 -1005.01,
					-1.325 -99.4 -1004.7,
					-1.28411 -99.4 -1004.39,
					-1.16423 -99.4 -1004.1,
					-0.973528 -99.4 -1003.85,
					-0.725 -99.4 -1003.66,
					-0.435583 -99.4 -1003.54,
					-0.125 99.4 -1004.7,
					-0.125 -99.4 -1004.7,
				]
			}
			coordIndex [
				0, 24, 25, 1, -1,
				1, 25, 26, 2, -1,
				2, 26, 27, 3, -1,
				3, 27, 28, 4, -1,
				4, 28, 29, 5, -1,
				5, 29, 30, 6, -1,
				6, 30, 31, 7, -1,
				7, 31, 32, 8, -1,
				8, 32, 33, 9, -1,
				9, 33, 34, 10, -1,
				10, 34, 35, 11, -1,
				11, 35, 36, 12, -1,
				12, 36, 37, 13, -1,
				13, 37, 38, 14, -1,
				14, 38, 39, 15, -1,
				15, 39, 40, 16, -1,
				16, 40, 41, 17, -1,
				17, 41, 42, 18, -1,
				18, 42, 43, 19, -1,
				19, 43, 44, 20, -1,
				20, 44, 45, 21, -1,
				21, 45, 46, 22, -1,
				22, 46, 47, 23, -1,
				23, 47, 24, 0, -1,
				48, 0, 1, -1,
				48, 1, 2, -1,
				48, 2, 3, -1,
				48, 3, 4, -1,
				48, 4, 5, -1,
				48, 5, 6, -1,
				48, 6, 7, -1,
				48, 7, 8, -1,
				48, 8, 9, -1,
				48, 9, 10, -1,
				48, 10, 11, -1,
				48, 11, 12, -1,
				48, 12, 13, -1,
				48, 13, 14, -1,
				48, 14, 15, -1,
				48, 15, 16, -1,
				48, 16, 17, -1,
				48, 17, 18, -1,
				48, 18, 19, -1,
				48, 19, 20, -1,
				48, 20, 21, -1,
				48, 21, 22, -1,
				48, 22, 23, -1,
				48, 23, 0, -1,
				24, 49, 25, -1,
				25, 49, 26, -1,
				26, 49, 27, -1,
				27, 49, 28, -1,
				28, 49, 29, -1,
				29, 49, 30, -1,
				30, 49, 31, -1,
				31, 49, 32, -1,
				32, 49, 33, -1,
				33, 49, 34, -1,
				34, 49, 35, -1,
				35, 49, 36, -1,
				36, 49, 37, -1,
				37, 49, 38, -1,
				38, 49, 39, -1,
				39, 49, 40, -1,
				40, 49, 41, -1,
				41, 49, 42, -1,
				42, 49, 43, -1,
				43, 49, 44, -1,
				44, 49, 45, -1,
				45, 49, 46, -1,
				46, 49, 47, -1,
				47, 49, 24, -1,
			]
			solid FALSE
		}
	}
#---------- SOLID: FiberClad1_K.102
	Shape {
		appearance Appearance {
			material Material {
				diffuseColor 0 1 0
				transparency 0.7
			}
		}
		geometry IndexedFaceSet {
			coord Coordinate {
				point [
					-0.125 99.4 -1003.6,
					0.159701 99.4 -1003.64,
					0.425 99.4 -1003.75,
					0.652817 99.4 -1003.92,
					0.827628 99.4 -1004.15,
					0.937518 99.4 -1004.42,
					0.975 99.4 -1004.7,
					0.937518 99.4 -1004.98,
					0.827628 99.4 -1005.25,
					0.652817 99.4 -1005.48,
					0.425 99.4 -1005.65,
					0.159701 99.4 -1005.76,
					-0.125 99.4 -1005.8,
					-0.409701 99.4 -1005.76,
					-0.675 99.4 -1005.65,
					-0.902817 99.4 -1005.48,
					-1.07763 99.4 -1005.25,
					-1.18752 99.4 -1004.98,
					-1.225 99.4 -1004.7,
					-1.18752 99.4 -1004.42,
					-1.07763 99.4 -1004.15,
					-0.902817 99.4 -1003.92,
					-0.675 99.4 -1003.75,
					-0.409701 99.4 -1003.64,
					-0.125 -99.4 -1003.6,
					0.159701 -99.4 -1003.64,
					0.425 -99.4 -1003.75,
					0.652817 -99.4 -1003.92,
					0.827628 -99.4 -1004.15,
					0.937518 -99.4 -1004.42,
					0.975 -99.4 -1004.7,
					0.937518 -99.4 -1004.98,
					0.827628 -99.4 -1005.25,
					0.652817 -99.4 -1005.48,
					0.425 -99.4 -1005.65,
					0.159701 -99.4 -1005.76,
					-0.125 -99.4 -1005.8,
					-0.409701 -99.4 -1005.76,
					-0.675 -99.4 -1005.65,
					-0.902817 -99.4 -1005.48,
					-1.07763 -99.4 -1005.25,
					-1.18752 -99.4 -1004.98,
					-1.225 -99.4 -1004.7,
					-1.18752 -99.4 -1004.42,
					-1.07763 -99.4 -1004.15,
					-0.902817 -99.4 -1003.92,
					-0.675 -99.4 -1003.75,
					-0.409701 -99.4 -1003.64,
					-0.125 99.4 -1004.7,
					-0.125 -99.4 -1004.7,
				]
			}
			coordIndex [
				0, 24, 25, 1, -1,
				1, 25, 26, 2, -1,
				2, 26, 27, 3, -1,
				3, 27, 28, 4, -1,
				4, 28, 29, 5, -1,
				5, 29, 30, 6, -1,
				6, 30, 31, 7, -1,
				7, 31, 32, 8, -1,
				8, 32, 33, 9, -1,
				9, 33, 34, 10, -1,
				10, 34, 35, 11, -1,
				11, 35, 36, 12, -1,
				12, 36, 37, 13, -1,
				13, 37, 38, 14, -1,
				14, 38, 39, 15, -1,
				15, 39, 40, 16, -1,
				16, 40, 41, 17, -1,
				17, 41, 42, 18, -1,
				18, 42, 43, 19, -1,
				19, 43, 44, 20, -1,
				20, 44, 45, 21, -1,
				21, 45, 46, 22, -1,
				22, 46, 47, 23, -1,
				23, 47, 24, 0, -1,
				48, 0, 1, -1,
				48, 1, 2, -1,
				48, 2, 3, -1,
				48, 3, 4, -1,
				48, 4, 5, -1,
				48, 5, 6, -1,
				48, 6, 7, -1,
				48, 7, 8, -1,
				48, 8, 9, -1,
				48, 9, 10, -1,
				48, 10, 11, -1,
				48, 11, 12, -1,
				48, 12, 13, -1,
				48, 13, 14, -1,
				48, 14, 15, -1,
				48, 15, 16, -1,
				48, 16, 17, -1,
				48, 17, 18, -1,
				48, 18, 19, -1,
				48, 19, 20, -1,
				48, 20, 21, -1,
				48, 21, 22, -1,
				48, 22, 23, -1,
				48, 23, 0, -1,
				24, 49, 25, -1,
				25, 49, 26, -1,
				26, 49, 27, -1,
				27, 49, 28, -1,
				28, 49, 29, -1,
				29, 49, 30, -1,
				30, 49, 31, -1,
				31, 49, 32, -1,
				32, 49, 33, -1,
				33, 49, 34, -1,
				34, 49, 35, -1,
				35, 49, 36, -1,
				36, 49, 37, -1,
				37, 49, 38, -1,
				38, 49, 39, -1,
				39, 49, 40, -1,
				40, 49, 41, -1,
				41, 49, 42, -1,
				42, 49, 43, -1,
				43, 49, 44, -1,
				44, 49, 45, -1,
				45, 49, 46, -1,
				46, 49, 47, -1,
				47, 49, 24, -1,
			]
			solid FALSE
		}
	}
#---------- SOLID: Fiber_K.102
	Shape {
		appearance Appearance {
			material Material {
				diffuseColor 0 1 0
				transparency 0.7
			}
		}
		geometry IndexedFaceSet {
			coord Coordinate {
				point [
					-0.125 99.4 -1003.7,
					0.133819 99.4 -1003.73,
					0.375 99.4 -1003.83,
					0.582107 99.4 -1003.99,
					0.741025 99.4 -1004.2,
					0.840926 99.4 -1004.44,
					0.875 99.4 -1004.7,
					0.840926 99.4 -1004.96,
					0.741025 99.4 -1005.2,
					0.582107 99.4 -1005.41,
					0.375 99.4 -1005.57,
					0.133819 99.4 -1005.67,
					-0.125 99.4 -1005.7,
					-0.383819 99.4 -1005.67,
					-0.625 99.4 -1005.57,
					-0.832107 99.4 -1005.41,
					-0.991025 99.4 -1005.2,
					-1.09093 99.4 -1004.96,
					-1.125 99.4 -1004.7,
					-1.09093 99.4 -1004.44,
					-0.991025 99.4 -1004.2,
					-0.832107 99.4 -1003.99,
					-0.625 99.4 -1003.83,
					-0.383819 99.4 -1003.73,
					-0.125 -99.4 -1003.7,
					0.133819 -99.4 -1003.73,
					0.375 -99.4 -1003.83,
					0.582107 -99.4 -1003.99,
					0.741025 -99.4 -1004.2,
					0.840926 -99.4 -1004.44,
					0.875 -99.4 -1004.7,
					0.840926 -99.4 -1004.96,
					0.741025 -99.4 -1005.2,
					0.582107 -99.4 -1005.41,
					0.375 -99.4 -1005.57,
					0.133819 -99.4 -1005.67,
					-0.125 -99.4 -1005.7,
					-0.383819 -99.4 -1005.67,
					-0.625 -99.4 -1005.57,
					-0.832107 -99.4 -1005.41,
					-0.991025 -99.4 -1005.2,
					-1.09093 -99.4 -1004.96,
					-1.125 -99.4 -1004.7,
					-1.09093 -99.4 -1004.44,
					-0.991025 -99.4 -1004.2,
					-0.832107 -99.4 -1003.99,
					-0.625 -99.4 -1003.83,
					-0.383819 -99.4 -1003.73,
					-0.125 99.4 -1004.7,
					-0.125 -99.4 -1004.7,
				]
			}
			coordIndex [
				0, 24, 25, 1, -1,
				1, 25, 26, 2, -1,
				2, 26, 27, 3, -1,
				3, 27, 28, 4, -1,
				4, 28, 29, 5, -1,
				5, 29, 30, 6, -1,
				6, 30, 31, 7, -1,
				7, 31, 32, 8, -1,
				8, 32, 33, 9, -1,
				9, 33, 34, 10, -1,
				10, 34, 35, 11, -1,
				11, 35, 36, 12, -1,
				12, 36, 37, 13, -1,
				13, 37, 38, 14, -1,
				14, 38, 39, 15, -1,
				15, 39, 40, 16, -1,
				16, 40, 41, 17, -1,
				17, 41, 42, 18, -1,
				18, 42, 43, 19, -1,
				19, 43, 44, 20, -1,
				20, 44, 45, 21, -1,
				21, 45, 46, 22, -1,
				22, 46, 47, 23, -1,
				23, 47, 24, 0, -1,
				48, 0, 1, -1,
				48, 1, 2, -1,
				48, 2, 3, -1,
				48, 3, 4, -1,
				48, 4, 5, -1,
				48, 5, 6, -1,
				48, 6, 7, -1,
				48, 7, 8, -1,
				48, 8, 9, -1,
				48, 9, 10, -1,
				48, 10, 11, -1,
				48, 11, 12, -1,
				48, 12, 13, -1,
				48, 13, 14, -1,
				48, 14, 15, -1,
				48, 15, 16, -1,
				48, 16, 17, -1,
				48, 17, 18, -1,
				48, 18, 19, -1,
				48, 19, 20, -1,
				48, 20, 21, -1,
				48, 21, 22, -1,
				48, 22, 23, -1,
				48, 23, 0, -1,
				24, 49, 25, -1,
				25, 49, 26, -1,
				26, 49, 27, -1,
				27, 49, 28, -1,
				28, 49, 29, -1,
				29, 49, 30, -1,
				30, 49, 31, -1,
				31, 49, 32, -1,
				32, 49, 33, -1,
				33, 49, 34, -1,
				34, 49, 35, -1,
				35, 49, 36, -1,
				36, 49, 37, -1,
				37, 49, 38, -1,
				38, 49, 39, -1,
				39, 49, 40, -1,
				40, 49, 41, -1,
				41, 49, 42, -1,
				42, 49, 43, -1,
				43, 49, 44, -1,
				44, 49, 45, -1,
				45, 49, 46, -1,
				46, 49, 47, -1,
				47, 49, 24, -1,
			]
			solid FALSE
		}
	}
#---------- SOLID: Pixel_K102.102
	Shape {
		appearance Appearance {
			material Material {
				diffuseColor 0 0 1
				transparency 0.7
			}
		}
		geometry IndexedFaceSet {
			coord Coordinate {
				point [
					-1.425 -99.6 -1006,
					-1.425 -99.6 -1003.4,
					1.175 -99.6 -1003.4,
					1.175 -99.6 -1006,
					-1.425 -99.4 -1006,
					-1.425 -99.4 -1003.4,
					1.175 -99.4 -1003.4,
					1.175 -99.4 -1006,
				]
			}
			coordIndex [
				0, 3, 2, 1, -1,
				4, 7, 3, 0, -1,
				7, 6, 2, 3, -1,
				6, 5, 1, 2, -1,
				5, 4, 0, 1, -1,
				4, 5, 6, 7, -1,
			]
			solid FALSE
		}
	}
#---------- SOLID: Enclosure.1
	Shape {
		appearance Appearance {
			material Material {
				diffuseColor 1 1 1
				transparency 0.7
			}
		}
		geometry IndexedFaceSet {
			coord Coordinate {
				point [
					-281.35 -281.35 -3020,
					281.35 -281.35 -3020,
					281.35 281.35 -3020,
					-281.35 281.35 -3020,
					-281.35 -281.35 -2980,
					281.35 -281.35 -2980,
					281.35 281.35 -2980,
					-281.35 281.35 -2980,
				]
			}
			coordIndex [
				0, 3, 2, 1, -1,
				4, 7, 3, 0, -1,
				7, 6, 2, 3, -1,
				6, 5, 1, 2, -1,
				5, 4, 0, 1, -1,
				4, 5, 6, 7, -1,
			]
			solid FALSE
		}
	}
#---------- SOLID: Casing_2.2
	Shape {
		appearance Appearance {
			material Material {
				diffuseColor 1 1 1
				transparency 0.7
			}
		}
		geometry IndexedFaceSet {
			coord Coordinate {
				point [
					-281.35 -281.35 -3020,
					281.35 -281.35 -3020,
					281.35 281.35 -3020,
					-281.35 281.35 -3020,
					-281.35 -281.35 -2980,
					281.35 -281.35 -2980,
					281.35 281.35 -2980,
					-281.35 281.35 -2980,
				]
			}
			coordIndex [
				0, 3, 2, 1, -1,
				4, 7, 3, 0, -1,
				7, 6, 2, 3, -1,
				6, 5, 1, 2, -1,
				5, 4, 0, 1, -1,
				4, 5, 6, 7, -1,
			]
			solid FALSE
		}
	}
#---------- SOLID: BarCoating_X.201
	Shape {
		appearance Appearance {
			material Material {
				diffuseColor 1 1 1
				transparency 0.7
			}
		}
		geometry IndexedFaceSet {
			coord Coordinate {
				point [
					-100.25 -100.375 -2999.25,
					100.25 -100.375 -2999.25,
					100.25 100.125 -2999.25,
					-100.25 100.125 -2999.25,
					-100.25 -100.375 -2988.75,
					100.25 -100.375 -2988.75,
					100.25 100.125 -2988.75,
					-100.25 100.125 -2988.75,
				]
			}
			coordIndex [
				0, 3, 2, 1, -1,
				4, 7, 3, 0, -1,
				7, 6, 2, 3, -1,
				6, 5, 1, 2, -1,
				5, 4, 0, 1, -1,
				4, 5, 6, 7, -1,
			]
			solid FALSE
		}
	}
#---------- SOLID: BarScin_X.201
	Shape {
		appearance Appearance {
			material Material {
				diffuseColor 1 1 1
				transparency 0.7
			}
		}
		geometry IndexedFaceSet {
			coord Coordinate {
				point [
					-100 -100.125 -2999,
					100 -100.125 -2999,
					100 99.875 -2999,
					-100 99.875 -2999,
					-100 -100.125 -2989,
					100 -100.125 -2989,
					100 99.875 -2989,
					-100 99.875 -2989,
				]
			}
			coordIndex [
				0, 3, 2, 1, -1,
				4, 7, 3, 0, -1,
				7, 6, 2, 3, -1,
				6, 5, 1, 2, -1,
				5, 4, 0, 1, -1,
				4, 5, 6, 7, -1,
			]
			solid FALSE
		}
	}
#---------- SOLID: FiberClad2_X.201
	Shape {
		appearance Appearance {
			material Material {
				diffuseColor 0 1 0
				transparency 0.7
			}
		}
		geometry IndexedFaceSet {
			coord Coordinate {
				point [
					-99.4 -0.125 -2991.5,
					-99.4 0.185583 -2991.54,
					-99.4 0.475 -2991.66,
					-99.4 0.723528 -2991.85,
					-99.4 0.91423 -2992.1,
					-99.4 1.03411 -2992.39,
					-99.4 1.075 -2992.7,
					-99.4 1.03411 -2993.01,
					-99.4 0.91423 -2993.3,
					-99.4 0.723528 -2993.55,
					-99.4 0.475 -2993.74,
					-99.4 0.185583 -2993.86,
					-99.4 -0.125 -2993.9,
					-99.4 -0.435583 -2993.86,
					-99.4 -0.725 -2993.74,
					-99.4 -0.973528 -2993.55,
					-99.4 -1.16423 -2993.3,
					-99.4 -1.28411 -2993.01,
					-99.4 -1.325 -2992.7,
					-99.4 -1.28411 -2992.39,
					-99.4 -1.16423 -2992.1,
					-99.4 -0.973528 -2991.85,
					-99.4 -0.725 -2991.66,
					-99.4 -0.435583 -2991.54,
					99.4 -0.125 -2991.5,
					99.4 0.185583 -2991.54,
					99.4 0.475 -2991.66,
					99.4 0.723528 -2991.85,
					99.4 0.91423 -2992.1,
					99.4 1.03411 -2992.39,
					99.4 1.075 -2992.7,
					99.4 1.03411 -2993.01,
					99.4 0.91423 -2993.3,
					99.4 0.723528 -2993.55,
					99.4 0.475 -2993.74,
					99.4 0.185583 -2993.86,
					99.4 -0.125 -2993.9,
					99.4 -0.435583 -2993.86,
					99.4 -0.725 -2993.74,
					99.4 -0.973528 -2993.55,
					99.4 -1.16423 -2993.3,
					99.4 -1.28411 -2993.01,
					99.4 -1.325 -2992.7,
					99.4 -1.28411 -2992.39,
					99.4 -1.16423 -2992.1,
					99.4 -0.973528 -2991.85,
					99.4 -0.725 -2991.66,
					99.4 -0.435583 -2991.54,
					-99.4 -0.125 -2992.7,
					99.4 -0.125 -2992.7,
				]
			}
			coordIndex [
				0, 24, 25, 1, -1,
				1, 25, 26, 2, -1,
				2, 26, 27, 3, -1,
				3, 27, 28, 4, -1,
				4, 28, 29, 5, -1,
				5, 29, 30, 6, -1,
				6, 30, 31, 7, -1,
				7, 31, 32, 8, -1,
				8, 32, 33, 9, -1,
				9, 33, 34, 10, -1,
				10, 34, 35, 11, -1,
				11, 35, 36, 12, -1,
				12, 36, 37, 13, -1,
				13, 37, 38, 14, -1,
				14, 38, 39, 15, -1,
				15, 39, 40, 16, -1,
				16, 40, 41, 17, -1,
				17, 41, 42, 18, -1,
				18, 42, 43, 19, -1,
				19, 43, 44, 20, -1,
				20, 44, 45, 21, -1,
				21, 45, 46, 22, -1,
				22, 46, 47, 23, -1,
				23, 47, 24, 0, -1,
				48, 0, 1, -1,
				48, 1, 2, -1,
				48, 2, 3, -1,
				48, 3, 4, -1,
				48, 4, 5, -1,
				48, 5, 6, -1,
				48, 6, 7, -1,
				48, 7, 8, -1,
				48, 8, 9, -1,
				48, 9, 10, -1,
				48, 10, 11, -1,
				48, 11, 12, -1,
				48, 12, 13, -1,
				48, 13, 14, -1,
				48, 14, 15, -1,
				48, 15, 16, -1,
				48, 16, 17, -1,
				48, 17, 18, -1,
				48, 18, 19, -1,
				48, 19, 20, -1,
				48, 20, 21, -1,
				48, 21, 22, -1,
				48, 22, 23, -1,
				48, 23, 0, -1,
				24, 49, 25, -1,
				25, 49, 26, -1,
				26, 49, 27, -1,
				27, 49, 28, -1,
				28, 49, 29, -1,
				29, 49, 30, -1,
				30, 49, 31, -1,
				31, 49, 32, -1,
				32, 49, 33, -1,
				33, 49, 34, -1,
				34, 49, 35, -1,
				35, 49, 36, -1,
				36, 49, 37, -1,
				37, 49, 38, -1,
				38, 49, 39, -1,
				39, 49, 40, -1,
				40, 49, 41, -1,
				41, 49, 42, -1,
				42, 49, 43, -1,
				43, 49, 44, -1,
				44, 49, 45, -1,
				45, 49, 46, -1,
				46, 49, 47, -1,
				47, 49, 24, -1,
			]
			solid FALSE
		}
	}
#---------- SOLID: FiberClad1_X.201
	Shape {
		appearance Appearance {
			material Material {
				diffuseColor 0 1 0
				transparency 0.7
			}
		}
		geometry IndexedFaceSet {
			coord Coordinate {
				point [
					-99.4 -0.125 -2991.6,
					-99.4 0.159701 -2991.64,
					-99.4 0.425 -2991.75,
					-99.4 0.652817 -2991.92,
					-99.4 0.827628 -2992.15,
					-99.4 0.937518 -2992.42,
					-99.4 0.975 -2992.7,
					-99.4 0.937518 -2992.98,
					-99.4 0.827628 -2993.25,
					-99.4 0.652817 -2993.48,
					-99.4 0.425 -2993.65,
					-99.4 0.159701 -2993.76,
					-99.4 -0.125 -2993.8,
					-99.4 -0.409701 -2993.76,
					-99.4 -0.675 -2993.65,
					-99.4 -0.902817 -2993.48,
					-99.4 -1.07763 -2993.25,
					-99.4 -1.18752 -2992.98,
					-99.4 -1.225 -2992.7,
					-99.4 -1.18752 -2992.42,
					-99.4 -1.07763 -2992.15,
					-99.4 -0.902817 -2991.92,
					-99.4 -0.675 -2991.75,
					-99.4 -0.409701 -2991.64,
					99.4 -0.125 -2991.6,
					99.4 0.159701 -2991.64,
					99.4 0.425 -2991.75,
					99.4 0.652817 -2991.92,
					99.4 0.827628 -2992.15,
					99.4 0.937518 -2992.42,
					99.4 0.975 -2992.7,
					99.4 0.937518 -2992.98,
					99.4 0.827628 -2993.25,
					99.4 0.652817 -2993.48,
					99.4 0.425 -2993.65,
					99.4 0.159701 -2993.76,
					99.4 -0.125 -2993.8,
					99.4 -0.409701 -2993.76,
					99.4 -0.675 -2993.65,
					99.4 -0.902817 -2993.48,
					99.4 -1.07763 -2993.25,
					99.4 -1.18752 -2992.98,
					99.4 -1.225 -2992.7,
					99.4 -1.18752 -2992.42,
					99.4 -1.07763 -2992.15,
					99.4 -0.902817 -2991.92,
					99.4 -0.675 -2991.75,
					99.4 -0.409701 -2991.64,
					-99.4 -0.125 -2992.7,
					99.4 -0.125 -2992.7,
				]
			}
			coordIndex [
				0, 24, 25, 1, -1,
				1, 25, 26, 2, -1,
				2, 26, 27, 3, -1,
				3, 27, 28, 4, -1,
				4, 28, 29, 5, -1,
				5, 29, 30, 6, -1,
				6, 30, 31, 7, -1,
				7, 31, 32, 8, -1,
				8, 32, 33, 9, -1,
				9, 33, 34, 10, -1,
				10, 34, 35, 11, -1,
				11, 35, 36, 12, -1,
				12, 36, 37, 13, -1,
				13, 37, 38, 14, -1,
				14, 38, 39, 15, -1,
				15, 39, 40, 16, -1,
				16, 40, 41, 17, -1,
				17, 41, 42, 18, -1,
				18, 42, 43, 19, -1,
				19, 43, 44, 20, -1,
				20, 44, 45, 21, -1,
				21, 45, 46, 22, -1,
				22, 46, 47, 23, -1,
				23, 47, 24, 0, -1,
				48, 0, 1, -1,
				48, 1, 2, -1,
				48, 2, 3, -1,
				48, 3, 4, -1,
				48, 4, 5, -1,
				48, 5, 6, -1,
				48, 6, 7, -1,
				48, 7, 8, -1,
				48, 8, 9, -1,
				48, 9, 10, -1,
				48, 10, 11, -1,
				48, 11, 12, -1,
				48, 12, 13, -1,
				48, 13, 14, -1,
				48, 14, 15, -1,
				48, 15, 16, -1,
				48, 16, 17, -1,
				48, 17, 18, -1,
				48, 18, 19, -1,
				48, 19, 20, -1,
				48, 20, 21, -1,
				48, 21, 22, -1,
				48, 22, 23, -1,
				48, 23, 0, -1,
				24, 49, 25, -1,
				25, 49, 26, -1,
				26, 49, 27, -1,
				27, 49, 28, -1,
				28, 49, 29, -1,
				29, 49, 30, -1,
				30, 49, 31, -1,
				31, 49, 32, -1,
				32, 49, 33, -1,
				33, 49, 34, -1,
				34, 49, 35, -1,
				35, 49, 36, -1,
				36, 49, 37, -1,
				37, 49, 38, -1,
				38, 49, 39, -1,
				39, 49, 40, -1,
				40, 49, 41, -1,
				41, 49, 42, -1,
				42, 49, 43, -1,
				43, 49, 44, -1,
				44, 49, 45, -1,
				45, 49, 46, -1,
				46, 49, 47, -1,
				47, 49, 24, -1,
			]
			solid FALSE
		}
	}
#---------- SOLID: Fiber_X.201
	Shape {
		appearance Appearance {
			material Material {
				diffuseColor 0 1 0
				transparency 0.7
			}
		}
		geometry IndexedFaceSet {
			coord Coordinate {
				point [
					-99.4 -0.125 -2991.7,
					-99.4 0.133819 -2991.73,
					-99.4 0.375 -2991.83,
					-99.4 0.582107 -2991.99,
					-99.4 0.741025 -2992.2,
					-99.4 0.840926 -2992.44,
					-99.4 0.875 -2992.7,
					-99.4 0.840926 -2992.96,
					-99.4 0.741025 -2993.2,
					-99.4 0.582107 -2993.41,
					-99.4 0.375 -2993.57,
					-99.4 0.133819 -2993.67,
					-99.4 -0.125 -2993.7,
					-99.4 -0.383819 -2993.67,
					-99.4 -0.625 -2993.57,
					-99.4 -0.832107 -2993.41,
					-99.4 -0.991025 -2993.2,
					-99.4 -1.09093 -2992.96,
					-99.4 -1.125 -2992.7,
					-99.4 -1.09093 -2992.44,
					-99.4 -0.991025 -2992.2,
					-99.4 -0.832107 -2991.99,
					-99.4 -0.625 -2991.83,
					-99.4 -0.383819 -2991.73,
					99.4 -0.125 -2991.7,
					99.4 0.133819 -2991.73,
					99.4 0.375 -2991.83,
					99.4 0.582107 -2991.99,
					99.4 0.741025 -2992.2,
					99.4 0.840926 -2992.44,
					99.4 0.875 -2992.7,
					99.4 0.840926 -2992.96,
					99.4 0.741025 -2993.2,
					99.4 0.582107 -2993.41,
					99.4 0.375 -2993.57,
					99.4 0.133819 -2993.67,
					99.4 -0.125 -2993.7,
					99.4 -0.383819 -2993.67,
					99.4 -0.625 -2993.57,
					99.4 -0.832107 -2993.41,
					99.4 -0.991025 -2993.2,
					99.4 -1.09093 -2992.96,
					99.4 -1.125 -2992.7,
					99.4 -1.09093 -2992.44,
					99.4 -0.991025 -2992.2,
					99.4 -0.832107 -2991.99,
					99.4 -0.625 -2991.83,
					99.4 -0.383819 -2991.73,
					-99.4 -0.125 -2992.7,
					99.4 -0.125 -2992.7,
				]
			}
			coordIndex [
				0, 24, 25, 1, -1,
				1, 25, 26, 2, -1,
				2, 26, 27, 3, -1,
				3, 27, 28, 4, -1,
				4, 28, 29, 5, -1,
				5, 29, 30, 6, -1,
				6, 30, 31, 7, -1,
				7, 31, 32, 8, -1,
				8, 32, 33, 9, -1,
				9, 33, 34, 10, -1,
				10, 34, 35, 11, -1,
				11, 35, 36, 12, -1,
				12, 36, 37, 13, -1,
				13, 37, 38, 14, -1,
				14, 38, 39, 15, -1,
				15, 39, 40, 16, -1,
				16, 40, 41, 17, -1,
				17, 41, 42, 18, -1,
				18, 42, 43, 19, -1,
				19, 43, 44, 20, -1,
				20, 44, 45, 21, -1,
				21, 45, 46, 22, -1,
				22, 46, 47, 23, -1,
				23, 47, 24, 0, -1,
				48, 0, 1, -1,
				48, 1, 2, -1,
				48, 2, 3, -1,
				48, 3, 4, -1,
				48, 4, 5, -1,
				48, 5, 6, -1,
				48, 6, 7, -1,
				48, 7, 8, -1,
				48, 8, 9, -1,
				48, 9, 10, -1,
				48, 10, 11, -1,
				48, 11, 12, -1,
				48, 12, 13, -1,
				48, 13, 14, -1,
				48, 14, 15, -1,
				48, 15, 16, -1,
				48, 16, 17, -1,
				48, 17, 18, -1,
				48, 18, 19, -1,
				48, 19, 20, -1,
				48, 20, 21, -1,
				48, 21, 22, -1,
				48, 22, 23, -1,
				48, 23, 0, -1,
				24, 49, 25, -1,
				25, 49, 26, -1,
				26, 49, 27, -1,
				27, 49, 28, -1,
				28, 49, 29, -1,
				29, 49, 30, -1,
				30, 49, 31, -1,
				31, 49, 32, -1,
				32, 49, 33, -1,
				33, 49, 34, -1,
				34, 49, 35, -1,
				35, 49, 36, -1,
				36, 49, 37, -1,
				37, 49, 38, -1,
				38, 49, 39, -1,
				39, 49, 40, -1,
				40, 49, 41, -1,
				41, 49, 42, -1,
				42, 49, 43, -1,
				43, 49, 44, -1,
				44, 49, 45, -1,
				45, 49, 46, -1,
				46, 49, 47, -1,
				47, 49, 24, -1,
			]
			solid FALSE
		}
	}
#---------- SOLID: Pixel_X201.201
	Shape {
		appearance Appearance {
			material Material {
				diffuseColor 0 0 1
				transparency 0.7
			}
		}
		geometry IndexedFaceSet {
			coord Coordinate {
				point [
					99.6 -1.425 -2994,
					99.6 -1.425 -2991.4,
					99.6 1.175 -2991.4,
					99.6 1.175 -2994,
					99.4 -1.425 -2994,
					99.4 -1.425 -2991.4,
					99.4 1.175 -2991.4,
					99.4 1.175 -2994,
				]
			}
			coordIndex [
				0, 3, 2, 1, -1,
				4, 7, 3, 0, -1,
				7, 6, 2, 3, -1,
				6, 5, 1, 2, -1,
				5, 4, 0, 1, -1,
				4, 5, 6, 7, -1,
			]
			solid FALSE
		}
	}
#---------- SOLID: BarCoating_K.202
	Shape {
		appearance Appearance {
			material Material {
				diffuseColor 1 1 1
				transparency 0.7
			}
		}
		geometry IndexedFaceSet {
			coord Coordinate {
				point [
					-100.375 100.25 -3011.25,
					-100.375 -100.25 -3011.25,
					100.125 -100.25 -3011.25,
					100.125 100.25 -3011.25,
					-100.375 100.25 -3000.75,
					-100.375 -100.25 -3000.75,
					100.125 -100.25 -3000.75,
					100.125 100.25 -3000.75,
				]
			}
			coordIndex [
				0, 3, 2, 1, -1,
				4, 7, 3, 0, -1,
				7, 6, 2, 3, -1,
				6, 5, 1, 2, -1,
				5, 4, 0, 1, -1,
				4, 5, 6, 7, -1,
			]
			solid FALSE
		}
	}
#---------- SOLID: BarScin_K.202
	Shape {
		appearance Appearance {
			material Material {
				diffuseColor 1 1 1
				transparency 0.7
			}
		}
		geometry IndexedFaceSet {
			coord Coordinate {
				point [
					-100.125 100 -3011,
					-100.125 -100 -3011,
					99.875 -100 -3011,
					99.875 100 -3011,
					-100.125 100 -3001,
					-100.125 -100 -3001,
					99.875 -100 -3001,
					99.875 100 -3001,
				]
			}
			coordIndex [
				0, 3, 2, 1, -1,
				4, 7, 3, 0, -1,
				7, 6, 2, 3, -1,
				6, 5, 1, 2, -1,
				5, 4, 0, 1, -1,
				4, 5, 6, 7, -1,
			]
			solid FALSE
		}
	}
#---------- SOLID: FiberClad2_K.202
	Shape {
		appearance Appearance {
			material Material {
				diffuseColor 0 1 0
				transparency 0.7
			}
		}
		geometry IndexedFaceSet {
			coord Coordinate {
				point [
					-0.125 99.4 -3003.5,
					0.185583 99.4 -3003.54,
					0.475 99.4 -3003.66,
					0.723528 99.4 -3003.85,
					0.91423 99.4 -3004.1,
					1.03411 99.4 -3004.39,
					1.075 99.4 -3004.7,
					1.03411 99.4 -3005.01,
					0.91423 99.4 -3005.3,
					0.723528 99.4 -3005.55,
					0.475 99.4 -3005.74,
					0.185583 99.4 -3005.86,
					-0.125 99.4 -3005.9,
					-0.435583 99.4 -3005.86,
					-0.725 99.4 -3005.74,
					-0.973528 99.4 -3005.55,
					-1.16423 99.4 -3005.3,
					-1.28411 99.4 -3005.01,
					-1.325 99.4 -3004.7,
					-1.28411 99.4 -3004.39,
					-1.16423 99.4 -3004.1,
					-0.973528 99.4 -3003.85,
					-0.725 99.4 -3003.66,
					-0.435583 99.4 -3003.54,
					-0.125 -99.4 -3003.5,
					0.185583 -99.4 -3003.54,
					0.475 -99.4 -3003.66,
					0.723528 -99.4 -3003.85,
					0.91423 -99.4 -3004.1,
					1.03411 -99.4 -3004.39,
					1.075 -99.4 -3004.7,
					1.03411 -99.4 -3005.01,
					0.91423 -99.4 -3005.3,
					0.723528 -99.4 -3005.55,
					0.475 -99.4 -3005.74,
					0.185583 -99.4 -3005.86,
					-0.125 -99.4 -3005.9,
					-0.435583 -99.4 -3005.86,
					-0.725 -99.4 -3005.74,
					-0.973528 -99.4 -3005.55,
					-1.16423 -99.4 -3005.3,
					-1.28411 -99.4 -3005.01,
					-1.325 -99.4 -3004.7,
					-1.28411 -99.4 -3004.39,
					-1.16423 -99.4 -3004.1,
					-0.973528 -99.4 -3003.85,
					-0.725 -99.4 -3003.66,
					-0.435583 -99.4 -3003.54,
					-0.125 99.4 -3004.7,
					-0.125 -99.4 -3004.7,
				]
			}
			coordIndex [
				0, 24, 25, 1, -1,
				1, 25, 26, 2, -1,
				2, 26, 27, 3, -1,
				3, 27, 28, 4, -1,
				4, 28, 29, 5, -1,
				5, 29, 30, 6, -1,
				6, 30, 31, 7, -1,
				7, 31, 32, 8, -1,
				8, 32, 33, 9, -1,
				9, 33, 34, 10, -1,
				10, 34, 35, 11, -1,
				11, 35, 36, 12, -1,
				12, 36, 37, 13, -1,
				13, 37, 38, 14, -1,
				14, 38, 39, 15, -1,
				15, 39, 40, 16, -1,
				16, 40, 41, 17, -1,
				17, 41, 42, 18, -1,
				18, 42, 43, 19, -1,
				19, 43, 44, 20, -1,
				20, 44, 45, 21, -1,
				21, 45, 46, 22, -1,
				22, 46, 47, 23, -1,
				23, 47, 24, 0, -1,
				48, 0, 1, -1,
				48, 1, 2, -1,
				48, 2, 3, -1,
				48, 3, 4, -1,
				48, 4, 5, -1,
				48, 5, 6, -1,
				48, 6, 7, -1,
				48, 7, 8, -1,
				48, 8, 9, -1,
				48, 9, 10, -1,
				48, 10, 11, -1,
				48, 11, 12, -1,
				48, 12, 13, -1,
				48, 13, 14, -1,
				48, 14, 15, -1,
				48, 15, 16, -1,
				48, 16, 17, -1,
				48, 17, 18, -1,
				48, 18, 19, -1,
				48, 19, 20, -1,
				48, 20, 21, -1,
				48, 21, 22, -1,
				48, 22, 23, -1,
				48, 23, 0, -1,
				24, 49, 25, -1,
				25, 49, 26, -1,
				26, 49, 27, -1,
				27, 49, 28, -1,
				28, 49, 29, -1,
				29, 49, 30, -1,
				30, 49, 31, -1,
				31, 49, 32, -1,
				32, 49, 33, -1,
				33, 49, 34, -1,
				34, 49, 35, -1,
				35, 49, 36, -1,
				36, 49, 37, -1,
				37, 49, 38, -1,
				38, 49, 39, -1,
				39, 49, 40, -1,
				40, 49, 41, -1,
				41, 49, 42, -1,
				42, 49, 43, -1,
				43, 49, 44, -1,
				44, 49, 45, -1,
				45, 49, 46, -1,
				46, 49, 47, -1,
				47, 49, 24, -1,
			]
			solid FALSE
		}
	}
#---------- SOLID: FiberClad1_K.202
	Shape {
		appearance Appearance {
			material Material {
				diffuseColor 0 1 0
				transparency 0.7
			}
		}
		geometry IndexedFaceSet {
			coord Coordinate {
				point [
					-0.125 99.4 -3003.6,
					0.159701 99.4 -3003.64,
					0.425 99.4 -3003.75,
					0.652817 99.4 -3003.92,
					0.827628 99.4 -3004.15,
					0.937518 99.4 -3004.42,
					0.975 99.4 -3004.7,
					0.937518 99.4 -3004.98,
					0.827628 99.4 -3005.25,
					0.652817 99.4 -3005.48,
					0.425 99.4 -3005.65,
					0.159701 99.4 -3005.76,
					-0.125 99.4 -3005.8,
					-0.409701 99.4 -3005.76,
					-0.675 99.4 -3005.65,
					-0.902817 99.4 -3005.48,
					-1.07763 99.4 -3005.25,
					-1.18752 99.4 -3004.98,
					-1.225 99.4 -3004.7,
					-1.18752 99.4 -3004.42,
					-1.07763 99.4 -3004.15,
					-0.902817 99.4 -3003.92,
					-0.675 99.4 -3003.75,
					-0.409701 99.4 -3003.64,
					-0.125 -99.4 -3003.6,
					0.159701 -99.4 -3003.64,
					0.425 -99.4 -3003.75,
					0.652817 -99.4 -3003.92,
					0.827628 -99.4 -3004.15,
					0.937518 -99.4 -3004.42,
					0.975 -99.4 -3004.7,
					0.937518 -99.4 -3004.98,
					0.827628 -99.4 -3005.25,
					0.652817 -99.4 -3005.48,
					0.425 -99.4 -3005.65,
					0.159701 -99.4 -3005.76,
					-0.125 -99.4 -3005.8,
					-0.409701 -99.4 -3005.76,
					-0.675 -99.4 -3005.65,
					-0.902817 -99.4 -3005.48,
					-1.07763 -99.4 -3005.25,
					-1.18752 -99.4 -3004.98,
					-1.225 -99.4 -3004.7,
					-1.18752 -99.4 -3004.42,
					-1.07763 -99.4 -3004.15,
					-0.902817 -99.4 -3003.92,
					-0.675 -99.4 -3003.75,
					-0.409701 -99.4 -3003.64,
					-0.125 99.4 -3004.7,
					-0.125 -99.4 -3004.7,
				]
			}
			coordIndex [
				0, 24, 25, 1, -1,
				1, 25, 26, 2, -1,
				2, 26, 27, 3, -1,
				3, 27, 28, 4, -1,
				4, 28, 29, 5, -1,
				5, 29, 30, 6, -1,
				6, 30, 31, 7, -1,
				7, 31, 32, 8, -1,
				8, 32, 33, 9, -1,
				9, 33, 34, 10, -1,
				10, 34, 35, 11, -1,
				11, 35, 36, 12, -1,
				12, 36, 37, 13, -1,
				13, 37, 38, 14, -1,
				14, 38, 39, 15, -1,
				15, 39, 40, 16, -1,
				16, 40, 41, 17, -1,
				17, 41, 42, 18, -1,
				18, 42, 43, 19, -1,
				19, 43, 44, 20, -1,
				20, 44, 45, 21, -1,
				21, 45, 46, 22, -1,
				22, 46, 47, 23, -1,
				23, 47, 24, 0, -1,
				48, 0, 1, -1,
				48, 1, 2, -1,
				48, 2, 3, -1,
				48, 3, 4, -1,
				48, 4, 5, -1,
				48, 5, 6, -1,
				48, 6, 7, -1,
				48, 7, 8, -1,
				48, 8, 9, -1,
				48, 9, 10, -1,
				48, 10, 11, -1,
				48, 11, 12, -1,
				48, 12, 13, -1,
				48, 13, 14, -1,
				48, 14, 15, -1,
				48, 15, 16, -1,
				48, 16, 17, -1,
				48, 17, 18, -1,
				48, 18, 19, -1,
				48, 19, 20, -1,
				48, 20, 21, -1,
				48, 21, 22, -1,
				48, 22, 23, -1,
				48, 23, 0, -1,
				24, 49, 25, -1,
				25, 49, 26, -1,
				26, 49, 27, -1,
				27, 49, 28, -1,
				28, 49, 29, -1,
				29, 49, 30, -1,
				30, 49, 31, -1,
				31, 49, 32, -1,
				32, 49, 33, -1,
				33, 49, 34, -1,
				34, 49, 35, -1,
				35, 49, 36, -1,
				36, 49, 37, -1,
				37, 49, 38, -1,
				38, 49, 39, -1,
				39, 49, 40, -1,
				40, 49, 41, -1,
				41, 49, 42, -1,
				42, 49, 43, -1,
				43, 49, 44, -1,
				44, 49, 45, -1,
				45, 49, 46, -1,
				46, 49, 47, -1,
				47, 49, 24, -1,
			]
			solid FALSE
		}
	}
#---------- SOLID: Fiber_K.202
	Shape {
		appearance Appearance {
			material Material {
				diffuseColor 0 1 0
				transparency 0.7
			}
		}
		geometry IndexedFaceSet {
			coord Coordinate {
				point [
					-0.125 99.4 -3003.7,
					0.133819 99.4 -3003.73,
					0.375 99.4 -3003.83,
					0.582107 99.4 -3003.99,
					0.741025 99.4 -3004.2,
					0.840926 99.4 -3004.44,
					0.875 99.4 -3004.7,
					0.840926 99.4 -3004.96,
					0.741025 99.4 -3005.2,
					0.582107 99.4 -3005.41,
					0.375 99.4 -3005.57,
					0.133819 99.4 -3005.67,
					-0.125 99.4 -3005.7,
					-0.383819 99.4 -3005.67,
					-0.625 99.4 -3005.57,
					-0.832107 99.4 -3005.41,
					-0.991025 99.4 -3005.2,
					-1.09093 99.4 -3004.96,
					-1.125 99.4 -3004.7,
					-1.09093 99.4 -3004.44,
					-0.991025 99.4 -3004.2,
					-0.832107 99.4 -3003.99,
					-0.625 99.4 -3003.83,
					-0.383819 99.4 -3003.73,
					-0.125 -99.4 -3003.7,
					0.133819 -99.4 -3003.73,
					0.375 -99.4 -3003.83,
					0.582107 -99.4 -3003.99,
					0.741025 -99.4 -3004.2,
					0.840926 -99.4 -3004.44,
					0.875 -99.4 -3004.7,
					0.840926 -99.4 -3004.96,
					0.741025 -99.4 -3005.2,
					0.582107 -99.4 -3005.41,
					0.375 -99.4 -3005.57,
					0.133819 -99.4 -3005.67,
					-0.125 -99.4 -3005.7,
					-0.383819 -99.4 -3005.67,
					-0.625 -99.4 -3005.57,
					-0.832107 -99.4 -3005.41,
					-0.991025 -99.4 -3005.2,
					-1.09093 -99.4 -3004.96,
					-1.125 -99.4 -3004.7,
					-1.09093 -99.4 -3004.44,
					-0.991025 -99.4 -3004.2,
					-0.832107 -99.4 -3003.99,
					-0.625 -99.4 -3003.83,
					-0.383819 -99.4 -3003.73,
					-0.125 99.4 -3004.7,
					-0.125 -99.4 -3004.7,
				]
			}
			coordIndex [
				0, 24, 25, 1, -1,
				1, 25, 26, 2, -1,
				2, 26, 27, 3, -1,
				3, 27, 28, 4, -1,
				4, 28, 29, 5, -1,
				5, 29, 30, 6, -1,
				6, 30, 31, 7, -1,
				7, 31, 32, 8, -1,
				8, 32, 33, 9, -1,
				9, 33, 34, 10, -1,
				10, 34, 35, 11, -1,
				11, 35, 36, 12, -1,
				12, 36, 37, 13, -1,
				13, 37, 38, 14, -1,
				14, 38, 39, 15, -1,
				15, 39, 40, 16, -1,
				16, 40, 41, 17, -1,
				17, 41, 42, 18, -1,
				18, 42, 43, 19, -1,
				19, 43, 44, 20, -1,
				20, 44, 45, 21, -1,
				21, 45, 46, 22, -1,
				22, 46, 47, 23, -1,
				23, 47, 24, 0, -1,
				48, 0, 1, -1,
				48, 1, 2, -1,
				48, 2, 3, -1,
				48, 3, 4, -1,
				48, 4, 5, -1,
				48, 5, 6, -1,
				48, 6, 7, -1,
				48, 7, 8, -1,
				48, 8, 9, -1,
				48, 9, 10, -1,
				48, 10, 11, -1,
				48, 11, 12, -1,
				48, 12, 13, -1,
				48, 13, 14, -1,
				48, 14, 15, -1,
				48, 15, 16, -1,
				48, 16, 17, -1,
				48, 17, 18, -1,
				48, 18, 19, -1,
				48, 19, 20, -1,
				48, 20, 21, -1,
				48, 21, 22, -1,
				48, 22, 23, -1,
				48, 23, 0, -1,
				24, 49, 25, -1,
				25, 49, 26, -1,
				26, 49, 27, -1,
				27, 49, 28, -1,
				28, 49, 29, -1,
				29, 49, 30, -1,
				30, 49, 31, -1,
				31, 49, 32, -1,
				32, 49, 33, -1,
				33, 49, 34, -1,
				34, 49, 35, -1,
				35, 49, 36, -1,
				36, 49, 37, -1,
				37, 49, 38, -1,
				38, 49, 39, -1,
				39, 49, 40, -1,
				40, 49, 41, -1,
				41, 49, 42, -1,
				42, 49, 43, -1,
				43, 49, 44, -1,
				44, 49, 45, -1,
				45, 49, 46, -1,
				46, 49, 47, -1,
				47, 49, 24, -1,
			]
			solid FALSE
		}
	}
#---------- SOLID: Pixel_K202.202
	Shape {
		appearance Appearance {
			material Material {
				diffuseColor 0 0 1
				transparency 0.7
			}
		}
		geometry IndexedFaceSet {
			coord Coordinate {
				point [
					-1.425 -99.6 -3006,
					-1.425 -99.6 -3003.4,
					1.175 -99.6 -3003.4,
					1.175 -99.6 -3006,
					-1.425 -99.4 -3006,
					-1.425 -99.4 -3003.4,
					1.175 -99.4 -3003.4,
					1.175 -99.4 -3006,
				]
			}
			coordIndex [
				0, 3, 2, 1, -1,
				4, 7, 3, 0, -1,
				7, 6, 2, 3, -1,
				6, 5, 1, 2, -1,
				5, 4, 0, 1, -1,
				4, 5, 6, 7, -1,
			]
			solid FALSE
		}
	}
#---------- SOLID: Enclosure.2
	Shape {
		appearance Appearance {
			material Material {
				diffuseColor 1 1 1
				transparency 0.7
			}
		}
		geometry IndexedFaceSet {
			coord Coordinate {
				point [
					-281.35 -281.35 -2100,
					281.35 -281.35 -2100,
					281.35 281.35 -2100,
					-281.35 281.35 -2100,
					-281.35 -281.35 -1900,
					281.35 -281.35 -1900,
					281.35 281.35 -1900,
					-281.35 281.35 -1900,
				]
			}
			coordIndex [
				0, 3, 2, 1, -1,
				4, 7, 3, 0, -1,
				7, 6, 2, 3, -1,
				6, 5, 1, 2, -1,
				5, 4, 0, 1, -1,
				4, 5, 6, 7, -1,
			]
			solid FALSE
		}
	}
#---------- SOLID: Casing_3.3
	Shape {
		appearance Appearance {
			material Material {
				diffuseColor 1 1 1
				transparency 0.7
			}
		}
		geometry IndexedFaceSet {
			coord Coordinate {
				point [
					-281.35 -281.35 -2100,
					281.35 -281.35 -2100,
					281.35 281.35 -2100,
					-281.35 281.35 -2100,
					-281.35 -281.35 -1900,
					281.35 -281.35 -1900,
					281.35 281.35 -1900,
					-281.35 281.35 -1900,
				]
			}
			coordIndex [
				0, 3, 2, 1, -1,
				4, 7, 3, 0, -1,
				7, 6, 2, 3, -1,
				6, 5, 1, 2, -1,
				5, 4, 0, 1, -1,
				4, 5, 6, 7, -1,
			]
			solid FALSE
		}
	}
#---------- SOLID: BarCoating_Z.301
	Shape {
		appearance Appearance {
			material Material {
				diffuseColor 1 1 1
				transparency 0.7
			}
		}
		geometry IndexedFaceSet {
			coord Coordinate {
				point [
					-100.25 -100.375 -1999.25,
					100.25 -100.375 -1999.25,
					100.25 100.125 -1999.25,
					-100.25 100.125 -1999.25,
					-100.25 -100.375 -1948.75,
					100.25 -100.375 -1948.75,
					100.25 100.125 -1948.75,
					-100.25 100.125 -1948.75,
				]
			}
			coordIndex [
				0, 3, 2, 1, -1,
				4, 7, 3, 0, -1,
				7, 6, 2, 3, -1,
				6, 5, 1, 2, -1,
				5, 4, 0, 1, -1,
				4, 5, 6, 7, -1,
			]
			solid FALSE
		}
	}
#---------- SOLID: BarScin_Z.301
	Shape {
		appearance Appearance {
			material Material {
				diffuseColor 1 1 1
				transparency 0.7
			}
		}
		geometry IndexedFaceSet {
			coord Coordinate {
				point [
					-100 -100.125 -1999,
					100 -100.125 -1999,
					100 99.875 -1999,
					-100 99.875 -1999,
					-100 -100.125 -1949,
					100 -100.125 -1949,
					100 99.875 -1949,
					-100 99.875 -1949,
				]
			}
			coordIndex [
				0, 3, 2, 1, -1,
				4, 7, 3, 0, -1,
				7, 6, 2, 3, -1,
				6, 5, 1, 2, -1,
				5, 4, 0, 1, -1,
				4, 5, 6, 7, -1,
			]
			solid FALSE
		}
	}
#---------- SOLID: FiberClad2_Z.301
	Shape {
		appearance Appearance {
			material Material {
				diffuseColor 0 1 0
				transparency 0.7
			}
		}
		geometry IndexedFaceSet {
			coord Coordinate {
				point [
					-99.4 -0.125 -1971.5,
					-99.4 0.185583 -1971.54,
					-99.4 0.475 -1971.66,
					-99.4 0.723528 -1971.85,
					-99.4 0.91423 -1972.1,
					-99.4 1.03411 -1972.39,
					-99.4 1.075 -1972.7,
					-99.4 1.03411 -1973.01,
					-99.4 0.91423 -1973.3,
					-99.4 0.723528 -1973.55,
					-99.4 0.475 -1973.74,
					-99.4 0.185583 -1973.86,
					-99.4 -0.125 -1973.9,
					-99.4 -0.435583 -1973.86,
					-99.4 -0.725 -1973.74,
					-99.4 -0.973528 -1973.55,
					-99.4 -1.16423 -1973.3,
					-99.4 -1.28411 -1973.01,
					-99.4 -1.325 -1972.7,
					-99.4 -1.28411 -1972.39,
					-99.4 -1.16423 -1972.1,
					-99.4 -0.973528 -1971.85,
					-99.4 -0.725 -1971.66,
					-99.4 -0.435583 -1971.54,
					99.4 -0.125 -1971.5,
					99.4 0.185583 -1971.54,
					99.4 0.475 -1971.66,
					99.4 0.723528 -1971.85,
					99.4 0.91423 -1972.1,
					99.4 1.03411 -1972.39,
					99.4 1.075 -1972.7,
					99.4 1.03411 -1973.01,
					99.4 0.91423 -1973.3,
					99.4 0.723528 -1973.55,
					99.4 0.475 -1973.74,
					99.4 0.185583 -1973.86,
					99.4 -0.125 -1973.9,
					99.4 -0.435583 -1973.86,
					99.4 -0.725 -1973.74,
					99.4 -0.973528 -1973.55,
					99.4 -1.16423 -1973.3,
					99.4 -1.28411 -1973.01,
					99.4 -1.325 -1972.7,
					99.4 -1.28411 -1972.39,
					99.4 -1.16423 -1972.1,
					99.4 -0.973528 -1971.85,
					99.4 -0.725 -1971.66,
					99.4 -0.435583 -1971.54,
					-99.4 -0.125 -1972.7,
					99.4 -0.125 -1972.7,
				]
			}
			coordIndex [
				0, 24, 25, 1, -1,
				1, 25, 26, 2, -1,
				2, 26, 27, 3, -1,
				3, 27, 28, 4, -1,
				4, 28, 29, 5, -1,
				5, 29, 30, 6, -1,
				6, 30, 31, 7, -1,
				7, 31, 32, 8, -1,
				8, 32, 33, 9, -1,
				9, 33, 34, 10, -1,
				10, 34, 35, 11, -1,
				11, 35, 36, 12, -1,
				12, 36, 37, 13, -1,
				13, 37, 38, 14, -1,
				14, 38, 39, 15, -1,
				15, 39, 40, 16, -1,
				16, 40, 41, 17, -1,
				17, 41, 42, 18, -1,
				18, 42, 43, 19, -1,
				19, 43, 44, 20, -1,
				20, 44, 45, 21, -1,
				21, 45, 46, 22, -1,
				22, 46, 47, 23, -1,
				23, 47, 24, 0, -1,
				48, 0, 1, -1,
				48, 1, 2, -1,
				48, 2, 3, -1,
				48, 3, 4, -1,
				48, 4, 5, -1,
				48, 5, 6, -1,
				48, 6, 7, -1,
				48, 7, 8, -1,
				48, 8, 9, -1,
				48, 9, 10, -1,
				48, 10, 11, -1,
				48, 11, 12, -1,
				48, 12, 13, -1,
				48, 13, 14, -1,
				48, 14, 15, -1,
				48, 15, 16, -1,
				48, 16, 17, -1,
				48, 17, 18, -1,
				48, 18, 19, -1,
				48, 19, 20, -1,
				48, 20, 21, -1,
				48, 21, 22, -1,
				48, 22, 23, -1,
				48, 23, 0, -1,
				24, 49, 25, -1,
				25, 49, 26, -1,
				26, 49, 27, -1,
				27, 49, 28, -1,
				28, 49, 29, -1,
				29, 49, 30, -1,
				30, 49, 31, -1,
				31, 49, 32, -1,
				32, 49, 33, -1,
				33, 49, 34, -1,
				34, 49, 35, -1,
				35, 49, 36, -1,
				36, 49, 37, -1,
				37, 49, 38, -1,
				38, 49, 39, -1,
				39, 49, 40, -1,
				40, 49, 41, -1,
				41, 49, 42, -1,
				42, 49, 43, -1,
				43, 49, 44, -1,
				44, 49, 45, -1,
				45, 49, 46, -1,
				46, 49, 47, -1,
				47, 49, 24, -1,
			]
			solid FALSE
		}
	}
#---------- SOLID: FiberClad1_Z.301
	Shape {
		appearance Appearance {
			material Material {
				diffuseColor 0 1 0
				transparency 0.7
			}
		}
		geometry IndexedFaceSet {
			coord Coordinate {
				point [
					-99.4 -0.125 -1971.6,
					-99.4 0.159701 -1971.64,
					-99.4 0.425 -1971.75,
					-99.4 0.652817 -1971.92,
					-99.4 0.827628 -1972.15,
					-99.4 0.937518 -1972.42,
					-99.4 0.975 -1972.7,
					-99.4 0.937518 -1972.98,
					-99.4 0.827628 -1973.25,
					-99.4 0.652817 -1973.48,
					-99.4 0.425 -1973.65,
					-99.4 0.159701 -1973.76,
					-99.4 -0.125 -1973.8,
					-99.4 -0.409701 -1973.76,
					-99.4 -0.675 -1973.65,
					-99.4 -0.902817 -1973.48,
					-99.4 -1.07763 -1973.25,
					-99.4 -1.18752 -1972.98,
					-99.4 -1.225 -1972.7,
					-99.4 -1.18752 -1972.42,
					-99.4 -1.07763 -1972.15,
					-99.4 -0.902817 -1971.92,
					-99.4 -0.675 -1971.75,
					-99.4 -0.409701 -1971.64,
					99.4 -0.125 -1971.6,
					99.4 0.159701 -1971.64,
					99.4 0.425 -1971.75,
					99.4 0.652817 -1971.92,
					99.4 0.827628 -1972.15,
					99.4 0.937518 -1972.42,
					99.4 0.975 -1972.7,
					99.4 0.937518 -1972.98,
					99.4 0.827628 -1973.25,
					99.4 0.652817 -1973.48,
					99.4 0.425 -1973.65,
					99.4 0.159701 -1973.76,
					99.4 -0.125 -1973.8,
					99.4 -0.409701 -1973.76,
					99.4 -0.675 -1973.65,
					99.4 -0.902817 -1973.48,
					99.4 -1.07763 -1973.25,
					99.4 -1.18752 -1972.98,
					99.4 -1.225 -1972.7,
					99.4 -1.18752 -1972.42,
					99.4 -1.07763 -1972.15,
					99.4 -0.902817 -1971.92,
					99.4 -0.675 -1971.75,
					99.4 -0.409701 -1971.64,
					-99.4 -0.125 -1972.7,
					99.4 -0.125 -1972.7,
				]
			}
			coordIndex [
				0, 24, 25, 1, -1,
				1, 25, 26, 2, -1,
				2, 26, 27, 3, -1,
				3, 27, 28, 4, -1,
				4, 28, 29, 5, -1,
				5, 29, 30, 6, -1,
				6, 30, 31, 7, -1,
				7, 31, 32, 8, -1,
				8, 32, 33, 9, -1,
				9, 33, 34, 10, -1,
				10, 34, 35, 11, -1,
				11, 35, 36, 12, -1,
				12, 36, 37, 13, -1,
				13, 37, 38, 14, -1,
				14, 38, 39, 15, -1,
				15, 39, 40, 16, -1,
				16, 40, 41, 17, -1,
				17, 41, 42, 18, -1,
				18, 42, 43, 19, -1,
				19, 43, 44, 20, -1,
				20, 44, 45, 21, -1,
				21, 45, 46, 22, -1,
				22, 46, 47, 23, -1,
				23, 47, 24, 0, -1,
				48, 0, 1, -1,
				48, 1, 2, -1,
				48, 2, 3, -1,
				48, 3, 4, -1,
				48, 4, 5, -1,
				48, 5, 6, -1,
				48, 6, 7, -1,
				48, 7, 8, -1,
				48, 8, 9, -1,
				48, 9, 10, -1,
				48, 10, 11, -1,
				48, 11, 12, -1,
				48, 12, 13, -1,
				48, 13, 14, -1,
				48, 14, 15, -1,
				48, 15, 16, -1,
				48, 16, 17, -1,
				48, 17, 18, -1,
				48, 18, 19, -1,
				48, 19, 20, -1,
				48, 20, 21, -1,
				48, 21, 22, -1,
				48, 22, 23, -1,
				48, 23, 0, -1,
				24, 49, 25, -1,
				25, 49, 26, -1,
				26, 49, 27, -1,
				27, 49, 28, -1,
				28, 49, 29, -1,
				29, 49, 30, -1,
				30, 49, 31, -1,
				31, 49, 32, -1,
				32, 49, 33, -1,
				33, 49, 34, -1,
				34, 49, 35, -1,
				35, 49, 36, -1,
				36, 49, 37, -1,
				37, 49, 38, -1,
				38, 49, 39, -1,
				39, 49, 40, -1,
				40, 49, 41, -1,
				41, 49, 42, -1,
				42, 49, 43, -1,
				43, 49, 44, -1,
				44, 49, 45, -1,
				45, 49, 46, -1,
				46, 49, 47, -1,
				47, 49, 24, -1,
			]
			solid FALSE
		}
	}
#---------- SOLID: Fiber_Z.301
	Shape {
		appearance Appearance {
			material Material {
				diffuseColor 0 1 0
				transparency 0.7
			}
		}
		geometry IndexedFaceSet {
			coord Coordinate {
				point [
					-99.4 -0.125 -1971.7,
					-99.4 0.133819 -1971.73,
					-99.4 0.375 -1971.83,
					-99.4 0.582107 -1971.99,
					-99.4 0.741025 -1972.2,
					-99.4 0.840926 -1972.44,
					-99.4 0.875 -1972.7,
					-99.4 0.840926 -1972.96,
					-99.4 0.741025 -1973.2,
					-99.4 0.582107 -1973.41,
					-99.4 0.375 -1973.57,
					-99.4 0.133819 -1973.67,
					-99.4 -0.125 -1973.7,
					-99.4 -0.383819 -1973.67,
					-99.4 -0.625 -1973.57,
					-99.4 -0.832107 -1973.41,
					-99.4 -0.991025 -1973.2,
					-99.4 -1.09093 -1972.96,
					-99.4 -1.125 -1972.7,
					-99.4 -1.09093 -1972.44,
					-99.4 -0.991025 -1972.2,
					-99.4 -0.832107 -1971.99,
					-99.4 -0.625 -1971.83,
					-99.4 -0.383819 -1971.73,
					99.4 -0.125 -1971.7,
					99.4 0.133819 -1971.73,
					99.4 0.375 -1971.83,
					99.4 0.582107 -1971.99,
					99.4 0.741025 -1972.2,
					99.4 0.840926 -1972.44,
					99.4 0.875 -1972.7,
					99.4 0.840926 -1972.96,
					99.4 0.741025 -1973.2,
					99.4 0.582107 -1973.41,
					99.4 0.375 -1973.57,
					99.4 0.133819 -1973.67,
					99.4 -0.125 -1973.7,
					99.4 -0.383819 -1973.67,
					99.4 -0.625 -1973.57,
					99.4 -0.832107 -1973.41,
					99.4 -0.991025 -1973.2,
					99.4 -1.09093 -1972.96,
					99.4 -1.125 -1972.7,
					99.4 -1.09093 -1972.44,
					99.4 -0.991025 -1972.2,
					99.4 -0.832107 -1971.99,
					99.4 -0.625 -1971.83,
					99.4 -0.383819 -1971.73,
					-99.4 -0.125 -1972.7,
					99.4 -0.125 -1972.7,
				]
			}
			coordIndex [
				0, 24, 25, 1, -1,
				1, 25, 26, 2, -1,
				2, 26, 27, 3, -1,
				3, 27, 28, 4, -1,
				4, 28, 29, 5, -1,
				5, 29, 30, 6, -1,
				6, 30, 31, 7, -1,
				7, 31, 32, 8, -1,
				8, 32, 33, 9, -1,
				9, 33, 34, 10, -1,
				10, 34, 35, 11, -1,
				11, 35, 36, 12, -1,
				12, 36, 37, 13, -1,
				13, 37, 38, 14, -1,
				14, 38, 39, 15, -1,
				15, 39, 40, 16, -1,
				16, 40, 41, 17, -1,
				17, 41, 42, 18, -1,
				18, 42, 43, 19, -1,
				19, 43, 44, 20, -1,
				20, 44, 45, 21, -1,
				21, 45, 46, 22, -1,
				22, 46, 47, 23, -1,
				23, 47, 24, 0, -1,
				48, 0, 1, -1,
				48, 1, 2, -1,
				48, 2, 3, -1,
				48, 3, 4, -1,
				48, 4, 5, -1,
				48, 5, 6, -1,
				48, 6, 7, -1,
				48, 7, 8, -1,
				48, 8, 9, -1,
				48, 9, 10, -1,
				48, 10, 11, -1,
				48, 11, 12, -1,
				48, 12, 13, -1,
				48, 13, 14, -1,
				48, 14, 15, -1,
				48, 15, 16, -1,
				48, 16, 17, -1,
				48, 17, 18, -1,
				48, 18, 19, -1,
				48, 19, 20, -1,
				48, 20, 21, -1,
				48, 21, 22, -1,
				48, 22, 23, -1,
				48, 23, 0, -1,
				24, 49, 25, -1,
				25, 49, 26, -1,
				26, 49, 27, -1,
				27, 49, 28, -1,
				28, 49, 29, -1,
				29, 49, 30, -1,
				30, 49, 31, -1,
				31, 49, 32, -1,
				32, 49, 33, -1,
				33, 49, 34, -1,
				34, 49, 35, -1,
				35, 49, 36, -1,
				36, 49, 37, -1,
				37, 49, 38, -1,
				38, 49, 39, -1,
				39, 49, 40, -1,
				40, 49, 41, -1,
				41, 49, 42, -1,
				42, 49, 43, -1,
				43, 49, 44, -1,
				44, 49, 45, -1,
				45, 49, 46, -1,
				46, 49, 47, -1,
				47, 49, 24, -1,
			]
			solid FALSE
		}
	}
#---------- SOLID: Pixel_Z301.301
	Shape {
		appearance Appearance {
			material Material {
				diffuseColor 0 0 1
				transparency 0.7
			}
		}
		geometry IndexedFaceSet {
			coord Coordinate {
				point [
					99.6 -1.425 -1974,
					99.6 -1.425 -1971.4,
					99.6 1.175 -1971.4,
					99.6 1.175 -1974,
					99.4 -1.425 -1974,
					99.4 -1.425 -1971.4,
					99.4 1.175 -1971.4,
					99.4 1.175 -1974,
				]
			}
			coordIndex [
				0, 3, 2, 1, -1,
				4, 7, 3, 0, -1,
				7, 6, 2, 3, -1,
				6, 5, 1, 2, -1,
				5, 4, 0, 1, -1,
				4, 5, 6, 7, -1,
			]
			solid FALSE
		}
	}
#---------- POLYLINE
Shape {
	appearance Appearance {
		material Material {
			diffuseColor 1 0 0
			emissiveColor 1 0 0
		}
	}
	geometry IndexedLineSet {
		coord Coordinate {
			point [
				-255.235 -244.442 -550,
				-246.068 -192.849 -586.564,
				-236.523 -139.089 -624.654,
				-233.654 -122.926 -636.112,
				-222.686 -61.3069 -679.799,
				-199.166 70.3738 -772.85,
				-176.059 198.978 -863.948,
				-172 221.613 -880,
				-171.91 222.158 -880.366,
				-171.85 222.554 -880.639,
				-171.795 222.936 -880.901,
				-171.78 223.046 -880.973,
				-171.775 223.082 -880.996,
				-171.755 223.244 -881.103,
				-171.745 223.33 -881.158,
				-171.738 223.396 -881.201,
				-171.736 223.426 -881.22,
				-171.531 224.76 -882.094,
				-171.405 225.76 -882.742,
				-171.385 225.935 -882.853,
				-171.255 226.74 -883.323,
				-171.148 227.426 -883.798,
				-170.946 228.355 -884.553,
				-170.905 228.492 -884.671,
				-170.422 229.888 -885.615,
				-170.039 230.556 -886.073,
				-169.959 230.707 -886.171,
				-169.815 231.003 -886.359,
				-169.773 231.114 -886.438,
				-169.48 231.862 -887.123,
				-169.453 231.973 -887.21,
				-169.423 232.142 -887.361,
				-169.377 233.011 -888.369,
				-169.344 233.21 -888.62,
				-169.282 233.427 -888.992,
				-169.245 233.516 -889.164,
				-169.05 234.18 -890.189,
				-168.887 234.033 -891.23,
				-168.432 234.218 -891.308,
				-168.459 234.242 -891.448,
			]
		}
		coordIndex [
			0, 1, 2, 3, 4, 5, 6, 7, 8, 9, 
			10, 11, 12, 13, 14, 15, 16, 17, 18, 19, 
			20, 21, 22, 23, 24, 25, 26, 27, 28, 29, 
			30, 31, 32, 33, 34, 35, 36, 37, 38, 39, -1
		]
	}
}
#---------- POLYLINE
Shape {
	appearance Appearance {
		material Material {
			diffuseColor 0 1 0
			emissiveColor 0 1 0
		}
	}
	geometry IndexedLineSet {
		coord Coordinate {
			point [
				-168.887 234.033 -891.23,
				-167.226 235.094 -891.869,
				-166.981 235.536 -891.91,
			]
		}
		coordIndex [
			0, 1, 2, -1
		]
	}
}
#---------- POLYLINE
Shape {
	appearance Appearance {
		material Material {
			diffuseColor 1 0 0
			emissiveColor 1 0 0
		}
	}
	geometry IndexedLineSet {
		coord Coordinate {
			point [
				-166.981 235.536 -891.91,
				-166.981 235.536 -891.91,
			]
		}
		coordIndex [
			0, 1, -1
		]
	}
}
#---------- POLYLINE
Shape {
	appearance Appearance {
		material Material {
			diffuseColor 1 0 0
			emissiveColor 1 0 0
		}
	}
	geometry IndexedLineSet {
		coord Coordinate {
			point [
				-166.981 235.536 -891.91,
				-166.981 235.536 -891.91,
			]
		}
		coordIndex [
			0, 1, -1
		]
	}
}
#---------- POLYLINE
Shape {
	appearance Appearance {
		material Material {
			diffuseColor 1 0 0
			emissiveColor 1 0 0
		}
	}
	geometry IndexedLineSet {
		coord Coordinate {
			point [
				-166.981 235.536 -891.91,
				-166.981 235.536 -891.91,
			]
		}
		coordIndex [
			0, 1, -1
		]
	}
}
#---------- POLYLINE
Shape {
	appearance Appearance {
		material Material {
			diffuseColor 1 0 0
			emissiveColor 1 0 0
		}
	}
	geometry IndexedLineSet {
		coord Coordinate {
			point [
				-166.981 235.536 -891.91,
				-166.981 235.536 -891.91,
			]
		}
		coordIndex [
			0, 1, -1
		]
	}
}
#---------- POLYLINE
Shape {
	appearance Appearance {
		material Material {
			diffuseColor 1 0 0
			emissiveColor 1 0 0
		}
	}
	geometry IndexedLineSet {
		coord Coordinate {
			point [
				-166.981 235.536 -891.91,
				-166.981 235.536 -891.91,
			]
		}
		coordIndex [
			0, 1, -1
		]
	}
}
#---------- POLYLINE
Shape {
	appearance Appearance {
		material Material {
			diffuseColor 1 0 0
			emissiveColor 1 0 0
		}
	}
	geometry IndexedLineSet {
		coord Coordinate {
			point [
				-166.981 235.536 -891.91,
				-166.981 235.536 -891.91,
			]
		}
		coordIndex [
			0, 1, -1
		]
	}
}
#---------- POLYLINE
Shape {
	appearance Appearance {
		material Material {
			diffuseColor 0 1 0
			emissiveColor 0 1 0
		}
	}
	geometry IndexedLineSet {
		coord Coordinate {
			point [
				-166.981 235.536 -891.91,
				-166.98 235.537 -891.91,
			]
		}
		coordIndex [
			0, 1, -1
		]
	}
}
#---------- POLYLINE
Shape {
	appearance Appearance {
		material Material {
			diffuseColor 1 0 0
			emissiveColor 1 0 0
		}
	}
	geometry IndexedLineSet {
		coord Coordinate {
			point [
				-166.98 235.537 -891.91,
				-166.98 235.537 -891.91,
			]
		}
		coordIndex [
			0, 1, -1
		]
	}
}
#---------- POLYLINE
Shape {
	appearance Appearance {
		material Material {
			diffuseColor 1 0 0
			emissiveColor 1 0 0
		}
	}
	geometry IndexedLineSet {
		coord Coordinate {
			point [
				-166.98 235.537 -891.91,
				-166.98 235.537 -891.91,
			]
		}
		coordIndex [
			0, 1, -1
		]
	}
}
#---------- POLYLINE
Shape {
	appearance Appearance {
		material Material {
			diffuseColor 1 0 0
			emissiveColor 1 0 0
		}
	}
	geometry IndexedLineSet {
		coord Coordinate {
			point [
				-166.98 235.537 -891.91,
				-166.98 235.537 -891.91,
			]
		}
		coordIndex [
			0, 1, -1
		]
	}
}
#---------- POLYLINE
Shape {
	appearance Appearance {
		material Material {
			diffuseColor 1 0 0
			emissiveColor 1 0 0
		}
	}
	geometry IndexedLineSet {
		coord Coordinate {
			point [
				-166.98 235.537 -891.91,
				-166.98 235.537 -891.91,
			]
		}
		coordIndex [
			0, 1, -1
		]
	}
}
#---------- POLYLINE
Shape {
	appearance Appearance {
		material Material {
			diffuseColor 1 0 0
			emissiveColor 1 0 0
		}
	}
	geometry IndexedLineSet {
		coord Coordinate {
			point [
				-166.98 235.537 -891.91,
				-166.98 235.537 -891.91,
			]
		}
		coordIndex [
			0, 1, -1
		]
	}
}
#---------- POLYLINE
Shape {
	appearance Appearance {
		material Material {
			diffuseColor 0 1 0
			emissiveColor 0 1 0
		}
	}
	geometry IndexedLineSet {
		coord Coordinate {
			point [
				-166.981 235.536 -891.91,
				-166.962 235.08 -891.482,
			]
		}
		coordIndex [
			0, 1, -1
		]
	}
}
#---------- POLYLINE
Shape {
	appearance Appearance {
		material Material {
			diffuseColor 1 0 0
			emissiveColor 1 0 0
		}
	}
	geometry IndexedLineSet {
		coord Coordinate {
			point [
				-166.962 235.08 -891.482,
				-166.962 235.08 -891.482,
			]
		}
		coordIndex [
			0, 1, -1
		]
	}
}
#---------- POLYLINE
Shape {
	appearance Appearance {
		material Material {
			diffuseColor 1 0 0
			emissiveColor 1 0 0
		}
	}
	geometry IndexedLineSet {
		coord Coordinate {
			point [
				-166.962 235.08 -891.482,
				-166.962 235.08 -891.482,
			]
		}
		coordIndex [
			0, 1, -1
		]
	}
}
#---------- POLYLINE
Shape {
	appearance Appearance {
		material Material {
			diffuseColor 1 0 0
			emissiveColor 1 0 0
		}
	}
	geometry IndexedLineSet {
		coord Coordinate {
			point [
				-166.962 235.08 -891.482,
				-166.962 235.08 -891.482,
			]
		}
		coordIndex [
			0, 1, -1
		]
	}
}
#---------- POLYLINE
Shape {
	appearance Appearance {
		material Material {
			diffuseColor 1 0 0
			emissiveColor 1 0 0
		}
	}
	geometry IndexedLineSet {
		coord Coordinate {
			point [
				-166.962 235.08 -891.482,
				-166.962 235.08 -891.482,
			]
		}
		coordIndex [
			0, 1, -1
		]
	}
}
#---------- POLYLINE
Shape {
	appearance Appearance {
		material Material {
			diffuseColor 1 0 0
			emissiveColor 1 0 0
		}
	}
	geometry IndexedLineSet {
		coord Coordinate {
			point [
				-166.962 235.08 -891.482,
				-166.962 235.08 -891.482,
			]
		}
		coordIndex [
			0, 1, -1
		]
	}
}
#---------- POLYLINE
Shape {
	appearance Appearance {
		material Material {
			diffuseColor 1 0 0
			emissiveColor 1 0 0
		}
	}
	geometry IndexedLineSet {
		coord Coordinate {
			point [
				-166.962 235.08 -891.482,
				-166.962 235.08 -891.482,
			]
		}
		coordIndex [
			0, 1, -1
		]
	}
}
#---------- POLYLINE
Shape {
	appearance Appearance {
		material Material {
			diffuseColor 1 0 0
			emissiveColor 1 0 0
		}
	}
	geometry IndexedLineSet {
		coord Coordinate {
			point [
				-166.962 235.08 -891.482,
				-166.962 235.08 -891.482,
			]
		}
		coordIndex [
			0, 1, -1
		]
	}
}
#---------- POLYLINE
Shape {
	appearance Appearance {
		material Material {
			diffuseColor 1 0 0
			emissiveColor 1 0 0
		}
	}
	geometry IndexedLineSet {
		coord Coordinate {
			point [
				-166.962 235.08 -891.482,
				-166.962 235.08 -891.482,
			]
		}
		coordIndex [
			0, 1, -1
		]
	}
}
#---------- POLYLINE
Shape {
	appearance Appearance {
		material Material {
			diffuseColor 1 0 0
			emissiveColor 1 0 0
		}
	}
	geometry IndexedLineSet {
		coord Coordinate {
			point [
				-166.962 235.08 -891.482,
				-166.962 235.08 -891.482,
			]
		}
		coordIndex [
			0, 1, -1
		]
	}
}
#---------- POLYLINE
Shape {
	appearance Appearance {
		material Material {
			diffuseColor 1 0 0
			emissiveColor 1 0 0
		}
	}
	geometry IndexedLineSet {
		coord Coordinate {
			point [
				-166.962 235.08 -891.482,
				-166.962 235.08 -891.482,
			]
		}
		coordIndex [
			0, 1, -1
		]
	}
}
#---------- POLYLINE
Shape {
	appearance Appearance {
		material Material {
			diffuseColor 1 0 0
			emissiveColor 1 0 0
		}
	}
	geometry IndexedLineSet {
		coord Coordinate {
			point [
				-166.962 235.08 -891.482,
				-166.962 235.08 -891.482,
			]
		}
		coordIndex [
			0, 1, -1
		]
	}
}
#---------- POLYLINE
Shape {
	appearance Appearance {
		material Material {
			diffuseColor 1 0 0
			emissiveColor 1 0 0
		}
	}
	geometry IndexedLineSet {
		coord Coordinate {
			point [
				-166.962 235.08 -891.482,
				-166.962 235.08 -891.482,
			]
		}
		coordIndex [
			0, 1, -1
		]
	}
}
#---------- POLYLINE
Shape {
	appearance Appearance {
		material Material {
			diffuseColor 1 0 0
			emissiveColor 1 0 0
		}
	}
	geometry IndexedLineSet {
		coord Coordinate {
			point [
				-166.962 235.08 -891.482,
				-166.961 235.079 -891.481,
			]
		}
		coordIndex [
			0, 1, -1
		]
	}
}
#---------- POLYLINE
Shape {
	appearance Appearance {
		material Material {
			diffuseColor 1 0 0
			emissiveColor 1 0 0
		}
	}
	geometry IndexedLineSet {
		coord Coordinate {
			point [
				-166.981 235.536 -891.91,
				-166.979 235.541 -891.909,
			]
		}
		coordIndex [
			0, 1, -1
		]
	}
}
#---------- POLYLINE
Shape {
	appearance Appearance {
		material Material {
			diffuseColor 1 0 0
			emissiveColor 1 0 0
		}
	}
	geometry IndexedLineSet {
		coord Coordinate {
			point [
				-167.226 235.094 -891.869,
				-167.226 235.094 -891.87,
			]
		}
		coordIndex [
			0, 1, -1
		]
	}
}
#---------- POLYLINE
Shape {
	appearance Appearance {
		material Material {
			diffuseColor 1 0 0
			emissiveColor 1 0 0
		}
	}
	geometry IndexedLineSet {
		coord Coordinate {
			point [
				-169.05 234.18 -890.189,
				-168.97 233.699 -890.804,
				-168.748 233.531 -890.953,
				-168.859 233.56 -890.922,
				-168.859 233.56 -890.922,
			]
		}
		coordIndex [
			0, 1, 2, 3, 4, -1
		]
	}
}
#---------- POLYLINE
Shape {
	appearance Appearance {
		material Material {
			diffuseColor 0 1 0
			emissiveColor 0 1 0
		}
	}
	geometry IndexedLineSet {
		coord Coordinate {
			point [
				-168.748 233.531 -890.953,
				-168.593 237.652 -886.883,
				-169.675 237.792 -886.667,
			]
		}
		coordIndex [
			0, 1, 2, -1
		]
	}
}
#---------- POLYLINE
Shape {
	appearance Appearance {
		material Material {
			diffuseColor 1 0 0
			emissiveColor 1 0 0
		}
	}
	geometry IndexedLineSet {
		coord Coordinate {
			point [
				-169.675 237.792 -886.667,
				-169.675 237.792 -886.667,
			]
		}
		coordIndex [
			0, 1, -1
		]
	}
}
#---------- POLYLINE
Shape {
	appearance Appearance {
		material Material {
			diffuseColor 1 0 0
			emissiveColor 1 0 0
		}
	}
	geometry IndexedLineSet {
		coord Coordinate {
			point [
				-169.675 237.792 -886.667,
				-169.675 237.792 -886.667,
			]
		}
		coordIndex [
			0, 1, -1
		]
	}
}
#---------- POLYLINE
Shape {
	appearance Appearance {
		material Material {
			diffuseColor 1 0 0
			emissiveColor 1 0 0
		}
	}
	geometry IndexedLineSet {
		coord Coordinate {
			point [
				-169.675 237.792 -886.667,
				-169.675 237.792 -886.667,
			]
		}
		coordIndex [
			0, 1, -1
		]
	}
}
#---------- POLYLINE
Shape {
	appearance Appearance {
		material Material {
			diffuseColor 1 0 0
			emissiveColor 1 0 0
		}
	}
	geometry IndexedLineSet {
		coord Coordinate {
			point [
				-169.675 237.792 -886.667,
				-169.675 237.792 -886.667,
			]
		}
		coordIndex [
			0, 1, -1
		]
	}
}
#---------- POLYLINE
Shape {
	appearance Appearance {
		material Material {
			diffuseColor 1 0 0
			emissiveColor 1 0 0
		}
	}
	geometry IndexedLineSet {
		coord Coordinate {
			point [
				-169.675 237.792 -886.667,
				-169.675 237.792 -886.667,
			]
		}
		coordIndex [
			0, 1, -1
		]
	}
}
#---------- POLYLINE
Shape {
	appearance Appearance {
		material Material {
			diffuseColor 1 0 0
			emissiveColor 1 0 0
		}
	}
	geometry IndexedLineSet {
		coord Coordinate {
			point [
				-169.675 237.792 -886.667,
				-169.675 237.792 -886.667,
			]
		}
		coordIndex [
			0, 1, -1
		]
	}
}
#---------- POLYLINE
Shape {
	appearance Appearance {
		material Material {
			diffuseColor 0 1 0
			emissiveColor 0 1 0
		}
	}
	geometry IndexedLineSet {
		coord Coordinate {
			point [
				-169.675 237.792 -886.667,
				-169.471 237.739 -886.626,
			]
		}
		coordIndex [
			0, 1, -1
		]
	}
}
#---------- POLYLINE
Shape {
	appearance Appearance {
		material Material {
			diffuseColor 1 0 0
			emissiveColor 1 0 0
		}
	}
	geometry IndexedLineSet {
		coord Coordinate {
			point [
				-169.471 237.739 -886.626,
				-169.471 237.739 -886.626,
			]
		}
		coordIndex [
			0, 1, -1
		]
	}
}
#---------- POLYLINE
Shape {
	appearance Appearance {
		material Material {
			diffuseColor 1 0 0
			emissiveColor 1 0 0
		}
	}
	geometry IndexedLineSet {
		coord Coordinate {
			point [
				-169.471 237.739 -886.626,
				-169.471 237.739 -886.626,
			]
		}
		coordIndex [
			0, 1, -1
		]
	}
}
#---------- POLYLINE
Shape {
	appearance Appearance {
		material Material {
			diffuseColor 1 0 0
			emissiveColor 1 0 0
		}
	}
	geometry IndexedLineSet {
		coord Coordinate {
			point [
				-169.471 237.739 -886.626,
				-169.471 237.739 -886.626,
			]
		}
		coordIndex [
			0, 1, -1
		]
	}
}
#---------- POLYLINE
Shape {
	appearance Appearance {
		material Material {
			diffuseColor 1 0 0
			emissiveColor 1 0 0
		}
	}
	geometry IndexedLineSet {
		coord Coordinate {
			point [
				-169.471 237.739 -886.626,
				-169.471 237.739 -886.626,
			]
		}
		coordIndex [
			0, 1, -1
		]
	}
}
#---------- POLYLINE
Shape {
	appearance Appearance {
		material Material {
			diffuseColor 1 0 0
			emissiveColor 1 0 0
		}
	}
	geometry IndexedLineSet {
		coord Coordinate {
			point [
				-169.471 237.739 -886.626,
				-169.471 237.739 -886.626,
			]
		}
		coordIndex [
			0, 1, -1
		]
	}
}
#---------- POLYLINE
Shape {
	appearance Appearance {
		material Material {
			diffuseColor 1 0 0
			emissiveColor 1 0 0
		}
	}
	geometry IndexedLineSet {
		coord Coordinate {
			point [
				-169.471 237.739 -886.626,
				-169.471 237.739 -886.626,
			]
		}
		coordIndex [
			0, 1, -1
		]
	}
}
#---------- POLYLINE
Shape {
	appearance Appearance {
		material Material {
			diffuseColor 1 0 0
			emissiveColor 1 0 0
		}
	}
	geometry IndexedLineSet {
		coord Coordinate {
			point [
				-169.471 237.739 -886.626,
				-169.471 237.739 -886.626,
			]
		}
		coordIndex [
			0, 1, -1
		]
	}
}
#---------- POLYLINE
Shape {
	appearance Appearance {
		material Material {
			diffuseColor 1 0 0
			emissiveColor 1 0 0
		}
	}
	geometry IndexedLineSet {
		coord Coordinate {
			point [
				-169.471 237.739 -886.626,
				-169.471 237.739 -886.626,
			]
		}
		coordIndex [
			0, 1, -1
		]
	}
}
#---------- POLYLINE
Shape {
	appearance Appearance {
		material Material {
			diffuseColor 1 0 0
			emissiveColor 1 0 0
		}
	}
	geometry IndexedLineSet {
		coord Coordinate {
			point [
				-169.471 237.739 -886.626,
				-169.471 237.739 -886.626,
			]
		}
		coordIndex [
			0, 1, -1
		]
	}
}
#---------- POLYLINE
Shape {
	appearance Appearance {
		material Material {
			diffuseColor 1 0 0
			emissiveColor 1 0 0
		}
	}
	geometry IndexedLineSet {
		coord Coordinate {
			point [
				-169.471 237.739 -886.626,
				-169.471 237.739 -886.626,
			]
		}
		coordIndex [
			0, 1, -1
		]
	}
}
#---------- POLYLINE
Shape {
	appearance Appearance {
		material Material {
			diffuseColor 1 0 0
			emissiveColor 1 0 0
		}
	}
	geometry IndexedLineSet {
		coord Coordinate {
			point [
				-169.471 237.739 -886.626,
				-169.471 237.739 -886.626,
			]
		}
		coordIndex [
			0, 1, -1
		]
	}
}
#---------- POLYLINE
Shape {
	appearance Appearance {
		material Material {
			diffuseColor 1 0 0
			emissiveColor 1 0 0
		}
	}
	geometry IndexedLineSet {
		coord Coordinate {
			point [
				-169.471 237.739 -886.626,
				-169.471 237.739 -886.626,
			]
		}
		coordIndex [
			0, 1, -1
		]
	}
}
#---------- POLYLINE
Shape {
	appearance Appearance {
		material Material {
			diffuseColor 1 0 0
			emissiveColor 1 0 0
		}
	}
	geometry IndexedLineSet {
		coord Coordinate {
			point [
				-169.471 237.739 -886.626,
				-169.471 237.739 -886.626,
			]
		}
		coordIndex [
			0, 1, -1
		]
	}
}
#---------- POLYLINE
Shape {
	appearance Appearance {
		material Material {
			diffuseColor 1 0 0
			emissiveColor 1 0 0
		}
	}
	geometry IndexedLineSet {
		coord Coordinate {
			point [
				-169.471 237.739 -886.626,
				-169.471 237.739 -886.626,
			]
		}
		coordIndex [
			0, 1, -1
		]
	}
}
#---------- POLYLINE
Shape {
	appearance Appearance {
		material Material {
			diffuseColor 1 0 0
			emissiveColor 1 0 0
		}
	}
	geometry IndexedLineSet {
		coord Coordinate {
			point [
				-169.471 237.739 -886.626,
				-169.471 237.739 -886.626,
			]
		}
		coordIndex [
			0, 1, -1
		]
	}
}
#---------- POLYLINE
Shape {
	appearance Appearance {
		material Material {
			diffuseColor 1 0 0
			emissiveColor 1 0 0
		}
	}
	geometry IndexedLineSet {
		coord Coordinate {
			point [
				-169.471 237.739 -886.626,
				-169.471 237.739 -886.626,
			]
		}
		coordIndex [
			0, 1, -1
		]
	}
}
#---------- POLYLINE
Shape {
	appearance Appearance {
		material Material {
			diffuseColor 1 0 0
			emissiveColor 1 0 0
		}
	}
	geometry IndexedLineSet {
		coord Coordinate {
			point [
				-169.471 237.739 -886.626,
				-169.471 237.739 -886.626,
			]
		}
		coordIndex [
			0, 1, -1
		]
	}
}
#---------- POLYLINE
Shape {
	appearance Appearance {
		material Material {
			diffuseColor 1 0 0
			emissiveColor 1 0 0
		}
	}
	geometry IndexedLineSet {
		coord Coordinate {
			point [
				-169.471 237.739 -886.626,
				-169.471 237.739 -886.626,
			]
		}
		coordIndex [
			0, 1, -1
		]
	}
}
#---------- POLYLINE
Shape {
	appearance Appearance {
		material Material {
			diffuseColor 1 0 0
			emissiveColor 1 0 0
		}
	}
	geometry IndexedLineSet {
		coord Coordinate {
			point [
				-169.471 237.739 -886.626,
				-169.471 237.739 -886.626,
			]
		}
		coordIndex [
			0, 1, -1
		]
	}
}
#---------- POLYLINE
Shape {
	appearance Appearance {
		material Material {
			diffuseColor 1 0 0
			emissiveColor 1 0 0
		}
	}
	geometry IndexedLineSet {
		coord Coordinate {
			point [
				-169.471 237.739 -886.626,
				-169.471 237.739 -886.626,
			]
		}
		coordIndex [
			0, 1, -1
		]
	}
}
#---------- POLYLINE
Shape {
	appearance Appearance {
		material Material {
			diffuseColor 1 0 0
			emissiveColor 1 0 0
		}
	}
	geometry IndexedLineSet {
		coord Coordinate {
			point [
				-169.471 237.739 -886.626,
				-169.47 237.738 -886.626,
			]
		}
		coordIndex [
			0, 1, -1
		]
	}
}
#---------- POLYLINE
Shape {
	appearance Appearance {
		material Material {
			diffuseColor 1 0 0
			emissiveColor 1 0 0
		}
	}
	geometry IndexedLineSet {
		coord Coordinate {
			point [
				-169.675 237.792 -886.667,
				-169.68 237.787 -886.668,
			]
		}
		coordIndex [
			0, 1, -1
		]
	}
}
#---------- POLYLINE
Shape {
	appearance Appearance {
		material Material {
			diffuseColor 1 0 0
			emissiveColor 1 0 0
		}
	}
	geometry IndexedLineSet {
		coord Coordinate {
			point [
				-168.593 237.652 -886.883,
				-168.587 237.661 -886.875,
			]
		}
		coordIndex [
			0, 1, -1
		]
	}
}
#---------- POLYLINE
Shape {
	appearance Appearance {
		material Material {
			diffuseColor 0 1 0
			emissiveColor 0 1 0
		}
	}
	geometry IndexedLineSet {
		coord Coordinate {
			point [
				-168.97 233.699 -890.804,
				-168.292 233.266 -891.169,
				-166.64 233.812 -891.934,
			]
		}
		coordIndex [
			0, 1, 2, -1
		]
	}
}
#---------- POLYLINE
Shape {
	appearance Appearance {
		material Material {
			diffuseColor 1 0 0
			emissiveColor 1 0 0
		}
	}
	geometry IndexedLineSet {
		coord Coordinate {
			point [
				-166.64 233.812 -891.934,
				-166.64 233.812 -891.934,
			]
		}
		coordIndex [
			0, 1, -1
		]
	}
}
#---------- POLYLINE
Shape {
	appearance Appearance {
		material Material {
			diffuseColor 1 0 0
			emissiveColor 1 0 0
		}
	}
	geometry IndexedLineSet {
		coord Coordinate {
			point [
				-166.64 233.812 -891.934,
				-166.64 233.812 -891.934,
			]
		}
		coordIndex [
			0, 1, -1
		]
	}
}
#---------- POLYLINE
Shape {
	appearance Appearance {
		material Material {
			diffuseColor 1 0 0
			emissiveColor 1 0 0
		}
	}
	geometry IndexedLineSet {
		coord Coordinate {
			point [
				-166.64 233.812 -891.934,
				-166.64 233.812 -891.934,
			]
		}
		coordIndex [
			0, 1, -1
		]
	}
}
#---------- POLYLINE
Shape {
	appearance Appearance {
		material Material {
			diffuseColor 1 0 0
			emissiveColor 1 0 0
		}
	}
	geometry IndexedLineSet {
		coord Coordinate {
			point [
				-166.64 233.812 -891.934,
				-166.64 233.812 -891.934,
			]
		}
		coordIndex [
			0, 1, -1
		]
	}
}
#---------- POLYLINE
Shape {
	appearance Appearance {
		material Material {
			diffuseColor 1 0 0
			emissiveColor 1 0 0
		}
	}
	geometry IndexedLineSet {
		coord Coordinate {
			point [
				-166.64 233.812 -891.934,
				-166.64 233.812 -891.934,
			]
		}
		coordIndex [
			0, 1, -1
		]
	}
}
#---------- POLYLINE
Shape {
	appearance Appearance {
		material Material {
			diffuseColor 1 0 0
			emissiveColor 1 0 0
		}
	}
	geometry IndexedLineSet {
		coord Coordinate {
			point [
				-166.64 233.812 -891.934,
				-166.64 233.812 -891.934,
			]
		}
		coordIndex [
			0, 1, -1
		]
	}
}
#---------- POLYLINE
Shape {
	appearance Appearance {
		material Material {
			diffuseColor 1 0 0
			emissiveColor 1 0 0
		}
	}
	geometry IndexedLineSet {
		coord Coordinate {
			point [
				-166.64 233.812 -891.934,
				-166.64 233.812 -891.934,
			]
		}
		coordIndex [
			0, 1, -1
		]
	}
}
#---------- POLYLINE
Shape {
	appearance Appearance {
		material Material {
			diffuseColor 1 0 0
			emissiveColor 1 0 0
		}
	}
	geometry IndexedLineSet {
		coord Coordinate {
			point [
				-166.64 233.812 -891.934,
				-166.64 233.812 -891.934,
			]
		}
		coordIndex [
			0, 1, -1
		]
	}
}
#---------- POLYLINE
Shape {
	appearance Appearance {
		material Material {
			diffuseColor 1 0 0
			emissiveColor 1 0 0
		}
	}
	geometry IndexedLineSet {
		coord Coordinate {
			point [
				-166.64 233.812 -891.934,
				-166.64 233.812 -891.934,
			]
		}
		coordIndex [
			0, 1, -1
		]
	}
}
#---------- POLYLINE
Shape {
	appearance Appearance {
		material Material {
			diffuseColor 1 0 0
			emissiveColor 1 0 0
		}
	}
	geometry IndexedLineSet {
		coord Coordinate {
			point [
				-166.64 233.812 -891.934,
				-166.64 233.812 -891.934,
			]
		}
		coordIndex [
			0, 1, -1
		]
	}
}
#---------- POLYLINE
Shape {
	appearance Appearance {
		material Material {
			diffuseColor 1 0 0
			emissiveColor 1 0 0
		}
	}
	geometry IndexedLineSet {
		coord Coordinate {
			point [
				-166.64 233.812 -891.934,
				-166.64 233.812 -891.934,
			]
		}
		coordIndex [
			0, 1, -1
		]
	}
}
#---------- POLYLINE
Shape {
	appearance Appearance {
		material Material {
			diffuseColor 1 0 0
			emissiveColor 1 0 0
		}
	}
	geometry IndexedLineSet {
		coord Coordinate {
			point [
				-166.64 233.812 -891.934,
				-166.64 233.812 -891.934,
			]
		}
		coordIndex [
			0, 1, -1
		]
	}
}
#---------- POLYLINE
Shape {
	appearance Appearance {
		material Material {
			diffuseColor 1 0 0
			emissiveColor 1 0 0
		}
	}
	geometry IndexedLineSet {
		coord Coordinate {
			point [
				-166.64 233.812 -891.934,
				-166.64 233.812 -891.934,
			]
		}
		coordIndex [
			0, 1, -1
		]
	}
}
#---------- POLYLINE
Shape {
	appearance Appearance {
		material Material {
			diffuseColor 1 0 0
			emissiveColor 1 0 0
		}
	}
	geometry IndexedLineSet {
		coord Coordinate {
			point [
				-166.64 233.812 -891.934,
				-166.64 233.812 -891.934,
			]
		}
		coordIndex [
			0, 1, -1
		]
	}
}
#---------- POLYLINE
Shape {
	appearance Appearance {
		material Material {
			diffuseColor 1 0 0
			emissiveColor 1 0 0
		}
	}
	geometry IndexedLineSet {
		coord Coordinate {
			point [
				-166.64 233.812 -891.934,
				-166.64 233.812 -891.934,
			]
		}
		coordIndex [
			0, 1, -1
		]
	}
}
#---------- POLYLINE
Shape {
	appearance Appearance {
		material Material {
			diffuseColor 1 0 0
			emissiveColor 1 0 0
		}
	}
	geometry IndexedLineSet {
		coord Coordinate {
			point [
				-166.64 233.812 -891.934,
				-166.64 233.812 -891.934,
			]
		}
		coordIndex [
			0, 1, -1
		]
	}
}
#---------- POLYLINE
Shape {
	appearance Appearance {
		material Material {
			diffuseColor 1 0 0
			emissiveColor 1 0 0
		}
	}
	geometry IndexedLineSet {
		coord Coordinate {
			point [
				-166.64 233.812 -891.934,
				-166.64 233.812 -891.934,
			]
		}
		coordIndex [
			0, 1, -1
		]
	}
}
#---------- POLYLINE
Shape {
	appearance Appearance {
		material Material {
			diffuseColor 1 0 0
			emissiveColor 1 0 0
		}
	}
	geometry IndexedLineSet {
		coord Coordinate {
			point [
				-166.64 233.812 -891.934,
				-166.64 233.812 -891.934,
			]
		}
		coordIndex [
			0, 1, -1
		]
	}
}
#---------- POLYLINE
Shape {
	appearance Appearance {
		material Material {
			diffuseColor 0 1 0
			emissiveColor 0 1 0
		}
	}
	geometry IndexedLineSet {
		coord Coordinate {
			point [
				-166.64 233.812 -891.934,
				-166.189 233.798 -892.001,
			]
		}
		coordIndex [
			0, 1, -1
		]
	}
}
#---------- POLYLINE
Shape {
	appearance Appearance {
		material Material {
			diffuseColor 1 0 0
			emissiveColor 1 0 0
		}
	}
	geometry IndexedLineSet {
		coord Coordinate {
			point [
				-166.189 233.798 -892.001,
				-166.189 233.798 -892.001,
			]
		}
		coordIndex [
			0, 1, -1
		]
	}
}
#---------- POLYLINE
Shape {
	appearance Appearance {
		material Material {
			diffuseColor 1 0 0
			emissiveColor 1 0 0
		}
	}
	geometry IndexedLineSet {
		coord Coordinate {
			point [
				-166.189 233.798 -892.001,
			]
		}
		coordIndex [
			0, -1
		]
	}
}
#---------- POLYLINE
Shape {
	appearance Appearance {
		material Material {
			diffuseColor 1 0 0
			emissiveColor 1 0 0
		}
	}
	geometry IndexedLineSet {
		coord Coordinate {
			point [
				-166.189 233.798 -892.001,
				-166.189 233.798 -892.001,
			]
		}
		coordIndex [
			0, 1, -1
		]
	}
}
#---------- POLYLINE
Shape {
	appearance Appearance {
		material Material {
			diffuseColor 1 0 0
			emissiveColor 1 0 0
		}
	}
	geometry IndexedLineSet {
		coord Coordinate {
			point [
				-166.189 233.798 -892.001,
				-166.189 233.798 -892.001,
			]
		}
		coordIndex [
			0, 1, -1
		]
	}
}
#---------- POLYLINE
Shape {
	appearance Appearance {
		material Material {
			diffuseColor 1 0 0
			emissiveColor 1 0 0
		}
	}
	geometry IndexedLineSet {
		coord Coordinate {
			point [
				-166.189 233.798 -892.001,
				-166.189 233.798 -892.001,
			]
		}
		coordIndex [
			0, 1, -1
		]
	}
}
#---------- POLYLINE
Shape {
	appearance Appearance {
		material Material {
			diffuseColor 0 1 0
			emissiveColor 0 1 0
		}
	}
	geometry IndexedLineSet {
		coord Coordinate {
			point [
				-166.189 233.798 -892.001,
				-166.178 233.806 -892,
			]
		}
		coordIndex [
			0, 1, -1
		]
	}
}
#---------- POLYLINE
Shape {
	appearance Appearance {
		material Material {
			diffuseColor 1 0 0
			emissiveColor 1 0 0
		}
	}
	geometry IndexedLineSet {
		coord Coordinate {
			point [
				-166.178 233.806 -892,
				-166.178 233.806 -892,
			]
		}
		coordIndex [
			0, 1, -1
		]
	}
}
#---------- POLYLINE
Shape {
	appearance Appearance {
		material Material {
			diffuseColor 1 0 0
			emissiveColor 1 0 0
		}
	}
	geometry IndexedLineSet {
		coord Coordinate {
			point [
				-166.178 233.806 -892,
				-166.178 233.806 -892,
			]
		}
		coordIndex [
			0, 1, -1
		]
	}
}
#---------- POLYLINE
Shape {
	appearance Appearance {
		material Material {
			diffuseColor 1 0 0
			emissiveColor 1 0 0
		}
	}
	geometry IndexedLineSet {
		coord Coordinate {
			point [
				-166.178 233.806 -892,
				-166.178 233.806 -892,
			]
		}
		coordIndex [
			0, 1, -1
		]
	}
}
#---------- POLYLINE
Shape {
	appearance Appearance {
		material Material {
			diffuseColor 1 0 0
			emissiveColor 1 0 0
		}
	}
	geometry IndexedLineSet {
		coord Coordinate {
			point [
				-166.178 233.806 -892,
				-166.178 233.806 -892,
			]
		}
		coordIndex [
			0, 1, -1
		]
	}
}
#---------- POLYLINE
Shape {
	appearance Appearance {
		material Material {
			diffuseColor 1 0 0
			emissiveColor 1 0 0
		}
	}
	geometry IndexedLineSet {
		coord Coordinate {
			point [
				-166.178 233.806 -892,
				-166.178 233.806 -892,
			]
		}
		coordIndex [
			0, 1, -1
		]
	}
}
#---------- POLYLINE
Shape {
	appearance Appearance {
		material Material {
			diffuseColor 1 0 0
			emissiveColor 1 0 0
		}
	}
	geometry IndexedLineSet {
		coord Coordinate {
			point [
				-166.178 233.806 -892,
				-166.178 233.806 -892,
			]
		}
		coordIndex [
			0, 1, -1
		]
	}
}
#---------- POLYLINE
Shape {
	appearance Appearance {
		material Material {
			diffuseColor 1 0 0
			emissiveColor 1 0 0
		}
	}
	geometry IndexedLineSet {
		coord Coordinate {
			point [
				-166.178 233.806 -892,
				-166.178 233.806 -892,
			]
		}
		coordIndex [
			0, 1, -1
		]
	}
}
#---------- POLYLINE
Shape {
	appearance Appearance {
		material Material {
			diffuseColor 1 0 0
			emissiveColor 1 0 0
		}
	}
	geometry IndexedLineSet {
		coord Coordinate {
			point [
				-166.178 233.806 -892,
				-166.178 233.806 -892,
			]
		}
		coordIndex [
			0, 1, -1
		]
	}
}
#---------- POLYLINE
Shape {
	appearance Appearance {
		material Material {
			diffuseColor 1 0 0
			emissiveColor 1 0 0
		}
	}
	geometry IndexedLineSet {
		coord Coordinate {
			point [
				-166.178 233.806 -892,
				-166.178 233.806 -892,
			]
		}
		coordIndex [
			0, 1, -1
		]
	}
}
#---------- POLYLINE
Shape {
	appearance Appearance {
		material Material {
			diffuseColor 1 0 0
			emissiveColor 1 0 0
		}
	}
	geometry IndexedLineSet {
		coord Coordinate {
			point [
				-166.178 233.806 -892,
				-166.178 233.806 -892,
			]
		}
		coordIndex [
			0, 1, -1
		]
	}
}
#---------- POLYLINE
Shape {
	appearance Appearance {
		material Material {
			diffuseColor 1 0 0
			emissiveColor 1 0 0
		}
	}
	geometry IndexedLineSet {
		coord Coordinate {
			point [
				-166.178 233.806 -892,
				-166.178 233.806 -892,
			]
		}
		coordIndex [
			0, 1, -1
		]
	}
}
#---------- POLYLINE
Shape {
	appearance Appearance {
		material Material {
			diffuseColor 1 0 0
			emissiveColor 1 0 0
		}
	}
	geometry IndexedLineSet {
		coord Coordinate {
			point [
				-166.189 233.798 -892.001,
				-166.188 233.798 -892.002,
			]
		}
		coordIndex [
			0, 1, -1
		]
	}
}
#---------- POLYLINE
Shape {
	appearance Appearance {
		material Material {
			diffuseColor 1 0 0
			emissiveColor 1 0 0
		}
	}
	geometry IndexedLineSet {
		coord Coordinate {
			point [
				-166.64 233.812 -891.934,
				-166.635 233.816 -891.932,
			]
		}
		coordIndex [
			0, 1, -1
		]
	}
}
#---------- POLYLINE
Shape {
	appearance Appearance {
		material Material {
			diffuseColor 1 0 0
			emissiveColor 1 0 0
		}
	}
	geometry IndexedLineSet {
		coord Coordinate {
			point [
				-168.292 233.266 -891.169,
				-168.291 233.265 -891.169,
			]
		}
		coordIndex [
			0, 1, -1
		]
	}
}
#---------- POLYLINE
Shape {
	appearance Appearance {
		material Material {
			diffuseColor 0 1 0
			emissiveColor 0 1 0
		}
	}
	geometry IndexedLineSet {
		coord Coordinate {
			point [
				-169.245 233.516 -889.164,
				-165.312 246.704 -909.499,
				-166.928 244.837 -912.237,
				-179.08 245.789 -925.829,
			]
		}
		coordIndex [
			0, 1, 2, 3, -1
		]
	}
}
#---------- POLYLINE
Shape {
	appearance Appearance {
		material Material {
			diffuseColor 1 0 0
			emissiveColor 1 0 0
		}
	}
	geometry IndexedLineSet {
		coord Coordinate {
			point [
				-179.08 245.789 -925.829,
				-179.08 245.789 -925.829,
			]
		}
		coordIndex [
			0, 1, -1
		]
	}
}
#---------- POLYLINE
Shape {
	appearance Appearance {
		material Material {
			diffuseColor 1 0 0
			emissiveColor 1 0 0
		}
	}
	geometry IndexedLineSet {
		coord Coordinate {
			point [
				-179.08 245.789 -925.829,
			]
		}
		coordIndex [
			0, -1
		]
	}
}
#---------- POLYLINE
Shape {
	appearance Appearance {
		material Material {
			diffuseColor 1 0 0
			emissiveColor 1 0 0
		}
	}
	geometry IndexedLineSet {
		coord Coordinate {
			point [
				-179.08 245.789 -925.829,
				-179.08 245.789 -925.829,
			]
		}
		coordIndex [
			0, 1, -1
		]
	}
}
#---------- POLYLINE
Shape {
	appearance Appearance {
		material Material {
			diffuseColor 1 0 0
			emissiveColor 1 0 0
		}
	}
	geometry IndexedLineSet {
		coord Coordinate {
			point [
				-179.08 245.789 -925.829,
				-179.08 245.789 -925.829,
			]
		}
		coordIndex [
			0, 1, -1
		]
	}
}
#---------- POLYLINE
Shape {
	appearance Appearance {
		material Material {
			diffuseColor 1 0 0
			emissiveColor 1 0 0
		}
	}
	geometry IndexedLineSet {
		coord Coordinate {
			point [
				-179.08 245.789 -925.829,
				-179.08 245.789 -925.829,
			]
		}
		coordIndex [
			0, 1, -1
		]
	}
}
#---------- POLYLINE
Shape {
	appearance Appearance {
		material Material {
			diffuseColor 1 0 0
			emissiveColor 1 0 0
		}
	}
	geometry IndexedLineSet {
		coord Coordinate {
			point [
				-179.08 245.789 -925.829,
				-179.08 245.789 -925.829,
			]
		}
		coordIndex [
			0, 1, -1
		]
	}
}
#---------- POLYLINE
Shape {
	appearance Appearance {
		material Material {
			diffuseColor 1 0 0
			emissiveColor 1 0 0
		}
	}
	geometry IndexedLineSet {
		coord Coordinate {
			point [
				-179.08 245.789 -925.829,
				-179.08 245.789 -925.829,
			]
		}
		coordIndex [
			0, 1, -1
		]
	}
}
#---------- POLYLINE
Shape {
	appearance Appearance {
		material Material {
			diffuseColor 1 0 0
			emissiveColor 1 0 0
		}
	}
	geometry IndexedLineSet {
		coord Coordinate {
			point [
				-179.08 245.789 -925.829,
				-179.08 245.789 -925.829,
			]
		}
		coordIndex [
			0, 1, -1
		]
	}
}
#---------- POLYLINE
Shape {
	appearance Appearance {
		material Material {
			diffuseColor 1 0 0
			emissiveColor 1 0 0
		}
	}
	geometry IndexedLineSet {
		coord Coordinate {
			point [
				-179.08 245.789 -925.829,
				-179.08 245.789 -925.829,
			]
		}
		coordIndex [
			0, 1, -1
		]
	}
}
#---------- POLYLINE
Shape {
	appearance Appearance {
		material Material {
			diffuseColor 1 0 0
			emissiveColor 1 0 0
		}
	}
	geometry IndexedLineSet {
		coord Coordinate {
			point [
				-179.08 245.789 -925.829,
				-179.08 245.789 -925.829,
			]
		}
		coordIndex [
			0, 1, -1
		]
	}
}
#---------- POLYLINE
Shape {
	appearance Appearance {
		material Material {
			diffuseColor 1 0 0
			emissiveColor 1 0 0
		}
	}
	geometry IndexedLineSet {
		coord Coordinate {
			point [
				-179.08 245.789 -925.829,
				-179.08 245.789 -925.829,
			]
		}
		coordIndex [
			0, 1, -1
		]
	}
}
#---------- POLYLINE
Shape {
	appearance Appearance {
		material Material {
			diffuseColor 1 0 0
			emissiveColor 1 0 0
		}
	}
	geometry IndexedLineSet {
		coord Coordinate {
			point [
				-179.08 245.789 -925.829,
				-179.08 245.789 -925.829,
			]
		}
		coordIndex [
			0, 1, -1
		]
	}
}
#---------- POLYLINE
Shape {
	appearance Appearance {
		material Material {
			diffuseColor 1 0 0
			emissiveColor 1 0 0
		}
	}
	geometry IndexedLineSet {
		coord Coordinate {
			point [
				-179.08 245.789 -925.829,
				-179.08 245.789 -925.829,
			]
		}
		coordIndex [
			0, 1, -1
		]
	}
}
#---------- POLYLINE
Shape {
	appearance Appearance {
		material Material {
			diffuseColor 1 0 0
			emissiveColor 1 0 0
		}
	}
	geometry IndexedLineSet {
		coord Coordinate {
			point [
				-179.08 245.789 -925.829,
				-179.08 245.789 -925.829,
			]
		}
		coordIndex [
			0, 1, -1
		]
	}
}
#---------- POLYLINE
Shape {
	appearance Appearance {
		material Material {
			diffuseColor 1 0 0
			emissiveColor 1 0 0
		}
	}
	geometry IndexedLineSet {
		coord Coordinate {
			point [
				-179.08 245.789 -925.829,
				-179.08 245.789 -925.829,
			]
		}
		coordIndex [
			0, 1, -1
		]
	}
}
#---------- POLYLINE
Shape {
	appearance Appearance {
		material Material {
			diffuseColor 1 0 0
			emissiveColor 1 0 0
		}
	}
	geometry IndexedLineSet {
		coord Coordinate {
			point [
				-179.08 245.789 -925.829,
				-179.08 245.789 -925.829,
			]
		}
		coordIndex [
			0, 1, -1
		]
	}
}
#---------- POLYLINE
Shape {
	appearance Appearance {
		material Material {
			diffuseColor 1 0 0
			emissiveColor 1 0 0
		}
	}
	geometry IndexedLineSet {
		coord Coordinate {
			point [
				-179.08 245.789 -925.829,
				-179.08 245.789 -925.829,
			]
		}
		coordIndex [
			0, 1, -1
		]
	}
}
#---------- POLYLINE
Shape {
	appearance Appearance {
		material Material {
			diffuseColor 1 0 0
			emissiveColor 1 0 0
		}
	}
	geometry IndexedLineSet {
		coord Coordinate {
			point [
				-179.08 245.789 -925.829,
				-179.08 245.789 -925.829,
			]
		}
		coordIndex [
			0, 1, -1
		]
	}
}
#---------- POLYLINE
Shape {
	appearance Appearance {
		material Material {
			diffuseColor 1 0 0
			emissiveColor 1 0 0
		}
	}
	geometry IndexedLineSet {
		coord Coordinate {
			point [
				-179.08 245.789 -925.829,
				-179.08 245.789 -925.829,
			]
		}
		coordIndex [
			0, 1, -1
		]
	}
}
#---------- POLYLINE
Shape {
	appearance Appearance {
		material Material {
			diffuseColor 1 0 0
			emissiveColor 1 0 0
		}
	}
	geometry IndexedLineSet {
		coord Coordinate {
			point [
				-179.08 245.789 -925.829,
				-179.08 245.789 -925.829,
			]
		}
		coordIndex [
			0, 1, -1
		]
	}
}
#---------- POLYLINE
Shape {
	appearance Appearance {
		material Material {
			diffuseColor 1 0 0
			emissiveColor 1 0 0
		}
	}
	geometry IndexedLineSet {
		coord Coordinate {
			point [
				-179.08 245.789 -925.829,
				-179.08 245.789 -925.829,
			]
		}
		coordIndex [
			0, 1, -1
		]
	}
}
#---------- POLYLINE
Shape {
	appearance Appearance {
		material Material {
			diffuseColor 1 0 0
			emissiveColor 1 0 0
		}
	}
	geometry IndexedLineSet {
		coord Coordinate {
			point [
				-179.08 245.789 -925.829,
				-179.08 245.789 -925.829,
			]
		}
		coordIndex [
			0, 1, -1
		]
	}
}
#---------- POLYLINE
Shape {
	appearance Appearance {
		material Material {
			diffuseColor 1 0 0
			emissiveColor 1 0 0
		}
	}
	geometry IndexedLineSet {
		coord Coordinate {
			point [
				-179.08 245.789 -925.829,
				-179.08 245.789 -925.829,
			]
		}
		coordIndex [
			0, 1, -1
		]
	}
}
#---------- POLYLINE
Shape {
	appearance Appearance {
		material Material {
			diffuseColor 1 0 0
			emissiveColor 1 0 0
		}
	}
	geometry IndexedLineSet {
		coord Coordinate {
			point [
				-179.08 245.789 -925.829,
				-179.08 245.789 -925.829,
			]
		}
		coordIndex [
			0, 1, -1
		]
	}
}
#---------- POLYLINE
Shape {
	appearance Appearance {
		material Material {
			diffuseColor 1 0 0
			emissiveColor 1 0 0
		}
	}
	geometry IndexedLineSet {
		coord Coordinate {
			point [
				-179.08 245.789 -925.829,
				-179.08 245.789 -925.829,
			]
		}
		coordIndex [
			0, 1, -1
		]
	}
}
#---------- POLYLINE
Shape {
	appearance Appearance {
		material Material {
			diffuseColor 0 1 0
			emissiveColor 0 1 0
		}
	}
	geometry IndexedLineSet {
		coord Coordinate {
			point [
				-179.08 245.789 -925.829,
				-179.013 246.052 -925.514,
			]
		}
		coordIndex [
			0, 1, -1
		]
	}
}
#---------- POLYLINE
Shape {
	appearance Appearance {
		material Material {
			diffuseColor 1 0 0
			emissiveColor 1 0 0
		}
	}
	geometry IndexedLineSet {
		coord Coordinate {
			point [
				-179.013 246.052 -925.514,
				-179.013 246.052 -925.514,
			]
		}
		coordIndex [
			0, 1, -1
		]
	}
}
#---------- POLYLINE
Shape {
	appearance Appearance {
		material Material {
			diffuseColor 1 0 0
			emissiveColor 1 0 0
		}
	}
	geometry IndexedLineSet {
		coord Coordinate {
			point [
				-179.013 246.052 -925.514,
				-179.013 246.052 -925.514,
			]
		}
		coordIndex [
			0, 1, -1
		]
	}
}
#---------- POLYLINE
Shape {
	appearance Appearance {
		material Material {
			diffuseColor 1 0 0
			emissiveColor 1 0 0
		}
	}
	geometry IndexedLineSet {
		coord Coordinate {
			point [
				-179.013 246.052 -925.514,
				-179.013 246.052 -925.514,
			]
		}
		coordIndex [
			0, 1, -1
		]
	}
}
#---------- POLYLINE
Shape {
	appearance Appearance {
		material Material {
			diffuseColor 1 0 0
			emissiveColor 1 0 0
		}
	}
	geometry IndexedLineSet {
		coord Coordinate {
			point [
				-179.013 246.052 -925.514,
				-179.013 246.052 -925.514,
			]
		}
		coordIndex [
			0, 1, -1
		]
	}
}
#---------- POLYLINE
Shape {
	appearance Appearance {
		material Material {
			diffuseColor 1 0 0
			emissiveColor 1 0 0
		}
	}
	geometry IndexedLineSet {
		coord Coordinate {
			point [
				-179.013 246.052 -925.514,
				-179.013 246.052 -925.514,
			]
		}
		coordIndex [
			0, 1, -1
		]
	}
}
#---------- POLYLINE
Shape {
	appearance Appearance {
		material Material {
			diffuseColor 1 0 0
			emissiveColor 1 0 0
		}
	}
	geometry IndexedLineSet {
		coord Coordinate {
			point [
				-179.013 246.052 -925.514,
				-179.013 246.052 -925.514,
			]
		}
		coordIndex [
			0, 1, -1
		]
	}
}
#---------- POLYLINE
Shape {
	appearance Appearance {
		material Material {
			diffuseColor 1 0 0
			emissiveColor 1 0 0
		}
	}
	geometry IndexedLineSet {
		coord Coordinate {
			point [
				-179.013 246.052 -925.514,
				-179.013 246.052 -925.514,
			]
		}
		coordIndex [
			0, 1, -1
		]
	}
}
#---------- POLYLINE
Shape {
	appearance Appearance {
		material Material {
			diffuseColor 1 0 0
			emissiveColor 1 0 0
		}
	}
	geometry IndexedLineSet {
		coord Coordinate {
			point [
				-179.013 246.052 -925.514,
				-179.013 246.052 -925.514,
			]
		}
		coordIndex [
			0, 1, -1
		]
	}
}
#---------- POLYLINE
Shape {
	appearance Appearance {
		material Material {
			diffuseColor 1 0 0
			emissiveColor 1 0 0
		}
	}
	geometry IndexedLineSet {
		coord Coordinate {
			point [
				-179.013 246.052 -925.514,
				-179.013 246.052 -925.514,
			]
		}
		coordIndex [
			0, 1, -1
		]
	}
}
#---------- POLYLINE
Shape {
	appearance Appearance {
		material Material {
			diffuseColor 1 0 0
			emissiveColor 1 0 0
		}
	}
	geometry IndexedLineSet {
		coord Coordinate {
			point [
				-179.013 246.052 -925.514,
				-179.013 246.052 -925.514,
			]
		}
		coordIndex [
			0, 1, -1
		]
	}
}
#---------- POLYLINE
Shape {
	appearance Appearance {
		material Material {
			diffuseColor 1 0 0
			emissiveColor 1 0 0
		}
	}
	geometry IndexedLineSet {
		coord Coordinate {
			point [
				-179.013 246.052 -925.514,
				-179.013 246.052 -925.514,
			]
		}
		coordIndex [
			0, 1, -1
		]
	}
}
#---------- POLYLINE
Shape {
	appearance Appearance {
		material Material {
			diffuseColor 1 0 0
			emissiveColor 1 0 0
		}
	}
	geometry IndexedLineSet {
		coord Coordinate {
			point [
				-179.013 246.052 -925.514,
				-179.013 246.052 -925.514,
			]
		}
		coordIndex [
			0, 1, -1
		]
	}
}
#---------- POLYLINE
Shape {
	appearance Appearance {
		material Material {
			diffuseColor 1 0 0
			emissiveColor 1 0 0
		}
	}
	geometry IndexedLineSet {
		coord Coordinate {
			point [
				-179.013 246.052 -925.514,
				-179.013 246.052 -925.514,
			]
		}
		coordIndex [
			0, 1, -1
		]
	}
}
#---------- POLYLINE
Shape {
	appearance Appearance {
		material Material {
			diffuseColor 1 0 0
			emissiveColor 1 0 0
		}
	}
	geometry IndexedLineSet {
		coord Coordinate {
			point [
				-179.013 246.052 -925.514,
				-179.013 246.052 -925.514,
			]
		}
		coordIndex [
			0, 1, -1
		]
	}
}
#---------- POLYLINE
Shape {
	appearance Appearance {
		material Material {
			diffuseColor 1 0 0
			emissiveColor 1 0 0
		}
	}
	geometry IndexedLineSet {
		coord Coordinate {
			point [
				-179.013 246.052 -925.514,
				-179.013 246.052 -925.514,
			]
		}
		coordIndex [
			0, 1, -1
		]
	}
}
#---------- POLYLINE
Shape {
	appearance Appearance {
		material Material {
			diffuseColor 1 0 0
			emissiveColor 1 0 0
		}
	}
	geometry IndexedLineSet {
		coord Coordinate {
			point [
				-179.013 246.052 -925.514,
				-179.013 246.052 -925.514,
			]
		}
		coordIndex [
			0, 1, -1
		]
	}
}
#---------- POLYLINE
Shape {
	appearance Appearance {
		material Material {
			diffuseColor 1 0 0
			emissiveColor 1 0 0
		}
	}
	geometry IndexedLineSet {
		coord Coordinate {
			point [
				-179.013 246.052 -925.514,
				-179.013 246.052 -925.514,
			]
		}
		coordIndex [
			0, 1, -1
		]
	}
}
#---------- POLYLINE
Shape {
	appearance Appearance {
		material Material {
			diffuseColor 1 0 0
			emissiveColor 1 0 0
		}
	}
	geometry IndexedLineSet {
		coord Coordinate {
			point [
				-179.013 246.052 -925.514,
				-179.013 246.052 -925.514,
			]
		}
		coordIndex [
			0, 1, -1
		]
	}
}
#---------- POLYLINE
Shape {
	appearance Appearance {
		material Material {
			diffuseColor 1 0 0
			emissiveColor 1 0 0
		}
	}
	geometry IndexedLineSet {
		coord Coordinate {
			point [
				-179.013 246.052 -925.514,
				-179.013 246.052 -925.514,
			]
		}
		coordIndex [
			0, 1, -1
		]
	}
}
#---------- POLYLINE
Shape {
	appearance Appearance {
		material Material {
			diffuseColor 1 0 0
			emissiveColor 1 0 0
		}
	}
	geometry IndexedLineSet {
		coord Coordinate {
			point [
				-179.013 246.052 -925.514,
				-179.013 246.052 -925.513,
			]
		}
		coordIndex [
			0, 1, -1
		]
	}
}
#---------- POLYLINE
Shape {
	appearance Appearance {
		material Material {
			diffuseColor 1 0 0
			emissiveColor 1 0 0
		}
	}
	geometry IndexedLineSet {
		coord Coordinate {
			point [
				-179.08 245.789 -925.829,
				-179.096 245.784 -925.836,
			]
		}
		coordIndex [
			0, 1, -1
		]
	}
}
#---------- POLYLINE
Shape {
	appearance Appearance {
		material Material {
			diffuseColor 1 0 0
			emissiveColor 1 0 0
		}
	}
	geometry IndexedLineSet {
		coord Coordinate {
			point [
				-165.312 246.704 -909.499,
				-165.267 246.819 -909.619,
				-165.262 246.816 -909.608,
			]
		}
		coordIndex [
			0, 1, 2, -1
		]
	}
}
#---------- POLYLINE
Shape {
	appearance Appearance {
		material Material {
			diffuseColor 0 1 0
			emissiveColor 0 1 0
		}
	}
	geometry IndexedLineSet {
		coord Coordinate {
			point [
				-169.282 233.427 -888.992,
				-166.647 240.363 -901.973,
				-166.058 240.984 -904.18,
				-169.537 236.473 -907.866,
				-169.527 236.484 -907.868,
				-168.785 236.963 -908.112,
			]
		}
		coordIndex [
			0, 1, 2, 3, 4, 5, -1
		]
	}
}
#---------- POLYLINE
Shape {
	appearance Appearance {
		material Material {
			diffuseColor 1 0 0
			emissiveColor 1 0 0
		}
	}
	geometry IndexedLineSet {
		coord Coordinate {
			point [
				-168.785 236.963 -908.112,
				-168.785 236.963 -908.112,
			]
		}
		coordIndex [
			0, 1, -1
		]
	}
}
#---------- POLYLINE
Shape {
	appearance Appearance {
		material Material {
			diffuseColor 1 0 0
			emissiveColor 1 0 0
		}
	}
	geometry IndexedLineSet {
		coord Coordinate {
			point [
				-168.785 236.963 -908.112,
				-168.785 236.963 -908.112,
			]
		}
		coordIndex [
			0, 1, -1
		]
	}
}
#---------- POLYLINE
Shape {
	appearance Appearance {
		material Material {
			diffuseColor 1 0 0
			emissiveColor 1 0 0
		}
	}
	geometry IndexedLineSet {
		coord Coordinate {
			point [
				-168.785 236.963 -908.112,
				-168.785 236.963 -908.112,
			]
		}
		coordIndex [
			0, 1, -1
		]
	}
}
#---------- POLYLINE
Shape {
	appearance Appearance {
		material Material {
			diffuseColor 1 0 0
			emissiveColor 1 0 0
		}
	}
	geometry IndexedLineSet {
		coord Coordinate {
			point [
				-168.785 236.963 -908.112,
				-168.785 236.963 -908.112,
			]
		}
		coordIndex [
			0, 1, -1
		]
	}
}
#---------- POLYLINE
Shape {
	appearance Appearance {
		material Material {
			diffuseColor 1 0 0
			emissiveColor 1 0 0
		}
	}
	geometry IndexedLineSet {
		coord Coordinate {
			point [
				-168.785 236.963 -908.112,
				-168.785 236.963 -908.112,
			]
		}
		coordIndex [
			0, 1, -1
		]
	}
}
#---------- POLYLINE
Shape {
	appearance Appearance {
		material Material {
			diffuseColor 1 0 0
			emissiveColor 1 0 0
		}
	}
	geometry IndexedLineSet {
		coord Coordinate {
			point [
				-168.785 236.963 -908.112,
				-168.785 236.963 -908.112,
			]
		}
		coordIndex [
			0, 1, -1
		]
	}
}
#---------- POLYLINE
Shape {
	appearance Appearance {
		material Material {
			diffuseColor 1 0 0
			emissiveColor 1 0 0
		}
	}
	geometry IndexedLineSet {
		coord Coordinate {
			point [
				-168.785 236.963 -908.112,
				-168.785 236.963 -908.112,
			]
		}
		coordIndex [
			0, 1, -1
		]
	}
}
#---------- POLYLINE
Shape {
	appearance Appearance {
		material Material {
			diffuseColor 1 0 0
			emissiveColor 1 0 0
		}
	}
	geometry IndexedLineSet {
		coord Coordinate {
			point [
				-168.785 236.963 -908.112,
				-168.785 236.963 -908.112,
			]
		}
		coordIndex [
			0, 1, -1
		]
	}
}
#---------- POLYLINE
Shape {
	appearance Appearance {
		material Material {
			diffuseColor 1 0 0
			emissiveColor 1 0 0
		}
	}
	geometry IndexedLineSet {
		coord Coordinate {
			point [
				-168.785 236.963 -908.112,
				-168.785 236.963 -908.112,
			]
		}
		coordIndex [
			0, 1, -1
		]
	}
}
#---------- POLYLINE
Shape {
	appearance Appearance {
		material Material {
			diffuseColor 1 0 0
			emissiveColor 1 0 0
		}
	}
	geometry IndexedLineSet {
		coord Coordinate {
			point [
				-168.785 236.963 -908.112,
				-168.785 236.963 -908.112,
			]
		}
		coordIndex [
			0, 1, -1
		]
	}
}
#---------- POLYLINE
Shape {
	appearance Appearance {
		material Material {
			diffuseColor 1 0 0
			emissiveColor 1 0 0
		}
	}
	geometry IndexedLineSet {
		coord Coordinate {
			point [
				-168.785 236.963 -908.112,
				-168.785 236.963 -908.112,
			]
		}
		coordIndex [
			0, 1, -1
		]
	}
}
#---------- POLYLINE
Shape {
	appearance Appearance {
		material Material {
			diffuseColor 1 0 0
			emissiveColor 1 0 0
		}
	}
	geometry IndexedLineSet {
		coord Coordinate {
			point [
				-168.785 236.963 -908.112,
				-168.785 236.963 -908.112,
			]
		}
		coordIndex [
			0, 1, -1
		]
	}
}
#---------- POLYLINE
Shape {
	appearance Appearance {
		material Material {
			diffuseColor 1 0 0
			emissiveColor 1 0 0
		}
	}
	geometry IndexedLineSet {
		coord Coordinate {
			point [
				-168.785 236.963 -908.112,
				-168.785 236.963 -908.112,
			]
		}
		coordIndex [
			0, 1, -1
		]
	}
}
#---------- POLYLINE
Shape {
	appearance Appearance {
		material Material {
			diffuseColor 1 0 0
			emissiveColor 1 0 0
		}
	}
	geometry IndexedLineSet {
		coord Coordinate {
			point [
				-168.785 236.963 -908.112,
				-168.785 236.963 -908.112,
			]
		}
		coordIndex [
			0, 1, -1
		]
	}
}
#---------- POLYLINE
Shape {
	appearance Appearance {
		material Material {
			diffuseColor 1 0 0
			emissiveColor 1 0 0
		}
	}
	geometry IndexedLineSet {
		coord Coordinate {
			point [
				-168.785 236.963 -908.112,
				-168.785 236.963 -908.112,
			]
		}
		coordIndex [
			0, 1, -1
		]
	}
}
#---------- POLYLINE
Shape {
	appearance Appearance {
		material Material {
			diffuseColor 1 0 0
			emissiveColor 1 0 0
		}
	}
	geometry IndexedLineSet {
		coord Coordinate {
			point [
				-168.785 236.963 -908.112,
				-168.785 236.963 -908.112,
			]
		}
		coordIndex [
			0, 1, -1
		]
	}
}
#---------- POLYLINE
Shape {
	appearance Appearance {
		material Material {
			diffuseColor 1 0 0
			emissiveColor 1 0 0
		}
	}
	geometry IndexedLineSet {
		coord Coordinate {
			point [
				-168.785 236.963 -908.112,
				-168.785 236.963 -908.112,
			]
		}
		coordIndex [
			0, 1, -1
		]
	}
}
#---------- POLYLINE
Shape {
	appearance Appearance {
		material Material {
			diffuseColor 1 0 0
			emissiveColor 1 0 0
		}
	}
	geometry IndexedLineSet {
		coord Coordinate {
			point [
				-168.785 236.963 -908.112,
				-168.785 236.963 -908.112,
			]
		}
		coordIndex [
			0, 1, -1
		]
	}
}
#---------- POLYLINE
Shape {
	appearance Appearance {
		material Material {
			diffuseColor 0 1 0
			emissiveColor 0 1 0
		}
	}
	geometry IndexedLineSet {
		coord Coordinate {
			point [
				-168.785 236.963 -908.112,
				-168.905 236.908 -908.19,
				-169.175 236.66 -908.062,
				-168.958 236.616 -908.156,
			]
		}
		coordIndex [
			0, 1, 2, 3, -1
		]
	}
}
#---------- POLYLINE
Shape {
	appearance Appearance {
		material Material {
			diffuseColor 1 0 0
			emissiveColor 1 0 0
		}
	}
	geometry IndexedLineSet {
		coord Coordinate {
			point [
				-168.958 236.616 -908.156,
				-168.958 236.616 -908.156,
			]
		}
		coordIndex [
			0, 1, -1
		]
	}
}
#---------- POLYLINE
Shape {
	appearance Appearance {
		material Material {
			diffuseColor 1 0 0
			emissiveColor 1 0 0
		}
	}
	geometry IndexedLineSet {
		coord Coordinate {
			point [
				-168.958 236.616 -908.156,
				-168.958 236.616 -908.156,
			]
		}
		coordIndex [
			0, 1, -1
		]
	}
}
#---------- POLYLINE
Shape {
	appearance Appearance {
		material Material {
			diffuseColor 1 0 0
			emissiveColor 1 0 0
		}
	}
	geometry IndexedLineSet {
		coord Coordinate {
			point [
				-168.958 236.616 -908.156,
				-168.958 236.616 -908.156,
			]
		}
		coordIndex [
			0, 1, -1
		]
	}
}
#---------- POLYLINE
Shape {
	appearance Appearance {
		material Material {
			diffuseColor 1 0 0
			emissiveColor 1 0 0
		}
	}
	geometry IndexedLineSet {
		coord Coordinate {
			point [
				-168.958 236.616 -908.156,
				-168.958 236.616 -908.156,
			]
		}
		coordIndex [
			0, 1, -1
		]
	}
}
#---------- POLYLINE
Shape {
	appearance Appearance {
		material Material {
			diffuseColor 1 0 0
			emissiveColor 1 0 0
		}
	}
	geometry IndexedLineSet {
		coord Coordinate {
			point [
				-168.958 236.616 -908.156,
				-168.958 236.616 -908.156,
			]
		}
		coordIndex [
			0, 1, -1
		]
	}
}
#---------- POLYLINE
Shape {
	appearance Appearance {
		material Material {
			diffuseColor 1 0 0
			emissiveColor 1 0 0
		}
	}
	geometry IndexedLineSet {
		coord Coordinate {
			point [
				-168.958 236.616 -908.156,
				-168.958 236.616 -908.156,
			]
		}
		coordIndex [
			0, 1, -1
		]
	}
}
#---------- POLYLINE
Shape {
	appearance Appearance {
		material Material {
			diffuseColor 1 0 0
			emissiveColor 1 0 0
		}
	}
	geometry IndexedLineSet {
		coord Coordinate {
			point [
				-168.958 236.616 -908.156,
				-168.958 236.616 -908.156,
			]
		}
		coordIndex [
			0, 1, -1
		]
	}
}
#---------- POLYLINE
Shape {
	appearance Appearance {
		material Material {
			diffuseColor 1 0 0
			emissiveColor 1 0 0
		}
	}
	geometry IndexedLineSet {
		coord Coordinate {
			point [
				-168.958 236.616 -908.156,
				-168.958 236.616 -908.156,
			]
		}
		coordIndex [
			0, 1, -1
		]
	}
}
#---------- POLYLINE
Shape {
	appearance Appearance {
		material Material {
			diffuseColor 1 0 0
			emissiveColor 1 0 0
		}
	}
	geometry IndexedLineSet {
		coord Coordinate {
			point [
				-168.958 236.616 -908.156,
				-168.958 236.616 -908.156,
			]
		}
		coordIndex [
			0, 1, -1
		]
	}
}
#---------- POLYLINE
Shape {
	appearance Appearance {
		material Material {
			diffuseColor 0 1 0
			emissiveColor 0 1 0
		}
	}
	geometry IndexedLineSet {
		coord Coordinate {
			point [
				-168.958 236.616 -908.156,
				-168.957 236.608 -908.163,
			]
		}
		coordIndex [
			0, 1, -1
		]
	}
}
#---------- POLYLINE
Shape {
	appearance Appearance {
		material Material {
			diffuseColor 1 0 0
			emissiveColor 1 0 0
		}
	}
	geometry IndexedLineSet {
		coord Coordinate {
			point [
				-168.957 236.608 -908.163,
				-168.957 236.608 -908.163,
			]
		}
		coordIndex [
			0, 1, -1
		]
	}
}
#---------- POLYLINE
Shape {
	appearance Appearance {
		material Material {
			diffuseColor 1 0 0
			emissiveColor 1 0 0
		}
	}
	geometry IndexedLineSet {
		coord Coordinate {
			point [
				-168.957 236.608 -908.163,
				-168.957 236.608 -908.163,
			]
		}
		coordIndex [
			0, 1, -1
		]
	}
}
#---------- POLYLINE
Shape {
	appearance Appearance {
		material Material {
			diffuseColor 1 0 0
			emissiveColor 1 0 0
		}
	}
	geometry IndexedLineSet {
		coord Coordinate {
			point [
				-168.957 236.608 -908.163,
				-168.957 236.608 -908.163,
			]
		}
		coordIndex [
			0, 1, -1
		]
	}
}
#---------- POLYLINE
Shape {
	appearance Appearance {
		material Material {
			diffuseColor 1 0 0
			emissiveColor 1 0 0
		}
	}
	geometry IndexedLineSet {
		coord Coordinate {
			point [
				-168.957 236.608 -908.163,
				-168.957 236.608 -908.163,
			]
		}
		coordIndex [
			0, 1, -1
		]
	}
}
#---------- POLYLINE
Shape {
	appearance Appearance {
		material Material {
			diffuseColor 1 0 0
			emissiveColor 1 0 0
		}
	}
	geometry IndexedLineSet {
		coord Coordinate {
			point [
				-168.957 236.608 -908.163,
				-168.957 236.608 -908.163,
			]
		}
		coordIndex [
			0, 1, -1
		]
	}
}
#---------- POLYLINE
Shape {
	appearance Appearance {
		material Material {
			diffuseColor 1 0 0
			emissiveColor 1 0 0
		}
	}
	geometry IndexedLineSet {
		coord Coordinate {
			point [
				-168.957 236.608 -908.163,
				-168.957 236.608 -908.163,
			]
		}
		coordIndex [
			0, 1, -1
		]
	}
}
#---------- POLYLINE
Shape {
	appearance Appearance {
		material Material {
			diffuseColor 1 0 0
			emissiveColor 1 0 0
		}
	}
	geometry IndexedLineSet {
		coord Coordinate {
			point [
				-168.957 236.608 -908.163,
				-168.957 236.608 -908.163,
			]
		}
		coordIndex [
			0, 1, -1
		]
	}
}
#---------- POLYLINE
Shape {
	appearance Appearance {
		material Material {
			diffuseColor 1 0 0
			emissiveColor 1 0 0
		}
	}
	geometry IndexedLineSet {
		coord Coordinate {
			point [
				-168.957 236.608 -908.163,
				-168.957 236.608 -908.163,
			]
		}
		coordIndex [
			0, 1, -1
		]
	}
}
#---------- POLYLINE
Shape {
	appearance Appearance {
		material Material {
			diffuseColor 1 0 0
			emissiveColor 1 0 0
		}
	}
	geometry IndexedLineSet {
		coord Coordinate {
			point [
				-168.957 236.608 -908.163,
				-168.957 236.608 -908.163,
			]
		}
		coordIndex [
			0, 1, -1
		]
	}
}
#---------- POLYLINE
Shape {
	appearance Appearance {
		material Material {
			diffuseColor 1 0 0
			emissiveColor 1 0 0
		}
	}
	geometry IndexedLineSet {
		coord Coordinate {
			point [
				-168.957 236.608 -908.163,
				-168.957 236.608 -908.163,
			]
		}
		coordIndex [
			0, 1, -1
		]
	}
}
#---------- POLYLINE
Shape {
	appearance Appearance {
		material Material {
			diffuseColor 1 0 0
			emissiveColor 1 0 0
		}
	}
	geometry IndexedLineSet {
		coord Coordinate {
			point [
				-168.957 236.608 -908.163,
				-168.957 236.608 -908.163,
			]
		}
		coordIndex [
			0, 1, -1
		]
	}
}
#---------- POLYLINE
Shape {
	appearance Appearance {
		material Material {
			diffuseColor 1 0 0
			emissiveColor 1 0 0
		}
	}
	geometry IndexedLineSet {
		coord Coordinate {
			point [
				-168.957 236.608 -908.163,
				-168.957 236.608 -908.163,
			]
		}
		coordIndex [
			0, 1, -1
		]
	}
}
#---------- POLYLINE
Shape {
	appearance Appearance {
		material Material {
			diffuseColor 1 0 0
			emissiveColor 1 0 0
		}
	}
	geometry IndexedLineSet {
		coord Coordinate {
			point [
				-168.958 236.616 -908.156,
				-168.957 236.616 -908.156,
			]
		}
		coordIndex [
			0, 1, -1
		]
	}
}
#---------- POLYLINE
Shape {
	appearance Appearance {
		material Material {
			diffuseColor 1 0 0
			emissiveColor 1 0 0
		}
	}
	geometry IndexedLineSet {
		coord Coordinate {
			point [
				-168.785 236.963 -908.112,
				-168.784 236.963 -908.111,
			]
		}
		coordIndex [
			0, 1, -1
		]
	}
}
#---------- POLYLINE
Shape {
	appearance Appearance {
		material Material {
			diffuseColor 1 0 0
			emissiveColor 1 0 0
		}
	}
	geometry IndexedLineSet {
		coord Coordinate {
			point [
				-169.527 236.484 -907.868,
				-169.527 236.484 -907.868,
			]
		}
		coordIndex [
			0, 1, -1
		]
	}
}
#---------- POLYLINE
Shape {
	appearance Appearance {
		material Material {
			diffuseColor 1 0 0
			emissiveColor 1 0 0
		}
	}
	geometry IndexedLineSet {
		coord Coordinate {
			point [
				-169.537 236.473 -907.866,
				-169.543 236.466 -907.87,
			]
		}
		coordIndex [
			0, 1, -1
		]
	}
}
#---------- POLYLINE
Shape {
	appearance Appearance {
		material Material {
			diffuseColor 1 0 0
			emissiveColor 1 0 0
		}
	}
	geometry IndexedLineSet {
		coord Coordinate {
			point [
				-166.058 240.984 -904.18,
				-166.015 241.032 -904.274,
				-165.962 241.043 -904.254,
			]
		}
		coordIndex [
			0, 1, 2, -1
		]
	}
}
#---------- POLYLINE
Shape {
	appearance Appearance {
		material Material {
			diffuseColor 0 1 0
			emissiveColor 0 1 0
		}
	}
	geometry IndexedLineSet {
		coord Coordinate {
			point [
				-166.015 241.032 -904.274,
				-165.993 241.043 -904.246,
			]
		}
		coordIndex [
			0, 1, -1
		]
	}
}
#---------- POLYLINE
Shape {
	appearance Appearance {
		material Material {
			diffuseColor 1 0 0
			emissiveColor 1 0 0
		}
	}
	geometry IndexedLineSet {
		coord Coordinate {
			point [
				-165.993 241.043 -904.246,
				-165.993 241.043 -904.246,
			]
		}
		coordIndex [
			0, 1, -1
		]
	}
}
#---------- POLYLINE
Shape {
	appearance Appearance {
		material Material {
			diffuseColor 1 0 0
			emissiveColor 1 0 0
		}
	}
	geometry IndexedLineSet {
		coord Coordinate {
			point [
				-165.993 241.043 -904.246,
				-165.993 241.043 -904.246,
			]
		}
		coordIndex [
			0, 1, -1
		]
	}
}
#---------- POLYLINE
Shape {
	appearance Appearance {
		material Material {
			diffuseColor 1 0 0
			emissiveColor 1 0 0
		}
	}
	geometry IndexedLineSet {
		coord Coordinate {
			point [
				-165.993 241.043 -904.246,
				-165.993 241.043 -904.246,
			]
		}
		coordIndex [
			0, 1, -1
		]
	}
}
#---------- POLYLINE
Shape {
	appearance Appearance {
		material Material {
			diffuseColor 1 0 0
			emissiveColor 1 0 0
		}
	}
	geometry IndexedLineSet {
		coord Coordinate {
			point [
				-165.993 241.043 -904.246,
				-165.993 241.043 -904.246,
			]
		}
		coordIndex [
			0, 1, -1
		]
	}
}
#---------- POLYLINE
Shape {
	appearance Appearance {
		material Material {
			diffuseColor 1 0 0
			emissiveColor 1 0 0
		}
	}
	geometry IndexedLineSet {
		coord Coordinate {
			point [
				-165.993 241.043 -904.246,
				-165.993 241.043 -904.246,
			]
		}
		coordIndex [
			0, 1, -1
		]
	}
}
#---------- POLYLINE
Shape {
	appearance Appearance {
		material Material {
			diffuseColor 1 0 0
			emissiveColor 1 0 0
		}
	}
	geometry IndexedLineSet {
		coord Coordinate {
			point [
				-165.993 241.043 -904.246,
				-165.993 241.043 -904.246,
			]
		}
		coordIndex [
			0, 1, -1
		]
	}
}
#---------- POLYLINE
Shape {
	appearance Appearance {
		material Material {
			diffuseColor 0 1 0
			emissiveColor 0 1 0
		}
	}
	geometry IndexedLineSet {
		coord Coordinate {
			point [
				-165.993 241.043 -904.246,
				-165.998 241.044 -904.243,
			]
		}
		coordIndex [
			0, 1, -1
		]
	}
}
#---------- POLYLINE
Shape {
	appearance Appearance {
		material Material {
			diffuseColor 1 0 0
			emissiveColor 1 0 0
		}
	}
	geometry IndexedLineSet {
		coord Coordinate {
			point [
				-165.998 241.044 -904.243,
				-165.998 241.044 -904.243,
			]
		}
		coordIndex [
			0, 1, -1
		]
	}
}
#---------- POLYLINE
Shape {
	appearance Appearance {
		material Material {
			diffuseColor 1 0 0
			emissiveColor 1 0 0
		}
	}
	geometry IndexedLineSet {
		coord Coordinate {
			point [
				-165.998 241.044 -904.243,
				-165.998 241.044 -904.243,
			]
		}
		coordIndex [
			0, 1, -1
		]
	}
}
#---------- POLYLINE
Shape {
	appearance Appearance {
		material Material {
			diffuseColor 1 0 0
			emissiveColor 1 0 0
		}
	}
	geometry IndexedLineSet {
		coord Coordinate {
			point [
				-165.998 241.044 -904.243,
				-165.998 241.044 -904.243,
			]
		}
		coordIndex [
			0, 1, -1
		]
	}
}
#---------- POLYLINE
Shape {
	appearance Appearance {
		material Material {
			diffuseColor 1 0 0
			emissiveColor 1 0 0
		}
	}
	geometry IndexedLineSet {
		coord Coordinate {
			point [
				-165.998 241.044 -904.243,
				-165.998 241.044 -904.243,
			]
		}
		coordIndex [
			0, 1, -1
		]
	}
}
#---------- POLYLINE
Shape {
	appearance Appearance {
		material Material {
			diffuseColor 1 0 0
			emissiveColor 1 0 0
		}
	}
	geometry IndexedLineSet {
		coord Coordinate {
			point [
				-165.998 241.044 -904.243,
				-165.998 241.044 -904.243,
			]
		}
		coordIndex [
			0, 1, -1
		]
	}
}
#---------- POLYLINE
Shape {
	appearance Appearance {
		material Material {
			diffuseColor 1 0 0
			emissiveColor 1 0 0
		}
	}
	geometry IndexedLineSet {
		coord Coordinate {
			point [
				-165.998 241.044 -904.243,
				-165.998 241.044 -904.243,
			]
		}
		coordIndex [
			0, 1, -1
		]
	}
}
#---------- POLYLINE
Shape {
	appearance Appearance {
		material Material {
			diffuseColor 1 0 0
			emissiveColor 1 0 0
		}
	}
	geometry IndexedLineSet {
		coord Coordinate {
			point [
				-165.998 241.044 -904.243,
				-165.998 241.044 -904.243,
			]
		}
		coordIndex [
			0, 1, -1
		]
	}
}
#---------- POLYLINE
Shape {
	appearance Appearance {
		material Material {
			diffuseColor 1 0 0
			emissiveColor 1 0 0
		}
	}
	geometry IndexedLineSet {
		coord Coordinate {
			point [
				-165.998 241.044 -904.243,
				-165.998 241.044 -904.243,
			]
		}
		coordIndex [
			0, 1, -1
		]
	}
}
#---------- POLYLINE
Shape {
	appearance Appearance {
		material Material {
			diffuseColor 1 0 0
			emissiveColor 1 0 0
		}
	}
	geometry IndexedLineSet {
		coord Coordinate {
			point [
				-165.998 241.044 -904.243,
				-165.998 241.044 -904.243,
			]
		}
		coordIndex [
			0, 1, -1
		]
	}
}
#---------- POLYLINE
Shape {
	appearance Appearance {
		material Material {
			diffuseColor 1 0 0
			emissiveColor 1 0 0
		}
	}
	geometry IndexedLineSet {
		coord Coordinate {
			point [
				-165.998 241.044 -904.243,
				-165.998 241.044 -904.243,
			]
		}
		coordIndex [
			0, 1, -1
		]
	}
}
#---------- POLYLINE
Shape {
	appearance Appearance {
		material Material {
			diffuseColor 0 1 0
			emissiveColor 0 1 0
		}
	}
	geometry IndexedLineSet {
		coord Coordinate {
			point [
				-165.993 241.043 -904.246,
				-166.479 240.791 -904.395,
				-166.513 240.775 -904.401,
			]
		}
		coordIndex [
			0, 1, 2, -1
		]
	}
}
#---------- POLYLINE
Shape {
	appearance Appearance {
		material Material {
			diffuseColor 1 0 0
			emissiveColor 1 0 0
		}
	}
	geometry IndexedLineSet {
		coord Coordinate {
			point [
				-166.513 240.775 -904.401,
				-166.513 240.775 -904.401,
			]
		}
		coordIndex [
			0, 1, -1
		]
	}
}
#---------- POLYLINE
Shape {
	appearance Appearance {
		material Material {
			diffuseColor 1 0 0
			emissiveColor 1 0 0
		}
	}
	geometry IndexedLineSet {
		coord Coordinate {
			point [
				-166.513 240.775 -904.401,
				-166.513 240.775 -904.401,
			]
		}
		coordIndex [
			0, 1, -1
		]
	}
}
#---------- POLYLINE
Shape {
	appearance Appearance {
		material Material {
			diffuseColor 1 0 0
			emissiveColor 1 0 0
		}
	}
	geometry IndexedLineSet {
		coord Coordinate {
			point [
				-166.513 240.775 -904.401,
				-166.513 240.775 -904.401,
			]
		}
		coordIndex [
			0, 1, -1
		]
	}
}
#---------- POLYLINE
Shape {
	appearance Appearance {
		material Material {
			diffuseColor 1 0 0
			emissiveColor 1 0 0
		}
	}
	geometry IndexedLineSet {
		coord Coordinate {
			point [
				-166.513 240.775 -904.401,
				-166.513 240.775 -904.401,
			]
		}
		coordIndex [
			0, 1, -1
		]
	}
}
#---------- POLYLINE
Shape {
	appearance Appearance {
		material Material {
			diffuseColor 1 0 0
			emissiveColor 1 0 0
		}
	}
	geometry IndexedLineSet {
		coord Coordinate {
			point [
				-166.513 240.775 -904.401,
				-166.513 240.775 -904.401,
			]
		}
		coordIndex [
			0, 1, -1
		]
	}
}
#---------- POLYLINE
Shape {
	appearance Appearance {
		material Material {
			diffuseColor 1 0 0
			emissiveColor 1 0 0
		}
	}
	geometry IndexedLineSet {
		coord Coordinate {
			point [
				-166.513 240.775 -904.401,
				-166.513 240.775 -904.401,
			]
		}
		coordIndex [
			0, 1, -1
		]
	}
}
#---------- POLYLINE
Shape {
	appearance Appearance {
		material Material {
			diffuseColor 1 0 0
			emissiveColor 1 0 0
		}
	}
	geometry IndexedLineSet {
		coord Coordinate {
			point [
				-166.513 240.775 -904.401,
				-166.513 240.775 -904.401,
			]
		}
		coordIndex [
			0, 1, -1
		]
	}
}
#---------- POLYLINE
Shape {
	appearance Appearance {
		material Material {
			diffuseColor 1 0 0
			emissiveColor 1 0 0
		}
	}
	geometry IndexedLineSet {
		coord Coordinate {
			point [
				-166.513 240.775 -904.401,
				-166.513 240.775 -904.401,
			]
		}
		coordIndex [
			0, 1, -1
		]
	}
}
#---------- POLYLINE
Shape {
	appearance Appearance {
		material Material {
			diffuseColor 1 0 0
			emissiveColor 1 0 0
		}
	}
	geometry IndexedLineSet {
		coord Coordinate {
			point [
				-166.513 240.775 -904.401,
				-166.513 240.775 -904.401,
			]
		}
		coordIndex [
			0, 1, -1
		]
	}
}
#---------- POLYLINE
Shape {
	appearance Appearance {
		material Material {
			diffuseColor 1 0 0
			emissiveColor 1 0 0
		}
	}
	geometry IndexedLineSet {
		coord Coordinate {
			point [
				-166.513 240.775 -904.401,
				-166.513 240.775 -904.401,
			]
		}
		coordIndex [
			0, 1, -1
		]
	}
}
#---------- POLYLINE
Shape {
	appearance Appearance {
		material Material {
			diffuseColor 1 0 0
			emissiveColor 1 0 0
		}
	}
	geometry IndexedLineSet {
		coord Coordinate {
			point [
				-166.513 240.775 -904.401,
				-166.513 240.775 -904.401,
			]
		}
		coordIndex [
			0, 1, -1
		]
	}
}
#---------- POLYLINE
Shape {
	appearance Appearance {
		material Material {
			diffuseColor 1 0 0
			emissiveColor 1 0 0
		}
	}
	geometry IndexedLineSet {
		coord Coordinate {
			point [
				-166.513 240.775 -904.401,
				-166.514 240.776 -904.401,
			]
		}
		coordIndex [
			0, 1, -1
		]
	}
}
#---------- POLYLINE
Shape {
	appearance Appearance {
		material Material {
			diffuseColor 1 0 0
			emissiveColor 1 0 0
		}
	}
	geometry IndexedLineSet {
		coord Coordinate {
			point [
				-165.993 241.043 -904.246,
				-165.993 241.043 -904.245,
			]
		}
		coordIndex [
			0, 1, -1
		]
	}
}
#---------- POLYLINE
Shape {
	appearance Appearance {
		material Material {
			diffuseColor 1 0 0
			emissiveColor 1 0 0
		}
	}
	geometry IndexedLineSet {
		coord Coordinate {
			point [
				-166.647 240.363 -901.973,
				-166.648 240.37 -901.974,
			]
		}
		coordIndex [
			0, 1, -1
		]
	}
}
#---------- POLYLINE
Shape {
	appearance Appearance {
		material Material {
			diffuseColor 0 1 0
			emissiveColor 0 1 0
		}
	}
	geometry IndexedLineSet {
		coord Coordinate {
			point [
				-169.344 233.21 -888.62,
				-169.107 234.308 -890.167,
			]
		}
		coordIndex [
			0, 1, -1
		]
	}
}
#---------- POLYLINE
Shape {
	appearance Appearance {
		material Material {
			diffuseColor 0 0 1
			emissiveColor 0 0 1
		}
	}
	geometry IndexedLineSet {
		coord Coordinate {
			point [
				-169.107 234.308 -890.167,
				-169.046 234.485 -890.389,
				-168.961 234.629 -890.564,
				-168.991 234.98 -890.685,
				-169.073 234.989 -890.616,
				-169.219 235.153 -890.455,
				-169.23 235.115 -890.47,
			]
		}
		coordIndex [
			0, 1, 2, 3, 4, 5, 6, -1
		]
	}
}
#---------- POLYLINE
Shape {
	appearance Appearance {
		material Material {
			diffuseColor 0 1 0
			emissiveColor 0 1 0
		}
	}
	geometry IndexedLineSet {
		coord Coordinate {
			point [
				-169.23 235.115 -890.47,
				-169.32 235.407 -891.114,
				-169.277 235.171 -891.076,
			]
		}
		coordIndex [
			0, 1, 2, -1
		]
	}
}
#---------- POLYLINE
Shape {
	appearance Appearance {
		material Material {
			diffuseColor 1 0 0
			emissiveColor 1 0 0
		}
	}
	geometry IndexedLineSet {
		coord Coordinate {
			point [
				-169.277 235.171 -891.076,
				-169.277 235.171 -891.076,
			]
		}
		coordIndex [
			0, 1, -1
		]
	}
}
#---------- POLYLINE
Shape {
	appearance Appearance {
		material Material {
			diffuseColor 1 0 0
			emissiveColor 1 0 0
		}
	}
	geometry IndexedLineSet {
		coord Coordinate {
			point [
				-169.277 235.171 -891.076,
				-169.277 235.171 -891.076,
			]
		}
		coordIndex [
			0, 1, -1
		]
	}
}
#---------- POLYLINE
Shape {
	appearance Appearance {
		material Material {
			diffuseColor 1 0 0
			emissiveColor 1 0 0
		}
	}
	geometry IndexedLineSet {
		coord Coordinate {
			point [
				-169.277 235.171 -891.076,
				-169.277 235.171 -891.076,
			]
		}
		coordIndex [
			0, 1, -1
		]
	}
}
#---------- POLYLINE
Shape {
	appearance Appearance {
		material Material {
			diffuseColor 1 0 0
			emissiveColor 1 0 0
		}
	}
	geometry IndexedLineSet {
		coord Coordinate {
			point [
				-169.277 235.171 -891.076,
				-169.277 235.171 -891.076,
			]
		}
		coordIndex [
			0, 1, -1
		]
	}
}
#---------- POLYLINE
Shape {
	appearance Appearance {
		material Material {
			diffuseColor 1 0 0
			emissiveColor 1 0 0
		}
	}
	geometry IndexedLineSet {
		coord Coordinate {
			point [
				-169.277 235.171 -891.076,
				-169.277 235.171 -891.076,
			]
		}
		coordIndex [
			0, 1, -1
		]
	}
}
#---------- POLYLINE
Shape {
	appearance Appearance {
		material Material {
			diffuseColor 1 0 0
			emissiveColor 1 0 0
		}
	}
	geometry IndexedLineSet {
		coord Coordinate {
			point [
				-169.277 235.171 -891.076,
				-169.277 235.171 -891.076,
			]
		}
		coordIndex [
			0, 1, -1
		]
	}
}
#---------- POLYLINE
Shape {
	appearance Appearance {
		material Material {
			diffuseColor 1 0 0
			emissiveColor 1 0 0
		}
	}
	geometry IndexedLineSet {
		coord Coordinate {
			point [
				-169.277 235.171 -891.076,
				-169.277 235.171 -891.076,
			]
		}
		coordIndex [
			0, 1, -1
		]
	}
}
#---------- POLYLINE
Shape {
	appearance Appearance {
		material Material {
			diffuseColor 1 0 0
			emissiveColor 1 0 0
		}
	}
	geometry IndexedLineSet {
		coord Coordinate {
			point [
				-169.277 235.171 -891.076,
				-169.277 235.171 -891.076,
			]
		}
		coordIndex [
			0, 1, -1
		]
	}
}
#---------- POLYLINE
Shape {
	appearance Appearance {
		material Material {
			diffuseColor 1 0 0
			emissiveColor 1 0 0
		}
	}
	geometry IndexedLineSet {
		coord Coordinate {
			point [
				-169.277 235.171 -891.076,
				-169.277 235.171 -891.076,
			]
		}
		coordIndex [
			0, 1, -1
		]
	}
}
#---------- POLYLINE
Shape {
	appearance Appearance {
		material Material {
			diffuseColor 1 0 0
			emissiveColor 1 0 0
		}
	}
	geometry IndexedLineSet {
		coord Coordinate {
			point [
				-169.277 235.171 -891.076,
				-169.277 235.171 -891.076,
			]
		}
		coordIndex [
			0, 1, -1
		]
	}
}
#---------- POLYLINE
Shape {
	appearance Appearance {
		material Material {
			diffuseColor 1 0 0
			emissiveColor 1 0 0
		}
	}
	geometry IndexedLineSet {
		coord Coordinate {
			point [
				-169.277 235.171 -891.076,
				-169.277 235.171 -891.076,
			]
		}
		coordIndex [
			0, 1, -1
		]
	}
}
#---------- POLYLINE
Shape {
	appearance Appearance {
		material Material {
			diffuseColor 1 0 0
			emissiveColor 1 0 0
		}
	}
	geometry IndexedLineSet {
		coord Coordinate {
			point [
				-169.277 235.171 -891.076,
				-169.277 235.171 -891.076,
			]
		}
		coordIndex [
			0, 1, -1
		]
	}
}
#---------- POLYLINE
Shape {
	appearance Appearance {
		material Material {
			diffuseColor 1 0 0
			emissiveColor 1 0 0
		}
	}
	geometry IndexedLineSet {
		coord Coordinate {
			point [
				-169.277 235.171 -891.076,
				-169.277 235.171 -891.076,
			]
		}
		coordIndex [
			0, 1, -1
		]
	}
}
#---------- POLYLINE
Shape {
	appearance Appearance {
		material Material {
			diffuseColor 0 1 0
			emissiveColor 0 1 0
		}
	}
	geometry IndexedLineSet {
		coord Coordinate {
			point [
				-169.277 235.171 -891.076,
				-169.267 235.182 -891.097,
			]
		}
		coordIndex [
			0, 1, -1
		]
	}
}
#---------- POLYLINE
Shape {
	appearance Appearance {
		material Material {
			diffuseColor 1 0 0
			emissiveColor 1 0 0
		}
	}
	geometry IndexedLineSet {
		coord Coordinate {
			point [
				-169.267 235.182 -891.097,
				-169.267 235.182 -891.097,
			]
		}
		coordIndex [
			0, 1, -1
		]
	}
}
#---------- POLYLINE
Shape {
	appearance Appearance {
		material Material {
			diffuseColor 1 0 0
			emissiveColor 1 0 0
		}
	}
	geometry IndexedLineSet {
		coord Coordinate {
			point [
				-169.267 235.182 -891.097,
				-169.267 235.182 -891.097,
			]
		}
		coordIndex [
			0, 1, -1
		]
	}
}
#---------- POLYLINE
Shape {
	appearance Appearance {
		material Material {
			diffuseColor 1 0 0
			emissiveColor 1 0 0
		}
	}
	geometry IndexedLineSet {
		coord Coordinate {
			point [
				-169.267 235.182 -891.097,
				-169.267 235.182 -891.097,
			]
		}
		coordIndex [
			0, 1, -1
		]
	}
}
#---------- POLYLINE
Shape {
	appearance Appearance {
		material Material {
			diffuseColor 1 0 0
			emissiveColor 1 0 0
		}
	}
	geometry IndexedLineSet {
		coord Coordinate {
			point [
				-169.267 235.182 -891.097,
				-169.267 235.182 -891.097,
			]
		}
		coordIndex [
			0, 1, -1
		]
	}
}
#---------- POLYLINE
Shape {
	appearance Appearance {
		material Material {
			diffuseColor 1 0 0
			emissiveColor 1 0 0
		}
	}
	geometry IndexedLineSet {
		coord Coordinate {
			point [
				-169.267 235.182 -891.097,
				-169.267 235.182 -891.097,
			]
		}
		coordIndex [
			0, 1, -1
		]
	}
}
#---------- POLYLINE
Shape {
	appearance Appearance {
		material Material {
			diffuseColor 1 0 0
			emissiveColor 1 0 0
		}
	}
	geometry IndexedLineSet {
		coord Coordinate {
			point [
				-169.267 235.182 -891.097,
				-169.267 235.182 -891.097,
			]
		}
		coordIndex [
			0, 1, -1
		]
	}
}
#---------- POLYLINE
Shape {
	appearance Appearance {
		material Material {
			diffuseColor 1 0 0
			emissiveColor 1 0 0
		}
	}
	geometry IndexedLineSet {
		coord Coordinate {
			point [
				-169.267 235.182 -891.097,
				-169.267 235.182 -891.097,
			]
		}
		coordIndex [
			0, 1, -1
		]
	}
}
#---------- POLYLINE
Shape {
	appearance Appearance {
		material Material {
			diffuseColor 1 0 0
			emissiveColor 1 0 0
		}
	}
	geometry IndexedLineSet {
		coord Coordinate {
			point [
				-169.267 235.182 -891.097,
				-169.267 235.182 -891.097,
			]
		}
		coordIndex [
			0, 1, -1
		]
	}
}
#---------- POLYLINE
Shape {
	appearance Appearance {
		material Material {
			diffuseColor 1 0 0
			emissiveColor 1 0 0
		}
	}
	geometry IndexedLineSet {
		coord Coordinate {
			point [
				-169.267 235.182 -891.097,
				-169.267 235.182 -891.097,
			]
		}
		coordIndex [
			0, 1, -1
		]
	}
}
#---------- POLYLINE
Shape {
	appearance Appearance {
		material Material {
			diffuseColor 1 0 0
			emissiveColor 1 0 0
		}
	}
	geometry IndexedLineSet {
		coord Coordinate {
			point [
				-169.267 235.182 -891.097,
				-169.267 235.182 -891.097,
			]
		}
		coordIndex [
			0, 1, -1
		]
	}
}
#---------- POLYLINE
Shape {
	appearance Appearance {
		material Material {
			diffuseColor 1 0 0
			emissiveColor 1 0 0
		}
	}
	geometry IndexedLineSet {
		coord Coordinate {
			point [
				-169.267 235.182 -891.097,
				-169.267 235.182 -891.097,
			]
		}
		coordIndex [
			0, 1, -1
		]
	}
}
#---------- POLYLINE
Shape {
	appearance Appearance {
		material Material {
			diffuseColor 1 0 0
			emissiveColor 1 0 0
		}
	}
	geometry IndexedLineSet {
		coord Coordinate {
			point [
				-169.267 235.182 -891.097,
				-169.267 235.182 -891.097,
			]
		}
		coordIndex [
			0, 1, -1
		]
	}
}
#---------- POLYLINE
Shape {
	appearance Appearance {
		material Material {
			diffuseColor 1 0 0
			emissiveColor 1 0 0
		}
	}
	geometry IndexedLineSet {
		coord Coordinate {
			point [
				-169.267 235.182 -891.097,
				-169.267 235.182 -891.097,
			]
		}
		coordIndex [
			0, 1, -1
		]
	}
}
#---------- POLYLINE
Shape {
	appearance Appearance {
		material Material {
			diffuseColor 1 0 0
			emissiveColor 1 0 0
		}
	}
	geometry IndexedLineSet {
		coord Coordinate {
			point [
				-169.267 235.182 -891.097,
				-169.267 235.182 -891.097,
			]
		}
		coordIndex [
			0, 1, -1
		]
	}
}
#---------- POLYLINE
Shape {
	appearance Appearance {
		material Material {
			diffuseColor 1 0 0
			emissiveColor 1 0 0
		}
	}
	geometry IndexedLineSet {
		coord Coordinate {
			point [
				-169.267 235.182 -891.097,
				-169.267 235.182 -891.097,
			]
		}
		coordIndex [
			0, 1, -1
		]
	}
}
#---------- POLYLINE
Shape {
	appearance Appearance {
		material Material {
			diffuseColor 1 0 0
			emissiveColor 1 0 0
		}
	}
	geometry IndexedLineSet {
		coord Coordinate {
			point [
				-169.267 235.182 -891.097,
				-169.267 235.182 -891.097,
			]
		}
		coordIndex [
			0, 1, -1
		]
	}
}
#---------- POLYLINE
Shape {
	appearance Appearance {
		material Material {
			diffuseColor 1 0 0
			emissiveColor 1 0 0
		}
	}
	geometry IndexedLineSet {
		coord Coordinate {
			point [
				-169.267 235.182 -891.097,
				-169.267 235.182 -891.097,
			]
		}
		coordIndex [
			0, 1, -1
		]
	}
}
#---------- POLYLINE
Shape {
	appearance Appearance {
		material Material {
			diffuseColor 1 0 0
			emissiveColor 1 0 0
		}
	}
	geometry IndexedLineSet {
		coord Coordinate {
			point [
				-169.267 235.182 -891.097,
				-169.267 235.182 -891.097,
			]
		}
		coordIndex [
			0, 1, -1
		]
	}
}
#---------- POLYLINE
Shape {
	appearance Appearance {
		material Material {
			diffuseColor 1 0 0
			emissiveColor 1 0 0
		}
	}
	geometry IndexedLineSet {
		coord Coordinate {
			point [
				-169.267 235.182 -891.097,
				-169.267 235.182 -891.097,
			]
		}
		coordIndex [
			0, 1, -1
		]
	}
}
#---------- POLYLINE
Shape {
	appearance Appearance {
		material Material {
			diffuseColor 1 0 0
			emissiveColor 1 0 0
		}
	}
	geometry IndexedLineSet {
		coord Coordinate {
			point [
				-169.267 235.182 -891.097,
				-169.267 235.182 -891.097,
			]
		}
		coordIndex [
			0, 1, -1
		]
	}
}
#---------- POLYLINE
Shape {
	appearance Appearance {
		material Material {
			diffuseColor 1 0 0
			emissiveColor 1 0 0
		}
	}
	geometry IndexedLineSet {
		coord Coordinate {
			point [
				-169.267 235.182 -891.097,
				-169.267 235.182 -891.097,
			]
		}
		coordIndex [
			0, 1, -1
		]
	}
}
#---------- POLYLINE
Shape {
	appearance Appearance {
		material Material {
			diffuseColor 1 0 0
			emissiveColor 1 0 0
		}
	}
	geometry IndexedLineSet {
		coord Coordinate {
			point [
				-169.267 235.182 -891.097,
				-169.267 235.182 -891.097,
			]
		}
		coordIndex [
			0, 1, -1
		]
	}
}
#---------- POLYLINE
Shape {
	appearance Appearance {
		material Material {
			diffuseColor 1 0 0
			emissiveColor 1 0 0
		}
	}
	geometry IndexedLineSet {
		coord Coordinate {
			point [
				-169.267 235.182 -891.097,
				-169.268 235.183 -891.096,
			]
		}
		coordIndex [
			0, 1, -1
		]
	}
}
#---------- POLYLINE
Shape {
	appearance Appearance {
		material Material {
			diffuseColor 1 0 0
			emissiveColor 1 0 0
		}
	}
	geometry IndexedLineSet {
		coord Coordinate {
			point [
				-169.277 235.171 -891.076,
				-169.278 235.17 -891.076,
			]
		}
		coordIndex [
			0, 1, -1
		]
	}
}
#---------- POLYLINE
Shape {
	appearance Appearance {
		material Material {
			diffuseColor 1 0 0
			emissiveColor 1 0 0
		}
	}
	geometry IndexedLineSet {
		coord Coordinate {
			point [
				-169.32 235.407 -891.114,
				-169.321 235.413 -891.122,
			]
		}
		coordIndex [
			0, 1, -1
		]
	}
}
#---------- POLYLINE
Shape {
	appearance Appearance {
		material Material {
			diffuseColor 0 1 0
			emissiveColor 0 1 0
		}
	}
	geometry IndexedLineSet {
		coord Coordinate {
			point [
				-169.23 235.115 -890.47,
				-168.677 233.308 -886.487,
			]
		}
		coordIndex [
			0, 1, -1
		]
	}
}
#---------- POLYLINE
Shape {
	appearance Appearance {
		material Material {
			diffuseColor 1 0 0
			emissiveColor 1 0 0
		}
	}
	geometry IndexedLineSet {
		coord Coordinate {
			point [
				-168.677 233.308 -886.487,
				-168.677 233.308 -886.487,
			]
		}
		coordIndex [
			0, 1, -1
		]
	}
}
#---------- POLYLINE
Shape {
	appearance Appearance {
		material Material {
			diffuseColor 1 0 0
			emissiveColor 1 0 0
		}
	}
	geometry IndexedLineSet {
		coord Coordinate {
			point [
				-168.677 233.308 -886.487,
				-168.677 233.308 -886.487,
			]
		}
		coordIndex [
			0, 1, -1
		]
	}
}
#---------- POLYLINE
Shape {
	appearance Appearance {
		material Material {
			diffuseColor 1 0 0
			emissiveColor 1 0 0
		}
	}
	geometry IndexedLineSet {
		coord Coordinate {
			point [
				-168.677 233.308 -886.487,
				-168.677 233.308 -886.487,
			]
		}
		coordIndex [
			0, 1, -1
		]
	}
}
#---------- POLYLINE
Shape {
	appearance Appearance {
		material Material {
			diffuseColor 1 0 0
			emissiveColor 1 0 0
		}
	}
	geometry IndexedLineSet {
		coord Coordinate {
			point [
				-168.677 233.308 -886.487,
				-168.677 233.308 -886.487,
			]
		}
		coordIndex [
			0, 1, -1
		]
	}
}
#---------- POLYLINE
Shape {
	appearance Appearance {
		material Material {
			diffuseColor 1 0 0
			emissiveColor 1 0 0
		}
	}
	geometry IndexedLineSet {
		coord Coordinate {
			point [
				-168.677 233.308 -886.487,
				-168.677 233.308 -886.487,
			]
		}
		coordIndex [
			0, 1, -1
		]
	}
}
#---------- POLYLINE
Shape {
	appearance Appearance {
		material Material {
			diffuseColor 1 0 0
			emissiveColor 1 0 0
		}
	}
	geometry IndexedLineSet {
		coord Coordinate {
			point [
				-168.677 233.308 -886.487,
				-168.677 233.308 -886.487,
			]
		}
		coordIndex [
			0, 1, -1
		]
	}
}
#---------- POLYLINE
Shape {
	appearance Appearance {
		material Material {
			diffuseColor 1 0 0
			emissiveColor 1 0 0
		}
	}
	geometry IndexedLineSet {
		coord Coordinate {
			point [
				-168.677 233.308 -886.487,
				-168.677 233.308 -886.487,
			]
		}
		coordIndex [
			0, 1, -1
		]
	}
}
#---------- POLYLINE
Shape {
	appearance Appearance {
		material Material {
			diffuseColor 1 0 0
			emissiveColor 1 0 0
		}
	}
	geometry IndexedLineSet {
		coord Coordinate {
			point [
				-168.677 233.308 -886.487,
				-168.677 233.308 -886.487,
			]
		}
		coordIndex [
			0, 1, -1
		]
	}
}
#---------- POLYLINE
Shape {
	appearance Appearance {
		material Material {
			diffuseColor 0 1 0
			emissiveColor 0 1 0
		}
	}
	geometry IndexedLineSet {
		coord Coordinate {
			point [
				-168.677 233.308 -886.487,
				-168.677 233.308 -886.486,
			]
		}
		coordIndex [
			0, 1, -1
		]
	}
}
#---------- POLYLINE
Shape {
	appearance Appearance {
		material Material {
			diffuseColor 1 0 0
			emissiveColor 1 0 0
		}
	}
	geometry IndexedLineSet {
		coord Coordinate {
			point [
				-168.677 233.308 -886.486,
				-168.677 233.308 -886.486,
			]
		}
		coordIndex [
			0, 1, -1
		]
	}
}
#---------- POLYLINE
Shape {
	appearance Appearance {
		material Material {
			diffuseColor 1 0 0
			emissiveColor 1 0 0
		}
	}
	geometry IndexedLineSet {
		coord Coordinate {
			point [
				-168.677 233.308 -886.486,
				-168.677 233.308 -886.487,
			]
		}
		coordIndex [
			0, 1, -1
		]
	}
}
#---------- POLYLINE
Shape {
	appearance Appearance {
		material Material {
			diffuseColor 1 0 0
			emissiveColor 1 0 0
		}
	}
	geometry IndexedLineSet {
		coord Coordinate {
			point [
				-168.677 233.308 -886.486,
				-168.677 233.308 -886.487,
			]
		}
		coordIndex [
			0, 1, -1
		]
	}
}
#---------- POLYLINE
Shape {
	appearance Appearance {
		material Material {
			diffuseColor 1 0 0
			emissiveColor 1 0 0
		}
	}
	geometry IndexedLineSet {
		coord Coordinate {
			point [
				-168.677 233.308 -886.486,
				-168.677 233.308 -886.486,
			]
		}
		coordIndex [
			0, 1, -1
		]
	}
}
#---------- POLYLINE
Shape {
	appearance Appearance {
		material Material {
			diffuseColor 0 1 0
			emissiveColor 0 1 0
		}
	}
	geometry IndexedLineSet {
		coord Coordinate {
			point [
				-168.677 233.308 -886.487,
				-168.727 233.188 -886.654,
			]
		}
		coordIndex [
			0, 1, -1
		]
	}
}
#---------- POLYLINE
Shape {
	appearance Appearance {
		material Material {
			diffuseColor 1 0 0
			emissiveColor 1 0 0
		}
	}
	geometry IndexedLineSet {
		coord Coordinate {
			point [
				-168.727 233.188 -886.654,
				-168.727 233.188 -886.654,
			]
		}
		coordIndex [
			0, 1, -1
		]
	}
}
#---------- POLYLINE
Shape {
	appearance Appearance {
		material Material {
			diffuseColor 1 0 0
			emissiveColor 1 0 0
		}
	}
	geometry IndexedLineSet {
		coord Coordinate {
			point [
				-168.727 233.188 -886.654,
				-168.727 233.188 -886.654,
			]
		}
		coordIndex [
			0, 1, -1
		]
	}
}
#---------- POLYLINE
Shape {
	appearance Appearance {
		material Material {
			diffuseColor 1 0 0
			emissiveColor 1 0 0
		}
	}
	geometry IndexedLineSet {
		coord Coordinate {
			point [
				-168.727 233.188 -886.654,
				-168.727 233.188 -886.654,
			]
		}
		coordIndex [
			0, 1, -1
		]
	}
}
#---------- POLYLINE
Shape {
	appearance Appearance {
		material Material {
			diffuseColor 1 0 0
			emissiveColor 1 0 0
		}
	}
	geometry IndexedLineSet {
		coord Coordinate {
			point [
				-168.727 233.188 -886.654,
				-168.727 233.188 -886.654,
			]
		}
		coordIndex [
			0, 1, -1
		]
	}
}
#---------- POLYLINE
Shape {
	appearance Appearance {
		material Material {
			diffuseColor 1 0 0
			emissiveColor 1 0 0
		}
	}
	geometry IndexedLineSet {
		coord Coordinate {
			point [
				-168.727 233.188 -886.654,
				-168.727 233.188 -886.654,
			]
		}
		coordIndex [
			0, 1, -1
		]
	}
}
#---------- POLYLINE
Shape {
	appearance Appearance {
		material Material {
			diffuseColor 1 0 0
			emissiveColor 1 0 0
		}
	}
	geometry IndexedLineSet {
		coord Coordinate {
			point [
				-168.727 233.188 -886.654,
				-168.727 233.188 -886.654,
			]
		}
		coordIndex [
			0, 1, -1
		]
	}
}
#---------- POLYLINE
Shape {
	appearance Appearance {
		material Material {
			diffuseColor 1 0 0
			emissiveColor 1 0 0
		}
	}
	geometry IndexedLineSet {
		coord Coordinate {
			point [
				-168.727 233.188 -886.654,
				-168.727 233.188 -886.654,
			]
		}
		coordIndex [
			0, 1, -1
		]
	}
}
#---------- POLYLINE
Shape {
	appearance Appearance {
		material Material {
			diffuseColor 1 0 0
			emissiveColor 1 0 0
		}
	}
	geometry IndexedLineSet {
		coord Coordinate {
			point [
				-168.727 233.188 -886.654,
				-168.727 233.188 -886.654,
			]
		}
		coordIndex [
			0, 1, -1
		]
	}
}
#---------- POLYLINE
Shape {
	appearance Appearance {
		material Material {
			diffuseColor 1 0 0
			emissiveColor 1 0 0
		}
	}
	geometry IndexedLineSet {
		coord Coordinate {
			point [
				-168.727 233.188 -886.654,
				-168.727 233.188 -886.654,
			]
		}
		coordIndex [
			0, 1, -1
		]
	}
}
#---------- POLYLINE
Shape {
	appearance Appearance {
		material Material {
			diffuseColor 1 0 0
			emissiveColor 1 0 0
		}
	}
	geometry IndexedLineSet {
		coord Coordinate {
			point [
				-168.727 233.188 -886.654,
				-168.727 233.188 -886.654,
			]
		}
		coordIndex [
			0, 1, -1
		]
	}
}
#---------- POLYLINE
Shape {
	appearance Appearance {
		material Material {
			diffuseColor 1 0 0
			emissiveColor 1 0 0
		}
	}
	geometry IndexedLineSet {
		coord Coordinate {
			point [
				-168.727 233.188 -886.654,
				-168.727 233.188 -886.654,
			]
		}
		coordIndex [
			0, 1, -1
		]
	}
}
#---------- POLYLINE
Shape {
	appearance Appearance {
		material Material {
			diffuseColor 1 0 0
			emissiveColor 1 0 0
		}
	}
	geometry IndexedLineSet {
		coord Coordinate {
			point [
				-168.727 233.188 -886.654,
				-168.727 233.187 -886.653,
			]
		}
		coordIndex [
			0, 1, -1
		]
	}
}
#---------- POLYLINE
Shape {
	appearance Appearance {
		material Material {
			diffuseColor 1 0 0
			emissiveColor 1 0 0
		}
	}
	geometry IndexedLineSet {
		coord Coordinate {
			point [
				-168.677 233.308 -886.487,
				-168.672 233.306 -886.472,
			]
		}
		coordIndex [
			0, 1, -1
		]
	}
}
#---------- POLYLINE
Shape {
	appearance Appearance {
		material Material {
			diffuseColor 0 1 0
			emissiveColor 0 1 0
		}
	}
	geometry IndexedLineSet {
		coord Coordinate {
			point [
				-169.073 234.989 -890.616,
				-169.646 235.388 -890.165,
				-169.103 235.403 -890.46,
			]
		}
		coordIndex [
			0, 1, 2, -1
		]
	}
}
#---------- POLYLINE
Shape {
	appearance Appearance {
		material Material {
			diffuseColor 1 0 0
			emissiveColor 1 0 0
		}
	}
	geometry IndexedLineSet {
		coord Coordinate {
			point [
				-169.103 235.403 -890.46,
				-169.103 235.403 -890.46,
			]
		}
		coordIndex [
			0, 1, -1
		]
	}
}
#---------- POLYLINE
Shape {
	appearance Appearance {
		material Material {
			diffuseColor 1 0 0
			emissiveColor 1 0 0
		}
	}
	geometry IndexedLineSet {
		coord Coordinate {
			point [
				-169.103 235.403 -890.46,
				-169.103 235.403 -890.46,
			]
		}
		coordIndex [
			0, 1, -1
		]
	}
}
#---------- POLYLINE
Shape {
	appearance Appearance {
		material Material {
			diffuseColor 1 0 0
			emissiveColor 1 0 0
		}
	}
	geometry IndexedLineSet {
		coord Coordinate {
			point [
				-169.103 235.403 -890.46,
				-169.103 235.403 -890.46,
			]
		}
		coordIndex [
			0, 1, -1
		]
	}
}
#---------- POLYLINE
Shape {
	appearance Appearance {
		material Material {
			diffuseColor 1 0 0
			emissiveColor 1 0 0
		}
	}
	geometry IndexedLineSet {
		coord Coordinate {
			point [
				-169.103 235.403 -890.46,
				-169.103 235.403 -890.46,
			]
		}
		coordIndex [
			0, 1, -1
		]
	}
}
#---------- POLYLINE
Shape {
	appearance Appearance {
		material Material {
			diffuseColor 1 0 0
			emissiveColor 1 0 0
		}
	}
	geometry IndexedLineSet {
		coord Coordinate {
			point [
				-169.103 235.403 -890.46,
				-169.103 235.403 -890.46,
			]
		}
		coordIndex [
			0, 1, -1
		]
	}
}
#---------- POLYLINE
Shape {
	appearance Appearance {
		material Material {
			diffuseColor 1 0 0
			emissiveColor 1 0 0
		}
	}
	geometry IndexedLineSet {
		coord Coordinate {
			point [
				-169.103 235.403 -890.46,
				-169.103 235.403 -890.46,
			]
		}
		coordIndex [
			0, 1, -1
		]
	}
}
#---------- POLYLINE
Shape {
	appearance Appearance {
		material Material {
			diffuseColor 1 0 0
			emissiveColor 1 0 0
		}
	}
	geometry IndexedLineSet {
		coord Coordinate {
			point [
				-169.103 235.403 -890.46,
				-169.103 235.403 -890.46,
			]
		}
		coordIndex [
			0, 1, -1
		]
	}
}
#---------- POLYLINE
Shape {
	appearance Appearance {
		material Material {
			diffuseColor 1 0 0
			emissiveColor 1 0 0
		}
	}
	geometry IndexedLineSet {
		coord Coordinate {
			point [
				-169.103 235.403 -890.46,
				-169.103 235.403 -890.46,
			]
		}
		coordIndex [
			0, 1, -1
		]
	}
}
#---------- POLYLINE
Shape {
	appearance Appearance {
		material Material {
			diffuseColor 1 0 0
			emissiveColor 1 0 0
		}
	}
	geometry IndexedLineSet {
		coord Coordinate {
			point [
				-169.103 235.403 -890.46,
				-169.103 235.403 -890.46,
			]
		}
		coordIndex [
			0, 1, -1
		]
	}
}
#---------- POLYLINE
Shape {
	appearance Appearance {
		material Material {
			diffuseColor 1 0 0
			emissiveColor 1 0 0
		}
	}
	geometry IndexedLineSet {
		coord Coordinate {
			point [
				-169.103 235.403 -890.46,
				-169.103 235.403 -890.46,
			]
		}
		coordIndex [
			0, 1, -1
		]
	}
}
#---------- POLYLINE
Shape {
	appearance Appearance {
		material Material {
			diffuseColor 1 0 0
			emissiveColor 1 0 0
		}
	}
	geometry IndexedLineSet {
		coord Coordinate {
			point [
				-169.103 235.403 -890.46,
				-169.103 235.403 -890.46,
			]
		}
		coordIndex [
			0, 1, -1
		]
	}
}
#---------- POLYLINE
Shape {
	appearance Appearance {
		material Material {
			diffuseColor 1 0 0
			emissiveColor 1 0 0
		}
	}
	geometry IndexedLineSet {
		coord Coordinate {
			point [
				-169.103 235.403 -890.46,
				-169.103 235.403 -890.46,
			]
		}
		coordIndex [
			0, 1, -1
		]
	}
}
#---------- POLYLINE
Shape {
	appearance Appearance {
		material Material {
			diffuseColor 1 0 0
			emissiveColor 1 0 0
		}
	}
	geometry IndexedLineSet {
		coord Coordinate {
			point [
				-169.103 235.403 -890.46,
				-169.103 235.403 -890.46,
			]
		}
		coordIndex [
			0, 1, -1
		]
	}
}
#---------- POLYLINE
Shape {
	appearance Appearance {
		material Material {
			diffuseColor 0 1 0
			emissiveColor 0 1 0
		}
	}
	geometry IndexedLineSet {
		coord Coordinate {
			point [
				-169.103 235.403 -890.46,
				-169.12 235.429 -890.346,
			]
		}
		coordIndex [
			0, 1, -1
		]
	}
}
#---------- POLYLINE
Shape {
	appearance Appearance {
		material Material {
			diffuseColor 1 0 0
			emissiveColor 1 0 0
		}
	}
	geometry IndexedLineSet {
		coord Coordinate {
			point [
				-169.12 235.429 -890.346,
				-169.12 235.429 -890.346,
			]
		}
		coordIndex [
			0, 1, -1
		]
	}
}
#---------- POLYLINE
Shape {
	appearance Appearance {
		material Material {
			diffuseColor 1 0 0
			emissiveColor 1 0 0
		}
	}
	geometry IndexedLineSet {
		coord Coordinate {
			point [
				-169.12 235.429 -890.346,
				-169.12 235.429 -890.346,
			]
		}
		coordIndex [
			0, 1, -1
		]
	}
}
#---------- POLYLINE
Shape {
	appearance Appearance {
		material Material {
			diffuseColor 1 0 0
			emissiveColor 1 0 0
		}
	}
	geometry IndexedLineSet {
		coord Coordinate {
			point [
				-169.12 235.429 -890.346,
				-169.12 235.429 -890.346,
			]
		}
		coordIndex [
			0, 1, -1
		]
	}
}
#---------- POLYLINE
Shape {
	appearance Appearance {
		material Material {
			diffuseColor 1 0 0
			emissiveColor 1 0 0
		}
	}
	geometry IndexedLineSet {
		coord Coordinate {
			point [
				-169.12 235.429 -890.346,
				-169.12 235.429 -890.346,
			]
		}
		coordIndex [
			0, 1, -1
		]
	}
}
#---------- POLYLINE
Shape {
	appearance Appearance {
		material Material {
			diffuseColor 1 0 0
			emissiveColor 1 0 0
		}
	}
	geometry IndexedLineSet {
		coord Coordinate {
			point [
				-169.12 235.429 -890.346,
				-169.12 235.429 -890.346,
			]
		}
		coordIndex [
			0, 1, -1
		]
	}
}
#---------- POLYLINE
Shape {
	appearance Appearance {
		material Material {
			diffuseColor 1 0 0
			emissiveColor 1 0 0
		}
	}
	geometry IndexedLineSet {
		coord Coordinate {
			point [
				-169.12 235.429 -890.346,
				-169.12 235.429 -890.346,
			]
		}
		coordIndex [
			0, 1, -1
		]
	}
}
#---------- POLYLINE
Shape {
	appearance Appearance {
		material Material {
			diffuseColor 1 0 0
			emissiveColor 1 0 0
		}
	}
	geometry IndexedLineSet {
		coord Coordinate {
			point [
				-169.12 235.429 -890.346,
				-169.12 235.429 -890.346,
			]
		}
		coordIndex [
			0, 1, -1
		]
	}
}
#---------- POLYLINE
Shape {
	appearance Appearance {
		material Material {
			diffuseColor 1 0 0
			emissiveColor 1 0 0
		}
	}
	geometry IndexedLineSet {
		coord Coordinate {
			point [
				-169.12 235.429 -890.346,
				-169.12 235.429 -890.346,
			]
		}
		coordIndex [
			0, 1, -1
		]
	}
}
#---------- POLYLINE
Shape {
	appearance Appearance {
		material Material {
			diffuseColor 1 0 0
			emissiveColor 1 0 0
		}
	}
	geometry IndexedLineSet {
		coord Coordinate {
			point [
				-169.12 235.429 -890.346,
				-169.12 235.429 -890.346,
			]
		}
		coordIndex [
			0, 1, -1
		]
	}
}
#---------- POLYLINE
Shape {
	appearance Appearance {
		material Material {
			diffuseColor 1 0 0
			emissiveColor 1 0 0
		}
	}
	geometry IndexedLineSet {
		coord Coordinate {
			point [
				-169.12 235.429 -890.346,
				-169.12 235.429 -890.346,
			]
		}
		coordIndex [
			0, 1, -1
		]
	}
}
#---------- POLYLINE
Shape {
	appearance Appearance {
		material Material {
			diffuseColor 1 0 0
			emissiveColor 1 0 0
		}
	}
	geometry IndexedLineSet {
		coord Coordinate {
			point [
				-169.12 235.429 -890.346,
				-169.12 235.429 -890.346,
			]
		}
		coordIndex [
			0, 1, -1
		]
	}
}
#---------- POLYLINE
Shape {
	appearance Appearance {
		material Material {
			diffuseColor 1 0 0
			emissiveColor 1 0 0
		}
	}
	geometry IndexedLineSet {
		coord Coordinate {
			point [
				-169.12 235.429 -890.346,
				-169.12 235.429 -890.346,
			]
		}
		coordIndex [
			0, 1, -1
		]
	}
}
#---------- POLYLINE
Shape {
	appearance Appearance {
		material Material {
			diffuseColor 1 0 0
			emissiveColor 1 0 0
		}
	}
	geometry IndexedLineSet {
		coord Coordinate {
			point [
				-169.12 235.429 -890.346,
				-169.12 235.429 -890.346,
			]
		}
		coordIndex [
			0, 1, -1
		]
	}
}
#---------- POLYLINE
Shape {
	appearance Appearance {
		material Material {
			diffuseColor 1 0 0
			emissiveColor 1 0 0
		}
	}
	geometry IndexedLineSet {
		coord Coordinate {
			point [
				-169.12 235.429 -890.346,
				-169.12 235.429 -890.346,
			]
		}
		coordIndex [
			0, 1, -1
		]
	}
}
#---------- POLYLINE
Shape {
	appearance Appearance {
		material Material {
			diffuseColor 1 0 0
			emissiveColor 1 0 0
		}
	}
	geometry IndexedLineSet {
		coord Coordinate {
			point [
				-169.12 235.429 -890.346,
				-169.12 235.429 -890.346,
			]
		}
		coordIndex [
			0, 1, -1
		]
	}
}
#---------- POLYLINE
Shape {
	appearance Appearance {
		material Material {
			diffuseColor 1 0 0
			emissiveColor 1 0 0
		}
	}
	geometry IndexedLineSet {
		coord Coordinate {
			point [
				-169.12 235.429 -890.346,
				-169.12 235.429 -890.346,
			]
		}
		coordIndex [
			0, 1, -1
		]
	}
}
#---------- POLYLINE
Shape {
	appearance Appearance {
		material Material {
			diffuseColor 1 0 0
			emissiveColor 1 0 0
		}
	}
	geometry IndexedLineSet {
		coord Coordinate {
			point [
				-169.12 235.429 -890.346,
				-169.12 235.429 -890.346,
			]
		}
		coordIndex [
			0, 1, -1
		]
	}
}
#---------- POLYLINE
Shape {
	appearance Appearance {
		material Material {
			diffuseColor 1 0 0
			emissiveColor 1 0 0
		}
	}
	geometry IndexedLineSet {
		coord Coordinate {
			point [
				-169.12 235.429 -890.346,
				-169.12 235.428 -890.346,
			]
		}
		coordIndex [
			0, 1, -1
		]
	}
}
#---------- POLYLINE
Shape {
	appearance Appearance {
		material Material {
			diffuseColor 1 0 0
			emissiveColor 1 0 0
		}
	}
	geometry IndexedLineSet {
		coord Coordinate {
			point [
				-169.103 235.403 -890.46,
				-169.103 235.403 -890.459,
			]
		}
		coordIndex [
			0, 1, -1
		]
	}
}
#---------- POLYLINE
Shape {
	appearance Appearance {
		material Material {
			diffuseColor 1 0 0
			emissiveColor 1 0 0
		}
	}
	geometry IndexedLineSet {
		coord Coordinate {
			point [
				-169.646 235.388 -890.165,
				-169.648 235.389 -890.165,
			]
		}
		coordIndex [
			0, 1, -1
		]
	}
}
#---------- POLYLINE
Shape {
	appearance Appearance {
		material Material {
			diffuseColor 0 1 0
			emissiveColor 0 1 0
		}
	}
	geometry IndexedLineSet {
		coord Coordinate {
			point [
				-168.991 234.98 -890.685,
				-169.283 234.954 -890.425,
			]
		}
		coordIndex [
			0, 1, -1
		]
	}
}
#---------- POLYLINE
Shape {
	appearance Appearance {
		material Material {
			diffuseColor 1 0 0
			emissiveColor 1 0 0
		}
	}
	geometry IndexedLineSet {
		coord Coordinate {
			point [
				-169.283 234.954 -890.425,
				-169.283 234.954 -890.425,
			]
		}
		coordIndex [
			0, 1, -1
		]
	}
}
#---------- POLYLINE
Shape {
	appearance Appearance {
		material Material {
			diffuseColor 1 0 0
			emissiveColor 1 0 0
		}
	}
	geometry IndexedLineSet {
		coord Coordinate {
			point [
				-169.283 234.954 -890.425,
				-169.283 234.954 -890.425,
			]
		}
		coordIndex [
			0, 1, -1
		]
	}
}
#---------- POLYLINE
Shape {
	appearance Appearance {
		material Material {
			diffuseColor 1 0 0
			emissiveColor 1 0 0
		}
	}
	geometry IndexedLineSet {
		coord Coordinate {
			point [
				-169.283 234.954 -890.425,
				-169.283 234.954 -890.425,
			]
		}
		coordIndex [
			0, 1, -1
		]
	}
}
#---------- POLYLINE
Shape {
	appearance Appearance {
		material Material {
			diffuseColor 1 0 0
			emissiveColor 1 0 0
		}
	}
	geometry IndexedLineSet {
		coord Coordinate {
			point [
				-169.283 234.954 -890.425,
				-169.283 234.954 -890.425,
			]
		}
		coordIndex [
			0, 1, -1
		]
	}
}
#---------- POLYLINE
Shape {
	appearance Appearance {
		material Material {
			diffuseColor 1 0 0
			emissiveColor 1 0 0
		}
	}
	geometry IndexedLineSet {
		coord Coordinate {
			point [
				-169.283 234.954 -890.425,
				-169.283 234.954 -890.425,
			]
		}
		coordIndex [
			0, 1, -1
		]
	}
}
#---------- POLYLINE
Shape {
	appearance Appearance {
		material Material {
			diffuseColor 1 0 0
			emissiveColor 1 0 0
		}
	}
	geometry IndexedLineSet {
		coord Coordinate {
			point [
				-169.283 234.954 -890.425,
				-169.283 234.954 -890.425,
			]
		}
		coordIndex [
			0, 1, -1
		]
	}
}
#---------- POLYLINE
Shape {
	appearance Appearance {
		material Material {
			diffuseColor 1 0 0
			emissiveColor 1 0 0
		}
	}
	geometry IndexedLineSet {
		coord Coordinate {
			point [
				-169.283 234.954 -890.425,
				-169.283 234.954 -890.425,
			]
		}
		coordIndex [
			0, 1, -1
		]
	}
}
#---------- POLYLINE
Shape {
	appearance Appearance {
		material Material {
			diffuseColor 1 0 0
			emissiveColor 1 0 0
		}
	}
	geometry IndexedLineSet {
		coord Coordinate {
			point [
				-169.283 234.954 -890.425,
				-169.283 234.954 -890.425,
			]
		}
		coordIndex [
			0, 1, -1
		]
	}
}
#---------- POLYLINE
Shape {
	appearance Appearance {
		material Material {
			diffuseColor 0 1 0
			emissiveColor 0 1 0
		}
	}
	geometry IndexedLineSet {
		coord Coordinate {
			point [
				-169.283 234.954 -890.425,
				-169.281 234.956 -890.425,
			]
		}
		coordIndex [
			0, 1, -1
		]
	}
}
#---------- POLYLINE
Shape {
	appearance Appearance {
		material Material {
			diffuseColor 1 0 0
			emissiveColor 1 0 0
		}
	}
	geometry IndexedLineSet {
		coord Coordinate {
			point [
				-169.281 234.956 -890.425,
				-169.281 234.956 -890.425,
			]
		}
		coordIndex [
			0, 1, -1
		]
	}
}
#---------- POLYLINE
Shape {
	appearance Appearance {
		material Material {
			diffuseColor 1 0 0
			emissiveColor 1 0 0
		}
	}
	geometry IndexedLineSet {
		coord Coordinate {
			point [
				-169.281 234.956 -890.425,
				-169.281 234.956 -890.425,
			]
		}
		coordIndex [
			0, 1, -1
		]
	}
}
#---------- POLYLINE
Shape {
	appearance Appearance {
		material Material {
			diffuseColor 1 0 0
			emissiveColor 1 0 0
		}
	}
	geometry IndexedLineSet {
		coord Coordinate {
			point [
				-169.281 234.956 -890.425,
				-169.281 234.956 -890.425,
			]
		}
		coordIndex [
			0, 1, -1
		]
	}
}
#---------- POLYLINE
Shape {
	appearance Appearance {
		material Material {
			diffuseColor 1 0 0
			emissiveColor 1 0 0
		}
	}
	geometry IndexedLineSet {
		coord Coordinate {
			point [
				-169.281 234.956 -890.425,
				-169.281 234.956 -890.425,
			]
		}
		coordIndex [
			0, 1, -1
		]
	}
}
#---------- POLYLINE
Shape {
	appearance Appearance {
		material Material {
			diffuseColor 1 0 0
			emissiveColor 1 0 0
		}
	}
	geometry IndexedLineSet {
		coord Coordinate {
			point [
				-169.281 234.956 -890.425,
				-169.281 234.956 -890.425,
			]
		}
		coordIndex [
			0, 1, -1
		]
	}
}
#---------- POLYLINE
Shape {
	appearance Appearance {
		material Material {
			diffuseColor 1 0 0
			emissiveColor 1 0 0
		}
	}
	geometry IndexedLineSet {
		coord Coordinate {
			point [
				-169.281 234.956 -890.425,
				-169.281 234.956 -890.425,
			]
		}
		coordIndex [
			0, 1, -1
		]
	}
}
#---------- POLYLINE
Shape {
	appearance Appearance {
		material Material {
			diffuseColor 1 0 0
			emissiveColor 1 0 0
		}
	}
	geometry IndexedLineSet {
		coord Coordinate {
			point [
				-169.281 234.956 -890.425,
				-169.281 234.956 -890.425,
			]
		}
		coordIndex [
			0, 1, -1
		]
	}
}
#---------- POLYLINE
Shape {
	appearance Appearance {
		material Material {
			diffuseColor 1 0 0
			emissiveColor 1 0 0
		}
	}
	geometry IndexedLineSet {
		coord Coordinate {
			point [
				-169.281 234.956 -890.425,
				-169.281 234.956 -890.425,
			]
		}
		coordIndex [
			0, 1, -1
		]
	}
}
#---------- POLYLINE
Shape {
	appearance Appearance {
		material Material {
			diffuseColor 1 0 0
			emissiveColor 1 0 0
		}
	}
	geometry IndexedLineSet {
		coord Coordinate {
			point [
				-169.281 234.956 -890.425,
				-169.281 234.956 -890.425,
			]
		}
		coordIndex [
			0, 1, -1
		]
	}
}
#---------- POLYLINE
Shape {
	appearance Appearance {
		material Material {
			diffuseColor 1 0 0
			emissiveColor 1 0 0
		}
	}
	geometry IndexedLineSet {
		coord Coordinate {
			point [
				-169.281 234.956 -890.425,
				-169.281 234.956 -890.425,
			]
		}
		coordIndex [
			0, 1, -1
		]
	}
}
#---------- POLYLINE
Shape {
	appearance Appearance {
		material Material {
			diffuseColor 1 0 0
			emissiveColor 1 0 0
		}
	}
	geometry IndexedLineSet {
		coord Coordinate {
			point [
				-169.281 234.956 -890.425,
				-169.281 234.956 -890.425,
			]
		}
		coordIndex [
			0, 1, -1
		]
	}
}
#---------- POLYLINE
Shape {
	appearance Appearance {
		material Material {
			diffuseColor 0 1 0
			emissiveColor 0 1 0
		}
	}
	geometry IndexedLineSet {
		coord Coordinate {
			point [
				-169.283 234.954 -890.425,
				-169.926 234.842 -891.103,
				-170.003 234.83 -891.186,
			]
		}
		coordIndex [
			0, 1, 2, -1
		]
	}
}
#---------- POLYLINE
Shape {
	appearance Appearance {
		material Material {
			diffuseColor 1 0 0
			emissiveColor 1 0 0
		}
	}
	geometry IndexedLineSet {
		coord Coordinate {
			point [
				-170.003 234.83 -891.186,
				-170.003 234.83 -891.186,
			]
		}
		coordIndex [
			0, 1, -1
		]
	}
}
#---------- POLYLINE
Shape {
	appearance Appearance {
		material Material {
			diffuseColor 1 0 0
			emissiveColor 1 0 0
		}
	}
	geometry IndexedLineSet {
		coord Coordinate {
			point [
				-170.003 234.83 -891.186,
				-170.003 234.83 -891.186,
			]
		}
		coordIndex [
			0, 1, -1
		]
	}
}
#---------- POLYLINE
Shape {
	appearance Appearance {
		material Material {
			diffuseColor 1 0 0
			emissiveColor 1 0 0
		}
	}
	geometry IndexedLineSet {
		coord Coordinate {
			point [
				-170.003 234.83 -891.186,
				-170.003 234.83 -891.186,
			]
		}
		coordIndex [
			0, 1, -1
		]
	}
}
#---------- POLYLINE
Shape {
	appearance Appearance {
		material Material {
			diffuseColor 1 0 0
			emissiveColor 1 0 0
		}
	}
	geometry IndexedLineSet {
		coord Coordinate {
			point [
				-170.003 234.83 -891.186,
				-170.003 234.83 -891.186,
			]
		}
		coordIndex [
			0, 1, -1
		]
	}
}
#---------- POLYLINE
Shape {
	appearance Appearance {
		material Material {
			diffuseColor 1 0 0
			emissiveColor 1 0 0
		}
	}
	geometry IndexedLineSet {
		coord Coordinate {
			point [
				-170.003 234.83 -891.186,
				-170.003 234.83 -891.186,
			]
		}
		coordIndex [
			0, 1, -1
		]
	}
}
#---------- POLYLINE
Shape {
	appearance Appearance {
		material Material {
			diffuseColor 1 0 0
			emissiveColor 1 0 0
		}
	}
	geometry IndexedLineSet {
		coord Coordinate {
			point [
				-170.003 234.83 -891.186,
				-170.003 234.83 -891.186,
			]
		}
		coordIndex [
			0, 1, -1
		]
	}
}
#---------- POLYLINE
Shape {
	appearance Appearance {
		material Material {
			diffuseColor 1 0 0
			emissiveColor 1 0 0
		}
	}
	geometry IndexedLineSet {
		coord Coordinate {
			point [
				-170.003 234.83 -891.186,
				-170.003 234.83 -891.187,
			]
		}
		coordIndex [
			0, 1, -1
		]
	}
}
#---------- POLYLINE
Shape {
	appearance Appearance {
		material Material {
			diffuseColor 1 0 0
			emissiveColor 1 0 0
		}
	}
	geometry IndexedLineSet {
		coord Coordinate {
			point [
				-169.283 234.954 -890.425,
				-169.284 234.953 -890.424,
			]
		}
		coordIndex [
			0, 1, -1
		]
	}
}
#---------- POLYLINE
Shape {
	appearance Appearance {
		material Material {
			diffuseColor 0 1 0
			emissiveColor 0 1 0
		}
	}
	geometry IndexedLineSet {
		coord Coordinate {
			point [
				-168.961 234.629 -890.564,
				-168.735 241.736 -891.806,
			]
		}
		coordIndex [
			0, 1, -1
		]
	}
}
#---------- POLYLINE
Shape {
	appearance Appearance {
		material Material {
			diffuseColor 1 0 0
			emissiveColor 1 0 0
		}
	}
	geometry IndexedLineSet {
		coord Coordinate {
			point [
				-168.735 241.736 -891.806,
				-168.735 241.736 -891.806,
			]
		}
		coordIndex [
			0, 1, -1
		]
	}
}
#---------- POLYLINE
Shape {
	appearance Appearance {
		material Material {
			diffuseColor 1 0 0
			emissiveColor 1 0 0
		}
	}
	geometry IndexedLineSet {
		coord Coordinate {
			point [
				-168.735 241.736 -891.806,
				-168.735 241.736 -891.806,
			]
		}
		coordIndex [
			0, 1, -1
		]
	}
}
#---------- POLYLINE
Shape {
	appearance Appearance {
		material Material {
			diffuseColor 1 0 0
			emissiveColor 1 0 0
		}
	}
	geometry IndexedLineSet {
		coord Coordinate {
			point [
				-168.735 241.736 -891.806,
				-168.735 241.736 -891.806,
			]
		}
		coordIndex [
			0, 1, -1
		]
	}
}
#---------- POLYLINE
Shape {
	appearance Appearance {
		material Material {
			diffuseColor 1 0 0
			emissiveColor 1 0 0
		}
	}
	geometry IndexedLineSet {
		coord Coordinate {
			point [
				-168.735 241.736 -891.806,
				-168.735 241.736 -891.806,
			]
		}
		coordIndex [
			0, 1, -1
		]
	}
}
#---------- POLYLINE
Shape {
	appearance Appearance {
		material Material {
			diffuseColor 1 0 0
			emissiveColor 1 0 0
		}
	}
	geometry IndexedLineSet {
		coord Coordinate {
			point [
				-168.735 241.736 -891.806,
				-168.735 241.736 -891.806,
			]
		}
		coordIndex [
			0, 1, -1
		]
	}
}
#---------- POLYLINE
Shape {
	appearance Appearance {
		material Material {
			diffuseColor 1 0 0
			emissiveColor 1 0 0
		}
	}
	geometry IndexedLineSet {
		coord Coordinate {
			point [
				-168.735 241.736 -891.806,
				-168.735 241.736 -891.806,
			]
		}
		coordIndex [
			0, 1, -1
		]
	}
}
#---------- POLYLINE
Shape {
	appearance Appearance {
		material Material {
			diffuseColor 1 0 0
			emissiveColor 1 0 0
		}
	}
	geometry IndexedLineSet {
		coord Coordinate {
			point [
				-168.735 241.736 -891.806,
				-168.735 241.736 -891.806,
			]
		}
		coordIndex [
			0, 1, -1
		]
	}
}
#---------- POLYLINE
Shape {
	appearance Appearance {
		material Material {
			diffuseColor 1 0 0
			emissiveColor 1 0 0
		}
	}
	geometry IndexedLineSet {
		coord Coordinate {
			point [
				-168.735 241.736 -891.806,
				-168.735 241.736 -891.806,
			]
		}
		coordIndex [
			0, 1, -1
		]
	}
}
#---------- POLYLINE
Shape {
	appearance Appearance {
		material Material {
			diffuseColor 1 0 0
			emissiveColor 1 0 0
		}
	}
	geometry IndexedLineSet {
		coord Coordinate {
			point [
				-168.735 241.736 -891.806,
				-168.735 241.736 -891.806,
			]
		}
		coordIndex [
			0, 1, -1
		]
	}
}
#---------- POLYLINE
Shape {
	appearance Appearance {
		material Material {
			diffuseColor 1 0 0
			emissiveColor 1 0 0
		}
	}
	geometry IndexedLineSet {
		coord Coordinate {
			point [
				-168.735 241.736 -891.806,
				-168.735 241.736 -891.806,
			]
		}
		coordIndex [
			0, 1, -1
		]
	}
}
#---------- POLYLINE
Shape {
	appearance Appearance {
		material Material {
			diffuseColor 1 0 0
			emissiveColor 1 0 0
		}
	}
	geometry IndexedLineSet {
		coord Coordinate {
			point [
				-168.735 241.736 -891.806,
				-168.735 241.736 -891.806,
			]
		}
		coordIndex [
			0, 1, -1
		]
	}
}
#---------- POLYLINE
Shape {
	appearance Appearance {
		material Material {
			diffuseColor 1 0 0
			emissiveColor 1 0 0
		}
	}
	geometry IndexedLineSet {
		coord Coordinate {
			point [
				-168.735 241.736 -891.806,
				-168.735 241.736 -891.806,
			]
		}
		coordIndex [
			0, 1, -1
		]
	}
}
#---------- POLYLINE
Shape {
	appearance Appearance {
		material Material {
			diffuseColor 1 0 0
			emissiveColor 1 0 0
		}
	}
	geometry IndexedLineSet {
		coord Coordinate {
			point [
				-168.735 241.736 -891.806,
				-168.735 241.736 -891.806,
			]
		}
		coordIndex [
			0, 1, -1
		]
	}
}
#---------- POLYLINE
Shape {
	appearance Appearance {
		material Material {
			diffuseColor 1 0 0
			emissiveColor 1 0 0
		}
	}
	geometry IndexedLineSet {
		coord Coordinate {
			point [
				-168.735 241.736 -891.806,
				-168.735 241.736 -891.806,
			]
		}
		coordIndex [
			0, 1, -1
		]
	}
}
#---------- POLYLINE
Shape {
	appearance Appearance {
		material Material {
			diffuseColor 0 1 0
			emissiveColor 0 1 0
		}
	}
	geometry IndexedLineSet {
		coord Coordinate {
			point [
				-168.735 241.736 -891.806,
				-168.719 241.727 -891.838,
			]
		}
		coordIndex [
			0, 1, -1
		]
	}
}
#---------- POLYLINE
Shape {
	appearance Appearance {
		material Material {
			diffuseColor 1 0 0
			emissiveColor 1 0 0
		}
	}
	geometry IndexedLineSet {
		coord Coordinate {
			point [
				-168.719 241.727 -891.838,
				-168.719 241.727 -891.838,
			]
		}
		coordIndex [
			0, 1, -1
		]
	}
}
#---------- POLYLINE
Shape {
	appearance Appearance {
		material Material {
			diffuseColor 1 0 0
			emissiveColor 1 0 0
		}
	}
	geometry IndexedLineSet {
		coord Coordinate {
			point [
				-168.719 241.727 -891.838,
				-168.719 241.727 -891.838,
			]
		}
		coordIndex [
			0, 1, -1
		]
	}
}
#---------- POLYLINE
Shape {
	appearance Appearance {
		material Material {
			diffuseColor 1 0 0
			emissiveColor 1 0 0
		}
	}
	geometry IndexedLineSet {
		coord Coordinate {
			point [
				-168.719 241.727 -891.838,
				-168.719 241.727 -891.838,
			]
		}
		coordIndex [
			0, 1, -1
		]
	}
}
#---------- POLYLINE
Shape {
	appearance Appearance {
		material Material {
			diffuseColor 1 0 0
			emissiveColor 1 0 0
		}
	}
	geometry IndexedLineSet {
		coord Coordinate {
			point [
				-168.719 241.727 -891.838,
				-168.719 241.727 -891.838,
			]
		}
		coordIndex [
			0, 1, -1
		]
	}
}
#---------- POLYLINE
Shape {
	appearance Appearance {
		material Material {
			diffuseColor 1 0 0
			emissiveColor 1 0 0
		}
	}
	geometry IndexedLineSet {
		coord Coordinate {
			point [
				-168.719 241.727 -891.838,
				-168.719 241.727 -891.838,
			]
		}
		coordIndex [
			0, 1, -1
		]
	}
}
#---------- POLYLINE
Shape {
	appearance Appearance {
		material Material {
			diffuseColor 1 0 0
			emissiveColor 1 0 0
		}
	}
	geometry IndexedLineSet {
		coord Coordinate {
			point [
				-168.719 241.727 -891.838,
				-168.719 241.727 -891.838,
			]
		}
		coordIndex [
			0, 1, -1
		]
	}
}
#---------- POLYLINE
Shape {
	appearance Appearance {
		material Material {
			diffuseColor 1 0 0
			emissiveColor 1 0 0
		}
	}
	geometry IndexedLineSet {
		coord Coordinate {
			point [
				-168.719 241.727 -891.838,
				-168.719 241.727 -891.838,
			]
		}
		coordIndex [
			0, 1, -1
		]
	}
}
#---------- POLYLINE
Shape {
	appearance Appearance {
		material Material {
			diffuseColor 1 0 0
			emissiveColor 1 0 0
		}
	}
	geometry IndexedLineSet {
		coord Coordinate {
			point [
				-168.719 241.727 -891.838,
				-168.719 241.727 -891.838,
			]
		}
		coordIndex [
			0, 1, -1
		]
	}
}
#---------- POLYLINE
Shape {
	appearance Appearance {
		material Material {
			diffuseColor 1 0 0
			emissiveColor 1 0 0
		}
	}
	geometry IndexedLineSet {
		coord Coordinate {
			point [
				-168.719 241.727 -891.838,
				-168.719 241.727 -891.838,
			]
		}
		coordIndex [
			0, 1, -1
		]
	}
}
#---------- POLYLINE
Shape {
	appearance Appearance {
		material Material {
			diffuseColor 1 0 0
			emissiveColor 1 0 0
		}
	}
	geometry IndexedLineSet {
		coord Coordinate {
			point [
				-168.719 241.727 -891.838,
				-168.719 241.727 -891.838,
			]
		}
		coordIndex [
			0, 1, -1
		]
	}
}
#---------- POLYLINE
Shape {
	appearance Appearance {
		material Material {
			diffuseColor 1 0 0
			emissiveColor 1 0 0
		}
	}
	geometry IndexedLineSet {
		coord Coordinate {
			point [
				-168.719 241.727 -891.838,
				-168.719 241.727 -891.838,
			]
		}
		coordIndex [
			0, 1, -1
		]
	}
}
#---------- POLYLINE
Shape {
	appearance Appearance {
		material Material {
			diffuseColor 1 0 0
			emissiveColor 1 0 0
		}
	}
	geometry IndexedLineSet {
		coord Coordinate {
			point [
				-168.719 241.727 -891.838,
				-168.719 241.727 -891.838,
			]
		}
		coordIndex [
			0, 1, -1
		]
	}
}
#---------- POLYLINE
Shape {
	appearance Appearance {
		material Material {
			diffuseColor 1 0 0
			emissiveColor 1 0 0
		}
	}
	geometry IndexedLineSet {
		coord Coordinate {
			point [
				-168.719 241.727 -891.838,
				-168.719 241.727 -891.838,
			]
		}
		coordIndex [
			0, 1, -1
		]
	}
}
#---------- POLYLINE
Shape {
	appearance Appearance {
		material Material {
			diffuseColor 1 0 0
			emissiveColor 1 0 0
		}
	}
	geometry IndexedLineSet {
		coord Coordinate {
			point [
				-168.719 241.727 -891.838,
				-168.719 241.727 -891.838,
			]
		}
		coordIndex [
			0, 1, -1
		]
	}
}
#---------- POLYLINE
Shape {
	appearance Appearance {
		material Material {
			diffuseColor 1 0 0
			emissiveColor 1 0 0
		}
	}
	geometry IndexedLineSet {
		coord Coordinate {
			point [
				-168.719 241.727 -891.838,
				-168.719 241.727 -891.838,
			]
		}
		coordIndex [
			0, 1, -1
		]
	}
}
#---------- POLYLINE
Shape {
	appearance Appearance {
		material Material {
			diffuseColor 1 0 0
			emissiveColor 1 0 0
		}
	}
	geometry IndexedLineSet {
		coord Coordinate {
			point [
				-168.719 241.727 -891.838,
				-168.719 241.727 -891.838,
			]
		}
		coordIndex [
			0, 1, -1
		]
	}
}
#---------- POLYLINE
Shape {
	appearance Appearance {
		material Material {
			diffuseColor 1 0 0
			emissiveColor 1 0 0
		}
	}
	geometry IndexedLineSet {
		coord Coordinate {
			point [
				-168.719 241.727 -891.838,
				-168.718 241.727 -891.838,
			]
		}
		coordIndex [
			0, 1, -1
		]
	}
}
#---------- POLYLINE
Shape {
	appearance Appearance {
		material Material {
			diffuseColor 1 0 0
			emissiveColor 1 0 0
		}
	}
	geometry IndexedLineSet {
		coord Coordinate {
			point [
				-168.735 241.736 -891.806,
				-168.737 241.747 -891.808,
			]
		}
		coordIndex [
			0, 1, -1
		]
	}
}
#---------- POLYLINE
Shape {
	appearance Appearance {
		material Material {
			diffuseColor 0 1 0
			emissiveColor 0 1 0
		}
	}
	geometry IndexedLineSet {
		coord Coordinate {
			point [
				-169.046 234.485 -890.389,
				-167.438 237.833 -894.377,
				-166.767 238.906 -895.864,
			]
		}
		coordIndex [
			0, 1, 2, -1
		]
	}
}
#---------- POLYLINE
Shape {
	appearance Appearance {
		material Material {
			diffuseColor 1 0 0
			emissiveColor 1 0 0
		}
	}
	geometry IndexedLineSet {
		coord Coordinate {
			point [
				-166.767 238.906 -895.864,
				-166.767 238.906 -895.864,
			]
		}
		coordIndex [
			0, 1, -1
		]
	}
}
#---------- POLYLINE
Shape {
	appearance Appearance {
		material Material {
			diffuseColor 1 0 0
			emissiveColor 1 0 0
		}
	}
	geometry IndexedLineSet {
		coord Coordinate {
			point [
				-166.767 238.906 -895.864,
				-166.767 238.906 -895.864,
			]
		}
		coordIndex [
			0, 1, -1
		]
	}
}
#---------- POLYLINE
Shape {
	appearance Appearance {
		material Material {
			diffuseColor 1 0 0
			emissiveColor 1 0 0
		}
	}
	geometry IndexedLineSet {
		coord Coordinate {
			point [
				-166.767 238.906 -895.864,
				-166.767 238.906 -895.864,
			]
		}
		coordIndex [
			0, 1, -1
		]
	}
}
#---------- POLYLINE
Shape {
	appearance Appearance {
		material Material {
			diffuseColor 1 0 0
			emissiveColor 1 0 0
		}
	}
	geometry IndexedLineSet {
		coord Coordinate {
			point [
				-166.767 238.906 -895.864,
				-166.767 238.906 -895.864,
			]
		}
		coordIndex [
			0, 1, -1
		]
	}
}
#---------- POLYLINE
Shape {
	appearance Appearance {
		material Material {
			diffuseColor 0 1 0
			emissiveColor 0 1 0
		}
	}
	geometry IndexedLineSet {
		coord Coordinate {
			point [
				-166.767 238.906 -895.864,
				-166.863 238.708 -895.56,
			]
		}
		coordIndex [
			0, 1, -1
		]
	}
}
#---------- POLYLINE
Shape {
	appearance Appearance {
		material Material {
			diffuseColor 1 0 0
			emissiveColor 1 0 0
		}
	}
	geometry IndexedLineSet {
		coord Coordinate {
			point [
				-166.863 238.708 -895.56,
				-166.863 238.708 -895.56,
			]
		}
		coordIndex [
			0, 1, -1
		]
	}
}
#---------- POLYLINE
Shape {
	appearance Appearance {
		material Material {
			diffuseColor 1 0 0
			emissiveColor 1 0 0
		}
	}
	geometry IndexedLineSet {
		coord Coordinate {
			point [
				-166.863 238.708 -895.56,
				-166.863 238.708 -895.56,
			]
		}
		coordIndex [
			0, 1, -1
		]
	}
}
#---------- POLYLINE
Shape {
	appearance Appearance {
		material Material {
			diffuseColor 1 0 0
			emissiveColor 1 0 0
		}
	}
	geometry IndexedLineSet {
		coord Coordinate {
			point [
				-166.863 238.708 -895.56,
				-166.863 238.708 -895.56,
			]
		}
		coordIndex [
			0, 1, -1
		]
	}
}
#---------- POLYLINE
Shape {
	appearance Appearance {
		material Material {
			diffuseColor 1 0 0
			emissiveColor 1 0 0
		}
	}
	geometry IndexedLineSet {
		coord Coordinate {
			point [
				-166.863 238.708 -895.56,
				-166.863 238.708 -895.56,
			]
		}
		coordIndex [
			0, 1, -1
		]
	}
}
#---------- POLYLINE
Shape {
	appearance Appearance {
		material Material {
			diffuseColor 1 0 0
			emissiveColor 1 0 0
		}
	}
	geometry IndexedLineSet {
		coord Coordinate {
			point [
				-166.863 238.708 -895.56,
				-166.863 238.708 -895.56,
			]
		}
		coordIndex [
			0, 1, -1
		]
	}
}
#---------- POLYLINE
Shape {
	appearance Appearance {
		material Material {
			diffuseColor 1 0 0
			emissiveColor 1 0 0
		}
	}
	geometry IndexedLineSet {
		coord Coordinate {
			point [
				-166.863 238.708 -895.56,
				-166.863 238.708 -895.56,
			]
		}
		coordIndex [
			0, 1, -1
		]
	}
}
#---------- POLYLINE
Shape {
	appearance Appearance {
		material Material {
			diffuseColor 1 0 0
			emissiveColor 1 0 0
		}
	}
	geometry IndexedLineSet {
		coord Coordinate {
			point [
				-166.863 238.708 -895.56,
				-166.863 238.708 -895.56,
			]
		}
		coordIndex [
			0, 1, -1
		]
	}
}
#---------- POLYLINE
Shape {
	appearance Appearance {
		material Material {
			diffuseColor 1 0 0
			emissiveColor 1 0 0
		}
	}
	geometry IndexedLineSet {
		coord Coordinate {
			point [
				-166.863 238.708 -895.56,
				-166.863 238.708 -895.56,
			]
		}
		coordIndex [
			0, 1, -1
		]
	}
}
#---------- POLYLINE
Shape {
	appearance Appearance {
		material Material {
			diffuseColor 1 0 0
			emissiveColor 1 0 0
		}
	}
	geometry IndexedLineSet {
		coord Coordinate {
			point [
				-166.863 238.708 -895.56,
				-166.863 238.708 -895.56,
			]
		}
		coordIndex [
			0, 1, -1
		]
	}
}
#---------- POLYLINE
Shape {
	appearance Appearance {
		material Material {
			diffuseColor 1 0 0
			emissiveColor 1 0 0
		}
	}
	geometry IndexedLineSet {
		coord Coordinate {
			point [
				-166.863 238.708 -895.56,
				-166.863 238.708 -895.56,
			]
		}
		coordIndex [
			0, 1, -1
		]
	}
}
#---------- POLYLINE
Shape {
	appearance Appearance {
		material Material {
			diffuseColor 1 0 0
			emissiveColor 1 0 0
		}
	}
	geometry IndexedLineSet {
		coord Coordinate {
			point [
				-166.863 238.708 -895.56,
				-166.863 238.708 -895.559,
			]
		}
		coordIndex [
			0, 1, -1
		]
	}
}
#---------- POLYLINE
Shape {
	appearance Appearance {
		material Material {
			diffuseColor 1 0 0
			emissiveColor 1 0 0
		}
	}
	geometry IndexedLineSet {
		coord Coordinate {
			point [
				-166.863 238.708 -895.56,
				-166.862 238.709 -895.559,
			]
		}
		coordIndex [
			0, 1, -1
		]
	}
}
#---------- POLYLINE
Shape {
	appearance Appearance {
		material Material {
			diffuseColor 1 0 0
			emissiveColor 1 0 0
		}
	}
	geometry IndexedLineSet {
		coord Coordinate {
			point [
				-166.767 238.906 -895.864,
				-166.778 238.929 -895.874,
			]
		}
		coordIndex [
			0, 1, -1
		]
	}
}
#---------- POLYLINE
Shape {
	appearance Appearance {
		material Material {
			diffuseColor 1 0 0
			emissiveColor 1 0 0
		}
	}
	geometry IndexedLineSet {
		coord Coordinate {
			point [
				-169.107 234.308 -890.167,
				-169.077 234.49 -890.434,
				-169.077 234.49 -890.434,
			]
		}
		coordIndex [
			0, 1, 2, -1
		]
	}
}
#---------- POLYLINE
Shape {
	appearance Appearance {
		material Material {
			diffuseColor 0 1 0
			emissiveColor 0 1 0
		}
	}
	geometry IndexedLineSet {
		coord Coordinate {
			point [
				-169.077 234.49 -890.434,
				-168.969 233.95 -891.093,
			]
		}
		coordIndex [
			0, 1, -1
		]
	}
}
#---------- POLYLINE
Shape {
	appearance Appearance {
		material Material {
			diffuseColor 0 0 1
			emissiveColor 0 0 1
		}
	}
	geometry IndexedLineSet {
		coord Coordinate {
			point [
				-168.969 233.95 -891.093,
				-168.987 233.854 -891.181,
			]
		}
		coordIndex [
			0, 1, -1
		]
	}
}
#---------- POLYLINE
Shape {
	appearance Appearance {
		material Material {
			diffuseColor 0 1 0
			emissiveColor 0 1 0
		}
	}
	geometry IndexedLineSet {
		coord Coordinate {
			point [
				-168.987 233.854 -891.181,
				-170.776 235.134 -890.383,
				-180.668 239.531 -885.774,
				-186.165 242.431 -880,
				-3500 1990.22 2600.57,
			]
		}
		coordIndex [
			0, 1, 2, 3, 4, -1
		]
	}
}
#---------- POLYLINE
Shape {
	appearance Appearance {
		material Material {
			diffuseColor 1 0 0
			emissiveColor 1 0 0
		}
	}
	geometry IndexedLineSet {
		coord Coordinate {
			point [
				-180.668 239.531 -885.774,
				-180.676 239.534 -885.779,
			]
		}
		coordIndex [
			0, 1, -1
		]
	}
}
#---------- POLYLINE
Shape {
	appearance Appearance {
		material Material {
			diffuseColor 1 0 0
			emissiveColor 1 0 0
		}
	}
	geometry IndexedLineSet {
		coord Coordinate {
			point [
				-170.776 235.134 -890.383,
				-170.776 235.137 -890.383,
			]
		}
		coordIndex [
			0, 1, -1
		]
	}
}
#---------- POLYLINE
Shape {
	appearance Appearance {
		material Material {
			diffuseColor 0 1 0
			emissiveColor 0 1 0
		}
	}
	geometry IndexedLineSet {
		coord Coordinate {
			point [
				-168.987 233.854 -891.181,
				-167.312 227.496 -885.118,
			]
		}
		coordIndex [
			0, 1, -1
		]
	}
}
#---------- POLYLINE
Shape {
	appearance Appearance {
		material Material {
			diffuseColor 1 0 0
			emissiveColor 1 0 0
		}
	}
	geometry IndexedLineSet {
		coord Coordinate {
			point [
				-167.312 227.496 -885.118,
				-167.312 227.496 -885.118,
			]
		}
		coordIndex [
			0, 1, -1
		]
	}
}
#---------- POLYLINE
Shape {
	appearance Appearance {
		material Material {
			diffuseColor 1 0 0
			emissiveColor 1 0 0
		}
	}
	geometry IndexedLineSet {
		coord Coordinate {
			point [
				-167.312 227.496 -885.118,
				-167.312 227.496 -885.118,
			]
		}
		coordIndex [
			0, 1, -1
		]
	}
}
#---------- POLYLINE
Shape {
	appearance Appearance {
		material Material {
			diffuseColor 1 0 0
			emissiveColor 1 0 0
		}
	}
	geometry IndexedLineSet {
		coord Coordinate {
			point [
				-167.312 227.496 -885.118,
				-167.312 227.496 -885.118,
			]
		}
		coordIndex [
			0, 1, -1
		]
	}
}
#---------- POLYLINE
Shape {
	appearance Appearance {
		material Material {
			diffuseColor 1 0 0
			emissiveColor 1 0 0
		}
	}
	geometry IndexedLineSet {
		coord Coordinate {
			point [
				-167.312 227.496 -885.118,
				-167.312 227.496 -885.118,
			]
		}
		coordIndex [
			0, 1, -1
		]
	}
}
#---------- POLYLINE
Shape {
	appearance Appearance {
		material Material {
			diffuseColor 1 0 0
			emissiveColor 1 0 0
		}
	}
	geometry IndexedLineSet {
		coord Coordinate {
			point [
				-167.312 227.496 -885.118,
				-167.312 227.496 -885.118,
			]
		}
		coordIndex [
			0, 1, -1
		]
	}
}
#---------- POLYLINE
Shape {
	appearance Appearance {
		material Material {
			diffuseColor 1 0 0
			emissiveColor 1 0 0
		}
	}
	geometry IndexedLineSet {
		coord Coordinate {
			point [
				-167.312 227.496 -885.118,
				-167.312 227.496 -885.118,
			]
		}
		coordIndex [
			0, 1, -1
		]
	}
}
#---------- POLYLINE
Shape {
	appearance Appearance {
		material Material {
			diffuseColor 1 0 0
			emissiveColor 1 0 0
		}
	}
	geometry IndexedLineSet {
		coord Coordinate {
			point [
				-167.312 227.496 -885.118,
				-167.312 227.496 -885.118,
			]
		}
		coordIndex [
			0, 1, -1
		]
	}
}
#---------- POLYLINE
Shape {
	appearance Appearance {
		material Material {
			diffuseColor 1 0 0
			emissiveColor 1 0 0
		}
	}
	geometry IndexedLineSet {
		coord Coordinate {
			point [
				-167.312 227.496 -885.118,
				-167.312 227.496 -885.118,
			]
		}
		coordIndex [
			0, 1, -1
		]
	}
}
#---------- POLYLINE
Shape {
	appearance Appearance {
		material Material {
			diffuseColor 1 0 0
			emissiveColor 1 0 0
		}
	}
	geometry IndexedLineSet {
		coord Coordinate {
			point [
				-167.312 227.496 -885.118,
				-167.312 227.496 -885.118,
			]
		}
		coordIndex [
			0, 1, -1
		]
	}
}
#---------- POLYLINE
Shape {
	appearance Appearance {
		material Material {
			diffuseColor 1 0 0
			emissiveColor 1 0 0
		}
	}
	geometry IndexedLineSet {
		coord Coordinate {
			point [
				-167.312 227.496 -885.118,
				-167.312 227.496 -885.118,
			]
		}
		coordIndex [
			0, 1, -1
		]
	}
}
#---------- POLYLINE
Shape {
	appearance Appearance {
		material Material {
			diffuseColor 1 0 0
			emissiveColor 1 0 0
		}
	}
	geometry IndexedLineSet {
		coord Coordinate {
			point [
				-167.312 227.496 -885.118,
				-167.312 227.496 -885.118,
			]
		}
		coordIndex [
			0, 1, -1
		]
	}
}
#---------- POLYLINE
Shape {
	appearance Appearance {
		material Material {
			diffuseColor 1 0 0
			emissiveColor 1 0 0
		}
	}
	geometry IndexedLineSet {
		coord Coordinate {
			point [
				-167.312 227.496 -885.118,
				-167.312 227.496 -885.118,
			]
		}
		coordIndex [
			0, 1, -1
		]
	}
}
#---------- POLYLINE
Shape {
	appearance Appearance {
		material Material {
			diffuseColor 1 0 0
			emissiveColor 1 0 0
		}
	}
	geometry IndexedLineSet {
		coord Coordinate {
			point [
				-167.312 227.496 -885.118,
				-167.312 227.496 -885.118,
			]
		}
		coordIndex [
			0, 1, -1
		]
	}
}
#---------- POLYLINE
Shape {
	appearance Appearance {
		material Material {
			diffuseColor 1 0 0
			emissiveColor 1 0 0
		}
	}
	geometry IndexedLineSet {
		coord Coordinate {
			point [
				-167.312 227.496 -885.118,
				-167.312 227.496 -885.118,
			]
		}
		coordIndex [
			0, 1, -1
		]
	}
}
#---------- POLYLINE
Shape {
	appearance Appearance {
		material Material {
			diffuseColor 1 0 0
			emissiveColor 1 0 0
		}
	}
	geometry IndexedLineSet {
		coord Coordinate {
			point [
				-167.312 227.496 -885.118,
				-167.312 227.496 -885.118,
			]
		}
		coordIndex [
			0, 1, -1
		]
	}
}
#---------- POLYLINE
Shape {
	appearance Appearance {
		material Material {
			diffuseColor 1 0 0
			emissiveColor 1 0 0
		}
	}
	geometry IndexedLineSet {
		coord Coordinate {
			point [
				-167.312 227.496 -885.118,
				-167.312 227.496 -885.118,
			]
		}
		coordIndex [
			0, 1, -1
		]
	}
}
#---------- POLYLINE
Shape {
	appearance Appearance {
		material Material {
			diffuseColor 0 1 0
			emissiveColor 0 1 0
		}
	}
	geometry IndexedLineSet {
		coord Coordinate {
			point [
				-167.312 227.496 -885.118,
				-167.289 227.445 -885.015,
			]
		}
		coordIndex [
			0, 1, -1
		]
	}
}
#---------- POLYLINE
Shape {
	appearance Appearance {
		material Material {
			diffuseColor 1 0 0
			emissiveColor 1 0 0
		}
	}
	geometry IndexedLineSet {
		coord Coordinate {
			point [
				-167.289 227.445 -885.015,
				-167.289 227.445 -885.015,
			]
		}
		coordIndex [
			0, 1, -1
		]
	}
}
#---------- POLYLINE
Shape {
	appearance Appearance {
		material Material {
			diffuseColor 1 0 0
			emissiveColor 1 0 0
		}
	}
	geometry IndexedLineSet {
		coord Coordinate {
			point [
				-167.289 227.445 -885.015,
				-167.289 227.445 -885.015,
			]
		}
		coordIndex [
			0, 1, -1
		]
	}
}
#---------- POLYLINE
Shape {
	appearance Appearance {
		material Material {
			diffuseColor 1 0 0
			emissiveColor 1 0 0
		}
	}
	geometry IndexedLineSet {
		coord Coordinate {
			point [
				-167.289 227.445 -885.015,
				-167.289 227.445 -885.015,
			]
		}
		coordIndex [
			0, 1, -1
		]
	}
}
#---------- POLYLINE
Shape {
	appearance Appearance {
		material Material {
			diffuseColor 1 0 0
			emissiveColor 1 0 0
		}
	}
	geometry IndexedLineSet {
		coord Coordinate {
			point [
				-167.289 227.445 -885.015,
				-167.289 227.445 -885.015,
			]
		}
		coordIndex [
			0, 1, -1
		]
	}
}
#---------- POLYLINE
Shape {
	appearance Appearance {
		material Material {
			diffuseColor 1 0 0
			emissiveColor 1 0 0
		}
	}
	geometry IndexedLineSet {
		coord Coordinate {
			point [
				-167.289 227.445 -885.015,
				-167.289 227.445 -885.015,
			]
		}
		coordIndex [
			0, 1, -1
		]
	}
}
#---------- POLYLINE
Shape {
	appearance Appearance {
		material Material {
			diffuseColor 1 0 0
			emissiveColor 1 0 0
		}
	}
	geometry IndexedLineSet {
		coord Coordinate {
			point [
				-167.289 227.445 -885.015,
				-167.289 227.445 -885.015,
			]
		}
		coordIndex [
			0, 1, -1
		]
	}
}
#---------- POLYLINE
Shape {
	appearance Appearance {
		material Material {
			diffuseColor 1 0 0
			emissiveColor 1 0 0
		}
	}
	geometry IndexedLineSet {
		coord Coordinate {
			point [
				-167.289 227.445 -885.015,
				-167.289 227.445 -885.015,
			]
		}
		coordIndex [
			0, 1, -1
		]
	}
}
#---------- POLYLINE
Shape {
	appearance Appearance {
		material Material {
			diffuseColor 1 0 0
			emissiveColor 1 0 0
		}
	}
	geometry IndexedLineSet {
		coord Coordinate {
			point [
				-167.289 227.445 -885.015,
				-167.289 227.445 -885.015,
			]
		}
		coordIndex [
			0, 1, -1
		]
	}
}
#---------- POLYLINE
Shape {
	appearance Appearance {
		material Material {
			diffuseColor 0 1 0
			emissiveColor 0 1 0
		}
	}
	geometry IndexedLineSet {
		coord Coordinate {
			point [
				-167.289 227.445 -885.015,
				-167.287 227.428 -885.003,
			]
		}
		coordIndex [
			0, 1, -1
		]
	}
}
#---------- POLYLINE
Shape {
	appearance Appearance {
		material Material {
			diffuseColor 1 0 0
			emissiveColor 1 0 0
		}
	}
	geometry IndexedLineSet {
		coord Coordinate {
			point [
				-167.287 227.428 -885.003,
				-167.287 227.428 -885.003,
			]
		}
		coordIndex [
			0, 1, -1
		]
	}
}
#---------- POLYLINE
Shape {
	appearance Appearance {
		material Material {
			diffuseColor 1 0 0
			emissiveColor 1 0 0
		}
	}
	geometry IndexedLineSet {
		coord Coordinate {
			point [
				-167.287 227.428 -885.003,
				-167.287 227.428 -885.003,
			]
		}
		coordIndex [
			0, 1, -1
		]
	}
}
#---------- POLYLINE
Shape {
	appearance Appearance {
		material Material {
			diffuseColor 1 0 0
			emissiveColor 1 0 0
		}
	}
	geometry IndexedLineSet {
		coord Coordinate {
			point [
				-167.287 227.428 -885.003,
				-167.287 227.428 -885.003,
			]
		}
		coordIndex [
			0, 1, -1
		]
	}
}
#---------- POLYLINE
Shape {
	appearance Appearance {
		material Material {
			diffuseColor 1 0 0
			emissiveColor 1 0 0
		}
	}
	geometry IndexedLineSet {
		coord Coordinate {
			point [
				-167.287 227.428 -885.003,
				-167.287 227.428 -885.003,
			]
		}
		coordIndex [
			0, 1, -1
		]
	}
}
#---------- POLYLINE
Shape {
	appearance Appearance {
		material Material {
			diffuseColor 1 0 0
			emissiveColor 1 0 0
		}
	}
	geometry IndexedLineSet {
		coord Coordinate {
			point [
				-167.287 227.428 -885.003,
				-167.287 227.428 -885.003,
			]
		}
		coordIndex [
			0, 1, -1
		]
	}
}
#---------- POLYLINE
Shape {
	appearance Appearance {
		material Material {
			diffuseColor 1 0 0
			emissiveColor 1 0 0
		}
	}
	geometry IndexedLineSet {
		coord Coordinate {
			point [
				-167.287 227.428 -885.003,
				-167.287 227.428 -885.003,
			]
		}
		coordIndex [
			0, 1, -1
		]
	}
}
#---------- POLYLINE
Shape {
	appearance Appearance {
		material Material {
			diffuseColor 1 0 0
			emissiveColor 1 0 0
		}
	}
	geometry IndexedLineSet {
		coord Coordinate {
			point [
				-167.287 227.428 -885.003,
				-167.287 227.428 -885.003,
			]
		}
		coordIndex [
			0, 1, -1
		]
	}
}
#---------- POLYLINE
Shape {
	appearance Appearance {
		material Material {
			diffuseColor 1 0 0
			emissiveColor 1 0 0
		}
	}
	geometry IndexedLineSet {
		coord Coordinate {
			point [
				-167.287 227.428 -885.003,
				-167.287 227.428 -885.003,
			]
		}
		coordIndex [
			0, 1, -1
		]
	}
}
#---------- POLYLINE
Shape {
	appearance Appearance {
		material Material {
			diffuseColor 1 0 0
			emissiveColor 1 0 0
		}
	}
	geometry IndexedLineSet {
		coord Coordinate {
			point [
				-167.287 227.428 -885.003,
				-167.287 227.428 -885.003,
			]
		}
		coordIndex [
			0, 1, -1
		]
	}
}
#---------- POLYLINE
Shape {
	appearance Appearance {
		material Material {
			diffuseColor 1 0 0
			emissiveColor 1 0 0
		}
	}
	geometry IndexedLineSet {
		coord Coordinate {
			point [
				-167.287 227.428 -885.003,
				-167.287 227.428 -885.003,
			]
		}
		coordIndex [
			0, 1, -1
		]
	}
}
#---------- POLYLINE
Shape {
	appearance Appearance {
		material Material {
			diffuseColor 1 0 0
			emissiveColor 1 0 0
		}
	}
	geometry IndexedLineSet {
		coord Coordinate {
			point [
				-167.287 227.428 -885.003,
				-167.287 227.428 -885.003,
			]
		}
		coordIndex [
			0, 1, -1
		]
	}
}
#---------- POLYLINE
Shape {
	appearance Appearance {
		material Material {
			diffuseColor 1 0 0
			emissiveColor 1 0 0
		}
	}
	geometry IndexedLineSet {
		coord Coordinate {
			point [
				-167.287 227.428 -885.003,
				-167.287 227.428 -885.003,
			]
		}
		coordIndex [
			0, 1, -1
		]
	}
}
#---------- POLYLINE
Shape {
	appearance Appearance {
		material Material {
			diffuseColor 1 0 0
			emissiveColor 1 0 0
		}
	}
	geometry IndexedLineSet {
		coord Coordinate {
			point [
				-167.287 227.428 -885.003,
				-167.287 227.428 -885.003,
			]
		}
		coordIndex [
			0, 1, -1
		]
	}
}
#---------- POLYLINE
Shape {
	appearance Appearance {
		material Material {
			diffuseColor 1 0 0
			emissiveColor 1 0 0
		}
	}
	geometry IndexedLineSet {
		coord Coordinate {
			point [
				-167.287 227.428 -885.003,
				-167.287 227.428 -885.003,
			]
		}
		coordIndex [
			0, 1, -1
		]
	}
}
#---------- POLYLINE
Shape {
	appearance Appearance {
		material Material {
			diffuseColor 1 0 0
			emissiveColor 1 0 0
		}
	}
	geometry IndexedLineSet {
		coord Coordinate {
			point [
				-167.289 227.445 -885.015,
				-167.289 227.445 -885.015,
			]
		}
		coordIndex [
			0, 1, -1
		]
	}
}
#---------- POLYLINE
Shape {
	appearance Appearance {
		material Material {
			diffuseColor 1 0 0
			emissiveColor 1 0 0
		}
	}
	geometry IndexedLineSet {
		coord Coordinate {
			point [
				-167.312 227.496 -885.118,
				-167.31 227.487 -885.106,
			]
		}
		coordIndex [
			0, 1, -1
		]
	}
}
#---------- POLYLINE
Shape {
	appearance Appearance {
		material Material {
			diffuseColor 1 0 0
			emissiveColor 1 0 0
		}
	}
	geometry IndexedLineSet {
		coord Coordinate {
			point [
				-168.969 233.95 -891.093,
				-168.959 233.952 -891.098,
			]
		}
		coordIndex [
			0, 1, -1
		]
	}
}
#---------- POLYLINE
Shape {
	appearance Appearance {
		material Material {
			diffuseColor 0 1 0
			emissiveColor 0 1 0
		}
	}
	geometry IndexedLineSet {
		coord Coordinate {
			point [
				-169.377 233.011 -888.369,
				-169.262 233.494 -888.919,
			]
		}
		coordIndex [
			0, 1, -1
		]
	}
}
#---------- POLYLINE
Shape {
	appearance Appearance {
		material Material {
			diffuseColor 1 0 0
			emissiveColor 1 0 0
		}
	}
	geometry IndexedLineSet {
		coord Coordinate {
			point [
				-169.262 233.494 -888.919,
				-169.262 233.494 -888.919,
			]
		}
		coordIndex [
			0, 1, -1
		]
	}
}
#---------- POLYLINE
Shape {
	appearance Appearance {
		material Material {
			diffuseColor 1 0 0
			emissiveColor 1 0 0
		}
	}
	geometry IndexedLineSet {
		coord Coordinate {
			point [
				-169.262 233.494 -888.919,
				-169.262 233.494 -888.919,
			]
		}
		coordIndex [
			0, 1, -1
		]
	}
}
#---------- POLYLINE
Shape {
	appearance Appearance {
		material Material {
			diffuseColor 1 0 0
			emissiveColor 1 0 0
		}
	}
	geometry IndexedLineSet {
		coord Coordinate {
			point [
				-169.262 233.494 -888.919,
				-169.262 233.494 -888.919,
			]
		}
		coordIndex [
			0, 1, -1
		]
	}
}
#---------- POLYLINE
Shape {
	appearance Appearance {
		material Material {
			diffuseColor 1 0 0
			emissiveColor 1 0 0
		}
	}
	geometry IndexedLineSet {
		coord Coordinate {
			point [
				-169.262 233.494 -888.919,
				-169.262 233.494 -888.919,
			]
		}
		coordIndex [
			0, 1, -1
		]
	}
}
#---------- POLYLINE
Shape {
	appearance Appearance {
		material Material {
			diffuseColor 1 0 0
			emissiveColor 1 0 0
		}
	}
	geometry IndexedLineSet {
		coord Coordinate {
			point [
				-169.262 233.494 -888.919,
				-169.262 233.494 -888.919,
			]
		}
		coordIndex [
			0, 1, -1
		]
	}
}
#---------- POLYLINE
Shape {
	appearance Appearance {
		material Material {
			diffuseColor 1 0 0
			emissiveColor 1 0 0
		}
	}
	geometry IndexedLineSet {
		coord Coordinate {
			point [
				-169.262 233.494 -888.919,
				-169.262 233.494 -888.919,
			]
		}
		coordIndex [
			0, 1, -1
		]
	}
}
#---------- POLYLINE
Shape {
	appearance Appearance {
		material Material {
			diffuseColor 1 0 0
			emissiveColor 1 0 0
		}
	}
	geometry IndexedLineSet {
		coord Coordinate {
			point [
				-169.262 233.494 -888.919,
				-169.262 233.494 -888.919,
			]
		}
		coordIndex [
			0, 1, -1
		]
	}
}
#---------- POLYLINE
Shape {
	appearance Appearance {
		material Material {
			diffuseColor 1 0 0
			emissiveColor 1 0 0
		}
	}
	geometry IndexedLineSet {
		coord Coordinate {
			point [
				-169.262 233.494 -888.919,
				-169.262 233.494 -888.919,
			]
		}
		coordIndex [
			0, 1, -1
		]
	}
}
#---------- POLYLINE
Shape {
	appearance Appearance {
		material Material {
			diffuseColor 1 0 0
			emissiveColor 1 0 0
		}
	}
	geometry IndexedLineSet {
		coord Coordinate {
			point [
				-169.262 233.494 -888.919,
				-169.262 233.494 -888.919,
			]
		}
		coordIndex [
			0, 1, -1
		]
	}
}
#---------- POLYLINE
Shape {
	appearance Appearance {
		material Material {
			diffuseColor 1 0 0
			emissiveColor 1 0 0
		}
	}
	geometry IndexedLineSet {
		coord Coordinate {
			point [
				-169.262 233.494 -888.919,
				-169.262 233.494 -888.919,
			]
		}
		coordIndex [
			0, 1, -1
		]
	}
}
#---------- POLYLINE
Shape {
	appearance Appearance {
		material Material {
			diffuseColor 1 0 0
			emissiveColor 1 0 0
		}
	}
	geometry IndexedLineSet {
		coord Coordinate {
			point [
				-169.262 233.494 -888.919,
				-169.262 233.494 -888.919,
			]
		}
		coordIndex [
			0, 1, -1
		]
	}
}
#---------- POLYLINE
Shape {
	appearance Appearance {
		material Material {
			diffuseColor 1 0 0
			emissiveColor 1 0 0
		}
	}
	geometry IndexedLineSet {
		coord Coordinate {
			point [
				-169.262 233.494 -888.919,
				-169.262 233.494 -888.919,
			]
		}
		coordIndex [
			0, 1, -1
		]
	}
}
#---------- POLYLINE
Shape {
	appearance Appearance {
		material Material {
			diffuseColor 1 0 0
			emissiveColor 1 0 0
		}
	}
	geometry IndexedLineSet {
		coord Coordinate {
			point [
				-169.262 233.494 -888.919,
				-169.262 233.494 -888.919,
			]
		}
		coordIndex [
			0, 1, -1
		]
	}
}
#---------- POLYLINE
Shape {
	appearance Appearance {
		material Material {
			diffuseColor 1 0 0
			emissiveColor 1 0 0
		}
	}
	geometry IndexedLineSet {
		coord Coordinate {
			point [
				-169.262 233.494 -888.919,
				-169.262 233.494 -888.919,
			]
		}
		coordIndex [
			0, 1, -1
		]
	}
}
#---------- POLYLINE
Shape {
	appearance Appearance {
		material Material {
			diffuseColor 1 0 0
			emissiveColor 1 0 0
		}
	}
	geometry IndexedLineSet {
		coord Coordinate {
			point [
				-169.262 233.494 -888.919,
				-169.262 233.494 -888.919,
			]
		}
		coordIndex [
			0, 1, -1
		]
	}
}
#---------- POLYLINE
Shape {
	appearance Appearance {
		material Material {
			diffuseColor 1 0 0
			emissiveColor 1 0 0
		}
	}
	geometry IndexedLineSet {
		coord Coordinate {
			point [
				-169.262 233.494 -888.919,
				-169.262 233.494 -888.919,
			]
		}
		coordIndex [
			0, 1, -1
		]
	}
}
#---------- POLYLINE
Shape {
	appearance Appearance {
		material Material {
			diffuseColor 0 1 0
			emissiveColor 0 1 0
		}
	}
	geometry IndexedLineSet {
		coord Coordinate {
			point [
				-169.262 233.494 -888.919,
				-169.077 233.355 -888.917,
			]
		}
		coordIndex [
			0, 1, -1
		]
	}
}
#---------- POLYLINE
Shape {
	appearance Appearance {
		material Material {
			diffuseColor 1 0 0
			emissiveColor 1 0 0
		}
	}
	geometry IndexedLineSet {
		coord Coordinate {
			point [
				-169.077 233.355 -888.917,
				-169.077 233.355 -888.917,
			]
		}
		coordIndex [
			0, 1, -1
		]
	}
}
#---------- POLYLINE
Shape {
	appearance Appearance {
		material Material {
			diffuseColor 1 0 0
			emissiveColor 1 0 0
		}
	}
	geometry IndexedLineSet {
		coord Coordinate {
			point [
				-169.077 233.355 -888.917,
				-169.077 233.355 -888.917,
			]
		}
		coordIndex [
			0, 1, -1
		]
	}
}
#---------- POLYLINE
Shape {
	appearance Appearance {
		material Material {
			diffuseColor 1 0 0
			emissiveColor 1 0 0
		}
	}
	geometry IndexedLineSet {
		coord Coordinate {
			point [
				-169.077 233.355 -888.917,
				-169.077 233.355 -888.917,
			]
		}
		coordIndex [
			0, 1, -1
		]
	}
}
#---------- POLYLINE
Shape {
	appearance Appearance {
		material Material {
			diffuseColor 1 0 0
			emissiveColor 1 0 0
		}
	}
	geometry IndexedLineSet {
		coord Coordinate {
			point [
				-169.077 233.355 -888.917,
				-169.077 233.355 -888.917,
			]
		}
		coordIndex [
			0, 1, -1
		]
	}
}
#---------- POLYLINE
Shape {
	appearance Appearance {
		material Material {
			diffuseColor 1 0 0
			emissiveColor 1 0 0
		}
	}
	geometry IndexedLineSet {
		coord Coordinate {
			point [
				-169.077 233.355 -888.917,
				-169.077 233.355 -888.917,
			]
		}
		coordIndex [
			0, 1, -1
		]
	}
}
#---------- POLYLINE
Shape {
	appearance Appearance {
		material Material {
			diffuseColor 1 0 0
			emissiveColor 1 0 0
		}
	}
	geometry IndexedLineSet {
		coord Coordinate {
			point [
				-169.077 233.355 -888.917,
				-169.077 233.355 -888.917,
			]
		}
		coordIndex [
			0, 1, -1
		]
	}
}
#---------- POLYLINE
Shape {
	appearance Appearance {
		material Material {
			diffuseColor 1 0 0
			emissiveColor 1 0 0
		}
	}
	geometry IndexedLineSet {
		coord Coordinate {
			point [
				-169.077 233.355 -888.917,
				-169.077 233.355 -888.917,
			]
		}
		coordIndex [
			0, 1, -1
		]
	}
}
#---------- POLYLINE
Shape {
	appearance Appearance {
		material Material {
			diffuseColor 1 0 0
			emissiveColor 1 0 0
		}
	}
	geometry IndexedLineSet {
		coord Coordinate {
			point [
				-169.077 233.355 -888.917,
				-169.078 233.354 -888.917,
			]
		}
		coordIndex [
			0, 1, -1
		]
	}
}
#---------- POLYLINE
Shape {
	appearance Appearance {
		material Material {
			diffuseColor 1 0 0
			emissiveColor 1 0 0
		}
	}
	geometry IndexedLineSet {
		coord Coordinate {
			point [
				-169.262 233.494 -888.919,
				-169.274 233.504 -888.946,
				-169.27 233.502 -888.947,
			]
		}
		coordIndex [
			0, 1, 2, -1
		]
	}
}
#---------- POLYLINE
Shape {
	appearance Appearance {
		material Material {
			diffuseColor 0 1 0
			emissiveColor 0 1 0
		}
	}
	geometry IndexedLineSet {
		coord Coordinate {
			point [
				-169.274 233.504 -888.946,
				-169 233.364 -889.131,
			]
		}
		coordIndex [
			0, 1, -1
		]
	}
}
#---------- POLYLINE
Shape {
	appearance Appearance {
		material Material {
			diffuseColor 1 0 0
			emissiveColor 1 0 0
		}
	}
	geometry IndexedLineSet {
		coord Coordinate {
			point [
				-169 233.364 -889.131,
				-169 233.364 -889.131,
			]
		}
		coordIndex [
			0, 1, -1
		]
	}
}
#---------- POLYLINE
Shape {
	appearance Appearance {
		material Material {
			diffuseColor 1 0 0
			emissiveColor 1 0 0
		}
	}
	geometry IndexedLineSet {
		coord Coordinate {
			point [
				-169 233.364 -889.131,
				-169 233.364 -889.131,
			]
		}
		coordIndex [
			0, 1, -1
		]
	}
}
#---------- POLYLINE
Shape {
	appearance Appearance {
		material Material {
			diffuseColor 1 0 0
			emissiveColor 1 0 0
		}
	}
	geometry IndexedLineSet {
		coord Coordinate {
			point [
				-169 233.364 -889.131,
				-169 233.364 -889.131,
			]
		}
		coordIndex [
			0, 1, -1
		]
	}
}
#---------- POLYLINE
Shape {
	appearance Appearance {
		material Material {
			diffuseColor 1 0 0
			emissiveColor 1 0 0
		}
	}
	geometry IndexedLineSet {
		coord Coordinate {
			point [
				-169 233.364 -889.131,
				-169 233.364 -889.131,
			]
		}
		coordIndex [
			0, 1, -1
		]
	}
}
#---------- POLYLINE
Shape {
	appearance Appearance {
		material Material {
			diffuseColor 1 0 0
			emissiveColor 1 0 0
		}
	}
	geometry IndexedLineSet {
		coord Coordinate {
			point [
				-169 233.364 -889.131,
				-169 233.364 -889.131,
			]
		}
		coordIndex [
			0, 1, -1
		]
	}
}
#---------- POLYLINE
Shape {
	appearance Appearance {
		material Material {
			diffuseColor 1 0 0
			emissiveColor 1 0 0
		}
	}
	geometry IndexedLineSet {
		coord Coordinate {
			point [
				-169 233.364 -889.131,
				-169 233.364 -889.131,
			]
		}
		coordIndex [
			0, 1, -1
		]
	}
}
#---------- POLYLINE
Shape {
	appearance Appearance {
		material Material {
			diffuseColor 1 0 0
			emissiveColor 1 0 0
		}
	}
	geometry IndexedLineSet {
		coord Coordinate {
			point [
				-169 233.364 -889.131,
				-169 233.364 -889.131,
			]
		}
		coordIndex [
			0, 1, -1
		]
	}
}
#---------- POLYLINE
Shape {
	appearance Appearance {
		material Material {
			diffuseColor 1 0 0
			emissiveColor 1 0 0
		}
	}
	geometry IndexedLineSet {
		coord Coordinate {
			point [
				-169 233.364 -889.131,
				-169 233.364 -889.131,
			]
		}
		coordIndex [
			0, 1, -1
		]
	}
}
#---------- POLYLINE
Shape {
	appearance Appearance {
		material Material {
			diffuseColor 0 1 0
			emissiveColor 0 1 0
		}
	}
	geometry IndexedLineSet {
		coord Coordinate {
			point [
				-169 233.364 -889.131,
				-169 233.363 -889.128,
			]
		}
		coordIndex [
			0, 1, -1
		]
	}
}
#---------- POLYLINE
Shape {
	appearance Appearance {
		material Material {
			diffuseColor 1 0 0
			emissiveColor 1 0 0
		}
	}
	geometry IndexedLineSet {
		coord Coordinate {
			point [
				-169 233.363 -889.128,
				-169 233.363 -889.128,
			]
		}
		coordIndex [
			0, 1, -1
		]
	}
}
#---------- POLYLINE
Shape {
	appearance Appearance {
		material Material {
			diffuseColor 1 0 0
			emissiveColor 1 0 0
		}
	}
	geometry IndexedLineSet {
		coord Coordinate {
			point [
				-169 233.363 -889.128,
				-169 233.363 -889.128,
			]
		}
		coordIndex [
			0, 1, -1
		]
	}
}
#---------- POLYLINE
Shape {
	appearance Appearance {
		material Material {
			diffuseColor 1 0 0
			emissiveColor 1 0 0
		}
	}
	geometry IndexedLineSet {
		coord Coordinate {
			point [
				-169 233.363 -889.128,
				-169 233.363 -889.128,
			]
		}
		coordIndex [
			0, 1, -1
		]
	}
}
#---------- POLYLINE
Shape {
	appearance Appearance {
		material Material {
			diffuseColor 1 0 0
			emissiveColor 1 0 0
		}
	}
	geometry IndexedLineSet {
		coord Coordinate {
			point [
				-169 233.363 -889.128,
				-169 233.363 -889.128,
			]
		}
		coordIndex [
			0, 1, -1
		]
	}
}
#---------- POLYLINE
Shape {
	appearance Appearance {
		material Material {
			diffuseColor 1 0 0
			emissiveColor 1 0 0
		}
	}
	geometry IndexedLineSet {
		coord Coordinate {
			point [
				-169 233.363 -889.128,
				-169 233.363 -889.128,
			]
		}
		coordIndex [
			0, 1, -1
		]
	}
}
#---------- POLYLINE
Shape {
	appearance Appearance {
		material Material {
			diffuseColor 1 0 0
			emissiveColor 1 0 0
		}
	}
	geometry IndexedLineSet {
		coord Coordinate {
			point [
				-169 233.363 -889.128,
				-169 233.363 -889.128,
			]
		}
		coordIndex [
			0, 1, -1
		]
	}
}
#---------- POLYLINE
Shape {
	appearance Appearance {
		material Material {
			diffuseColor 1 0 0
			emissiveColor 1 0 0
		}
	}
	geometry IndexedLineSet {
		coord Coordinate {
			point [
				-169 233.363 -889.128,
				-169 233.363 -889.128,
			]
		}
		coordIndex [
			0, 1, -1
		]
	}
}
#---------- POLYLINE
Shape {
	appearance Appearance {
		material Material {
			diffuseColor 1 0 0
			emissiveColor 1 0 0
		}
	}
	geometry IndexedLineSet {
		coord Coordinate {
			point [
				-169 233.363 -889.128,
				-169 233.363 -889.128,
			]
		}
		coordIndex [
			0, 1, -1
		]
	}
}
#---------- POLYLINE
Shape {
	appearance Appearance {
		material Material {
			diffuseColor 1 0 0
			emissiveColor 1 0 0
		}
	}
	geometry IndexedLineSet {
		coord Coordinate {
			point [
				-169 233.363 -889.128,
				-169 233.363 -889.128,
			]
		}
		coordIndex [
			0, 1, -1
		]
	}
}
#---------- POLYLINE
Shape {
	appearance Appearance {
		material Material {
			diffuseColor 0 1 0
			emissiveColor 0 1 0
		}
	}
	geometry IndexedLineSet {
		coord Coordinate {
			point [
				-169 233.364 -889.131,
				-169.157 233.337 -889.103,
			]
		}
		coordIndex [
			0, 1, -1
		]
	}
}
#---------- POLYLINE
Shape {
	appearance Appearance {
		material Material {
			diffuseColor 1 0 0
			emissiveColor 1 0 0
		}
	}
	geometry IndexedLineSet {
		coord Coordinate {
			point [
				-169.157 233.337 -889.103,
				-169.157 233.337 -889.103,
			]
		}
		coordIndex [
			0, 1, -1
		]
	}
}
#---------- POLYLINE
Shape {
	appearance Appearance {
		material Material {
			diffuseColor 1 0 0
			emissiveColor 1 0 0
		}
	}
	geometry IndexedLineSet {
		coord Coordinate {
			point [
				-169.157 233.337 -889.103,
				-169.157 233.337 -889.103,
			]
		}
		coordIndex [
			0, 1, -1
		]
	}
}
#---------- POLYLINE
Shape {
	appearance Appearance {
		material Material {
			diffuseColor 1 0 0
			emissiveColor 1 0 0
		}
	}
	geometry IndexedLineSet {
		coord Coordinate {
			point [
				-169.157 233.337 -889.103,
				-169.157 233.337 -889.103,
			]
		}
		coordIndex [
			0, 1, -1
		]
	}
}
#---------- POLYLINE
Shape {
	appearance Appearance {
		material Material {
			diffuseColor 1 0 0
			emissiveColor 1 0 0
		}
	}
	geometry IndexedLineSet {
		coord Coordinate {
			point [
				-169.157 233.337 -889.103,
				-169.157 233.337 -889.103,
			]
		}
		coordIndex [
			0, 1, -1
		]
	}
}
#---------- POLYLINE
Shape {
	appearance Appearance {
		material Material {
			diffuseColor 1 0 0
			emissiveColor 1 0 0
		}
	}
	geometry IndexedLineSet {
		coord Coordinate {
			point [
				-169.157 233.337 -889.103,
				-169.157 233.337 -889.103,
			]
		}
		coordIndex [
			0, 1, -1
		]
	}
}
#---------- POLYLINE
Shape {
	appearance Appearance {
		material Material {
			diffuseColor 1 0 0
			emissiveColor 1 0 0
		}
	}
	geometry IndexedLineSet {
		coord Coordinate {
			point [
				-169.157 233.337 -889.103,
				-169.157 233.337 -889.103,
			]
		}
		coordIndex [
			0, 1, -1
		]
	}
}
#---------- POLYLINE
Shape {
	appearance Appearance {
		material Material {
			diffuseColor 1 0 0
			emissiveColor 1 0 0
		}
	}
	geometry IndexedLineSet {
		coord Coordinate {
			point [
				-169.157 233.337 -889.103,
				-169.157 233.337 -889.103,
			]
		}
		coordIndex [
			0, 1, -1
		]
	}
}
#---------- POLYLINE
Shape {
	appearance Appearance {
		material Material {
			diffuseColor 1 0 0
			emissiveColor 1 0 0
		}
	}
	geometry IndexedLineSet {
		coord Coordinate {
			point [
				-169.157 233.337 -889.103,
				-169.157 233.337 -889.103,
			]
		}
		coordIndex [
			0, 1, -1
		]
	}
}
#---------- POLYLINE
Shape {
	appearance Appearance {
		material Material {
			diffuseColor 1 0 0
			emissiveColor 1 0 0
		}
	}
	geometry IndexedLineSet {
		coord Coordinate {
			point [
				-169.157 233.337 -889.103,
				-169.157 233.337 -889.103,
			]
		}
		coordIndex [
			0, 1, -1
		]
	}
}
#---------- POLYLINE
Shape {
	appearance Appearance {
		material Material {
			diffuseColor 1 0 0
			emissiveColor 1 0 0
		}
	}
	geometry IndexedLineSet {
		coord Coordinate {
			point [
				-169.157 233.337 -889.103,
				-169.157 233.337 -889.103,
			]
		}
		coordIndex [
			0, 1, -1
		]
	}
}
#---------- POLYLINE
Shape {
	appearance Appearance {
		material Material {
			diffuseColor 1 0 0
			emissiveColor 1 0 0
		}
	}
	geometry IndexedLineSet {
		coord Coordinate {
			point [
				-169.157 233.337 -889.103,
				-169.158 233.337 -889.104,
			]
		}
		coordIndex [
			0, 1, -1
		]
	}
}
#---------- POLYLINE
Shape {
	appearance Appearance {
		material Material {
			diffuseColor 1 0 0
			emissiveColor 1 0 0
		}
	}
	geometry IndexedLineSet {
		coord Coordinate {
			point [
				-169 233.364 -889.131,
				-168.999 233.364 -889.131,
			]
		}
		coordIndex [
			0, 1, -1
		]
	}
}
#---------- POLYLINE
Shape {
	appearance Appearance {
		material Material {
			diffuseColor 0 1 0
			emissiveColor 0 1 0
		}
	}
	geometry IndexedLineSet {
		coord Coordinate {
			point [
				-169.423 232.142 -887.361,
				-168.82 235.913 -890.829,
			]
		}
		coordIndex [
			0, 1, -1
		]
	}
}
#---------- POLYLINE
Shape {
	appearance Appearance {
		material Material {
			diffuseColor 1 0 0
			emissiveColor 1 0 0
		}
	}
	geometry IndexedLineSet {
		coord Coordinate {
			point [
				-168.82 235.913 -890.829,
				-168.82 235.913 -890.829,
			]
		}
		coordIndex [
			0, 1, -1
		]
	}
}
#---------- POLYLINE
Shape {
	appearance Appearance {
		material Material {
			diffuseColor 1 0 0
			emissiveColor 1 0 0
		}
	}
	geometry IndexedLineSet {
		coord Coordinate {
			point [
				-168.82 235.913 -890.829,
				-168.82 235.913 -890.829,
			]
		}
		coordIndex [
			0, 1, -1
		]
	}
}
#---------- POLYLINE
Shape {
	appearance Appearance {
		material Material {
			diffuseColor 1 0 0
			emissiveColor 1 0 0
		}
	}
	geometry IndexedLineSet {
		coord Coordinate {
			point [
				-168.82 235.913 -890.829,
				-168.82 235.913 -890.829,
			]
		}
		coordIndex [
			0, 1, -1
		]
	}
}
#---------- POLYLINE
Shape {
	appearance Appearance {
		material Material {
			diffuseColor 1 0 0
			emissiveColor 1 0 0
		}
	}
	geometry IndexedLineSet {
		coord Coordinate {
			point [
				-168.82 235.913 -890.829,
				-168.82 235.913 -890.829,
			]
		}
		coordIndex [
			0, 1, -1
		]
	}
}
#---------- POLYLINE
Shape {
	appearance Appearance {
		material Material {
			diffuseColor 1 0 0
			emissiveColor 1 0 0
		}
	}
	geometry IndexedLineSet {
		coord Coordinate {
			point [
				-168.82 235.913 -890.829,
				-168.82 235.913 -890.829,
			]
		}
		coordIndex [
			0, 1, -1
		]
	}
}
#---------- POLYLINE
Shape {
	appearance Appearance {
		material Material {
			diffuseColor 1 0 0
			emissiveColor 1 0 0
		}
	}
	geometry IndexedLineSet {
		coord Coordinate {
			point [
				-168.82 235.913 -890.829,
				-168.82 235.913 -890.829,
			]
		}
		coordIndex [
			0, 1, -1
		]
	}
}
#---------- POLYLINE
Shape {
	appearance Appearance {
		material Material {
			diffuseColor 1 0 0
			emissiveColor 1 0 0
		}
	}
	geometry IndexedLineSet {
		coord Coordinate {
			point [
				-168.82 235.913 -890.829,
				-168.82 235.913 -890.829,
			]
		}
		coordIndex [
			0, 1, -1
		]
	}
}
#---------- POLYLINE
Shape {
	appearance Appearance {
		material Material {
			diffuseColor 1 0 0
			emissiveColor 1 0 0
		}
	}
	geometry IndexedLineSet {
		coord Coordinate {
			point [
				-168.82 235.913 -890.829,
				-168.82 235.913 -890.829,
			]
		}
		coordIndex [
			0, 1, -1
		]
	}
}
#---------- POLYLINE
Shape {
	appearance Appearance {
		material Material {
			diffuseColor 1 0 0
			emissiveColor 1 0 0
		}
	}
	geometry IndexedLineSet {
		coord Coordinate {
			point [
				-168.82 235.913 -890.829,
				-168.82 235.913 -890.829,
			]
		}
		coordIndex [
			0, 1, -1
		]
	}
}
#---------- POLYLINE
Shape {
	appearance Appearance {
		material Material {
			diffuseColor 1 0 0
			emissiveColor 1 0 0
		}
	}
	geometry IndexedLineSet {
		coord Coordinate {
			point [
				-168.82 235.913 -890.829,
				-168.82 235.913 -890.829,
			]
		}
		coordIndex [
			0, 1, -1
		]
	}
}
#---------- POLYLINE
Shape {
	appearance Appearance {
		material Material {
			diffuseColor 1 0 0
			emissiveColor 1 0 0
		}
	}
	geometry IndexedLineSet {
		coord Coordinate {
			point [
				-168.82 235.913 -890.829,
				-168.82 235.913 -890.829,
			]
		}
		coordIndex [
			0, 1, -1
		]
	}
}
#---------- POLYLINE
Shape {
	appearance Appearance {
		material Material {
			diffuseColor 1 0 0
			emissiveColor 1 0 0
		}
	}
	geometry IndexedLineSet {
		coord Coordinate {
			point [
				-168.82 235.913 -890.829,
				-168.82 235.913 -890.829,
			]
		}
		coordIndex [
			0, 1, -1
		]
	}
}
#---------- POLYLINE
Shape {
	appearance Appearance {
		material Material {
			diffuseColor 1 0 0
			emissiveColor 1 0 0
		}
	}
	geometry IndexedLineSet {
		coord Coordinate {
			point [
				-168.82 235.913 -890.829,
				-168.82 235.913 -890.829,
			]
		}
		coordIndex [
			0, 1, -1
		]
	}
}
#---------- POLYLINE
Shape {
	appearance Appearance {
		material Material {
			diffuseColor 1 0 0
			emissiveColor 1 0 0
		}
	}
	geometry IndexedLineSet {
		coord Coordinate {
			point [
				-168.82 235.913 -890.829,
				-168.82 235.913 -890.829,
			]
		}
		coordIndex [
			0, 1, -1
		]
	}
}
#---------- POLYLINE
Shape {
	appearance Appearance {
		material Material {
			diffuseColor 1 0 0
			emissiveColor 1 0 0
		}
	}
	geometry IndexedLineSet {
		coord Coordinate {
			point [
				-168.82 235.913 -890.829,
				-168.82 235.913 -890.829,
			]
		}
		coordIndex [
			0, 1, -1
		]
	}
}
#---------- POLYLINE
Shape {
	appearance Appearance {
		material Material {
			diffuseColor 1 0 0
			emissiveColor 1 0 0
		}
	}
	geometry IndexedLineSet {
		coord Coordinate {
			point [
				-168.82 235.913 -890.829,
				-168.82 235.913 -890.829,
			]
		}
		coordIndex [
			0, 1, -1
		]
	}
}
#---------- POLYLINE
Shape {
	appearance Appearance {
		material Material {
			diffuseColor 1 0 0
			emissiveColor 1 0 0
		}
	}
	geometry IndexedLineSet {
		coord Coordinate {
			point [
				-168.82 235.913 -890.829,
				-168.82 235.913 -890.829,
			]
		}
		coordIndex [
			0, 1, -1
		]
	}
}
#---------- POLYLINE
Shape {
	appearance Appearance {
		material Material {
			diffuseColor 1 0 0
			emissiveColor 1 0 0
		}
	}
	geometry IndexedLineSet {
		coord Coordinate {
			point [
				-168.82 235.913 -890.829,
				-168.82 235.913 -890.829,
			]
		}
		coordIndex [
			0, 1, -1
		]
	}
}
#---------- POLYLINE
Shape {
	appearance Appearance {
		material Material {
			diffuseColor 1 0 0
			emissiveColor 1 0 0
		}
	}
	geometry IndexedLineSet {
		coord Coordinate {
			point [
				-168.82 235.913 -890.829,
				-168.82 235.913 -890.829,
			]
		}
		coordIndex [
			0, 1, -1
		]
	}
}
#---------- POLYLINE
Shape {
	appearance Appearance {
		material Material {
			diffuseColor 1 0 0
			emissiveColor 1 0 0
		}
	}
	geometry IndexedLineSet {
		coord Coordinate {
			point [
				-168.82 235.913 -890.829,
				-168.82 235.913 -890.829,
			]
		}
		coordIndex [
			0, 1, -1
		]
	}
}
#---------- POLYLINE
Shape {
	appearance Appearance {
		material Material {
			diffuseColor 1 0 0
			emissiveColor 1 0 0
		}
	}
	geometry IndexedLineSet {
		coord Coordinate {
			point [
				-168.82 235.913 -890.829,
				-168.82 235.913 -890.829,
			]
		}
		coordIndex [
			0, 1, -1
		]
	}
}
#---------- POLYLINE
Shape {
	appearance Appearance {
		material Material {
			diffuseColor 1 0 0
			emissiveColor 1 0 0
		}
	}
	geometry IndexedLineSet {
		coord Coordinate {
			point [
				-168.82 235.913 -890.829,
				-168.82 235.913 -890.829,
			]
		}
		coordIndex [
			0, 1, -1
		]
	}
}
#---------- POLYLINE
Shape {
	appearance Appearance {
		material Material {
			diffuseColor 0 1 0
			emissiveColor 0 1 0
		}
	}
	geometry IndexedLineSet {
		coord Coordinate {
			point [
				-168.82 235.913 -890.829,
				-168.492 235.985 -890.893,
			]
		}
		coordIndex [
			0, 1, -1
		]
	}
}
#---------- POLYLINE
Shape {
	appearance Appearance {
		material Material {
			diffuseColor 1 0 0
			emissiveColor 1 0 0
		}
	}
	geometry IndexedLineSet {
		coord Coordinate {
			point [
				-168.492 235.985 -890.893,
				-168.492 235.985 -890.893,
			]
		}
		coordIndex [
			0, 1, -1
		]
	}
}
#---------- POLYLINE
Shape {
	appearance Appearance {
		material Material {
			diffuseColor 1 0 0
			emissiveColor 1 0 0
		}
	}
	geometry IndexedLineSet {
		coord Coordinate {
			point [
				-168.492 235.985 -890.893,
				-168.492 235.985 -890.893,
			]
		}
		coordIndex [
			0, 1, -1
		]
	}
}
#---------- POLYLINE
Shape {
	appearance Appearance {
		material Material {
			diffuseColor 1 0 0
			emissiveColor 1 0 0
		}
	}
	geometry IndexedLineSet {
		coord Coordinate {
			point [
				-168.492 235.985 -890.893,
				-168.492 235.985 -890.893,
			]
		}
		coordIndex [
			0, 1, -1
		]
	}
}
#---------- POLYLINE
Shape {
	appearance Appearance {
		material Material {
			diffuseColor 1 0 0
			emissiveColor 1 0 0
		}
	}
	geometry IndexedLineSet {
		coord Coordinate {
			point [
				-168.492 235.985 -890.893,
				-168.492 235.985 -890.893,
			]
		}
		coordIndex [
			0, 1, -1
		]
	}
}
#---------- POLYLINE
Shape {
	appearance Appearance {
		material Material {
			diffuseColor 1 0 0
			emissiveColor 1 0 0
		}
	}
	geometry IndexedLineSet {
		coord Coordinate {
			point [
				-168.492 235.985 -890.893,
				-168.492 235.985 -890.893,
			]
		}
		coordIndex [
			0, 1, -1
		]
	}
}
#---------- POLYLINE
Shape {
	appearance Appearance {
		material Material {
			diffuseColor 1 0 0
			emissiveColor 1 0 0
		}
	}
	geometry IndexedLineSet {
		coord Coordinate {
			point [
				-168.492 235.985 -890.893,
				-168.492 235.985 -890.893,
			]
		}
		coordIndex [
			0, 1, -1
		]
	}
}
#---------- POLYLINE
Shape {
	appearance Appearance {
		material Material {
			diffuseColor 1 0 0
			emissiveColor 1 0 0
		}
	}
	geometry IndexedLineSet {
		coord Coordinate {
			point [
				-168.492 235.985 -890.893,
				-168.492 235.985 -890.893,
			]
		}
		coordIndex [
			0, 1, -1
		]
	}
}
#---------- POLYLINE
Shape {
	appearance Appearance {
		material Material {
			diffuseColor 1 0 0
			emissiveColor 1 0 0
		}
	}
	geometry IndexedLineSet {
		coord Coordinate {
			point [
				-168.492 235.985 -890.893,
				-168.492 235.985 -890.893,
			]
		}
		coordIndex [
			0, 1, -1
		]
	}
}
#---------- POLYLINE
Shape {
	appearance Appearance {
		material Material {
			diffuseColor 1 0 0
			emissiveColor 1 0 0
		}
	}
	geometry IndexedLineSet {
		coord Coordinate {
			point [
				-168.492 235.985 -890.893,
				-168.492 235.985 -890.893,
			]
		}
		coordIndex [
			0, 1, -1
		]
	}
}
#---------- POLYLINE
Shape {
	appearance Appearance {
		material Material {
			diffuseColor 1 0 0
			emissiveColor 1 0 0
		}
	}
	geometry IndexedLineSet {
		coord Coordinate {
			point [
				-168.492 235.985 -890.893,
				-168.492 235.985 -890.893,
			]
		}
		coordIndex [
			0, 1, -1
		]
	}
}
#---------- POLYLINE
Shape {
	appearance Appearance {
		material Material {
			diffuseColor 1 0 0
			emissiveColor 1 0 0
		}
	}
	geometry IndexedLineSet {
		coord Coordinate {
			point [
				-168.492 235.985 -890.893,
				-168.492 235.985 -890.893,
			]
		}
		coordIndex [
			0, 1, -1
		]
	}
}
#---------- POLYLINE
Shape {
	appearance Appearance {
		material Material {
			diffuseColor 1 0 0
			emissiveColor 1 0 0
		}
	}
	geometry IndexedLineSet {
		coord Coordinate {
			point [
				-168.492 235.985 -890.893,
				-168.492 235.985 -890.893,
			]
		}
		coordIndex [
			0, 1, -1
		]
	}
}
#---------- POLYLINE
Shape {
	appearance Appearance {
		material Material {
			diffuseColor 1 0 0
			emissiveColor 1 0 0
		}
	}
	geometry IndexedLineSet {
		coord Coordinate {
			point [
				-168.492 235.985 -890.893,
				-168.492 235.985 -890.893,
			]
		}
		coordIndex [
			0, 1, -1
		]
	}
}
#---------- POLYLINE
Shape {
	appearance Appearance {
		material Material {
			diffuseColor 1 0 0
			emissiveColor 1 0 0
		}
	}
	geometry IndexedLineSet {
		coord Coordinate {
			point [
				-168.492 235.985 -890.893,
				-168.492 235.985 -890.893,
			]
		}
		coordIndex [
			0, 1, -1
		]
	}
}
#---------- POLYLINE
Shape {
	appearance Appearance {
		material Material {
			diffuseColor 1 0 0
			emissiveColor 1 0 0
		}
	}
	geometry IndexedLineSet {
		coord Coordinate {
			point [
				-168.492 235.985 -890.893,
				-168.492 235.985 -890.893,
			]
		}
		coordIndex [
			0, 1, -1
		]
	}
}
#---------- POLYLINE
Shape {
	appearance Appearance {
		material Material {
			diffuseColor 1 0 0
			emissiveColor 1 0 0
		}
	}
	geometry IndexedLineSet {
		coord Coordinate {
			point [
				-168.492 235.985 -890.893,
				-168.492 235.985 -890.893,
			]
		}
		coordIndex [
			0, 1, -1
		]
	}
}
#---------- POLYLINE
Shape {
	appearance Appearance {
		material Material {
			diffuseColor 1 0 0
			emissiveColor 1 0 0
		}
	}
	geometry IndexedLineSet {
		coord Coordinate {
			point [
				-168.492 235.985 -890.893,
				-168.492 235.985 -890.893,
			]
		}
		coordIndex [
			0, 1, -1
		]
	}
}
#---------- POLYLINE
Shape {
	appearance Appearance {
		material Material {
			diffuseColor 1 0 0
			emissiveColor 1 0 0
		}
	}
	geometry IndexedLineSet {
		coord Coordinate {
			point [
				-168.492 235.985 -890.893,
				-168.492 235.985 -890.893,
			]
		}
		coordIndex [
			0, 1, -1
		]
	}
}
#---------- POLYLINE
Shape {
	appearance Appearance {
		material Material {
			diffuseColor 1 0 0
			emissiveColor 1 0 0
		}
	}
	geometry IndexedLineSet {
		coord Coordinate {
			point [
				-168.492 235.985 -890.893,
				-168.492 235.985 -890.893,
			]
		}
		coordIndex [
			0, 1, -1
		]
	}
}
#---------- POLYLINE
Shape {
	appearance Appearance {
		material Material {
			diffuseColor 1 0 0
			emissiveColor 1 0 0
		}
	}
	geometry IndexedLineSet {
		coord Coordinate {
			point [
				-168.492 235.985 -890.893,
				-168.492 235.985 -890.893,
			]
		}
		coordIndex [
			0, 1, -1
		]
	}
}
#---------- POLYLINE
Shape {
	appearance Appearance {
		material Material {
			diffuseColor 1 0 0
			emissiveColor 1 0 0
		}
	}
	geometry IndexedLineSet {
		coord Coordinate {
			point [
				-168.492 235.985 -890.893,
				-168.492 235.985 -890.893,
			]
		}
		coordIndex [
			0, 1, -1
		]
	}
}
#---------- POLYLINE
Shape {
	appearance Appearance {
		material Material {
			diffuseColor 1 0 0
			emissiveColor 1 0 0
		}
	}
	geometry IndexedLineSet {
		coord Coordinate {
			point [
				-168.492 235.985 -890.893,
				-168.492 235.985 -890.893,
			]
		}
		coordIndex [
			0, 1, -1
		]
	}
}
#---------- POLYLINE
Shape {
	appearance Appearance {
		material Material {
			diffuseColor 1 0 0
			emissiveColor 1 0 0
		}
	}
	geometry IndexedLineSet {
		coord Coordinate {
			point [
				-168.492 235.985 -890.893,
				-168.492 235.985 -890.893,
			]
		}
		coordIndex [
			0, 1, -1
		]
	}
}
#---------- POLYLINE
Shape {
	appearance Appearance {
		material Material {
			diffuseColor 1 0 0
			emissiveColor 1 0 0
		}
	}
	geometry IndexedLineSet {
		coord Coordinate {
			point [
				-168.492 235.985 -890.893,
				-168.492 235.985 -890.893,
			]
		}
		coordIndex [
			0, 1, -1
		]
	}
}
#---------- POLYLINE
Shape {
	appearance Appearance {
		material Material {
			diffuseColor 1 0 0
			emissiveColor 1 0 0
		}
	}
	geometry IndexedLineSet {
		coord Coordinate {
			point [
				-168.492 235.985 -890.893,
				-168.492 235.985 -890.893,
			]
		}
		coordIndex [
			0, 1, -1
		]
	}
}
#---------- POLYLINE
Shape {
	appearance Appearance {
		material Material {
			diffuseColor 1 0 0
			emissiveColor 1 0 0
		}
	}
	geometry IndexedLineSet {
		coord Coordinate {
			point [
				-168.492 235.985 -890.893,
				-168.492 235.985 -890.893,
			]
		}
		coordIndex [
			0, 1, -1
		]
	}
}
#---------- POLYLINE
Shape {
	appearance Appearance {
		material Material {
			diffuseColor 1 0 0
			emissiveColor 1 0 0
		}
	}
	geometry IndexedLineSet {
		coord Coordinate {
			point [
				-168.492 235.985 -890.893,
				-168.492 235.985 -890.893,
			]
		}
		coordIndex [
			0, 1, -1
		]
	}
}
#---------- POLYLINE
Shape {
	appearance Appearance {
		material Material {
			diffuseColor 1 0 0
			emissiveColor 1 0 0
		}
	}
	geometry IndexedLineSet {
		coord Coordinate {
			point [
				-168.492 235.985 -890.893,
				-168.492 235.985 -890.893,
			]
		}
		coordIndex [
			0, 1, -1
		]
	}
}
#---------- POLYLINE
Shape {
	appearance Appearance {
		material Material {
			diffuseColor 1 0 0
			emissiveColor 1 0 0
		}
	}
	geometry IndexedLineSet {
		coord Coordinate {
			point [
				-168.492 235.985 -890.893,
				-168.492 235.985 -890.893,
			]
		}
		coordIndex [
			0, 1, -1
		]
	}
}
#---------- POLYLINE
Shape {
	appearance Appearance {
		material Material {
			diffuseColor 1 0 0
			emissiveColor 1 0 0
		}
	}
	geometry IndexedLineSet {
		coord Coordinate {
			point [
				-168.492 235.985 -890.893,
				-168.492 235.986 -890.892,
			]
		}
		coordIndex [
			0, 1, -1
		]
	}
}
#---------- POLYLINE
Shape {
	appearance Appearance {
		material Material {
			diffuseColor 1 0 0
			emissiveColor 1 0 0
		}
	}
	geometry IndexedLineSet {
		coord Coordinate {
			point [
				-168.82 235.913 -890.829,
				-168.816 235.917 -890.832,
			]
		}
		coordIndex [
			0, 1, -1
		]
	}
}
#---------- POLYLINE
Shape {
	appearance Appearance {
		material Material {
			diffuseColor 0 1 0
			emissiveColor 0 1 0
		}
	}
	geometry IndexedLineSet {
		coord Coordinate {
			point [
				-169.453 231.973 -887.21,
				-166.797 242.971 -896.116,
			]
		}
		coordIndex [
			0, 1, -1
		]
	}
}
#---------- POLYLINE
Shape {
	appearance Appearance {
		material Material {
			diffuseColor 1 0 0
			emissiveColor 1 0 0
		}
	}
	geometry IndexedLineSet {
		coord Coordinate {
			point [
				-166.797 242.971 -896.116,
				-166.797 242.971 -896.116,
			]
		}
		coordIndex [
			0, 1, -1
		]
	}
}
#---------- POLYLINE
Shape {
	appearance Appearance {
		material Material {
			diffuseColor 1 0 0
			emissiveColor 1 0 0
		}
	}
	geometry IndexedLineSet {
		coord Coordinate {
			point [
				-166.797 242.971 -896.116,
				-166.797 242.971 -896.116,
			]
		}
		coordIndex [
			0, 1, -1
		]
	}
}
#---------- POLYLINE
Shape {
	appearance Appearance {
		material Material {
			diffuseColor 1 0 0
			emissiveColor 1 0 0
		}
	}
	geometry IndexedLineSet {
		coord Coordinate {
			point [
				-166.797 242.971 -896.116,
				-166.797 242.971 -896.116,
			]
		}
		coordIndex [
			0, 1, -1
		]
	}
}
#---------- POLYLINE
Shape {
	appearance Appearance {
		material Material {
			diffuseColor 1 0 0
			emissiveColor 1 0 0
		}
	}
	geometry IndexedLineSet {
		coord Coordinate {
			point [
				-166.797 242.971 -896.116,
				-166.797 242.971 -896.116,
			]
		}
		coordIndex [
			0, 1, -1
		]
	}
}
#---------- POLYLINE
Shape {
	appearance Appearance {
		material Material {
			diffuseColor 1 0 0
			emissiveColor 1 0 0
		}
	}
	geometry IndexedLineSet {
		coord Coordinate {
			point [
				-166.797 242.971 -896.116,
				-166.797 242.971 -896.116,
			]
		}
		coordIndex [
			0, 1, -1
		]
	}
}
#---------- POLYLINE
Shape {
	appearance Appearance {
		material Material {
			diffuseColor 1 0 0
			emissiveColor 1 0 0
		}
	}
	geometry IndexedLineSet {
		coord Coordinate {
			point [
				-166.797 242.971 -896.116,
				-166.797 242.971 -896.116,
			]
		}
		coordIndex [
			0, 1, -1
		]
	}
}
#---------- POLYLINE
Shape {
	appearance Appearance {
		material Material {
			diffuseColor 1 0 0
			emissiveColor 1 0 0
		}
	}
	geometry IndexedLineSet {
		coord Coordinate {
			point [
				-166.797 242.971 -896.116,
				-166.797 242.971 -896.116,
			]
		}
		coordIndex [
			0, 1, -1
		]
	}
}
#---------- POLYLINE
Shape {
	appearance Appearance {
		material Material {
			diffuseColor 1 0 0
			emissiveColor 1 0 0
		}
	}
	geometry IndexedLineSet {
		coord Coordinate {
			point [
				-166.797 242.971 -896.116,
				-166.797 242.971 -896.116,
			]
		}
		coordIndex [
			0, 1, -1
		]
	}
}
#---------- POLYLINE
Shape {
	appearance Appearance {
		material Material {
			diffuseColor 1 0 0
			emissiveColor 1 0 0
		}
	}
	geometry IndexedLineSet {
		coord Coordinate {
			point [
				-166.797 242.971 -896.116,
				-166.797 242.971 -896.116,
			]
		}
		coordIndex [
			0, 1, -1
		]
	}
}
#---------- POLYLINE
Shape {
	appearance Appearance {
		material Material {
			diffuseColor 1 0 0
			emissiveColor 1 0 0
		}
	}
	geometry IndexedLineSet {
		coord Coordinate {
			point [
				-166.797 242.971 -896.116,
				-166.797 242.971 -896.116,
			]
		}
		coordIndex [
			0, 1, -1
		]
	}
}
#---------- POLYLINE
Shape {
	appearance Appearance {
		material Material {
			diffuseColor 1 0 0
			emissiveColor 1 0 0
		}
	}
	geometry IndexedLineSet {
		coord Coordinate {
			point [
				-166.797 242.971 -896.116,
				-166.797 242.971 -896.116,
			]
		}
		coordIndex [
			0, 1, -1
		]
	}
}
#---------- POLYLINE
Shape {
	appearance Appearance {
		material Material {
			diffuseColor 1 0 0
			emissiveColor 1 0 0
		}
	}
	geometry IndexedLineSet {
		coord Coordinate {
			point [
				-166.797 242.971 -896.116,
				-166.797 242.971 -896.116,
			]
		}
		coordIndex [
			0, 1, -1
		]
	}
}
#---------- POLYLINE
Shape {
	appearance Appearance {
		material Material {
			diffuseColor 1 0 0
			emissiveColor 1 0 0
		}
	}
	geometry IndexedLineSet {
		coord Coordinate {
			point [
				-166.797 242.971 -896.116,
				-166.797 242.971 -896.116,
			]
		}
		coordIndex [
			0, 1, -1
		]
	}
}
#---------- POLYLINE
Shape {
	appearance Appearance {
		material Material {
			diffuseColor 1 0 0
			emissiveColor 1 0 0
		}
	}
	geometry IndexedLineSet {
		coord Coordinate {
			point [
				-166.797 242.971 -896.116,
				-166.797 242.971 -896.116,
			]
		}
		coordIndex [
			0, 1, -1
		]
	}
}
#---------- POLYLINE
Shape {
	appearance Appearance {
		material Material {
			diffuseColor 1 0 0
			emissiveColor 1 0 0
		}
	}
	geometry IndexedLineSet {
		coord Coordinate {
			point [
				-166.797 242.971 -896.116,
				-166.797 242.971 -896.116,
			]
		}
		coordIndex [
			0, 1, -1
		]
	}
}
#---------- POLYLINE
Shape {
	appearance Appearance {
		material Material {
			diffuseColor 1 0 0
			emissiveColor 1 0 0
		}
	}
	geometry IndexedLineSet {
		coord Coordinate {
			point [
				-166.797 242.971 -896.116,
				-166.797 242.971 -896.116,
			]
		}
		coordIndex [
			0, 1, -1
		]
	}
}
#---------- POLYLINE
Shape {
	appearance Appearance {
		material Material {
			diffuseColor 1 0 0
			emissiveColor 1 0 0
		}
	}
	geometry IndexedLineSet {
		coord Coordinate {
			point [
				-166.797 242.971 -896.116,
				-166.797 242.971 -896.116,
			]
		}
		coordIndex [
			0, 1, -1
		]
	}
}
#---------- POLYLINE
Shape {
	appearance Appearance {
		material Material {
			diffuseColor 1 0 0
			emissiveColor 1 0 0
		}
	}
	geometry IndexedLineSet {
		coord Coordinate {
			point [
				-166.797 242.971 -896.116,
				-166.797 242.971 -896.116,
			]
		}
		coordIndex [
			0, 1, -1
		]
	}
}
#---------- POLYLINE
Shape {
	appearance Appearance {
		material Material {
			diffuseColor 1 0 0
			emissiveColor 1 0 0
		}
	}
	geometry IndexedLineSet {
		coord Coordinate {
			point [
				-166.797 242.971 -896.116,
				-166.797 242.971 -896.116,
			]
		}
		coordIndex [
			0, 1, -1
		]
	}
}
#---------- POLYLINE
Shape {
	appearance Appearance {
		material Material {
			diffuseColor 1 0 0
			emissiveColor 1 0 0
		}
	}
	geometry IndexedLineSet {
		coord Coordinate {
			point [
				-166.797 242.971 -896.116,
				-166.797 242.971 -896.116,
			]
		}
		coordIndex [
			0, 1, -1
		]
	}
}
#---------- POLYLINE
Shape {
	appearance Appearance {
		material Material {
			diffuseColor 0 1 0
			emissiveColor 0 1 0
		}
	}
	geometry IndexedLineSet {
		coord Coordinate {
			point [
				-166.797 242.971 -896.116,
				-167.225 244.066 -895.33,
				-167.598 244.134 -894.99,
			]
		}
		coordIndex [
			0, 1, 2, -1
		]
	}
}
#---------- POLYLINE
Shape {
	appearance Appearance {
		material Material {
			diffuseColor 1 0 0
			emissiveColor 1 0 0
		}
	}
	geometry IndexedLineSet {
		coord Coordinate {
			point [
				-167.598 244.134 -894.99,
				-167.598 244.134 -894.99,
			]
		}
		coordIndex [
			0, 1, -1
		]
	}
}
#---------- POLYLINE
Shape {
	appearance Appearance {
		material Material {
			diffuseColor 1 0 0
			emissiveColor 1 0 0
		}
	}
	geometry IndexedLineSet {
		coord Coordinate {
			point [
				-167.598 244.134 -894.99,
				-167.598 244.134 -894.99,
			]
		}
		coordIndex [
			0, 1, -1
		]
	}
}
#---------- POLYLINE
Shape {
	appearance Appearance {
		material Material {
			diffuseColor 1 0 0
			emissiveColor 1 0 0
		}
	}
	geometry IndexedLineSet {
		coord Coordinate {
			point [
				-167.598 244.134 -894.99,
				-167.598 244.134 -894.99,
			]
		}
		coordIndex [
			0, 1, -1
		]
	}
}
#---------- POLYLINE
Shape {
	appearance Appearance {
		material Material {
			diffuseColor 1 0 0
			emissiveColor 1 0 0
		}
	}
	geometry IndexedLineSet {
		coord Coordinate {
			point [
				-167.598 244.134 -894.99,
				-167.598 244.134 -894.99,
			]
		}
		coordIndex [
			0, 1, -1
		]
	}
}
#---------- POLYLINE
Shape {
	appearance Appearance {
		material Material {
			diffuseColor 1 0 0
			emissiveColor 1 0 0
		}
	}
	geometry IndexedLineSet {
		coord Coordinate {
			point [
				-167.598 244.134 -894.99,
				-167.598 244.134 -894.99,
			]
		}
		coordIndex [
			0, 1, -1
		]
	}
}
#---------- POLYLINE
Shape {
	appearance Appearance {
		material Material {
			diffuseColor 1 0 0
			emissiveColor 1 0 0
		}
	}
	geometry IndexedLineSet {
		coord Coordinate {
			point [
				-167.598 244.134 -894.99,
				-167.598 244.134 -894.99,
			]
		}
		coordIndex [
			0, 1, -1
		]
	}
}
#---------- POLYLINE
Shape {
	appearance Appearance {
		material Material {
			diffuseColor 1 0 0
			emissiveColor 1 0 0
		}
	}
	geometry IndexedLineSet {
		coord Coordinate {
			point [
				-167.598 244.134 -894.99,
				-167.598 244.134 -894.99,
			]
		}
		coordIndex [
			0, 1, -1
		]
	}
}
#---------- POLYLINE
Shape {
	appearance Appearance {
		material Material {
			diffuseColor 1 0 0
			emissiveColor 1 0 0
		}
	}
	geometry IndexedLineSet {
		coord Coordinate {
			point [
				-167.598 244.134 -894.99,
				-167.598 244.134 -894.99,
			]
		}
		coordIndex [
			0, 1, -1
		]
	}
}
#---------- POLYLINE
Shape {
	appearance Appearance {
		material Material {
			diffuseColor 1 0 0
			emissiveColor 1 0 0
		}
	}
	geometry IndexedLineSet {
		coord Coordinate {
			point [
				-167.598 244.134 -894.99,
				-167.598 244.134 -894.99,
			]
		}
		coordIndex [
			0, 1, -1
		]
	}
}
#---------- POLYLINE
Shape {
	appearance Appearance {
		material Material {
			diffuseColor 1 0 0
			emissiveColor 1 0 0
		}
	}
	geometry IndexedLineSet {
		coord Coordinate {
			point [
				-167.598 244.134 -894.99,
				-167.598 244.134 -894.99,
			]
		}
		coordIndex [
			0, 1, -1
		]
	}
}
#---------- POLYLINE
Shape {
	appearance Appearance {
		material Material {
			diffuseColor 1 0 0
			emissiveColor 1 0 0
		}
	}
	geometry IndexedLineSet {
		coord Coordinate {
			point [
				-167.598 244.134 -894.99,
				-167.598 244.134 -894.99,
			]
		}
		coordIndex [
			0, 1, -1
		]
	}
}
#---------- POLYLINE
Shape {
	appearance Appearance {
		material Material {
			diffuseColor 1 0 0
			emissiveColor 1 0 0
		}
	}
	geometry IndexedLineSet {
		coord Coordinate {
			point [
				-167.598 244.134 -894.99,
				-167.599 244.133 -894.989,
			]
		}
		coordIndex [
			0, 1, -1
		]
	}
}
#---------- POLYLINE
Shape {
	appearance Appearance {
		material Material {
			diffuseColor 1 0 0
			emissiveColor 1 0 0
		}
	}
	geometry IndexedLineSet {
		coord Coordinate {
			point [
				-166.797 242.971 -896.116,
				-166.79 242.976 -896.124,
			]
		}
		coordIndex [
			0, 1, -1
		]
	}
}
#---------- POLYLINE
Shape {
	appearance Appearance {
		material Material {
			diffuseColor 0 1 0
			emissiveColor 0 1 0
		}
	}
	geometry IndexedLineSet {
		coord Coordinate {
			point [
				-169.48 231.862 -887.123,
				-169.246 233.365 -888.276,
			]
		}
		coordIndex [
			0, 1, -1
		]
	}
}
#---------- POLYLINE
Shape {
	appearance Appearance {
		material Material {
			diffuseColor 1 0 0
			emissiveColor 1 0 0
		}
	}
	geometry IndexedLineSet {
		coord Coordinate {
			point [
				-169.246 233.365 -888.276,
				-169.246 233.365 -888.276,
			]
		}
		coordIndex [
			0, 1, -1
		]
	}
}
#---------- POLYLINE
Shape {
	appearance Appearance {
		material Material {
			diffuseColor 1 0 0
			emissiveColor 1 0 0
		}
	}
	geometry IndexedLineSet {
		coord Coordinate {
			point [
				-169.246 233.365 -888.276,
				-169.246 233.365 -888.276,
			]
		}
		coordIndex [
			0, 1, -1
		]
	}
}
#---------- POLYLINE
Shape {
	appearance Appearance {
		material Material {
			diffuseColor 1 0 0
			emissiveColor 1 0 0
		}
	}
	geometry IndexedLineSet {
		coord Coordinate {
			point [
				-169.246 233.365 -888.276,
				-169.246 233.365 -888.276,
			]
		}
		coordIndex [
			0, 1, -1
		]
	}
}
#---------- POLYLINE
Shape {
	appearance Appearance {
		material Material {
			diffuseColor 0 1 0
			emissiveColor 0 1 0
		}
	}
	geometry IndexedLineSet {
		coord Coordinate {
			point [
				-169.246 233.365 -888.276,
				-169.241 233.357 -888.275,
			]
		}
		coordIndex [
			0, 1, -1
		]
	}
}
#---------- POLYLINE
Shape {
	appearance Appearance {
		material Material {
			diffuseColor 1 0 0
			emissiveColor 1 0 0
		}
	}
	geometry IndexedLineSet {
		coord Coordinate {
			point [
				-169.241 233.357 -888.275,
				-169.241 233.357 -888.275,
			]
		}
		coordIndex [
			0, 1, -1
		]
	}
}
#---------- POLYLINE
Shape {
	appearance Appearance {
		material Material {
			diffuseColor 1 0 0
			emissiveColor 1 0 0
		}
	}
	geometry IndexedLineSet {
		coord Coordinate {
			point [
				-169.241 233.357 -888.275,
				-169.241 233.357 -888.275,
			]
		}
		coordIndex [
			0, 1, -1
		]
	}
}
#---------- POLYLINE
Shape {
	appearance Appearance {
		material Material {
			diffuseColor 1 0 0
			emissiveColor 1 0 0
		}
	}
	geometry IndexedLineSet {
		coord Coordinate {
			point [
				-169.241 233.357 -888.275,
				-169.241 233.357 -888.275,
			]
		}
		coordIndex [
			0, 1, -1
		]
	}
}
#---------- POLYLINE
Shape {
	appearance Appearance {
		material Material {
			diffuseColor 1 0 0
			emissiveColor 1 0 0
		}
	}
	geometry IndexedLineSet {
		coord Coordinate {
			point [
				-169.241 233.357 -888.275,
				-169.241 233.357 -888.275,
			]
		}
		coordIndex [
			0, 1, -1
		]
	}
}
#---------- POLYLINE
Shape {
	appearance Appearance {
		material Material {
			diffuseColor 1 0 0
			emissiveColor 1 0 0
		}
	}
	geometry IndexedLineSet {
		coord Coordinate {
			point [
				-169.241 233.357 -888.275,
				-169.241 233.357 -888.275,
			]
		}
		coordIndex [
			0, 1, -1
		]
	}
}
#---------- POLYLINE
Shape {
	appearance Appearance {
		material Material {
			diffuseColor 1 0 0
			emissiveColor 1 0 0
		}
	}
	geometry IndexedLineSet {
		coord Coordinate {
			point [
				-169.241 233.357 -888.275,
				-169.241 233.357 -888.275,
			]
		}
		coordIndex [
			0, 1, -1
		]
	}
}
#---------- POLYLINE
Shape {
	appearance Appearance {
		material Material {
			diffuseColor 1 0 0
			emissiveColor 1 0 0
		}
	}
	geometry IndexedLineSet {
		coord Coordinate {
			point [
				-169.241 233.357 -888.275,
				-169.241 233.357 -888.275,
			]
		}
		coordIndex [
			0, 1, -1
		]
	}
}
#---------- POLYLINE
Shape {
	appearance Appearance {
		material Material {
			diffuseColor 1 0 0
			emissiveColor 1 0 0
		}
	}
	geometry IndexedLineSet {
		coord Coordinate {
			point [
				-169.241 233.357 -888.275,
				-169.241 233.357 -888.275,
			]
		}
		coordIndex [
			0, 1, -1
		]
	}
}
#---------- POLYLINE
Shape {
	appearance Appearance {
		material Material {
			diffuseColor 1 0 0
			emissiveColor 1 0 0
		}
	}
	geometry IndexedLineSet {
		coord Coordinate {
			point [
				-169.241 233.357 -888.275,
				-169.241 233.357 -888.275,
			]
		}
		coordIndex [
			0, 1, -1
		]
	}
}
#---------- POLYLINE
Shape {
	appearance Appearance {
		material Material {
			diffuseColor 1 0 0
			emissiveColor 1 0 0
		}
	}
	geometry IndexedLineSet {
		coord Coordinate {
			point [
				-169.241 233.357 -888.275,
				-169.241 233.357 -888.275,
			]
		}
		coordIndex [
			0, 1, -1
		]
	}
}
#---------- POLYLINE
Shape {
	appearance Appearance {
		material Material {
			diffuseColor 1 0 0
			emissiveColor 1 0 0
		}
	}
	geometry IndexedLineSet {
		coord Coordinate {
			point [
				-169.241 233.357 -888.275,
				-169.241 233.357 -888.275,
			]
		}
		coordIndex [
			0, 1, -1
		]
	}
}
#---------- POLYLINE
Shape {
	appearance Appearance {
		material Material {
			diffuseColor 1 0 0
			emissiveColor 1 0 0
		}
	}
	geometry IndexedLineSet {
		coord Coordinate {
			point [
				-169.241 233.357 -888.275,
				-169.241 233.357 -888.275,
			]
		}
		coordIndex [
			0, 1, -1
		]
	}
}
#---------- POLYLINE
Shape {
	appearance Appearance {
		material Material {
			diffuseColor 1 0 0
			emissiveColor 1 0 0
		}
	}
	geometry IndexedLineSet {
		coord Coordinate {
			point [
				-169.241 233.357 -888.275,
				-169.241 233.357 -888.275,
			]
		}
		coordIndex [
			0, 1, -1
		]
	}
}
#---------- POLYLINE
Shape {
	appearance Appearance {
		material Material {
			diffuseColor 0 1 0
			emissiveColor 0 1 0
		}
	}
	geometry IndexedLineSet {
		coord Coordinate {
			point [
				-169.246 233.365 -888.276,
				-169.182 233.236 -888.335,
			]
		}
		coordIndex [
			0, 1, -1
		]
	}
}
#---------- POLYLINE
Shape {
	appearance Appearance {
		material Material {
			diffuseColor 1 0 0
			emissiveColor 1 0 0
		}
	}
	geometry IndexedLineSet {
		coord Coordinate {
			point [
				-169.182 233.236 -888.335,
				-169.182 233.236 -888.335,
			]
		}
		coordIndex [
			0, 1, -1
		]
	}
}
#---------- POLYLINE
Shape {
	appearance Appearance {
		material Material {
			diffuseColor 1 0 0
			emissiveColor 1 0 0
		}
	}
	geometry IndexedLineSet {
		coord Coordinate {
			point [
				-169.182 233.236 -888.335,
				-169.182 233.236 -888.335,
			]
		}
		coordIndex [
			0, 1, -1
		]
	}
}
#---------- POLYLINE
Shape {
	appearance Appearance {
		material Material {
			diffuseColor 1 0 0
			emissiveColor 1 0 0
		}
	}
	geometry IndexedLineSet {
		coord Coordinate {
			point [
				-169.182 233.236 -888.335,
				-169.182 233.236 -888.335,
			]
		}
		coordIndex [
			0, 1, -1
		]
	}
}
#---------- POLYLINE
Shape {
	appearance Appearance {
		material Material {
			diffuseColor 1 0 0
			emissiveColor 1 0 0
		}
	}
	geometry IndexedLineSet {
		coord Coordinate {
			point [
				-169.182 233.236 -888.335,
				-169.182 233.236 -888.335,
			]
		}
		coordIndex [
			0, 1, -1
		]
	}
}
#---------- POLYLINE
Shape {
	appearance Appearance {
		material Material {
			diffuseColor 1 0 0
			emissiveColor 1 0 0
		}
	}
	geometry IndexedLineSet {
		coord Coordinate {
			point [
				-169.182 233.236 -888.335,
				-169.182 233.236 -888.335,
			]
		}
		coordIndex [
			0, 1, -1
		]
	}
}
#---------- POLYLINE
Shape {
	appearance Appearance {
		material Material {
			diffuseColor 1 0 0
			emissiveColor 1 0 0
		}
	}
	geometry IndexedLineSet {
		coord Coordinate {
			point [
				-169.182 233.236 -888.335,
				-169.182 233.236 -888.335,
			]
		}
		coordIndex [
			0, 1, -1
		]
	}
}
#---------- POLYLINE
Shape {
	appearance Appearance {
		material Material {
			diffuseColor 1 0 0
			emissiveColor 1 0 0
		}
	}
	geometry IndexedLineSet {
		coord Coordinate {
			point [
				-169.182 233.236 -888.335,
				-169.182 233.236 -888.335,
			]
		}
		coordIndex [
			0, 1, -1
		]
	}
}
#---------- POLYLINE
Shape {
	appearance Appearance {
		material Material {
			diffuseColor 0 1 0
			emissiveColor 0 1 0
		}
	}
	geometry IndexedLineSet {
		coord Coordinate {
			point [
				-169.182 233.236 -888.335,
				-169.185 233.231 -888.34,
			]
		}
		coordIndex [
			0, 1, -1
		]
	}
}
#---------- POLYLINE
Shape {
	appearance Appearance {
		material Material {
			diffuseColor 1 0 0
			emissiveColor 1 0 0
		}
	}
	geometry IndexedLineSet {
		coord Coordinate {
			point [
				-169.185 233.231 -888.34,
				-169.185 233.231 -888.34,
			]
		}
		coordIndex [
			0, 1, -1
		]
	}
}
#---------- POLYLINE
Shape {
	appearance Appearance {
		material Material {
			diffuseColor 1 0 0
			emissiveColor 1 0 0
		}
	}
	geometry IndexedLineSet {
		coord Coordinate {
			point [
				-169.185 233.231 -888.34,
				-169.185 233.231 -888.34,
			]
		}
		coordIndex [
			0, 1, -1
		]
	}
}
#---------- POLYLINE
Shape {
	appearance Appearance {
		material Material {
			diffuseColor 1 0 0
			emissiveColor 1 0 0
		}
	}
	geometry IndexedLineSet {
		coord Coordinate {
			point [
				-169.185 233.231 -888.34,
				-169.185 233.231 -888.34,
			]
		}
		coordIndex [
			0, 1, -1
		]
	}
}
#---------- POLYLINE
Shape {
	appearance Appearance {
		material Material {
			diffuseColor 1 0 0
			emissiveColor 1 0 0
		}
	}
	geometry IndexedLineSet {
		coord Coordinate {
			point [
				-169.185 233.231 -888.34,
				-169.185 233.231 -888.34,
			]
		}
		coordIndex [
			0, 1, -1
		]
	}
}
#---------- POLYLINE
Shape {
	appearance Appearance {
		material Material {
			diffuseColor 1 0 0
			emissiveColor 1 0 0
		}
	}
	geometry IndexedLineSet {
		coord Coordinate {
			point [
				-169.185 233.231 -888.34,
				-169.185 233.231 -888.34,
			]
		}
		coordIndex [
			0, 1, -1
		]
	}
}
#---------- POLYLINE
Shape {
	appearance Appearance {
		material Material {
			diffuseColor 1 0 0
			emissiveColor 1 0 0
		}
	}
	geometry IndexedLineSet {
		coord Coordinate {
			point [
				-169.185 233.231 -888.34,
				-169.185 233.231 -888.34,
			]
		}
		coordIndex [
			0, 1, -1
		]
	}
}
#---------- POLYLINE
Shape {
	appearance Appearance {
		material Material {
			diffuseColor 1 0 0
			emissiveColor 1 0 0
		}
	}
	geometry IndexedLineSet {
		coord Coordinate {
			point [
				-169.185 233.231 -888.34,
				-169.185 233.231 -888.34,
			]
		}
		coordIndex [
			0, 1, -1
		]
	}
}
#---------- POLYLINE
Shape {
	appearance Appearance {
		material Material {
			diffuseColor 1 0 0
			emissiveColor 1 0 0
		}
	}
	geometry IndexedLineSet {
		coord Coordinate {
			point [
				-169.185 233.231 -888.34,
				-169.185 233.231 -888.341,
			]
		}
		coordIndex [
			0, 1, -1
		]
	}
}
#---------- POLYLINE
Shape {
	appearance Appearance {
		material Material {
			diffuseColor 1 0 0
			emissiveColor 1 0 0
		}
	}
	geometry IndexedLineSet {
		coord Coordinate {
			point [
				-169.182 233.236 -888.335,
				-169.182 233.236 -888.335,
			]
		}
		coordIndex [
			0, 1, -1
		]
	}
}
#---------- POLYLINE
Shape {
	appearance Appearance {
		material Material {
			diffuseColor 1 0 0
			emissiveColor 1 0 0
		}
	}
	geometry IndexedLineSet {
		coord Coordinate {
			point [
				-169.182 233.236 -888.335,
				-169.181 233.236 -888.335,
			]
		}
		coordIndex [
			0, 1, -1
		]
	}
}
#---------- POLYLINE
Shape {
	appearance Appearance {
		material Material {
			diffuseColor 1 0 0
			emissiveColor 1 0 0
		}
	}
	geometry IndexedLineSet {
		coord Coordinate {
			point [
				-169.246 233.365 -888.276,
				-169.247 233.363 -888.273,
			]
		}
		coordIndex [
			0, 1, -1
		]
	}
}
#---------- POLYLINE
Shape {
	appearance Appearance {
		material Material {
			diffuseColor 0 1 0
			emissiveColor 0 1 0
		}
	}
	geometry IndexedLineSet {
		coord Coordinate {
			point [
				-169.773 231.114 -886.438,
				-159.454 255.418 -901.963,
				-146.31 276.325 -905.484,
				-145.982 274.808 -908.92,
				-146.739 275.396 -909.618,
				-148.072 276.779 -910.105,
			]
		}
		coordIndex [
			0, 1, 2, 3, 4, 5, -1
		]
	}
}
#---------- POLYLINE
Shape {
	appearance Appearance {
		material Material {
			diffuseColor 1 0 0
			emissiveColor 1 0 0
		}
	}
	geometry IndexedLineSet {
		coord Coordinate {
			point [
				-148.072 276.779 -910.105,
				-148.072 276.779 -910.105,
			]
		}
		coordIndex [
			0, 1, -1
		]
	}
}
#---------- POLYLINE
Shape {
	appearance Appearance {
		material Material {
			diffuseColor 1 0 0
			emissiveColor 1 0 0
		}
	}
	geometry IndexedLineSet {
		coord Coordinate {
			point [
				-148.072 276.779 -910.105,
				-148.072 276.779 -910.105,
			]
		}
		coordIndex [
			0, 1, -1
		]
	}
}
#---------- POLYLINE
Shape {
	appearance Appearance {
		material Material {
			diffuseColor 1 0 0
			emissiveColor 1 0 0
		}
	}
	geometry IndexedLineSet {
		coord Coordinate {
			point [
				-148.072 276.779 -910.105,
				-148.072 276.779 -910.105,
			]
		}
		coordIndex [
			0, 1, -1
		]
	}
}
#---------- POLYLINE
Shape {
	appearance Appearance {
		material Material {
			diffuseColor 1 0 0
			emissiveColor 1 0 0
		}
	}
	geometry IndexedLineSet {
		coord Coordinate {
			point [
				-148.072 276.779 -910.105,
				-148.072 276.779 -910.105,
			]
		}
		coordIndex [
			0, 1, -1
		]
	}
}
#---------- POLYLINE
Shape {
	appearance Appearance {
		material Material {
			diffuseColor 1 0 0
			emissiveColor 1 0 0
		}
	}
	geometry IndexedLineSet {
		coord Coordinate {
			point [
				-148.072 276.779 -910.105,
				-148.072 276.779 -910.105,
			]
		}
		coordIndex [
			0, 1, -1
		]
	}
}
#---------- POLYLINE
Shape {
	appearance Appearance {
		material Material {
			diffuseColor 1 0 0
			emissiveColor 1 0 0
		}
	}
	geometry IndexedLineSet {
		coord Coordinate {
			point [
				-148.072 276.779 -910.105,
				-148.072 276.779 -910.105,
			]
		}
		coordIndex [
			0, 1, -1
		]
	}
}
#---------- POLYLINE
Shape {
	appearance Appearance {
		material Material {
			diffuseColor 1 0 0
			emissiveColor 1 0 0
		}
	}
	geometry IndexedLineSet {
		coord Coordinate {
			point [
				-148.072 276.779 -910.105,
				-148.072 276.779 -910.105,
			]
		}
		coordIndex [
			0, 1, -1
		]
	}
}
#---------- POLYLINE
Shape {
	appearance Appearance {
		material Material {
			diffuseColor 1 0 0
			emissiveColor 1 0 0
		}
	}
	geometry IndexedLineSet {
		coord Coordinate {
			point [
				-148.072 276.779 -910.105,
				-148.072 276.779 -910.105,
			]
		}
		coordIndex [
			0, 1, -1
		]
	}
}
#---------- POLYLINE
Shape {
	appearance Appearance {
		material Material {
			diffuseColor 1 0 0
			emissiveColor 1 0 0
		}
	}
	geometry IndexedLineSet {
		coord Coordinate {
			point [
				-148.072 276.779 -910.105,
				-148.072 276.779 -910.105,
			]
		}
		coordIndex [
			0, 1, -1
		]
	}
}
#---------- POLYLINE
Shape {
	appearance Appearance {
		material Material {
			diffuseColor 0 1 0
			emissiveColor 0 1 0
		}
	}
	geometry IndexedLineSet {
		coord Coordinate {
			point [
				-148.072 276.779 -910.105,
				-148.084 276.783 -910.109,
			]
		}
		coordIndex [
			0, 1, -1
		]
	}
}
#---------- POLYLINE
Shape {
	appearance Appearance {
		material Material {
			diffuseColor 1 0 0
			emissiveColor 1 0 0
		}
	}
	geometry IndexedLineSet {
		coord Coordinate {
			point [
				-148.084 276.783 -910.109,
				-148.084 276.783 -910.109,
			]
		}
		coordIndex [
			0, 1, -1
		]
	}
}
#---------- POLYLINE
Shape {
	appearance Appearance {
		material Material {
			diffuseColor 1 0 0
			emissiveColor 1 0 0
		}
	}
	geometry IndexedLineSet {
		coord Coordinate {
			point [
				-148.084 276.783 -910.109,
				-148.084 276.783 -910.109,
			]
		}
		coordIndex [
			0, 1, -1
		]
	}
}
#---------- POLYLINE
Shape {
	appearance Appearance {
		material Material {
			diffuseColor 1 0 0
			emissiveColor 1 0 0
		}
	}
	geometry IndexedLineSet {
		coord Coordinate {
			point [
				-148.084 276.783 -910.109,
				-148.084 276.783 -910.109,
			]
		}
		coordIndex [
			0, 1, -1
		]
	}
}
#---------- POLYLINE
Shape {
	appearance Appearance {
		material Material {
			diffuseColor 1 0 0
			emissiveColor 1 0 0
		}
	}
	geometry IndexedLineSet {
		coord Coordinate {
			point [
				-148.084 276.783 -910.109,
				-148.084 276.783 -910.109,
			]
		}
		coordIndex [
			0, 1, -1
		]
	}
}
#---------- POLYLINE
Shape {
	appearance Appearance {
		material Material {
			diffuseColor 1 0 0
			emissiveColor 1 0 0
		}
	}
	geometry IndexedLineSet {
		coord Coordinate {
			point [
				-148.084 276.783 -910.109,
				-148.084 276.783 -910.109,
			]
		}
		coordIndex [
			0, 1, -1
		]
	}
}
#---------- POLYLINE
Shape {
	appearance Appearance {
		material Material {
			diffuseColor 1 0 0
			emissiveColor 1 0 0
		}
	}
	geometry IndexedLineSet {
		coord Coordinate {
			point [
				-148.084 276.783 -910.109,
				-148.084 276.783 -910.109,
			]
		}
		coordIndex [
			0, 1, -1
		]
	}
}
#---------- POLYLINE
Shape {
	appearance Appearance {
		material Material {
			diffuseColor 1 0 0
			emissiveColor 1 0 0
		}
	}
	geometry IndexedLineSet {
		coord Coordinate {
			point [
				-148.084 276.783 -910.109,
				-148.084 276.783 -910.109,
			]
		}
		coordIndex [
			0, 1, -1
		]
	}
}
#---------- POLYLINE
Shape {
	appearance Appearance {
		material Material {
			diffuseColor 1 0 0
			emissiveColor 1 0 0
		}
	}
	geometry IndexedLineSet {
		coord Coordinate {
			point [
				-148.084 276.783 -910.109,
				-148.084 276.783 -910.109,
			]
		}
		coordIndex [
			0, 1, -1
		]
	}
}
#---------- POLYLINE
Shape {
	appearance Appearance {
		material Material {
			diffuseColor 1 0 0
			emissiveColor 1 0 0
		}
	}
	geometry IndexedLineSet {
		coord Coordinate {
			point [
				-148.084 276.783 -910.109,
				-148.084 276.783 -910.109,
			]
		}
		coordIndex [
			0, 1, -1
		]
	}
}
#---------- POLYLINE
Shape {
	appearance Appearance {
		material Material {
			diffuseColor 1 0 0
			emissiveColor 1 0 0
		}
	}
	geometry IndexedLineSet {
		coord Coordinate {
			point [
				-148.084 276.783 -910.109,
				-148.084 276.783 -910.109,
			]
		}
		coordIndex [
			0, 1, -1
		]
	}
}
#---------- POLYLINE
Shape {
	appearance Appearance {
		material Material {
			diffuseColor 0 1 0
			emissiveColor 0 1 0
		}
	}
	geometry IndexedLineSet {
		coord Coordinate {
			point [
				-148.072 276.779 -910.105,
				-148.175 276.71 -910.242,
			]
		}
		coordIndex [
			0, 1, -1
		]
	}
}
#---------- POLYLINE
Shape {
	appearance Appearance {
		material Material {
			diffuseColor 1 0 0
			emissiveColor 1 0 0
		}
	}
	geometry IndexedLineSet {
		coord Coordinate {
			point [
				-148.175 276.71 -910.242,
				-148.175 276.71 -910.242,
			]
		}
		coordIndex [
			0, 1, -1
		]
	}
}
#---------- POLYLINE
Shape {
	appearance Appearance {
		material Material {
			diffuseColor 1 0 0
			emissiveColor 1 0 0
		}
	}
	geometry IndexedLineSet {
		coord Coordinate {
			point [
				-148.175 276.71 -910.242,
				-148.175 276.71 -910.242,
			]
		}
		coordIndex [
			0, 1, -1
		]
	}
}
#---------- POLYLINE
Shape {
	appearance Appearance {
		material Material {
			diffuseColor 1 0 0
			emissiveColor 1 0 0
		}
	}
	geometry IndexedLineSet {
		coord Coordinate {
			point [
				-148.175 276.71 -910.242,
				-148.175 276.71 -910.242,
			]
		}
		coordIndex [
			0, 1, -1
		]
	}
}
#---------- POLYLINE
Shape {
	appearance Appearance {
		material Material {
			diffuseColor 1 0 0
			emissiveColor 1 0 0
		}
	}
	geometry IndexedLineSet {
		coord Coordinate {
			point [
				-148.175 276.71 -910.242,
				-148.175 276.71 -910.242,
			]
		}
		coordIndex [
			0, 1, -1
		]
	}
}
#---------- POLYLINE
Shape {
	appearance Appearance {
		material Material {
			diffuseColor 1 0 0
			emissiveColor 1 0 0
		}
	}
	geometry IndexedLineSet {
		coord Coordinate {
			point [
				-148.175 276.71 -910.242,
				-148.175 276.71 -910.242,
			]
		}
		coordIndex [
			0, 1, -1
		]
	}
}
#---------- POLYLINE
Shape {
	appearance Appearance {
		material Material {
			diffuseColor 1 0 0
			emissiveColor 1 0 0
		}
	}
	geometry IndexedLineSet {
		coord Coordinate {
			point [
				-148.175 276.71 -910.242,
				-148.175 276.71 -910.242,
			]
		}
		coordIndex [
			0, 1, -1
		]
	}
}
#---------- POLYLINE
Shape {
	appearance Appearance {
		material Material {
			diffuseColor 1 0 0
			emissiveColor 1 0 0
		}
	}
	geometry IndexedLineSet {
		coord Coordinate {
			point [
				-148.175 276.71 -910.242,
				-148.175 276.71 -910.242,
			]
		}
		coordIndex [
			0, 1, -1
		]
	}
}
#---------- POLYLINE
Shape {
	appearance Appearance {
		material Material {
			diffuseColor 1 0 0
			emissiveColor 1 0 0
		}
	}
	geometry IndexedLineSet {
		coord Coordinate {
			point [
				-148.175 276.71 -910.242,
				-148.175 276.71 -910.242,
			]
		}
		coordIndex [
			0, 1, -1
		]
	}
}
#---------- POLYLINE
Shape {
	appearance Appearance {
		material Material {
			diffuseColor 1 0 0
			emissiveColor 1 0 0
		}
	}
	geometry IndexedLineSet {
		coord Coordinate {
			point [
				-148.175 276.71 -910.242,
				-148.175 276.71 -910.242,
			]
		}
		coordIndex [
			0, 1, -1
		]
	}
}
#---------- POLYLINE
Shape {
	appearance Appearance {
		material Material {
			diffuseColor 1 0 0
			emissiveColor 1 0 0
		}
	}
	geometry IndexedLineSet {
		coord Coordinate {
			point [
				-148.175 276.71 -910.242,
				-148.175 276.71 -910.242,
			]
		}
		coordIndex [
			0, 1, -1
		]
	}
}
#---------- POLYLINE
Shape {
	appearance Appearance {
		material Material {
			diffuseColor 1 0 0
			emissiveColor 1 0 0
		}
	}
	geometry IndexedLineSet {
		coord Coordinate {
			point [
				-148.175 276.71 -910.242,
				-148.175 276.71 -910.242,
			]
		}
		coordIndex [
			0, 1, -1
		]
	}
}
#---------- POLYLINE
Shape {
	appearance Appearance {
		material Material {
			diffuseColor 1 0 0
			emissiveColor 1 0 0
		}
	}
	geometry IndexedLineSet {
		coord Coordinate {
			point [
				-148.175 276.71 -910.242,
				-148.175 276.71 -910.242,
			]
		}
		coordIndex [
			0, 1, -1
		]
	}
}
#---------- POLYLINE
Shape {
	appearance Appearance {
		material Material {
			diffuseColor 0 1 0
			emissiveColor 0 1 0
		}
	}
	geometry IndexedLineSet {
		coord Coordinate {
			point [
				-148.175 276.71 -910.242,
				-148.194 276.738 -910.276,
			]
		}
		coordIndex [
			0, 1, -1
		]
	}
}
#---------- POLYLINE
Shape {
	appearance Appearance {
		material Material {
			diffuseColor 1 0 0
			emissiveColor 1 0 0
		}
	}
	geometry IndexedLineSet {
		coord Coordinate {
			point [
				-148.194 276.738 -910.276,
				-148.194 276.738 -910.276,
			]
		}
		coordIndex [
			0, 1, -1
		]
	}
}
#---------- POLYLINE
Shape {
	appearance Appearance {
		material Material {
			diffuseColor 1 0 0
			emissiveColor 1 0 0
		}
	}
	geometry IndexedLineSet {
		coord Coordinate {
			point [
				-148.194 276.738 -910.276,
				-148.194 276.738 -910.276,
			]
		}
		coordIndex [
			0, 1, -1
		]
	}
}
#---------- POLYLINE
Shape {
	appearance Appearance {
		material Material {
			diffuseColor 1 0 0
			emissiveColor 1 0 0
		}
	}
	geometry IndexedLineSet {
		coord Coordinate {
			point [
				-148.194 276.738 -910.276,
				-148.194 276.738 -910.276,
			]
		}
		coordIndex [
			0, 1, -1
		]
	}
}
#---------- POLYLINE
Shape {
	appearance Appearance {
		material Material {
			diffuseColor 1 0 0
			emissiveColor 1 0 0
		}
	}
	geometry IndexedLineSet {
		coord Coordinate {
			point [
				-148.194 276.738 -910.276,
				-148.194 276.738 -910.276,
			]
		}
		coordIndex [
			0, 1, -1
		]
	}
}
#---------- POLYLINE
Shape {
	appearance Appearance {
		material Material {
			diffuseColor 1 0 0
			emissiveColor 1 0 0
		}
	}
	geometry IndexedLineSet {
		coord Coordinate {
			point [
				-148.194 276.738 -910.276,
				-148.194 276.738 -910.276,
			]
		}
		coordIndex [
			0, 1, -1
		]
	}
}
#---------- POLYLINE
Shape {
	appearance Appearance {
		material Material {
			diffuseColor 1 0 0
			emissiveColor 1 0 0
		}
	}
	geometry IndexedLineSet {
		coord Coordinate {
			point [
				-148.194 276.738 -910.276,
				-148.194 276.738 -910.276,
			]
		}
		coordIndex [
			0, 1, -1
		]
	}
}
#---------- POLYLINE
Shape {
	appearance Appearance {
		material Material {
			diffuseColor 1 0 0
			emissiveColor 1 0 0
		}
	}
	geometry IndexedLineSet {
		coord Coordinate {
			point [
				-148.194 276.738 -910.276,
				-148.194 276.738 -910.276,
			]
		}
		coordIndex [
			0, 1, -1
		]
	}
}
#---------- POLYLINE
Shape {
	appearance Appearance {
		material Material {
			diffuseColor 1 0 0
			emissiveColor 1 0 0
		}
	}
	geometry IndexedLineSet {
		coord Coordinate {
			point [
				-148.194 276.738 -910.276,
				-148.194 276.738 -910.276,
			]
		}
		coordIndex [
			0, 1, -1
		]
	}
}
#---------- POLYLINE
Shape {
	appearance Appearance {
		material Material {
			diffuseColor 1 0 0
			emissiveColor 1 0 0
		}
	}
	geometry IndexedLineSet {
		coord Coordinate {
			point [
				-148.194 276.738 -910.276,
				-148.194 276.738 -910.276,
			]
		}
		coordIndex [
			0, 1, -1
		]
	}
}
#---------- POLYLINE
Shape {
	appearance Appearance {
		material Material {
			diffuseColor 1 0 0
			emissiveColor 1 0 0
		}
	}
	geometry IndexedLineSet {
		coord Coordinate {
			point [
				-148.194 276.738 -910.276,
				-148.194 276.738 -910.276,
			]
		}
		coordIndex [
			0, 1, -1
		]
	}
}
#---------- POLYLINE
Shape {
	appearance Appearance {
		material Material {
			diffuseColor 1 0 0
			emissiveColor 1 0 0
		}
	}
	geometry IndexedLineSet {
		coord Coordinate {
			point [
				-148.194 276.738 -910.276,
				-148.194 276.738 -910.276,
			]
		}
		coordIndex [
			0, 1, -1
		]
	}
}
#---------- POLYLINE
Shape {
	appearance Appearance {
		material Material {
			diffuseColor 1 0 0
			emissiveColor 1 0 0
		}
	}
	geometry IndexedLineSet {
		coord Coordinate {
			point [
				-148.175 276.71 -910.242,
				-148.175 276.709 -910.243,
			]
		}
		coordIndex [
			0, 1, -1
		]
	}
}
#---------- POLYLINE
Shape {
	appearance Appearance {
		material Material {
			diffuseColor 1 0 0
			emissiveColor 1 0 0
		}
	}
	geometry IndexedLineSet {
		coord Coordinate {
			point [
				-148.072 276.779 -910.105,
				-148.072 276.782 -910.107,
			]
		}
		coordIndex [
			0, 1, -1
		]
	}
}
#---------- POLYLINE
Shape {
	appearance Appearance {
		material Material {
			diffuseColor 1 0 0
			emissiveColor 1 0 0
		}
	}
	geometry IndexedLineSet {
		coord Coordinate {
			point [
				-146.739 275.396 -909.618,
				-146.739 275.396 -909.618,
			]
		}
		coordIndex [
			0, 1, -1
		]
	}
}
#---------- POLYLINE
Shape {
	appearance Appearance {
		material Material {
			diffuseColor 1 0 0
			emissiveColor 1 0 0
		}
	}
	geometry IndexedLineSet {
		coord Coordinate {
			point [
				-145.982 274.808 -908.92,
				-145.981 274.806 -908.922,
			]
		}
		coordIndex [
			0, 1, -1
		]
	}
}
#---------- POLYLINE
Shape {
	appearance Appearance {
		material Material {
			diffuseColor 1 0 0
			emissiveColor 1 0 0
		}
	}
	geometry IndexedLineSet {
		coord Coordinate {
			point [
				-146.31 276.325 -905.484,
				-146.248 276.435 -905.482,
				-146.204 276.456 -905.511,
			]
		}
		coordIndex [
			0, 1, 2, -1
		]
	}
}
#---------- POLYLINE
Shape {
	appearance Appearance {
		material Material {
			diffuseColor 1 0 0
			emissiveColor 1 0 0
		}
	}
	geometry IndexedLineSet {
		coord Coordinate {
			point [
				-159.454 255.418 -901.963,
				-159.455 255.454 -902.022,
			]
		}
		coordIndex [
			0, 1, -1
		]
	}
}
#---------- POLYLINE
Shape {
	appearance Appearance {
		material Material {
			diffuseColor 0 1 0
			emissiveColor 0 1 0
		}
	}
	geometry IndexedLineSet {
		coord Coordinate {
			point [
				-169.815 231.003 -886.359,
				-167.705 234.886 -888.926,
			]
		}
		coordIndex [
			0, 1, -1
		]
	}
}
#---------- POLYLINE
Shape {
	appearance Appearance {
		material Material {
			diffuseColor 1 0 0
			emissiveColor 1 0 0
		}
	}
	geometry IndexedLineSet {
		coord Coordinate {
			point [
				-167.705 234.886 -888.926,
				-167.705 234.886 -888.926,
			]
		}
		coordIndex [
			0, 1, -1
		]
	}
}
#---------- POLYLINE
Shape {
	appearance Appearance {
		material Material {
			diffuseColor 1 0 0
			emissiveColor 1 0 0
		}
	}
	geometry IndexedLineSet {
		coord Coordinate {
			point [
				-167.705 234.886 -888.926,
				-167.705 234.886 -888.926,
			]
		}
		coordIndex [
			0, 1, -1
		]
	}
}
#---------- POLYLINE
Shape {
	appearance Appearance {
		material Material {
			diffuseColor 1 0 0
			emissiveColor 1 0 0
		}
	}
	geometry IndexedLineSet {
		coord Coordinate {
			point [
				-167.705 234.886 -888.926,
				-167.705 234.886 -888.926,
			]
		}
		coordIndex [
			0, 1, -1
		]
	}
}
#---------- POLYLINE
Shape {
	appearance Appearance {
		material Material {
			diffuseColor 1 0 0
			emissiveColor 1 0 0
		}
	}
	geometry IndexedLineSet {
		coord Coordinate {
			point [
				-167.705 234.886 -888.926,
				-167.705 234.886 -888.926,
			]
		}
		coordIndex [
			0, 1, -1
		]
	}
}
#---------- POLYLINE
Shape {
	appearance Appearance {
		material Material {
			diffuseColor 1 0 0
			emissiveColor 1 0 0
		}
	}
	geometry IndexedLineSet {
		coord Coordinate {
			point [
				-167.705 234.886 -888.926,
				-167.705 234.886 -888.926,
			]
		}
		coordIndex [
			0, 1, -1
		]
	}
}
#---------- POLYLINE
Shape {
	appearance Appearance {
		material Material {
			diffuseColor 1 0 0
			emissiveColor 1 0 0
		}
	}
	geometry IndexedLineSet {
		coord Coordinate {
			point [
				-167.705 234.886 -888.926,
				-167.705 234.886 -888.926,
			]
		}
		coordIndex [
			0, 1, -1
		]
	}
}
#---------- POLYLINE
Shape {
	appearance Appearance {
		material Material {
			diffuseColor 1 0 0
			emissiveColor 1 0 0
		}
	}
	geometry IndexedLineSet {
		coord Coordinate {
			point [
				-167.705 234.886 -888.926,
				-167.705 234.886 -888.926,
			]
		}
		coordIndex [
			0, 1, -1
		]
	}
}
#---------- POLYLINE
Shape {
	appearance Appearance {
		material Material {
			diffuseColor 1 0 0
			emissiveColor 1 0 0
		}
	}
	geometry IndexedLineSet {
		coord Coordinate {
			point [
				-167.705 234.886 -888.926,
				-167.705 234.886 -888.926,
			]
		}
		coordIndex [
			0, 1, -1
		]
	}
}
#---------- POLYLINE
Shape {
	appearance Appearance {
		material Material {
			diffuseColor 1 0 0
			emissiveColor 1 0 0
		}
	}
	geometry IndexedLineSet {
		coord Coordinate {
			point [
				-167.705 234.886 -888.926,
				-167.705 234.886 -888.926,
			]
		}
		coordIndex [
			0, 1, -1
		]
	}
}
#---------- POLYLINE
Shape {
	appearance Appearance {
		material Material {
			diffuseColor 1 0 0
			emissiveColor 1 0 0
		}
	}
	geometry IndexedLineSet {
		coord Coordinate {
			point [
				-167.705 234.886 -888.926,
				-167.705 234.886 -888.926,
			]
		}
		coordIndex [
			0, 1, -1
		]
	}
}
#---------- POLYLINE
Shape {
	appearance Appearance {
		material Material {
			diffuseColor 1 0 0
			emissiveColor 1 0 0
		}
	}
	geometry IndexedLineSet {
		coord Coordinate {
			point [
				-167.705 234.886 -888.926,
				-167.705 234.886 -888.926,
			]
		}
		coordIndex [
			0, 1, -1
		]
	}
}
#---------- POLYLINE
Shape {
	appearance Appearance {
		material Material {
			diffuseColor 1 0 0
			emissiveColor 1 0 0
		}
	}
	geometry IndexedLineSet {
		coord Coordinate {
			point [
				-167.705 234.886 -888.926,
				-167.705 234.886 -888.926,
			]
		}
		coordIndex [
			0, 1, -1
		]
	}
}
#---------- POLYLINE
Shape {
	appearance Appearance {
		material Material {
			diffuseColor 0 1 0
			emissiveColor 0 1 0
		}
	}
	geometry IndexedLineSet {
		coord Coordinate {
			point [
				-167.705 234.886 -888.926,
				-167.489 235.062 -888.293,
			]
		}
		coordIndex [
			0, 1, -1
		]
	}
}
#---------- POLYLINE
Shape {
	appearance Appearance {
		material Material {
			diffuseColor 1 0 0
			emissiveColor 1 0 0
		}
	}
	geometry IndexedLineSet {
		coord Coordinate {
			point [
				-167.489 235.062 -888.293,
				-167.489 235.062 -888.293,
			]
		}
		coordIndex [
			0, 1, -1
		]
	}
}
#---------- POLYLINE
Shape {
	appearance Appearance {
		material Material {
			diffuseColor 1 0 0
			emissiveColor 1 0 0
		}
	}
	geometry IndexedLineSet {
		coord Coordinate {
			point [
				-167.489 235.062 -888.293,
				-167.489 235.062 -888.293,
			]
		}
		coordIndex [
			0, 1, -1
		]
	}
}
#---------- POLYLINE
Shape {
	appearance Appearance {
		material Material {
			diffuseColor 1 0 0
			emissiveColor 1 0 0
		}
	}
	geometry IndexedLineSet {
		coord Coordinate {
			point [
				-167.489 235.062 -888.293,
				-167.489 235.062 -888.293,
			]
		}
		coordIndex [
			0, 1, -1
		]
	}
}
#---------- POLYLINE
Shape {
	appearance Appearance {
		material Material {
			diffuseColor 1 0 0
			emissiveColor 1 0 0
		}
	}
	geometry IndexedLineSet {
		coord Coordinate {
			point [
				-167.489 235.062 -888.293,
				-167.489 235.062 -888.293,
			]
		}
		coordIndex [
			0, 1, -1
		]
	}
}
#---------- POLYLINE
Shape {
	appearance Appearance {
		material Material {
			diffuseColor 1 0 0
			emissiveColor 1 0 0
		}
	}
	geometry IndexedLineSet {
		coord Coordinate {
			point [
				-167.489 235.062 -888.293,
				-167.489 235.062 -888.293,
			]
		}
		coordIndex [
			0, 1, -1
		]
	}
}
#---------- POLYLINE
Shape {
	appearance Appearance {
		material Material {
			diffuseColor 1 0 0
			emissiveColor 1 0 0
		}
	}
	geometry IndexedLineSet {
		coord Coordinate {
			point [
				-167.489 235.062 -888.293,
				-167.489 235.062 -888.293,
			]
		}
		coordIndex [
			0, 1, -1
		]
	}
}
#---------- POLYLINE
Shape {
	appearance Appearance {
		material Material {
			diffuseColor 1 0 0
			emissiveColor 1 0 0
		}
	}
	geometry IndexedLineSet {
		coord Coordinate {
			point [
				-167.489 235.062 -888.293,
				-167.489 235.062 -888.293,
			]
		}
		coordIndex [
			0, 1, -1
		]
	}
}
#---------- POLYLINE
Shape {
	appearance Appearance {
		material Material {
			diffuseColor 1 0 0
			emissiveColor 1 0 0
		}
	}
	geometry IndexedLineSet {
		coord Coordinate {
			point [
				-167.489 235.062 -888.293,
				-167.489 235.062 -888.293,
			]
		}
		coordIndex [
			0, 1, -1
		]
	}
}
#---------- POLYLINE
Shape {
	appearance Appearance {
		material Material {
			diffuseColor 1 0 0
			emissiveColor 1 0 0
		}
	}
	geometry IndexedLineSet {
		coord Coordinate {
			point [
				-167.489 235.062 -888.293,
				-167.489 235.062 -888.293,
			]
		}
		coordIndex [
			0, 1, -1
		]
	}
}
#---------- POLYLINE
Shape {
	appearance Appearance {
		material Material {
			diffuseColor 1 0 0
			emissiveColor 1 0 0
		}
	}
	geometry IndexedLineSet {
		coord Coordinate {
			point [
				-167.489 235.062 -888.293,
				-167.489 235.062 -888.293,
			]
		}
		coordIndex [
			0, 1, -1
		]
	}
}
#---------- POLYLINE
Shape {
	appearance Appearance {
		material Material {
			diffuseColor 1 0 0
			emissiveColor 1 0 0
		}
	}
	geometry IndexedLineSet {
		coord Coordinate {
			point [
				-167.489 235.062 -888.293,
				-167.489 235.062 -888.293,
			]
		}
		coordIndex [
			0, 1, -1
		]
	}
}
#---------- POLYLINE
Shape {
	appearance Appearance {
		material Material {
			diffuseColor 1 0 0
			emissiveColor 1 0 0
		}
	}
	geometry IndexedLineSet {
		coord Coordinate {
			point [
				-167.489 235.062 -888.293,
				-167.489 235.062 -888.293,
			]
		}
		coordIndex [
			0, 1, -1
		]
	}
}
#---------- POLYLINE
Shape {
	appearance Appearance {
		material Material {
			diffuseColor 1 0 0
			emissiveColor 1 0 0
		}
	}
	geometry IndexedLineSet {
		coord Coordinate {
			point [
				-167.489 235.062 -888.293,
				-167.489 235.062 -888.293,
			]
		}
		coordIndex [
			0, 1, -1
		]
	}
}
#---------- POLYLINE
Shape {
	appearance Appearance {
		material Material {
			diffuseColor 1 0 0
			emissiveColor 1 0 0
		}
	}
	geometry IndexedLineSet {
		coord Coordinate {
			point [
				-167.489 235.062 -888.293,
				-167.489 235.062 -888.293,
			]
		}
		coordIndex [
			0, 1, -1
		]
	}
}
#---------- POLYLINE
Shape {
	appearance Appearance {
		material Material {
			diffuseColor 1 0 0
			emissiveColor 1 0 0
		}
	}
	geometry IndexedLineSet {
		coord Coordinate {
			point [
				-167.489 235.062 -888.293,
				-167.489 235.062 -888.293,
			]
		}
		coordIndex [
			0, 1, -1
		]
	}
}
#---------- POLYLINE
Shape {
	appearance Appearance {
		material Material {
			diffuseColor 1 0 0
			emissiveColor 1 0 0
		}
	}
	geometry IndexedLineSet {
		coord Coordinate {
			point [
				-167.489 235.062 -888.293,
				-167.489 235.062 -888.293,
			]
		}
		coordIndex [
			0, 1, -1
		]
	}
}
#---------- POLYLINE
Shape {
	appearance Appearance {
		material Material {
			diffuseColor 1 0 0
			emissiveColor 1 0 0
		}
	}
	geometry IndexedLineSet {
		coord Coordinate {
			point [
				-167.489 235.062 -888.293,
				-167.49 235.062 -888.292,
			]
		}
		coordIndex [
			0, 1, -1
		]
	}
}
#---------- POLYLINE
Shape {
	appearance Appearance {
		material Material {
			diffuseColor 1 0 0
			emissiveColor 1 0 0
		}
	}
	geometry IndexedLineSet {
		coord Coordinate {
			point [
				-167.705 234.886 -888.926,
				-167.727 235.026 -888.726,
				-167.819 235.045 -888.706,
				-167.819 235.044 -888.706,
			]
		}
		coordIndex [
			0, 1, 2, 3, -1
		]
	}
}
#---------- POLYLINE
Shape {
	appearance Appearance {
		material Material {
			diffuseColor 0 1 0
			emissiveColor 0 1 0
		}
	}
	geometry IndexedLineSet {
		coord Coordinate {
			point [
				-167.727 235.026 -888.726,
				-170.408 234.899 -887.873,
			]
		}
		coordIndex [
			0, 1, -1
		]
	}
}
#---------- POLYLINE
Shape {
	appearance Appearance {
		material Material {
			diffuseColor 1 0 0
			emissiveColor 1 0 0
		}
	}
	geometry IndexedLineSet {
		coord Coordinate {
			point [
				-170.408 234.899 -887.873,
				-170.408 234.899 -887.873,
			]
		}
		coordIndex [
			0, 1, -1
		]
	}
}
#---------- POLYLINE
Shape {
	appearance Appearance {
		material Material {
			diffuseColor 1 0 0
			emissiveColor 1 0 0
		}
	}
	geometry IndexedLineSet {
		coord Coordinate {
			point [
				-170.408 234.899 -887.873,
				-170.408 234.899 -887.873,
			]
		}
		coordIndex [
			0, 1, -1
		]
	}
}
#---------- POLYLINE
Shape {
	appearance Appearance {
		material Material {
			diffuseColor 1 0 0
			emissiveColor 1 0 0
		}
	}
	geometry IndexedLineSet {
		coord Coordinate {
			point [
				-170.408 234.899 -887.873,
				-170.408 234.899 -887.873,
			]
		}
		coordIndex [
			0, 1, -1
		]
	}
}
#---------- POLYLINE
Shape {
	appearance Appearance {
		material Material {
			diffuseColor 1 0 0
			emissiveColor 1 0 0
		}
	}
	geometry IndexedLineSet {
		coord Coordinate {
			point [
				-170.408 234.899 -887.873,
				-170.408 234.899 -887.873,
			]
		}
		coordIndex [
			0, 1, -1
		]
	}
}
#---------- POLYLINE
Shape {
	appearance Appearance {
		material Material {
			diffuseColor 1 0 0
			emissiveColor 1 0 0
		}
	}
	geometry IndexedLineSet {
		coord Coordinate {
			point [
				-170.408 234.899 -887.873,
				-170.408 234.899 -887.873,
			]
		}
		coordIndex [
			0, 1, -1
		]
	}
}
#---------- POLYLINE
Shape {
	appearance Appearance {
		material Material {
			diffuseColor 1 0 0
			emissiveColor 1 0 0
		}
	}
	geometry IndexedLineSet {
		coord Coordinate {
			point [
				-170.408 234.899 -887.873,
				-170.408 234.899 -887.873,
			]
		}
		coordIndex [
			0, 1, -1
		]
	}
}
#---------- POLYLINE
Shape {
	appearance Appearance {
		material Material {
			diffuseColor 1 0 0
			emissiveColor 1 0 0
		}
	}
	geometry IndexedLineSet {
		coord Coordinate {
			point [
				-170.408 234.899 -887.873,
				-170.408 234.899 -887.873,
			]
		}
		coordIndex [
			0, 1, -1
		]
	}
}
#---------- POLYLINE
Shape {
	appearance Appearance {
		material Material {
			diffuseColor 1 0 0
			emissiveColor 1 0 0
		}
	}
	geometry IndexedLineSet {
		coord Coordinate {
			point [
				-170.408 234.899 -887.873,
				-170.408 234.899 -887.873,
			]
		}
		coordIndex [
			0, 1, -1
		]
	}
}
#---------- POLYLINE
Shape {
	appearance Appearance {
		material Material {
			diffuseColor 1 0 0
			emissiveColor 1 0 0
		}
	}
	geometry IndexedLineSet {
		coord Coordinate {
			point [
				-170.408 234.899 -887.873,
				-170.408 234.899 -887.873,
			]
		}
		coordIndex [
			0, 1, -1
		]
	}
}
#---------- POLYLINE
Shape {
	appearance Appearance {
		material Material {
			diffuseColor 1 0 0
			emissiveColor 1 0 0
		}
	}
	geometry IndexedLineSet {
		coord Coordinate {
			point [
				-170.408 234.899 -887.873,
				-170.408 234.899 -887.873,
			]
		}
		coordIndex [
			0, 1, -1
		]
	}
}
#---------- POLYLINE
Shape {
	appearance Appearance {
		material Material {
			diffuseColor 1 0 0
			emissiveColor 1 0 0
		}
	}
	geometry IndexedLineSet {
		coord Coordinate {
			point [
				-170.408 234.899 -887.873,
				-170.408 234.899 -887.873,
			]
		}
		coordIndex [
			0, 1, -1
		]
	}
}
#---------- POLYLINE
Shape {
	appearance Appearance {
		material Material {
			diffuseColor 1 0 0
			emissiveColor 1 0 0
		}
	}
	geometry IndexedLineSet {
		coord Coordinate {
			point [
				-170.408 234.899 -887.873,
				-170.408 234.899 -887.873,
			]
		}
		coordIndex [
			0, 1, -1
		]
	}
}
#---------- POLYLINE
Shape {
	appearance Appearance {
		material Material {
			diffuseColor 1 0 0
			emissiveColor 1 0 0
		}
	}
	geometry IndexedLineSet {
		coord Coordinate {
			point [
				-170.408 234.899 -887.873,
				-170.408 234.899 -887.873,
			]
		}
		coordIndex [
			0, 1, -1
		]
	}
}
#---------- POLYLINE
Shape {
	appearance Appearance {
		material Material {
			diffuseColor 1 0 0
			emissiveColor 1 0 0
		}
	}
	geometry IndexedLineSet {
		coord Coordinate {
			point [
				-170.408 234.899 -887.873,
				-170.408 234.899 -887.873,
			]
		}
		coordIndex [
			0, 1, -1
		]
	}
}
#---------- POLYLINE
Shape {
	appearance Appearance {
		material Material {
			diffuseColor 1 0 0
			emissiveColor 1 0 0
		}
	}
	geometry IndexedLineSet {
		coord Coordinate {
			point [
				-170.408 234.899 -887.873,
				-170.408 234.899 -887.873,
			]
		}
		coordIndex [
			0, 1, -1
		]
	}
}
#---------- POLYLINE
Shape {
	appearance Appearance {
		material Material {
			diffuseColor 1 0 0
			emissiveColor 1 0 0
		}
	}
	geometry IndexedLineSet {
		coord Coordinate {
			point [
				-170.408 234.899 -887.873,
				-170.408 234.899 -887.873,
			]
		}
		coordIndex [
			0, 1, -1
		]
	}
}
#---------- POLYLINE
Shape {
	appearance Appearance {
		material Material {
			diffuseColor 1 0 0
			emissiveColor 1 0 0
		}
	}
	geometry IndexedLineSet {
		coord Coordinate {
			point [
				-170.408 234.899 -887.873,
				-170.408 234.9 -887.873,
			]
		}
		coordIndex [
			0, 1, -1
		]
	}
}
#---------- POLYLINE
Shape {
	appearance Appearance {
		material Material {
			diffuseColor 0 1 0
			emissiveColor 0 1 0
		}
	}
	geometry IndexedLineSet {
		coord Coordinate {
			point [
				-170.408 234.899 -887.873,
				-169.435 234.792 -888.772,
				-169.437 234.792 -888.768,
			]
		}
		coordIndex [
			0, 1, 2, -1
		]
	}
}
#---------- POLYLINE
Shape {
	appearance Appearance {
		material Material {
			diffuseColor 1 0 0
			emissiveColor 1 0 0
		}
	}
	geometry IndexedLineSet {
		coord Coordinate {
			point [
				-169.437 234.792 -888.768,
				-169.437 234.792 -888.768,
			]
		}
		coordIndex [
			0, 1, -1
		]
	}
}
#---------- POLYLINE
Shape {
	appearance Appearance {
		material Material {
			diffuseColor 1 0 0
			emissiveColor 1 0 0
		}
	}
	geometry IndexedLineSet {
		coord Coordinate {
			point [
				-169.437 234.792 -888.768,
				-169.437 234.792 -888.768,
			]
		}
		coordIndex [
			0, 1, -1
		]
	}
}
#---------- POLYLINE
Shape {
	appearance Appearance {
		material Material {
			diffuseColor 1 0 0
			emissiveColor 1 0 0
		}
	}
	geometry IndexedLineSet {
		coord Coordinate {
			point [
				-169.437 234.792 -888.768,
				-169.437 234.792 -888.768,
			]
		}
		coordIndex [
			0, 1, -1
		]
	}
}
#---------- POLYLINE
Shape {
	appearance Appearance {
		material Material {
			diffuseColor 1 0 0
			emissiveColor 1 0 0
		}
	}
	geometry IndexedLineSet {
		coord Coordinate {
			point [
				-169.437 234.792 -888.768,
				-169.437 234.792 -888.768,
			]
		}
		coordIndex [
			0, 1, -1
		]
	}
}
#---------- POLYLINE
Shape {
	appearance Appearance {
		material Material {
			diffuseColor 1 0 0
			emissiveColor 1 0 0
		}
	}
	geometry IndexedLineSet {
		coord Coordinate {
			point [
				-169.437 234.792 -888.768,
				-169.437 234.792 -888.768,
			]
		}
		coordIndex [
			0, 1, -1
		]
	}
}
#---------- POLYLINE
Shape {
	appearance Appearance {
		material Material {
			diffuseColor 1 0 0
			emissiveColor 1 0 0
		}
	}
	geometry IndexedLineSet {
		coord Coordinate {
			point [
				-169.437 234.792 -888.768,
				-169.437 234.792 -888.768,
			]
		}
		coordIndex [
			0, 1, -1
		]
	}
}
#---------- POLYLINE
Shape {
	appearance Appearance {
		material Material {
			diffuseColor 1 0 0
			emissiveColor 1 0 0
		}
	}
	geometry IndexedLineSet {
		coord Coordinate {
			point [
				-169.437 234.792 -888.768,
				-169.437 234.792 -888.768,
			]
		}
		coordIndex [
			0, 1, -1
		]
	}
}
#---------- POLYLINE
Shape {
	appearance Appearance {
		material Material {
			diffuseColor 1 0 0
			emissiveColor 1 0 0
		}
	}
	geometry IndexedLineSet {
		coord Coordinate {
			point [
				-169.437 234.792 -888.768,
				-169.437 234.792 -888.768,
			]
		}
		coordIndex [
			0, 1, -1
		]
	}
}
#---------- POLYLINE
Shape {
	appearance Appearance {
		material Material {
			diffuseColor 1 0 0
			emissiveColor 1 0 0
		}
	}
	geometry IndexedLineSet {
		coord Coordinate {
			point [
				-169.437 234.792 -888.768,
				-169.437 234.792 -888.768,
			]
		}
		coordIndex [
			0, 1, -1
		]
	}
}
#---------- POLYLINE
Shape {
	appearance Appearance {
		material Material {
			diffuseColor 1 0 0
			emissiveColor 1 0 0
		}
	}
	geometry IndexedLineSet {
		coord Coordinate {
			point [
				-169.437 234.792 -888.768,
				-169.437 234.792 -888.768,
			]
		}
		coordIndex [
			0, 1, -1
		]
	}
}
#---------- POLYLINE
Shape {
	appearance Appearance {
		material Material {
			diffuseColor 1 0 0
			emissiveColor 1 0 0
		}
	}
	geometry IndexedLineSet {
		coord Coordinate {
			point [
				-169.437 234.792 -888.768,
				-169.437 234.792 -888.768,
			]
		}
		coordIndex [
			0, 1, -1
		]
	}
}
#---------- POLYLINE
Shape {
	appearance Appearance {
		material Material {
			diffuseColor 1 0 0
			emissiveColor 1 0 0
		}
	}
	geometry IndexedLineSet {
		coord Coordinate {
			point [
				-169.437 234.792 -888.768,
				-169.437 234.792 -888.768,
			]
		}
		coordIndex [
			0, 1, -1
		]
	}
}
#---------- POLYLINE
Shape {
	appearance Appearance {
		material Material {
			diffuseColor 1 0 0
			emissiveColor 1 0 0
		}
	}
	geometry IndexedLineSet {
		coord Coordinate {
			point [
				-169.437 234.792 -888.768,
				-169.437 234.792 -888.768,
			]
		}
		coordIndex [
			0, 1, -1
		]
	}
}
#---------- POLYLINE
Shape {
	appearance Appearance {
		material Material {
			diffuseColor 1 0 0
			emissiveColor 1 0 0
		}
	}
	geometry IndexedLineSet {
		coord Coordinate {
			point [
				-169.437 234.792 -888.768,
				-169.437 234.792 -888.768,
			]
		}
		coordIndex [
			0, 1, -1
		]
	}
}
#---------- POLYLINE
Shape {
	appearance Appearance {
		material Material {
			diffuseColor 1 0 0
			emissiveColor 1 0 0
		}
	}
	geometry IndexedLineSet {
		coord Coordinate {
			point [
				-169.437 234.792 -888.768,
				-169.437 234.792 -888.768,
			]
		}
		coordIndex [
			0, 1, -1
		]
	}
}
#---------- POLYLINE
Shape {
	appearance Appearance {
		material Material {
			diffuseColor 1 0 0
			emissiveColor 1 0 0
		}
	}
	geometry IndexedLineSet {
		coord Coordinate {
			point [
				-169.437 234.792 -888.768,
				-169.436 234.792 -888.768,
			]
		}
		coordIndex [
			0, 1, -1
		]
	}
}
#---------- POLYLINE
Shape {
	appearance Appearance {
		material Material {
			diffuseColor 1 0 0
			emissiveColor 1 0 0
		}
	}
	geometry IndexedLineSet {
		coord Coordinate {
			point [
				-169.435 234.792 -888.772,
				-169.435 234.792 -888.772,
			]
		}
		coordIndex [
			0, 1, -1
		]
	}
}
#---------- POLYLINE
Shape {
	appearance Appearance {
		material Material {
			diffuseColor 1 0 0
			emissiveColor 1 0 0
		}
	}
	geometry IndexedLineSet {
		coord Coordinate {
			point [
				-170.408 234.899 -887.873,
				-170.406 234.891 -887.88,
			]
		}
		coordIndex [
			0, 1, -1
		]
	}
}
#---------- POLYLINE
Shape {
	appearance Appearance {
		material Material {
			diffuseColor 0 1 0
			emissiveColor 0 1 0
		}
	}
	geometry IndexedLineSet {
		coord Coordinate {
			point [
				-169.959 230.707 -886.171,
				-169.846 230.91 -886.32,
			]
		}
		coordIndex [
			0, 1, -1
		]
	}
}
#---------- POLYLINE
Shape {
	appearance Appearance {
		material Material {
			diffuseColor 1 0 0
			emissiveColor 1 0 0
		}
	}
	geometry IndexedLineSet {
		coord Coordinate {
			point [
				-169.846 230.91 -886.32,
				-169.846 230.91 -886.32,
			]
		}
		coordIndex [
			0, 1, -1
		]
	}
}
#---------- POLYLINE
Shape {
	appearance Appearance {
		material Material {
			diffuseColor 1 0 0
			emissiveColor 1 0 0
		}
	}
	geometry IndexedLineSet {
		coord Coordinate {
			point [
				-169.846 230.91 -886.32,
				-169.846 230.91 -886.32,
			]
		}
		coordIndex [
			0, 1, -1
		]
	}
}
#---------- POLYLINE
Shape {
	appearance Appearance {
		material Material {
			diffuseColor 1 0 0
			emissiveColor 1 0 0
		}
	}
	geometry IndexedLineSet {
		coord Coordinate {
			point [
				-169.846 230.91 -886.32,
				-169.846 230.91 -886.32,
			]
		}
		coordIndex [
			0, 1, -1
		]
	}
}
#---------- POLYLINE
Shape {
	appearance Appearance {
		material Material {
			diffuseColor 1 0 0
			emissiveColor 1 0 0
		}
	}
	geometry IndexedLineSet {
		coord Coordinate {
			point [
				-169.846 230.91 -886.32,
				-169.846 230.91 -886.32,
			]
		}
		coordIndex [
			0, 1, -1
		]
	}
}
#---------- POLYLINE
Shape {
	appearance Appearance {
		material Material {
			diffuseColor 1 0 0
			emissiveColor 1 0 0
		}
	}
	geometry IndexedLineSet {
		coord Coordinate {
			point [
				-169.846 230.91 -886.32,
				-169.846 230.91 -886.32,
			]
		}
		coordIndex [
			0, 1, -1
		]
	}
}
#---------- POLYLINE
Shape {
	appearance Appearance {
		material Material {
			diffuseColor 1 0 0
			emissiveColor 1 0 0
		}
	}
	geometry IndexedLineSet {
		coord Coordinate {
			point [
				-169.846 230.91 -886.32,
				-169.846 230.91 -886.32,
			]
		}
		coordIndex [
			0, 1, -1
		]
	}
}
#---------- POLYLINE
Shape {
	appearance Appearance {
		material Material {
			diffuseColor 1 0 0
			emissiveColor 1 0 0
		}
	}
	geometry IndexedLineSet {
		coord Coordinate {
			point [
				-169.846 230.91 -886.32,
				-169.846 230.91 -886.32,
			]
		}
		coordIndex [
			0, 1, -1
		]
	}
}
#---------- POLYLINE
Shape {
	appearance Appearance {
		material Material {
			diffuseColor 1 0 0
			emissiveColor 1 0 0
		}
	}
	geometry IndexedLineSet {
		coord Coordinate {
			point [
				-169.846 230.91 -886.32,
				-169.846 230.91 -886.32,
			]
		}
		coordIndex [
			0, 1, -1
		]
	}
}
#---------- POLYLINE
Shape {
	appearance Appearance {
		material Material {
			diffuseColor 1 0 0
			emissiveColor 1 0 0
		}
	}
	geometry IndexedLineSet {
		coord Coordinate {
			point [
				-169.846 230.91 -886.32,
				-169.846 230.91 -886.32,
			]
		}
		coordIndex [
			0, 1, -1
		]
	}
}
#---------- POLYLINE
Shape {
	appearance Appearance {
		material Material {
			diffuseColor 1 0 0
			emissiveColor 1 0 0
		}
	}
	geometry IndexedLineSet {
		coord Coordinate {
			point [
				-169.846 230.91 -886.32,
				-169.846 230.91 -886.32,
			]
		}
		coordIndex [
			0, 1, -1
		]
	}
}
#---------- POLYLINE
Shape {
	appearance Appearance {
		material Material {
			diffuseColor 1 0 0
			emissiveColor 1 0 0
		}
	}
	geometry IndexedLineSet {
		coord Coordinate {
			point [
				-169.846 230.91 -886.32,
				-169.846 230.91 -886.32,
			]
		}
		coordIndex [
			0, 1, -1
		]
	}
}
#---------- POLYLINE
Shape {
	appearance Appearance {
		material Material {
			diffuseColor 1 0 0
			emissiveColor 1 0 0
		}
	}
	geometry IndexedLineSet {
		coord Coordinate {
			point [
				-169.846 230.91 -886.32,
				-169.846 230.91 -886.32,
			]
		}
		coordIndex [
			0, 1, -1
		]
	}
}
#---------- POLYLINE
Shape {
	appearance Appearance {
		material Material {
			diffuseColor 0 1 0
			emissiveColor 0 1 0
		}
	}
	geometry IndexedLineSet {
		coord Coordinate {
			point [
				-169.846 230.91 -886.32,
				-169.78 230.827 -886.482,
			]
		}
		coordIndex [
			0, 1, -1
		]
	}
}
#---------- POLYLINE
Shape {
	appearance Appearance {
		material Material {
			diffuseColor 1 0 0
			emissiveColor 1 0 0
		}
	}
	geometry IndexedLineSet {
		coord Coordinate {
			point [
				-169.78 230.827 -886.482,
				-169.78 230.827 -886.482,
			]
		}
		coordIndex [
			0, 1, -1
		]
	}
}
#---------- POLYLINE
Shape {
	appearance Appearance {
		material Material {
			diffuseColor 1 0 0
			emissiveColor 1 0 0
		}
	}
	geometry IndexedLineSet {
		coord Coordinate {
			point [
				-169.78 230.827 -886.482,
				-169.78 230.827 -886.482,
			]
		}
		coordIndex [
			0, 1, -1
		]
	}
}
#---------- POLYLINE
Shape {
	appearance Appearance {
		material Material {
			diffuseColor 1 0 0
			emissiveColor 1 0 0
		}
	}
	geometry IndexedLineSet {
		coord Coordinate {
			point [
				-169.78 230.827 -886.482,
				-169.78 230.827 -886.482,
			]
		}
		coordIndex [
			0, 1, -1
		]
	}
}
#---------- POLYLINE
Shape {
	appearance Appearance {
		material Material {
			diffuseColor 1 0 0
			emissiveColor 1 0 0
		}
	}
	geometry IndexedLineSet {
		coord Coordinate {
			point [
				-169.78 230.827 -886.482,
				-169.78 230.827 -886.482,
			]
		}
		coordIndex [
			0, 1, -1
		]
	}
}
#---------- POLYLINE
Shape {
	appearance Appearance {
		material Material {
			diffuseColor 1 0 0
			emissiveColor 1 0 0
		}
	}
	geometry IndexedLineSet {
		coord Coordinate {
			point [
				-169.78 230.827 -886.482,
				-169.78 230.827 -886.482,
			]
		}
		coordIndex [
			0, 1, -1
		]
	}
}
#---------- POLYLINE
Shape {
	appearance Appearance {
		material Material {
			diffuseColor 1 0 0
			emissiveColor 1 0 0
		}
	}
	geometry IndexedLineSet {
		coord Coordinate {
			point [
				-169.78 230.827 -886.482,
				-169.78 230.827 -886.482,
			]
		}
		coordIndex [
			0, 1, -1
		]
	}
}
#---------- POLYLINE
Shape {
	appearance Appearance {
		material Material {
			diffuseColor 1 0 0
			emissiveColor 1 0 0
		}
	}
	geometry IndexedLineSet {
		coord Coordinate {
			point [
				-169.78 230.827 -886.482,
				-169.78 230.827 -886.482,
			]
		}
		coordIndex [
			0, 1, -1
		]
	}
}
#---------- POLYLINE
Shape {
	appearance Appearance {
		material Material {
			diffuseColor 1 0 0
			emissiveColor 1 0 0
		}
	}
	geometry IndexedLineSet {
		coord Coordinate {
			point [
				-169.78 230.827 -886.482,
				-169.78 230.827 -886.482,
			]
		}
		coordIndex [
			0, 1, -1
		]
	}
}
#---------- POLYLINE
Shape {
	appearance Appearance {
		material Material {
			diffuseColor 1 0 0
			emissiveColor 1 0 0
		}
	}
	geometry IndexedLineSet {
		coord Coordinate {
			point [
				-169.78 230.827 -886.482,
				-169.78 230.827 -886.482,
			]
		}
		coordIndex [
			0, 1, -1
		]
	}
}
#---------- POLYLINE
Shape {
	appearance Appearance {
		material Material {
			diffuseColor 1 0 0
			emissiveColor 1 0 0
		}
	}
	geometry IndexedLineSet {
		coord Coordinate {
			point [
				-169.78 230.827 -886.482,
				-169.78 230.827 -886.482,
			]
		}
		coordIndex [
			0, 1, -1
		]
	}
}
#---------- POLYLINE
Shape {
	appearance Appearance {
		material Material {
			diffuseColor 1 0 0
			emissiveColor 1 0 0
		}
	}
	geometry IndexedLineSet {
		coord Coordinate {
			point [
				-169.78 230.827 -886.482,
				-169.78 230.827 -886.482,
			]
		}
		coordIndex [
			0, 1, -1
		]
	}
}
#---------- POLYLINE
Shape {
	appearance Appearance {
		material Material {
			diffuseColor 1 0 0
			emissiveColor 1 0 0
		}
	}
	geometry IndexedLineSet {
		coord Coordinate {
			point [
				-169.846 230.91 -886.32,
				-169.846 230.91 -886.321,
			]
		}
		coordIndex [
			0, 1, -1
		]
	}
}
#---------- POLYLINE
Shape {
	appearance Appearance {
		material Material {
			diffuseColor 0 1 0
			emissiveColor 0 1 0
		}
	}
	geometry IndexedLineSet {
		coord Coordinate {
			point [
				-170.039 230.556 -886.073,
				-168.072 233.736 -888.454,
				-178.928 266.451 -908.48,
				-187.119 273.014 -911.35,
				-185.064 274.534 -910.715,
			]
		}
		coordIndex [
			0, 1, 2, 3, 4, -1
		]
	}
}
#---------- POLYLINE
Shape {
	appearance Appearance {
		material Material {
			diffuseColor 1 0 0
			emissiveColor 1 0 0
		}
	}
	geometry IndexedLineSet {
		coord Coordinate {
			point [
				-185.064 274.534 -910.715,
				-185.064 274.534 -910.715,
			]
		}
		coordIndex [
			0, 1, -1
		]
	}
}
#---------- POLYLINE
Shape {
	appearance Appearance {
		material Material {
			diffuseColor 1 0 0
			emissiveColor 1 0 0
		}
	}
	geometry IndexedLineSet {
		coord Coordinate {
			point [
				-185.064 274.534 -910.715,
				-185.064 274.534 -910.715,
			]
		}
		coordIndex [
			0, 1, -1
		]
	}
}
#---------- POLYLINE
Shape {
	appearance Appearance {
		material Material {
			diffuseColor 1 0 0
			emissiveColor 1 0 0
		}
	}
	geometry IndexedLineSet {
		coord Coordinate {
			point [
				-185.064 274.534 -910.715,
				-185.064 274.534 -910.715,
			]
		}
		coordIndex [
			0, 1, -1
		]
	}
}
#---------- POLYLINE
Shape {
	appearance Appearance {
		material Material {
			diffuseColor 1 0 0
			emissiveColor 1 0 0
		}
	}
	geometry IndexedLineSet {
		coord Coordinate {
			point [
				-185.064 274.534 -910.715,
				-185.064 274.534 -910.715,
			]
		}
		coordIndex [
			0, 1, -1
		]
	}
}
#---------- POLYLINE
Shape {
	appearance Appearance {
		material Material {
			diffuseColor 1 0 0
			emissiveColor 1 0 0
		}
	}
	geometry IndexedLineSet {
		coord Coordinate {
			point [
				-185.064 274.534 -910.715,
				-185.064 274.534 -910.715,
			]
		}
		coordIndex [
			0, 1, -1
		]
	}
}
#---------- POLYLINE
Shape {
	appearance Appearance {
		material Material {
			diffuseColor 1 0 0
			emissiveColor 1 0 0
		}
	}
	geometry IndexedLineSet {
		coord Coordinate {
			point [
				-185.064 274.534 -910.715,
				-185.064 274.534 -910.715,
			]
		}
		coordIndex [
			0, 1, -1
		]
	}
}
#---------- POLYLINE
Shape {
	appearance Appearance {
		material Material {
			diffuseColor 1 0 0
			emissiveColor 1 0 0
		}
	}
	geometry IndexedLineSet {
		coord Coordinate {
			point [
				-185.064 274.534 -910.715,
				-185.064 274.534 -910.715,
			]
		}
		coordIndex [
			0, 1, -1
		]
	}
}
#---------- POLYLINE
Shape {
	appearance Appearance {
		material Material {
			diffuseColor 1 0 0
			emissiveColor 1 0 0
		}
	}
	geometry IndexedLineSet {
		coord Coordinate {
			point [
				-185.064 274.534 -910.715,
				-185.064 274.534 -910.715,
			]
		}
		coordIndex [
			0, 1, -1
		]
	}
}
#---------- POLYLINE
Shape {
	appearance Appearance {
		material Material {
			diffuseColor 1 0 0
			emissiveColor 1 0 0
		}
	}
	geometry IndexedLineSet {
		coord Coordinate {
			point [
				-185.064 274.534 -910.715,
				-185.064 274.534 -910.715,
			]
		}
		coordIndex [
			0, 1, -1
		]
	}
}
#---------- POLYLINE
Shape {
	appearance Appearance {
		material Material {
			diffuseColor 1 0 0
			emissiveColor 1 0 0
		}
	}
	geometry IndexedLineSet {
		coord Coordinate {
			point [
				-185.064 274.534 -910.715,
				-185.064 274.534 -910.715,
			]
		}
		coordIndex [
			0, 1, -1
		]
	}
}
#---------- POLYLINE
Shape {
	appearance Appearance {
		material Material {
			diffuseColor 1 0 0
			emissiveColor 1 0 0
		}
	}
	geometry IndexedLineSet {
		coord Coordinate {
			point [
				-185.064 274.534 -910.715,
				-185.064 274.534 -910.715,
			]
		}
		coordIndex [
			0, 1, -1
		]
	}
}
#---------- POLYLINE
Shape {
	appearance Appearance {
		material Material {
			diffuseColor 1 0 0
			emissiveColor 1 0 0
		}
	}
	geometry IndexedLineSet {
		coord Coordinate {
			point [
				-185.064 274.534 -910.715,
				-185.064 274.534 -910.715,
			]
		}
		coordIndex [
			0, 1, -1
		]
	}
}
#---------- POLYLINE
Shape {
	appearance Appearance {
		material Material {
			diffuseColor 1 0 0
			emissiveColor 1 0 0
		}
	}
	geometry IndexedLineSet {
		coord Coordinate {
			point [
				-185.064 274.534 -910.715,
				-185.064 274.534 -910.715,
			]
		}
		coordIndex [
			0, 1, -1
		]
	}
}
#---------- POLYLINE
Shape {
	appearance Appearance {
		material Material {
			diffuseColor 1 0 0
			emissiveColor 1 0 0
		}
	}
	geometry IndexedLineSet {
		coord Coordinate {
			point [
				-185.064 274.534 -910.715,
				-185.064 274.534 -910.715,
			]
		}
		coordIndex [
			0, 1, -1
		]
	}
}
#---------- POLYLINE
Shape {
	appearance Appearance {
		material Material {
			diffuseColor 1 0 0
			emissiveColor 1 0 0
		}
	}
	geometry IndexedLineSet {
		coord Coordinate {
			point [
				-185.064 274.534 -910.715,
				-185.064 274.534 -910.715,
			]
		}
		coordIndex [
			0, 1, -1
		]
	}
}
#---------- POLYLINE
Shape {
	appearance Appearance {
		material Material {
			diffuseColor 1 0 0
			emissiveColor 1 0 0
		}
	}
	geometry IndexedLineSet {
		coord Coordinate {
			point [
				-185.064 274.534 -910.715,
				-185.064 274.534 -910.715,
			]
		}
		coordIndex [
			0, 1, -1
		]
	}
}
#---------- POLYLINE
Shape {
	appearance Appearance {
		material Material {
			diffuseColor 1 0 0
			emissiveColor 1 0 0
		}
	}
	geometry IndexedLineSet {
		coord Coordinate {
			point [
				-185.064 274.534 -910.715,
				-185.064 274.534 -910.715,
			]
		}
		coordIndex [
			0, 1, -1
		]
	}
}
#---------- POLYLINE
Shape {
	appearance Appearance {
		material Material {
			diffuseColor 1 0 0
			emissiveColor 1 0 0
		}
	}
	geometry IndexedLineSet {
		coord Coordinate {
			point [
				-185.064 274.534 -910.715,
				-185.064 274.534 -910.715,
			]
		}
		coordIndex [
			0, 1, -1
		]
	}
}
#---------- POLYLINE
Shape {
	appearance Appearance {
		material Material {
			diffuseColor 1 0 0
			emissiveColor 1 0 0
		}
	}
	geometry IndexedLineSet {
		coord Coordinate {
			point [
				-185.064 274.534 -910.715,
				-185.064 274.534 -910.715,
			]
		}
		coordIndex [
			0, 1, -1
		]
	}
}
#---------- POLYLINE
Shape {
	appearance Appearance {
		material Material {
			diffuseColor 1 0 0
			emissiveColor 1 0 0
		}
	}
	geometry IndexedLineSet {
		coord Coordinate {
			point [
				-185.064 274.534 -910.715,
				-185.064 274.534 -910.715,
			]
		}
		coordIndex [
			0, 1, -1
		]
	}
}
#---------- POLYLINE
Shape {
	appearance Appearance {
		material Material {
			diffuseColor 1 0 0
			emissiveColor 1 0 0
		}
	}
	geometry IndexedLineSet {
		coord Coordinate {
			point [
				-185.064 274.534 -910.715,
				-185.064 274.534 -910.715,
			]
		}
		coordIndex [
			0, 1, -1
		]
	}
}
#---------- POLYLINE
Shape {
	appearance Appearance {
		material Material {
			diffuseColor 1 0 0
			emissiveColor 1 0 0
		}
	}
	geometry IndexedLineSet {
		coord Coordinate {
			point [
				-185.064 274.534 -910.715,
				-185.064 274.534 -910.715,
			]
		}
		coordIndex [
			0, 1, -1
		]
	}
}
#---------- POLYLINE
Shape {
	appearance Appearance {
		material Material {
			diffuseColor 0 1 0
			emissiveColor 0 1 0
		}
	}
	geometry IndexedLineSet {
		coord Coordinate {
			point [
				-185.064 274.534 -910.715,
				-185.148 274.644 -910.625,
			]
		}
		coordIndex [
			0, 1, -1
		]
	}
}
#---------- POLYLINE
Shape {
	appearance Appearance {
		material Material {
			diffuseColor 1 0 0
			emissiveColor 1 0 0
		}
	}
	geometry IndexedLineSet {
		coord Coordinate {
			point [
				-185.148 274.644 -910.625,
				-185.148 274.644 -910.625,
			]
		}
		coordIndex [
			0, 1, -1
		]
	}
}
#---------- POLYLINE
Shape {
	appearance Appearance {
		material Material {
			diffuseColor 1 0 0
			emissiveColor 1 0 0
		}
	}
	geometry IndexedLineSet {
		coord Coordinate {
			point [
				-185.148 274.644 -910.625,
				-185.148 274.644 -910.625,
			]
		}
		coordIndex [
			0, 1, -1
		]
	}
}
#---------- POLYLINE
Shape {
	appearance Appearance {
		material Material {
			diffuseColor 1 0 0
			emissiveColor 1 0 0
		}
	}
	geometry IndexedLineSet {
		coord Coordinate {
			point [
				-185.148 274.644 -910.625,
				-185.148 274.644 -910.625,
			]
		}
		coordIndex [
			0, 1, -1
		]
	}
}
#---------- POLYLINE
Shape {
	appearance Appearance {
		material Material {
			diffuseColor 1 0 0
			emissiveColor 1 0 0
		}
	}
	geometry IndexedLineSet {
		coord Coordinate {
			point [
				-185.148 274.644 -910.625,
				-185.148 274.644 -910.625,
			]
		}
		coordIndex [
			0, 1, -1
		]
	}
}
#---------- POLYLINE
Shape {
	appearance Appearance {
		material Material {
			diffuseColor 1 0 0
			emissiveColor 1 0 0
		}
	}
	geometry IndexedLineSet {
		coord Coordinate {
			point [
				-185.148 274.644 -910.625,
				-185.148 274.644 -910.625,
			]
		}
		coordIndex [
			0, 1, -1
		]
	}
}
#---------- POLYLINE
Shape {
	appearance Appearance {
		material Material {
			diffuseColor 1 0 0
			emissiveColor 1 0 0
		}
	}
	geometry IndexedLineSet {
		coord Coordinate {
			point [
				-185.148 274.644 -910.625,
				-185.148 274.644 -910.625,
			]
		}
		coordIndex [
			0, 1, -1
		]
	}
}
#---------- POLYLINE
Shape {
	appearance Appearance {
		material Material {
			diffuseColor 1 0 0
			emissiveColor 1 0 0
		}
	}
	geometry IndexedLineSet {
		coord Coordinate {
			point [
				-185.148 274.644 -910.625,
				-185.148 274.644 -910.625,
			]
		}
		coordIndex [
			0, 1, -1
		]
	}
}
#---------- POLYLINE
Shape {
	appearance Appearance {
		material Material {
			diffuseColor 1 0 0
			emissiveColor 1 0 0
		}
	}
	geometry IndexedLineSet {
		coord Coordinate {
			point [
				-185.148 274.644 -910.625,
				-185.148 274.644 -910.625,
			]
		}
		coordIndex [
			0, 1, -1
		]
	}
}
#---------- POLYLINE
Shape {
	appearance Appearance {
		material Material {
			diffuseColor 1 0 0
			emissiveColor 1 0 0
		}
	}
	geometry IndexedLineSet {
		coord Coordinate {
			point [
				-185.148 274.644 -910.625,
				-185.148 274.644 -910.625,
			]
		}
		coordIndex [
			0, 1, -1
		]
	}
}
#---------- POLYLINE
Shape {
	appearance Appearance {
		material Material {
			diffuseColor 1 0 0
			emissiveColor 1 0 0
		}
	}
	geometry IndexedLineSet {
		coord Coordinate {
			point [
				-185.148 274.644 -910.625,
				-185.148 274.644 -910.625,
			]
		}
		coordIndex [
			0, 1, -1
		]
	}
}
#---------- POLYLINE
Shape {
	appearance Appearance {
		material Material {
			diffuseColor 1 0 0
			emissiveColor 1 0 0
		}
	}
	geometry IndexedLineSet {
		coord Coordinate {
			point [
				-185.148 274.644 -910.625,
				-185.148 274.644 -910.625,
			]
		}
		coordIndex [
			0, 1, -1
		]
	}
}
#---------- POLYLINE
Shape {
	appearance Appearance {
		material Material {
			diffuseColor 1 0 0
			emissiveColor 1 0 0
		}
	}
	geometry IndexedLineSet {
		coord Coordinate {
			point [
				-185.148 274.644 -910.625,
				-185.148 274.644 -910.625,
			]
		}
		coordIndex [
			0, 1, -1
		]
	}
}
#---------- POLYLINE
Shape {
	appearance Appearance {
		material Material {
			diffuseColor 1 0 0
			emissiveColor 1 0 0
		}
	}
	geometry IndexedLineSet {
		coord Coordinate {
			point [
				-185.148 274.644 -910.625,
				-185.148 274.644 -910.625,
			]
		}
		coordIndex [
			0, 1, -1
		]
	}
}
#---------- POLYLINE
Shape {
	appearance Appearance {
		material Material {
			diffuseColor 1 0 0
			emissiveColor 1 0 0
		}
	}
	geometry IndexedLineSet {
		coord Coordinate {
			point [
				-185.148 274.644 -910.625,
				-185.148 274.644 -910.625,
			]
		}
		coordIndex [
			0, 1, -1
		]
	}
}
#---------- POLYLINE
Shape {
	appearance Appearance {
		material Material {
			diffuseColor 1 0 0
			emissiveColor 1 0 0
		}
	}
	geometry IndexedLineSet {
		coord Coordinate {
			point [
				-185.148 274.644 -910.625,
				-185.148 274.644 -910.625,
			]
		}
		coordIndex [
			0, 1, -1
		]
	}
}
#---------- POLYLINE
Shape {
	appearance Appearance {
		material Material {
			diffuseColor 1 0 0
			emissiveColor 1 0 0
		}
	}
	geometry IndexedLineSet {
		coord Coordinate {
			point [
				-185.148 274.644 -910.625,
				-185.148 274.644 -910.625,
			]
		}
		coordIndex [
			0, 1, -1
		]
	}
}
#---------- POLYLINE
Shape {
	appearance Appearance {
		material Material {
			diffuseColor 1 0 0
			emissiveColor 1 0 0
		}
	}
	geometry IndexedLineSet {
		coord Coordinate {
			point [
				-185.148 274.644 -910.625,
				-185.148 274.644 -910.625,
			]
		}
		coordIndex [
			0, 1, -1
		]
	}
}
#---------- POLYLINE
Shape {
	appearance Appearance {
		material Material {
			diffuseColor 0 1 0
			emissiveColor 0 1 0
		}
	}
	geometry IndexedLineSet {
		coord Coordinate {
			point [
				-185.148 274.644 -910.625,
				-185.146 274.643 -910.624,
			]
		}
		coordIndex [
			0, 1, -1
		]
	}
}
#---------- POLYLINE
Shape {
	appearance Appearance {
		material Material {
			diffuseColor 1 0 0
			emissiveColor 1 0 0
		}
	}
	geometry IndexedLineSet {
		coord Coordinate {
			point [
				-185.146 274.643 -910.624,
				-185.146 274.643 -910.624,
			]
		}
		coordIndex [
			0, 1, -1
		]
	}
}
#---------- POLYLINE
Shape {
	appearance Appearance {
		material Material {
			diffuseColor 1 0 0
			emissiveColor 1 0 0
		}
	}
	geometry IndexedLineSet {
		coord Coordinate {
			point [
				-185.146 274.643 -910.624,
				-185.146 274.643 -910.624,
			]
		}
		coordIndex [
			0, 1, -1
		]
	}
}
#---------- POLYLINE
Shape {
	appearance Appearance {
		material Material {
			diffuseColor 1 0 0
			emissiveColor 1 0 0
		}
	}
	geometry IndexedLineSet {
		coord Coordinate {
			point [
				-185.146 274.643 -910.624,
				-185.146 274.643 -910.624,
			]
		}
		coordIndex [
			0, 1, -1
		]
	}
}
#---------- POLYLINE
Shape {
	appearance Appearance {
		material Material {
			diffuseColor 1 0 0
			emissiveColor 1 0 0
		}
	}
	geometry IndexedLineSet {
		coord Coordinate {
			point [
				-185.146 274.643 -910.624,
				-185.146 274.643 -910.624,
			]
		}
		coordIndex [
			0, 1, -1
		]
	}
}
#---------- POLYLINE
Shape {
	appearance Appearance {
		material Material {
			diffuseColor 1 0 0
			emissiveColor 1 0 0
		}
	}
	geometry IndexedLineSet {
		coord Coordinate {
			point [
				-185.146 274.643 -910.624,
				-185.146 274.643 -910.624,
			]
		}
		coordIndex [
			0, 1, -1
		]
	}
}
#---------- POLYLINE
Shape {
	appearance Appearance {
		material Material {
			diffuseColor 1 0 0
			emissiveColor 1 0 0
		}
	}
	geometry IndexedLineSet {
		coord Coordinate {
			point [
				-185.146 274.643 -910.624,
				-185.146 274.643 -910.624,
			]
		}
		coordIndex [
			0, 1, -1
		]
	}
}
#---------- POLYLINE
Shape {
	appearance Appearance {
		material Material {
			diffuseColor 1 0 0
			emissiveColor 1 0 0
		}
	}
	geometry IndexedLineSet {
		coord Coordinate {
			point [
				-185.146 274.643 -910.624,
				-185.146 274.643 -910.624,
			]
		}
		coordIndex [
			0, 1, -1
		]
	}
}
#---------- POLYLINE
Shape {
	appearance Appearance {
		material Material {
			diffuseColor 1 0 0
			emissiveColor 1 0 0
		}
	}
	geometry IndexedLineSet {
		coord Coordinate {
			point [
				-185.146 274.643 -910.624,
				-185.146 274.643 -910.624,
			]
		}
		coordIndex [
			0, 1, -1
		]
	}
}
#---------- POLYLINE
Shape {
	appearance Appearance {
		material Material {
			diffuseColor 1 0 0
			emissiveColor 1 0 0
		}
	}
	geometry IndexedLineSet {
		coord Coordinate {
			point [
				-185.146 274.643 -910.624,
				-185.146 274.643 -910.624,
			]
		}
		coordIndex [
			0, 1, -1
		]
	}
}
#---------- POLYLINE
Shape {
	appearance Appearance {
		material Material {
			diffuseColor 1 0 0
			emissiveColor 1 0 0
		}
	}
	geometry IndexedLineSet {
		coord Coordinate {
			point [
				-185.146 274.643 -910.624,
				-185.146 274.643 -910.624,
			]
		}
		coordIndex [
			0, 1, -1
		]
	}
}
#---------- POLYLINE
Shape {
	appearance Appearance {
		material Material {
			diffuseColor 1 0 0
			emissiveColor 1 0 0
		}
	}
	geometry IndexedLineSet {
		coord Coordinate {
			point [
				-185.148 274.644 -910.625,
				-185.148 274.644 -910.625,
			]
		}
		coordIndex [
			0, 1, -1
		]
	}
}
#---------- POLYLINE
Shape {
	appearance Appearance {
		material Material {
			diffuseColor 1 0 0
			emissiveColor 1 0 0
		}
	}
	geometry IndexedLineSet {
		coord Coordinate {
			point [
				-185.148 274.644 -910.625,
				-185.148 274.644 -910.624,
			]
		}
		coordIndex [
			0, 1, -1
		]
	}
}
#---------- POLYLINE
Shape {
	appearance Appearance {
		material Material {
			diffuseColor 1 0 0
			emissiveColor 1 0 0
		}
	}
	geometry IndexedLineSet {
		coord Coordinate {
			point [
				-185.064 274.534 -910.715,
				-185.059 274.535 -910.715,
			]
		}
		coordIndex [
			0, 1, -1
		]
	}
}
#---------- POLYLINE
Shape {
	appearance Appearance {
		material Material {
			diffuseColor 1 0 0
			emissiveColor 1 0 0
		}
	}
	geometry IndexedLineSet {
		coord Coordinate {
			point [
				-187.119 273.014 -911.35,
				-187.147 273.026 -911.36,
			]
		}
		coordIndex [
			0, 1, -1
		]
	}
}
#---------- POLYLINE
Shape {
	appearance Appearance {
		material Material {
			diffuseColor 1 0 0
			emissiveColor 1 0 0
		}
	}
	geometry IndexedLineSet {
		coord Coordinate {
			point [
				-178.928 266.451 -908.48,
				-178.921 266.463 -908.489,
			]
		}
		coordIndex [
			0, 1, -1
		]
	}
}
#---------- POLYLINE
Shape {
	appearance Appearance {
		material Material {
			diffuseColor 1 0 0
			emissiveColor 1 0 0
		}
	}
	geometry IndexedLineSet {
		coord Coordinate {
			point [
				-168.072 233.736 -888.454,
				-167.846 233.943 -888.623,
				-167.79 233.911 -888.699,
				-167.791 233.913 -888.699,
			]
		}
		coordIndex [
			0, 1, 2, 3, -1
		]
	}
}
#---------- POLYLINE
Shape {
	appearance Appearance {
		material Material {
			diffuseColor 0 1 0
			emissiveColor 0 1 0
		}
	}
	geometry IndexedLineSet {
		coord Coordinate {
			point [
				-170.422 229.888 -885.615,
				-167.046 236.917 -889.664,
				-161.97 238.385 -897.66,
				-161.962 238.29 -898.174,
			]
		}
		coordIndex [
			0, 1, 2, 3, -1
		]
	}
}
#---------- POLYLINE
Shape {
	appearance Appearance {
		material Material {
			diffuseColor 1 0 0
			emissiveColor 1 0 0
		}
	}
	geometry IndexedLineSet {
		coord Coordinate {
			point [
				-161.962 238.29 -898.174,
				-161.962 238.29 -898.174,
			]
		}
		coordIndex [
			0, 1, -1
		]
	}
}
#---------- POLYLINE
Shape {
	appearance Appearance {
		material Material {
			diffuseColor 1 0 0
			emissiveColor 1 0 0
		}
	}
	geometry IndexedLineSet {
		coord Coordinate {
			point [
				-161.962 238.29 -898.174,
				-161.962 238.29 -898.174,
			]
		}
		coordIndex [
			0, 1, -1
		]
	}
}
#---------- POLYLINE
Shape {
	appearance Appearance {
		material Material {
			diffuseColor 1 0 0
			emissiveColor 1 0 0
		}
	}
	geometry IndexedLineSet {
		coord Coordinate {
			point [
				-161.962 238.29 -898.174,
				-161.962 238.29 -898.174,
			]
		}
		coordIndex [
			0, 1, -1
		]
	}
}
#---------- POLYLINE
Shape {
	appearance Appearance {
		material Material {
			diffuseColor 1 0 0
			emissiveColor 1 0 0
		}
	}
	geometry IndexedLineSet {
		coord Coordinate {
			point [
				-161.962 238.29 -898.174,
				-161.962 238.29 -898.174,
			]
		}
		coordIndex [
			0, 1, -1
		]
	}
}
#---------- POLYLINE
Shape {
	appearance Appearance {
		material Material {
			diffuseColor 1 0 0
			emissiveColor 1 0 0
		}
	}
	geometry IndexedLineSet {
		coord Coordinate {
			point [
				-161.962 238.29 -898.174,
				-161.962 238.29 -898.174,
			]
		}
		coordIndex [
			0, 1, -1
		]
	}
}
#---------- POLYLINE
Shape {
	appearance Appearance {
		material Material {
			diffuseColor 1 0 0
			emissiveColor 1 0 0
		}
	}
	geometry IndexedLineSet {
		coord Coordinate {
			point [
				-161.962 238.29 -898.174,
				-161.962 238.29 -898.174,
			]
		}
		coordIndex [
			0, 1, -1
		]
	}
}
#---------- POLYLINE
Shape {
	appearance Appearance {
		material Material {
			diffuseColor 1 0 0
			emissiveColor 1 0 0
		}
	}
	geometry IndexedLineSet {
		coord Coordinate {
			point [
				-161.962 238.29 -898.174,
				-161.962 238.29 -898.174,
			]
		}
		coordIndex [
			0, 1, -1
		]
	}
}
#---------- POLYLINE
Shape {
	appearance Appearance {
		material Material {
			diffuseColor 1 0 0
			emissiveColor 1 0 0
		}
	}
	geometry IndexedLineSet {
		coord Coordinate {
			point [
				-161.962 238.29 -898.174,
				-161.962 238.29 -898.174,
			]
		}
		coordIndex [
			0, 1, -1
		]
	}
}
#---------- POLYLINE
Shape {
	appearance Appearance {
		material Material {
			diffuseColor 1 0 0
			emissiveColor 1 0 0
		}
	}
	geometry IndexedLineSet {
		coord Coordinate {
			point [
				-161.962 238.29 -898.174,
				-161.962 238.29 -898.174,
			]
		}
		coordIndex [
			0, 1, -1
		]
	}
}
#---------- POLYLINE
Shape {
	appearance Appearance {
		material Material {
			diffuseColor 1 0 0
			emissiveColor 1 0 0
		}
	}
	geometry IndexedLineSet {
		coord Coordinate {
			point [
				-161.962 238.29 -898.174,
				-161.962 238.29 -898.174,
			]
		}
		coordIndex [
			0, 1, -1
		]
	}
}
#---------- POLYLINE
Shape {
	appearance Appearance {
		material Material {
			diffuseColor 1 0 0
			emissiveColor 1 0 0
		}
	}
	geometry IndexedLineSet {
		coord Coordinate {
			point [
				-161.962 238.29 -898.174,
				-161.962 238.29 -898.174,
			]
		}
		coordIndex [
			0, 1, -1
		]
	}
}
#---------- POLYLINE
Shape {
	appearance Appearance {
		material Material {
			diffuseColor 0 1 0
			emissiveColor 0 1 0
		}
	}
	geometry IndexedLineSet {
		coord Coordinate {
			point [
				-161.962 238.29 -898.174,
				-161.962 238.289 -898.174,
			]
		}
		coordIndex [
			0, 1, -1
		]
	}
}
#---------- POLYLINE
Shape {
	appearance Appearance {
		material Material {
			diffuseColor 1 0 0
			emissiveColor 1 0 0
		}
	}
	geometry IndexedLineSet {
		coord Coordinate {
			point [
				-161.962 238.289 -898.174,
				-161.962 238.289 -898.174,
			]
		}
		coordIndex [
			0, 1, -1
		]
	}
}
#---------- POLYLINE
Shape {
	appearance Appearance {
		material Material {
			diffuseColor 1 0 0
			emissiveColor 1 0 0
		}
	}
	geometry IndexedLineSet {
		coord Coordinate {
			point [
				-161.962 238.289 -898.174,
				-161.962 238.289 -898.174,
			]
		}
		coordIndex [
			0, 1, -1
		]
	}
}
#---------- POLYLINE
Shape {
	appearance Appearance {
		material Material {
			diffuseColor 1 0 0
			emissiveColor 1 0 0
		}
	}
	geometry IndexedLineSet {
		coord Coordinate {
			point [
				-161.962 238.289 -898.174,
				-161.962 238.289 -898.174,
			]
		}
		coordIndex [
			0, 1, -1
		]
	}
}
#---------- POLYLINE
Shape {
	appearance Appearance {
		material Material {
			diffuseColor 1 0 0
			emissiveColor 1 0 0
		}
	}
	geometry IndexedLineSet {
		coord Coordinate {
			point [
				-161.962 238.289 -898.174,
				-161.962 238.289 -898.174,
			]
		}
		coordIndex [
			0, 1, -1
		]
	}
}
#---------- POLYLINE
Shape {
	appearance Appearance {
		material Material {
			diffuseColor 1 0 0
			emissiveColor 1 0 0
		}
	}
	geometry IndexedLineSet {
		coord Coordinate {
			point [
				-161.962 238.289 -898.174,
				-161.962 238.289 -898.174,
			]
		}
		coordIndex [
			0, 1, -1
		]
	}
}
#---------- POLYLINE
Shape {
	appearance Appearance {
		material Material {
			diffuseColor 1 0 0
			emissiveColor 1 0 0
		}
	}
	geometry IndexedLineSet {
		coord Coordinate {
			point [
				-161.962 238.289 -898.174,
				-161.962 238.289 -898.174,
			]
		}
		coordIndex [
			0, 1, -1
		]
	}
}
#---------- POLYLINE
Shape {
	appearance Appearance {
		material Material {
			diffuseColor 1 0 0
			emissiveColor 1 0 0
		}
	}
	geometry IndexedLineSet {
		coord Coordinate {
			point [
				-161.962 238.289 -898.174,
				-161.962 238.289 -898.174,
			]
		}
		coordIndex [
			0, 1, -1
		]
	}
}
#---------- POLYLINE
Shape {
	appearance Appearance {
		material Material {
			diffuseColor 1 0 0
			emissiveColor 1 0 0
		}
	}
	geometry IndexedLineSet {
		coord Coordinate {
			point [
				-161.962 238.289 -898.174,
				-161.962 238.289 -898.174,
			]
		}
		coordIndex [
			0, 1, -1
		]
	}
}
#---------- POLYLINE
Shape {
	appearance Appearance {
		material Material {
			diffuseColor 0 1 0
			emissiveColor 0 1 0
		}
	}
	geometry IndexedLineSet {
		coord Coordinate {
			point [
				-161.962 238.29 -898.174,
				-161.97 238.282 -898.194,
				-162.052 238.214 -898.313,
			]
		}
		coordIndex [
			0, 1, 2, -1
		]
	}
}
#---------- POLYLINE
Shape {
	appearance Appearance {
		material Material {
			diffuseColor 1 0 0
			emissiveColor 1 0 0
		}
	}
	geometry IndexedLineSet {
		coord Coordinate {
			point [
				-162.052 238.214 -898.313,
				-162.052 238.214 -898.313,
			]
		}
		coordIndex [
			0, 1, -1
		]
	}
}
#---------- POLYLINE
Shape {
	appearance Appearance {
		material Material {
			diffuseColor 1 0 0
			emissiveColor 1 0 0
		}
	}
	geometry IndexedLineSet {
		coord Coordinate {
			point [
				-162.052 238.214 -898.313,
				-162.052 238.214 -898.313,
			]
		}
		coordIndex [
			0, 1, -1
		]
	}
}
#---------- POLYLINE
Shape {
	appearance Appearance {
		material Material {
			diffuseColor 1 0 0
			emissiveColor 1 0 0
		}
	}
	geometry IndexedLineSet {
		coord Coordinate {
			point [
				-162.052 238.214 -898.313,
				-162.052 238.214 -898.313,
			]
		}
		coordIndex [
			0, 1, -1
		]
	}
}
#---------- POLYLINE
Shape {
	appearance Appearance {
		material Material {
			diffuseColor 1 0 0
			emissiveColor 1 0 0
		}
	}
	geometry IndexedLineSet {
		coord Coordinate {
			point [
				-162.052 238.214 -898.313,
				-162.052 238.214 -898.313,
			]
		}
		coordIndex [
			0, 1, -1
		]
	}
}
#---------- POLYLINE
Shape {
	appearance Appearance {
		material Material {
			diffuseColor 1 0 0
			emissiveColor 1 0 0
		}
	}
	geometry IndexedLineSet {
		coord Coordinate {
			point [
				-162.052 238.214 -898.313,
				-162.052 238.214 -898.313,
			]
		}
		coordIndex [
			0, 1, -1
		]
	}
}
#---------- POLYLINE
Shape {
	appearance Appearance {
		material Material {
			diffuseColor 1 0 0
			emissiveColor 1 0 0
		}
	}
	geometry IndexedLineSet {
		coord Coordinate {
			point [
				-162.052 238.214 -898.313,
				-162.052 238.214 -898.313,
			]
		}
		coordIndex [
			0, 1, -1
		]
	}
}
#---------- POLYLINE
Shape {
	appearance Appearance {
		material Material {
			diffuseColor 1 0 0
			emissiveColor 1 0 0
		}
	}
	geometry IndexedLineSet {
		coord Coordinate {
			point [
				-162.052 238.214 -898.313,
				-162.052 238.214 -898.313,
			]
		}
		coordIndex [
			0, 1, -1
		]
	}
}
#---------- POLYLINE
Shape {
	appearance Appearance {
		material Material {
			diffuseColor 1 0 0
			emissiveColor 1 0 0
		}
	}
	geometry IndexedLineSet {
		coord Coordinate {
			point [
				-162.052 238.214 -898.313,
				-162.052 238.214 -898.313,
			]
		}
		coordIndex [
			0, 1, -1
		]
	}
}
#---------- POLYLINE
Shape {
	appearance Appearance {
		material Material {
			diffuseColor 1 0 0
			emissiveColor 1 0 0
		}
	}
	geometry IndexedLineSet {
		coord Coordinate {
			point [
				-162.052 238.214 -898.313,
				-162.052 238.214 -898.313,
			]
		}
		coordIndex [
			0, 1, -1
		]
	}
}
#---------- POLYLINE
Shape {
	appearance Appearance {
		material Material {
			diffuseColor 1 0 0
			emissiveColor 1 0 0
		}
	}
	geometry IndexedLineSet {
		coord Coordinate {
			point [
				-162.052 238.214 -898.313,
				-162.052 238.214 -898.313,
			]
		}
		coordIndex [
			0, 1, -1
		]
	}
}
#---------- POLYLINE
Shape {
	appearance Appearance {
		material Material {
			diffuseColor 1 0 0
			emissiveColor 1 0 0
		}
	}
	geometry IndexedLineSet {
		coord Coordinate {
			point [
				-162.052 238.214 -898.313,
				-162.052 238.214 -898.313,
			]
		}
		coordIndex [
			0, 1, -1
		]
	}
}
#---------- POLYLINE
Shape {
	appearance Appearance {
		material Material {
			diffuseColor 1 0 0
			emissiveColor 1 0 0
		}
	}
	geometry IndexedLineSet {
		coord Coordinate {
			point [
				-162.052 238.214 -898.313,
				-162.052 238.214 -898.313,
			]
		}
		coordIndex [
			0, 1, -1
		]
	}
}
#---------- POLYLINE
Shape {
	appearance Appearance {
		material Material {
			diffuseColor 1 0 0
			emissiveColor 1 0 0
		}
	}
	geometry IndexedLineSet {
		coord Coordinate {
			point [
				-162.052 238.214 -898.313,
				-162.052 238.214 -898.313,
			]
		}
		coordIndex [
			0, 1, -1
		]
	}
}
#---------- POLYLINE
Shape {
	appearance Appearance {
		material Material {
			diffuseColor 1 0 0
			emissiveColor 1 0 0
		}
	}
	geometry IndexedLineSet {
		coord Coordinate {
			point [
				-162.052 238.214 -898.313,
				-162.052 238.214 -898.313,
			]
		}
		coordIndex [
			0, 1, -1
		]
	}
}
#---------- POLYLINE
Shape {
	appearance Appearance {
		material Material {
			diffuseColor 1 0 0
			emissiveColor 1 0 0
		}
	}
	geometry IndexedLineSet {
		coord Coordinate {
			point [
				-162.052 238.214 -898.313,
				-162.052 238.214 -898.313,
			]
		}
		coordIndex [
			0, 1, -1
		]
	}
}
#---------- POLYLINE
Shape {
	appearance Appearance {
		material Material {
			diffuseColor 1 0 0
			emissiveColor 1 0 0
		}
	}
	geometry IndexedLineSet {
		coord Coordinate {
			point [
				-162.052 238.214 -898.313,
				-162.052 238.214 -898.313,
			]
		}
		coordIndex [
			0, 1, -1
		]
	}
}
#---------- POLYLINE
Shape {
	appearance Appearance {
		material Material {
			diffuseColor 1 0 0
			emissiveColor 1 0 0
		}
	}
	geometry IndexedLineSet {
		coord Coordinate {
			point [
				-162.052 238.214 -898.313,
				-162.052 238.214 -898.313,
			]
		}
		coordIndex [
			0, 1, -1
		]
	}
}
#---------- POLYLINE
Shape {
	appearance Appearance {
		material Material {
			diffuseColor 1 0 0
			emissiveColor 1 0 0
		}
	}
	geometry IndexedLineSet {
		coord Coordinate {
			point [
				-162.052 238.214 -898.313,
				-162.051 238.214 -898.313,
			]
		}
		coordIndex [
			0, 1, -1
		]
	}
}
#---------- POLYLINE
Shape {
	appearance Appearance {
		material Material {
			diffuseColor 1 0 0
			emissiveColor 1 0 0
		}
	}
	geometry IndexedLineSet {
		coord Coordinate {
			point [
				-161.962 238.29 -898.174,
				-161.967 238.286 -898.187,
			]
		}
		coordIndex [
			0, 1, -1
		]
	}
}
#---------- POLYLINE
Shape {
	appearance Appearance {
		material Material {
			diffuseColor 1 0 0
			emissiveColor 1 0 0
		}
	}
	geometry IndexedLineSet {
		coord Coordinate {
			point [
				-161.97 238.385 -897.66,
				-161.968 238.386 -897.66,
			]
		}
		coordIndex [
			0, 1, -1
		]
	}
}
#---------- POLYLINE
Shape {
	appearance Appearance {
		material Material {
			diffuseColor 1 0 0
			emissiveColor 1 0 0
		}
	}
	geometry IndexedLineSet {
		coord Coordinate {
			point [
				-167.046 236.917 -889.664,
				-167.046 236.927 -889.663,
			]
		}
		coordIndex [
			0, 1, -1
		]
	}
}
#---------- POLYLINE
Shape {
	appearance Appearance {
		material Material {
			diffuseColor 0 1 0
			emissiveColor 0 1 0
		}
	}
	geometry IndexedLineSet {
		coord Coordinate {
			point [
				-170.905 228.492 -884.671,
				-168.521 236.548 -891.395,
				-168.935 236.793 -892.023,
				-174.374 240.171 -893.933,
			]
		}
		coordIndex [
			0, 1, 2, 3, -1
		]
	}
}
#---------- POLYLINE
Shape {
	appearance Appearance {
		material Material {
			diffuseColor 1 0 0
			emissiveColor 1 0 0
		}
	}
	geometry IndexedLineSet {
		coord Coordinate {
			point [
				-174.374 240.171 -893.933,
				-174.374 240.171 -893.933,
			]
		}
		coordIndex [
			0, 1, -1
		]
	}
}
#---------- POLYLINE
Shape {
	appearance Appearance {
		material Material {
			diffuseColor 1 0 0
			emissiveColor 1 0 0
		}
	}
	geometry IndexedLineSet {
		coord Coordinate {
			point [
				-174.374 240.171 -893.933,
				-174.374 240.171 -893.933,
			]
		}
		coordIndex [
			0, 1, -1
		]
	}
}
#---------- POLYLINE
Shape {
	appearance Appearance {
		material Material {
			diffuseColor 1 0 0
			emissiveColor 1 0 0
		}
	}
	geometry IndexedLineSet {
		coord Coordinate {
			point [
				-174.374 240.171 -893.933,
				-174.374 240.171 -893.933,
			]
		}
		coordIndex [
			0, 1, -1
		]
	}
}
#---------- POLYLINE
Shape {
	appearance Appearance {
		material Material {
			diffuseColor 1 0 0
			emissiveColor 1 0 0
		}
	}
	geometry IndexedLineSet {
		coord Coordinate {
			point [
				-174.374 240.171 -893.933,
				-174.374 240.171 -893.933,
			]
		}
		coordIndex [
			0, 1, -1
		]
	}
}
#---------- POLYLINE
Shape {
	appearance Appearance {
		material Material {
			diffuseColor 1 0 0
			emissiveColor 1 0 0
		}
	}
	geometry IndexedLineSet {
		coord Coordinate {
			point [
				-174.374 240.171 -893.933,
				-174.374 240.171 -893.933,
			]
		}
		coordIndex [
			0, 1, -1
		]
	}
}
#---------- POLYLINE
Shape {
	appearance Appearance {
		material Material {
			diffuseColor 1 0 0
			emissiveColor 1 0 0
		}
	}
	geometry IndexedLineSet {
		coord Coordinate {
			point [
				-174.374 240.171 -893.933,
				-174.374 240.171 -893.933,
			]
		}
		coordIndex [
			0, 1, -1
		]
	}
}
#---------- POLYLINE
Shape {
	appearance Appearance {
		material Material {
			diffuseColor 1 0 0
			emissiveColor 1 0 0
		}
	}
	geometry IndexedLineSet {
		coord Coordinate {
			point [
				-174.374 240.171 -893.933,
				-174.374 240.171 -893.933,
			]
		}
		coordIndex [
			0, 1, -1
		]
	}
}
#---------- POLYLINE
Shape {
	appearance Appearance {
		material Material {
			diffuseColor 1 0 0
			emissiveColor 1 0 0
		}
	}
	geometry IndexedLineSet {
		coord Coordinate {
			point [
				-174.374 240.171 -893.933,
				-174.374 240.171 -893.933,
			]
		}
		coordIndex [
			0, 1, -1
		]
	}
}
#---------- POLYLINE
Shape {
	appearance Appearance {
		material Material {
			diffuseColor 1 0 0
			emissiveColor 1 0 0
		}
	}
	geometry IndexedLineSet {
		coord Coordinate {
			point [
				-174.374 240.171 -893.933,
				-174.374 240.171 -893.933,
			]
		}
		coordIndex [
			0, 1, -1
		]
	}
}
#---------- POLYLINE
Shape {
	appearance Appearance {
		material Material {
			diffuseColor 1 0 0
			emissiveColor 1 0 0
		}
	}
	geometry IndexedLineSet {
		coord Coordinate {
			point [
				-174.374 240.171 -893.933,
				-174.374 240.171 -893.933,
			]
		}
		coordIndex [
			0, 1, -1
		]
	}
}
#---------- POLYLINE
Shape {
	appearance Appearance {
		material Material {
			diffuseColor 1 0 0
			emissiveColor 1 0 0
		}
	}
	geometry IndexedLineSet {
		coord Coordinate {
			point [
				-174.374 240.171 -893.933,
				-174.374 240.171 -893.933,
			]
		}
		coordIndex [
			0, 1, -1
		]
	}
}
#---------- POLYLINE
Shape {
	appearance Appearance {
		material Material {
			diffuseColor 1 0 0
			emissiveColor 1 0 0
		}
	}
	geometry IndexedLineSet {
		coord Coordinate {
			point [
				-174.374 240.171 -893.933,
				-174.374 240.171 -893.933,
			]
		}
		coordIndex [
			0, 1, -1
		]
	}
}
#---------- POLYLINE
Shape {
	appearance Appearance {
		material Material {
			diffuseColor 1 0 0
			emissiveColor 1 0 0
		}
	}
	geometry IndexedLineSet {
		coord Coordinate {
			point [
				-174.374 240.171 -893.933,
				-174.374 240.171 -893.933,
			]
		}
		coordIndex [
			0, 1, -1
		]
	}
}
#---------- POLYLINE
Shape {
	appearance Appearance {
		material Material {
			diffuseColor 1 0 0
			emissiveColor 1 0 0
		}
	}
	geometry IndexedLineSet {
		coord Coordinate {
			point [
				-174.374 240.171 -893.933,
				-174.374 240.171 -893.933,
			]
		}
		coordIndex [
			0, 1, -1
		]
	}
}
#---------- POLYLINE
Shape {
	appearance Appearance {
		material Material {
			diffuseColor 0 1 0
			emissiveColor 0 1 0
		}
	}
	geometry IndexedLineSet {
		coord Coordinate {
			point [
				-174.374 240.171 -893.933,
				-174.49 239.936 -894.076,
			]
		}
		coordIndex [
			0, 1, -1
		]
	}
}
#---------- POLYLINE
Shape {
	appearance Appearance {
		material Material {
			diffuseColor 1 0 0
			emissiveColor 1 0 0
		}
	}
	geometry IndexedLineSet {
		coord Coordinate {
			point [
				-174.49 239.936 -894.076,
				-174.49 239.936 -894.076,
			]
		}
		coordIndex [
			0, 1, -1
		]
	}
}
#---------- POLYLINE
Shape {
	appearance Appearance {
		material Material {
			diffuseColor 1 0 0
			emissiveColor 1 0 0
		}
	}
	geometry IndexedLineSet {
		coord Coordinate {
			point [
				-174.49 239.936 -894.076,
				-174.49 239.936 -894.076,
			]
		}
		coordIndex [
			0, 1, -1
		]
	}
}
#---------- POLYLINE
Shape {
	appearance Appearance {
		material Material {
			diffuseColor 1 0 0
			emissiveColor 1 0 0
		}
	}
	geometry IndexedLineSet {
		coord Coordinate {
			point [
				-174.49 239.936 -894.076,
				-174.49 239.936 -894.076,
			]
		}
		coordIndex [
			0, 1, -1
		]
	}
}
#---------- POLYLINE
Shape {
	appearance Appearance {
		material Material {
			diffuseColor 1 0 0
			emissiveColor 1 0 0
		}
	}
	geometry IndexedLineSet {
		coord Coordinate {
			point [
				-174.49 239.936 -894.076,
				-174.49 239.936 -894.076,
			]
		}
		coordIndex [
			0, 1, -1
		]
	}
}
#---------- POLYLINE
Shape {
	appearance Appearance {
		material Material {
			diffuseColor 1 0 0
			emissiveColor 1 0 0
		}
	}
	geometry IndexedLineSet {
		coord Coordinate {
			point [
				-174.49 239.936 -894.076,
				-174.49 239.936 -894.076,
			]
		}
		coordIndex [
			0, 1, -1
		]
	}
}
#---------- POLYLINE
Shape {
	appearance Appearance {
		material Material {
			diffuseColor 1 0 0
			emissiveColor 1 0 0
		}
	}
	geometry IndexedLineSet {
		coord Coordinate {
			point [
				-174.49 239.936 -894.076,
				-174.49 239.936 -894.076,
			]
		}
		coordIndex [
			0, 1, -1
		]
	}
}
#---------- POLYLINE
Shape {
	appearance Appearance {
		material Material {
			diffuseColor 1 0 0
			emissiveColor 1 0 0
		}
	}
	geometry IndexedLineSet {
		coord Coordinate {
			point [
				-174.49 239.936 -894.076,
				-174.49 239.936 -894.076,
			]
		}
		coordIndex [
			0, 1, -1
		]
	}
}
#---------- POLYLINE
Shape {
	appearance Appearance {
		material Material {
			diffuseColor 1 0 0
			emissiveColor 1 0 0
		}
	}
	geometry IndexedLineSet {
		coord Coordinate {
			point [
				-174.49 239.936 -894.076,
				-174.49 239.936 -894.076,
			]
		}
		coordIndex [
			0, 1, -1
		]
	}
}
#---------- POLYLINE
Shape {
	appearance Appearance {
		material Material {
			diffuseColor 1 0 0
			emissiveColor 1 0 0
		}
	}
	geometry IndexedLineSet {
		coord Coordinate {
			point [
				-174.49 239.936 -894.076,
				-174.49 239.936 -894.076,
			]
		}
		coordIndex [
			0, 1, -1
		]
	}
}
#---------- POLYLINE
Shape {
	appearance Appearance {
		material Material {
			diffuseColor 1 0 0
			emissiveColor 1 0 0
		}
	}
	geometry IndexedLineSet {
		coord Coordinate {
			point [
				-174.49 239.936 -894.076,
				-174.49 239.936 -894.076,
			]
		}
		coordIndex [
			0, 1, -1
		]
	}
}
#---------- POLYLINE
Shape {
	appearance Appearance {
		material Material {
			diffuseColor 1 0 0
			emissiveColor 1 0 0
		}
	}
	geometry IndexedLineSet {
		coord Coordinate {
			point [
				-174.49 239.936 -894.076,
				-174.49 239.936 -894.076,
			]
		}
		coordIndex [
			0, 1, -1
		]
	}
}
#---------- POLYLINE
Shape {
	appearance Appearance {
		material Material {
			diffuseColor 1 0 0
			emissiveColor 1 0 0
		}
	}
	geometry IndexedLineSet {
		coord Coordinate {
			point [
				-174.49 239.936 -894.076,
				-174.49 239.936 -894.076,
			]
		}
		coordIndex [
			0, 1, -1
		]
	}
}
#---------- POLYLINE
Shape {
	appearance Appearance {
		material Material {
			diffuseColor 1 0 0
			emissiveColor 1 0 0
		}
	}
	geometry IndexedLineSet {
		coord Coordinate {
			point [
				-174.49 239.936 -894.076,
				-174.49 239.936 -894.076,
			]
		}
		coordIndex [
			0, 1, -1
		]
	}
}
#---------- POLYLINE
Shape {
	appearance Appearance {
		material Material {
			diffuseColor 1 0 0
			emissiveColor 1 0 0
		}
	}
	geometry IndexedLineSet {
		coord Coordinate {
			point [
				-174.49 239.936 -894.076,
				-174.49 239.936 -894.076,
			]
		}
		coordIndex [
			0, 1, -1
		]
	}
}
#---------- POLYLINE
Shape {
	appearance Appearance {
		material Material {
			diffuseColor 1 0 0
			emissiveColor 1 0 0
		}
	}
	geometry IndexedLineSet {
		coord Coordinate {
			point [
				-174.49 239.936 -894.076,
				-174.49 239.936 -894.076,
			]
		}
		coordIndex [
			0, 1, -1
		]
	}
}
#---------- POLYLINE
Shape {
	appearance Appearance {
		material Material {
			diffuseColor 1 0 0
			emissiveColor 1 0 0
		}
	}
	geometry IndexedLineSet {
		coord Coordinate {
			point [
				-174.49 239.936 -894.076,
				-174.49 239.936 -894.076,
			]
		}
		coordIndex [
			0, 1, -1
		]
	}
}
#---------- POLYLINE
Shape {
	appearance Appearance {
		material Material {
			diffuseColor 1 0 0
			emissiveColor 1 0 0
		}
	}
	geometry IndexedLineSet {
		coord Coordinate {
			point [
				-174.49 239.936 -894.076,
				-174.49 239.936 -894.076,
			]
		}
		coordIndex [
			0, 1, -1
		]
	}
}
#---------- POLYLINE
Shape {
	appearance Appearance {
		material Material {
			diffuseColor 1 0 0
			emissiveColor 1 0 0
		}
	}
	geometry IndexedLineSet {
		coord Coordinate {
			point [
				-174.49 239.936 -894.076,
				-174.49 239.936 -894.076,
			]
		}
		coordIndex [
			0, 1, -1
		]
	}
}
#---------- POLYLINE
Shape {
	appearance Appearance {
		material Material {
			diffuseColor 1 0 0
			emissiveColor 1 0 0
		}
	}
	geometry IndexedLineSet {
		coord Coordinate {
			point [
				-174.49 239.936 -894.076,
				-174.49 239.936 -894.076,
			]
		}
		coordIndex [
			0, 1, -1
		]
	}
}
#---------- POLYLINE
Shape {
	appearance Appearance {
		material Material {
			diffuseColor 1 0 0
			emissiveColor 1 0 0
		}
	}
	geometry IndexedLineSet {
		coord Coordinate {
			point [
				-174.49 239.936 -894.076,
				-174.49 239.936 -894.076,
			]
		}
		coordIndex [
			0, 1, -1
		]
	}
}
#---------- POLYLINE
Shape {
	appearance Appearance {
		material Material {
			diffuseColor 1 0 0
			emissiveColor 1 0 0
		}
	}
	geometry IndexedLineSet {
		coord Coordinate {
			point [
				-174.49 239.936 -894.076,
				-174.49 239.936 -894.076,
			]
		}
		coordIndex [
			0, 1, -1
		]
	}
}
#---------- POLYLINE
Shape {
	appearance Appearance {
		material Material {
			diffuseColor 1 0 0
			emissiveColor 1 0 0
		}
	}
	geometry IndexedLineSet {
		coord Coordinate {
			point [
				-174.49 239.936 -894.076,
				-174.49 239.936 -894.076,
			]
		}
		coordIndex [
			0, 1, -1
		]
	}
}
#---------- POLYLINE
Shape {
	appearance Appearance {
		material Material {
			diffuseColor 1 0 0
			emissiveColor 1 0 0
		}
	}
	geometry IndexedLineSet {
		coord Coordinate {
			point [
				-174.49 239.936 -894.076,
				-174.49 239.936 -894.076,
			]
		}
		coordIndex [
			0, 1, -1
		]
	}
}
#---------- POLYLINE
Shape {
	appearance Appearance {
		material Material {
			diffuseColor 1 0 0
			emissiveColor 1 0 0
		}
	}
	geometry IndexedLineSet {
		coord Coordinate {
			point [
				-174.49 239.936 -894.076,
				-174.491 239.936 -894.076,
			]
		}
		coordIndex [
			0, 1, -1
		]
	}
}
#---------- POLYLINE
Shape {
	appearance Appearance {
		material Material {
			diffuseColor 1 0 0
			emissiveColor 1 0 0
		}
	}
	geometry IndexedLineSet {
		coord Coordinate {
			point [
				-174.374 240.171 -893.933,
				-174.396 240.171 -893.932,
			]
		}
		coordIndex [
			0, 1, -1
		]
	}
}
#---------- POLYLINE
Shape {
	appearance Appearance {
		material Material {
			diffuseColor 1 0 0
			emissiveColor 1 0 0
		}
	}
	geometry IndexedLineSet {
		coord Coordinate {
			point [
				-168.935 236.793 -892.023,
				-168.934 236.792 -892.028,
			]
		}
		coordIndex [
			0, 1, -1
		]
	}
}
#---------- POLYLINE
Shape {
	appearance Appearance {
		material Material {
			diffuseColor 1 0 0
			emissiveColor 1 0 0
		}
	}
	geometry IndexedLineSet {
		coord Coordinate {
			point [
				-168.521 236.548 -891.395,
				-168.478 236.613 -891.428,
			]
		}
		coordIndex [
			0, 1, -1
		]
	}
}
#---------- POLYLINE
Shape {
	appearance Appearance {
		material Material {
			diffuseColor 0 1 0
			emissiveColor 0 1 0
		}
	}
	geometry IndexedLineSet {
		coord Coordinate {
			point [
				-170.946 228.355 -884.553,
				-164.821 250.476 -904.195,
			]
		}
		coordIndex [
			0, 1, -1
		]
	}
}
#---------- POLYLINE
Shape {
	appearance Appearance {
		material Material {
			diffuseColor 0 0 1
			emissiveColor 0 0 1
		}
	}
	geometry IndexedLineSet {
		coord Coordinate {
			point [
				-164.821 250.476 -904.195,
				-164.807 250.53 -904.251,
				-164.626 250.891 -904.724,
				-164.526 251.36 -904.981,
				-164.582 251.533 -905.144,
				-164.664 251.445 -904.995,
				-165.087 250.855 -904.348,
				-164.992 250.824 -903.887,
				-164.939 250.75 -903.971,
			]
		}
		coordIndex [
			0, 1, 2, 3, 4, 5, 6, 7, 8, -1
		]
	}
}
#---------- POLYLINE
Shape {
	appearance Appearance {
		material Material {
			diffuseColor 0 1 0
			emissiveColor 0 1 0
		}
	}
	geometry IndexedLineSet {
		coord Coordinate {
			point [
				-164.939 250.75 -903.971,
				-164.962 250.742 -903.94,
				-166.7 250.25 -901.734,
			]
		}
		coordIndex [
			0, 1, 2, -1
		]
	}
}
#---------- POLYLINE
Shape {
	appearance Appearance {
		material Material {
			diffuseColor 1 0 0
			emissiveColor 1 0 0
		}
	}
	geometry IndexedLineSet {
		coord Coordinate {
			point [
				-166.7 250.25 -901.734,
				-166.7 250.25 -901.734,
			]
		}
		coordIndex [
			0, 1, -1
		]
	}
}
#---------- POLYLINE
Shape {
	appearance Appearance {
		material Material {
			diffuseColor 1 0 0
			emissiveColor 1 0 0
		}
	}
	geometry IndexedLineSet {
		coord Coordinate {
			point [
				-166.7 250.25 -901.734,
				-166.7 250.25 -901.734,
			]
		}
		coordIndex [
			0, 1, -1
		]
	}
}
#---------- POLYLINE
Shape {
	appearance Appearance {
		material Material {
			diffuseColor 1 0 0
			emissiveColor 1 0 0
		}
	}
	geometry IndexedLineSet {
		coord Coordinate {
			point [
				-166.7 250.25 -901.734,
				-166.7 250.25 -901.734,
			]
		}
		coordIndex [
			0, 1, -1
		]
	}
}
#---------- POLYLINE
Shape {
	appearance Appearance {
		material Material {
			diffuseColor 1 0 0
			emissiveColor 1 0 0
		}
	}
	geometry IndexedLineSet {
		coord Coordinate {
			point [
				-166.7 250.25 -901.734,
				-166.7 250.25 -901.734,
			]
		}
		coordIndex [
			0, 1, -1
		]
	}
}
#---------- POLYLINE
Shape {
	appearance Appearance {
		material Material {
			diffuseColor 1 0 0
			emissiveColor 1 0 0
		}
	}
	geometry IndexedLineSet {
		coord Coordinate {
			point [
				-166.7 250.25 -901.734,
				-166.7 250.25 -901.734,
			]
		}
		coordIndex [
			0, 1, -1
		]
	}
}
#---------- POLYLINE
Shape {
	appearance Appearance {
		material Material {
			diffuseColor 1 0 0
			emissiveColor 1 0 0
		}
	}
	geometry IndexedLineSet {
		coord Coordinate {
			point [
				-166.7 250.25 -901.734,
				-166.7 250.25 -901.734,
			]
		}
		coordIndex [
			0, 1, -1
		]
	}
}
#---------- POLYLINE
Shape {
	appearance Appearance {
		material Material {
			diffuseColor 0 1 0
			emissiveColor 0 1 0
		}
	}
	geometry IndexedLineSet {
		coord Coordinate {
			point [
				-166.7 250.25 -901.734,
				-166.781 250.138 -901.694,
			]
		}
		coordIndex [
			0, 1, -1
		]
	}
}
#---------- POLYLINE
Shape {
	appearance Appearance {
		material Material {
			diffuseColor 1 0 0
			emissiveColor 1 0 0
		}
	}
	geometry IndexedLineSet {
		coord Coordinate {
			point [
				-166.781 250.138 -901.694,
				-166.781 250.138 -901.694,
			]
		}
		coordIndex [
			0, 1, -1
		]
	}
}
#---------- POLYLINE
Shape {
	appearance Appearance {
		material Material {
			diffuseColor 1 0 0
			emissiveColor 1 0 0
		}
	}
	geometry IndexedLineSet {
		coord Coordinate {
			point [
				-166.781 250.138 -901.694,
				-166.781 250.138 -901.694,
			]
		}
		coordIndex [
			0, 1, -1
		]
	}
}
#---------- POLYLINE
Shape {
	appearance Appearance {
		material Material {
			diffuseColor 1 0 0
			emissiveColor 1 0 0
		}
	}
	geometry IndexedLineSet {
		coord Coordinate {
			point [
				-166.781 250.138 -901.694,
				-166.781 250.138 -901.694,
			]
		}
		coordIndex [
			0, 1, -1
		]
	}
}
#---------- POLYLINE
Shape {
	appearance Appearance {
		material Material {
			diffuseColor 1 0 0
			emissiveColor 1 0 0
		}
	}
	geometry IndexedLineSet {
		coord Coordinate {
			point [
				-166.781 250.138 -901.694,
				-166.781 250.138 -901.694,
			]
		}
		coordIndex [
			0, 1, -1
		]
	}
}
#---------- POLYLINE
Shape {
	appearance Appearance {
		material Material {
			diffuseColor 1 0 0
			emissiveColor 1 0 0
		}
	}
	geometry IndexedLineSet {
		coord Coordinate {
			point [
				-166.781 250.138 -901.694,
				-166.781 250.138 -901.694,
			]
		}
		coordIndex [
			0, 1, -1
		]
	}
}
#---------- POLYLINE
Shape {
	appearance Appearance {
		material Material {
			diffuseColor 1 0 0
			emissiveColor 1 0 0
		}
	}
	geometry IndexedLineSet {
		coord Coordinate {
			point [
				-166.781 250.138 -901.694,
				-166.781 250.138 -901.694,
			]
		}
		coordIndex [
			0, 1, -1
		]
	}
}
#---------- POLYLINE
Shape {
	appearance Appearance {
		material Material {
			diffuseColor 1 0 0
			emissiveColor 1 0 0
		}
	}
	geometry IndexedLineSet {
		coord Coordinate {
			point [
				-166.781 250.138 -901.694,
				-166.781 250.138 -901.694,
			]
		}
		coordIndex [
			0, 1, -1
		]
	}
}
#---------- POLYLINE
Shape {
	appearance Appearance {
		material Material {
			diffuseColor 1 0 0
			emissiveColor 1 0 0
		}
	}
	geometry IndexedLineSet {
		coord Coordinate {
			point [
				-166.781 250.138 -901.694,
				-166.781 250.138 -901.694,
			]
		}
		coordIndex [
			0, 1, -1
		]
	}
}
#---------- POLYLINE
Shape {
	appearance Appearance {
		material Material {
			diffuseColor 1 0 0
			emissiveColor 1 0 0
		}
	}
	geometry IndexedLineSet {
		coord Coordinate {
			point [
				-166.781 250.138 -901.694,
				-166.782 250.138 -901.694,
			]
		}
		coordIndex [
			0, 1, -1
		]
	}
}
#---------- POLYLINE
Shape {
	appearance Appearance {
		material Material {
			diffuseColor 1 0 0
			emissiveColor 1 0 0
		}
	}
	geometry IndexedLineSet {
		coord Coordinate {
			point [
				-166.7 250.25 -901.734,
				-166.688 250.24 -901.731,
			]
		}
		coordIndex [
			0, 1, -1
		]
	}
}
#---------- POLYLINE
Shape {
	appearance Appearance {
		material Material {
			diffuseColor 0 1 0
			emissiveColor 0 1 0
		}
	}
	geometry IndexedLineSet {
		coord Coordinate {
			point [
				-164.939 250.75 -903.971,
				-164.765 250.81 -904.2,
			]
		}
		coordIndex [
			0, 1, -1
		]
	}
}
#---------- POLYLINE
Shape {
	appearance Appearance {
		material Material {
			diffuseColor 1 0 0
			emissiveColor 1 0 0
		}
	}
	geometry IndexedLineSet {
		coord Coordinate {
			point [
				-164.765 250.81 -904.2,
				-164.765 250.81 -904.2,
			]
		}
		coordIndex [
			0, 1, -1
		]
	}
}
#---------- POLYLINE
Shape {
	appearance Appearance {
		material Material {
			diffuseColor 1 0 0
			emissiveColor 1 0 0
		}
	}
	geometry IndexedLineSet {
		coord Coordinate {
			point [
				-164.765 250.81 -904.2,
				-164.765 250.81 -904.2,
			]
		}
		coordIndex [
			0, 1, -1
		]
	}
}
#---------- POLYLINE
Shape {
	appearance Appearance {
		material Material {
			diffuseColor 1 0 0
			emissiveColor 1 0 0
		}
	}
	geometry IndexedLineSet {
		coord Coordinate {
			point [
				-164.765 250.81 -904.2,
				-164.765 250.81 -904.2,
			]
		}
		coordIndex [
			0, 1, -1
		]
	}
}
#---------- POLYLINE
Shape {
	appearance Appearance {
		material Material {
			diffuseColor 1 0 0
			emissiveColor 1 0 0
		}
	}
	geometry IndexedLineSet {
		coord Coordinate {
			point [
				-164.765 250.81 -904.2,
				-164.765 250.81 -904.2,
			]
		}
		coordIndex [
			0, 1, -1
		]
	}
}
#---------- POLYLINE
Shape {
	appearance Appearance {
		material Material {
			diffuseColor 1 0 0
			emissiveColor 1 0 0
		}
	}
	geometry IndexedLineSet {
		coord Coordinate {
			point [
				-164.765 250.81 -904.2,
				-164.765 250.81 -904.2,
			]
		}
		coordIndex [
			0, 1, -1
		]
	}
}
#---------- POLYLINE
Shape {
	appearance Appearance {
		material Material {
			diffuseColor 1 0 0
			emissiveColor 1 0 0
		}
	}
	geometry IndexedLineSet {
		coord Coordinate {
			point [
				-164.765 250.81 -904.2,
				-164.765 250.81 -904.2,
			]
		}
		coordIndex [
			0, 1, -1
		]
	}
}
#---------- POLYLINE
Shape {
	appearance Appearance {
		material Material {
			diffuseColor 1 0 0
			emissiveColor 1 0 0
		}
	}
	geometry IndexedLineSet {
		coord Coordinate {
			point [
				-164.765 250.81 -904.2,
				-164.765 250.81 -904.2,
			]
		}
		coordIndex [
			0, 1, -1
		]
	}
}
#---------- POLYLINE
Shape {
	appearance Appearance {
		material Material {
			diffuseColor 1 0 0
			emissiveColor 1 0 0
		}
	}
	geometry IndexedLineSet {
		coord Coordinate {
			point [
				-164.765 250.81 -904.2,
				-164.765 250.81 -904.2,
			]
		}
		coordIndex [
			0, 1, -1
		]
	}
}
#---------- POLYLINE
Shape {
	appearance Appearance {
		material Material {
			diffuseColor 1 0 0
			emissiveColor 1 0 0
		}
	}
	geometry IndexedLineSet {
		coord Coordinate {
			point [
				-164.765 250.81 -904.2,
				-164.765 250.81 -904.2,
			]
		}
		coordIndex [
			0, 1, -1
		]
	}
}
#---------- POLYLINE
Shape {
	appearance Appearance {
		material Material {
			diffuseColor 1 0 0
			emissiveColor 1 0 0
		}
	}
	geometry IndexedLineSet {
		coord Coordinate {
			point [
				-164.765 250.81 -904.2,
				-164.765 250.81 -904.2,
			]
		}
		coordIndex [
			0, 1, -1
		]
	}
}
#---------- POLYLINE
Shape {
	appearance Appearance {
		material Material {
			diffuseColor 1 0 0
			emissiveColor 1 0 0
		}
	}
	geometry IndexedLineSet {
		coord Coordinate {
			point [
				-164.765 250.81 -904.2,
				-164.765 250.81 -904.2,
			]
		}
		coordIndex [
			0, 1, -1
		]
	}
}
#---------- POLYLINE
Shape {
	appearance Appearance {
		material Material {
			diffuseColor 0 1 0
			emissiveColor 0 1 0
		}
	}
	geometry IndexedLineSet {
		coord Coordinate {
			point [
				-164.765 250.81 -904.2,
				-164.752 250.818 -904.188,
			]
		}
		coordIndex [
			0, 1, -1
		]
	}
}
#---------- POLYLINE
Shape {
	appearance Appearance {
		material Material {
			diffuseColor 1 0 0
			emissiveColor 1 0 0
		}
	}
	geometry IndexedLineSet {
		coord Coordinate {
			point [
				-164.752 250.818 -904.188,
				-164.752 250.818 -904.188,
			]
		}
		coordIndex [
			0, 1, -1
		]
	}
}
#---------- POLYLINE
Shape {
	appearance Appearance {
		material Material {
			diffuseColor 1 0 0
			emissiveColor 1 0 0
		}
	}
	geometry IndexedLineSet {
		coord Coordinate {
			point [
				-164.752 250.818 -904.188,
			]
		}
		coordIndex [
			0, -1
		]
	}
}
#---------- POLYLINE
Shape {
	appearance Appearance {
		material Material {
			diffuseColor 1 0 0
			emissiveColor 1 0 0
		}
	}
	geometry IndexedLineSet {
		coord Coordinate {
			point [
				-164.752 250.818 -904.188,
				-164.752 250.818 -904.188,
			]
		}
		coordIndex [
			0, 1, -1
		]
	}
}
#---------- POLYLINE
Shape {
	appearance Appearance {
		material Material {
			diffuseColor 1 0 0
			emissiveColor 1 0 0
		}
	}
	geometry IndexedLineSet {
		coord Coordinate {
			point [
				-164.752 250.818 -904.188,
				-164.752 250.818 -904.188,
			]
		}
		coordIndex [
			0, 1, -1
		]
	}
}
#---------- POLYLINE
Shape {
	appearance Appearance {
		material Material {
			diffuseColor 1 0 0
			emissiveColor 1 0 0
		}
	}
	geometry IndexedLineSet {
		coord Coordinate {
			point [
				-164.752 250.818 -904.188,
				-164.752 250.818 -904.188,
			]
		}
		coordIndex [
			0, 1, -1
		]
	}
}
#---------- POLYLINE
Shape {
	appearance Appearance {
		material Material {
			diffuseColor 1 0 0
			emissiveColor 1 0 0
		}
	}
	geometry IndexedLineSet {
		coord Coordinate {
			point [
				-164.752 250.818 -904.188,
				-164.752 250.818 -904.188,
			]
		}
		coordIndex [
			0, 1, -1
		]
	}
}
#---------- POLYLINE
Shape {
	appearance Appearance {
		material Material {
			diffuseColor 1 0 0
			emissiveColor 1 0 0
		}
	}
	geometry IndexedLineSet {
		coord Coordinate {
			point [
				-164.752 250.818 -904.188,
				-164.752 250.818 -904.188,
			]
		}
		coordIndex [
			0, 1, -1
		]
	}
}
#---------- POLYLINE
Shape {
	appearance Appearance {
		material Material {
			diffuseColor 1 0 0
			emissiveColor 1 0 0
		}
	}
	geometry IndexedLineSet {
		coord Coordinate {
			point [
				-164.752 250.818 -904.188,
				-164.752 250.818 -904.188,
			]
		}
		coordIndex [
			0, 1, -1
		]
	}
}
#---------- POLYLINE
Shape {
	appearance Appearance {
		material Material {
			diffuseColor 1 0 0
			emissiveColor 1 0 0
		}
	}
	geometry IndexedLineSet {
		coord Coordinate {
			point [
				-164.752 250.818 -904.188,
				-164.752 250.818 -904.188,
			]
		}
		coordIndex [
			0, 1, -1
		]
	}
}
#---------- POLYLINE
Shape {
	appearance Appearance {
		material Material {
			diffuseColor 1 0 0
			emissiveColor 1 0 0
		}
	}
	geometry IndexedLineSet {
		coord Coordinate {
			point [
				-164.752 250.818 -904.188,
				-164.752 250.818 -904.188,
			]
		}
		coordIndex [
			0, 1, -1
		]
	}
}
#---------- POLYLINE
Shape {
	appearance Appearance {
		material Material {
			diffuseColor 1 0 0
			emissiveColor 1 0 0
		}
	}
	geometry IndexedLineSet {
		coord Coordinate {
			point [
				-164.752 250.818 -904.188,
				-164.752 250.818 -904.188,
			]
		}
		coordIndex [
			0, 1, -1
		]
	}
}
#---------- POLYLINE
Shape {
	appearance Appearance {
		material Material {
			diffuseColor 0 1 0
			emissiveColor 0 1 0
		}
	}
	geometry IndexedLineSet {
		coord Coordinate {
			point [
				-164.765 250.81 -904.2,
				-164.743 250.842 -904.153,
			]
		}
		coordIndex [
			0, 1, -1
		]
	}
}
#---------- POLYLINE
Shape {
	appearance Appearance {
		material Material {
			diffuseColor 1 0 0
			emissiveColor 1 0 0
		}
	}
	geometry IndexedLineSet {
		coord Coordinate {
			point [
				-164.743 250.842 -904.153,
				-164.743 250.842 -904.153,
			]
		}
		coordIndex [
			0, 1, -1
		]
	}
}
#---------- POLYLINE
Shape {
	appearance Appearance {
		material Material {
			diffuseColor 1 0 0
			emissiveColor 1 0 0
		}
	}
	geometry IndexedLineSet {
		coord Coordinate {
			point [
				-164.743 250.842 -904.153,
				-164.743 250.842 -904.153,
			]
		}
		coordIndex [
			0, 1, -1
		]
	}
}
#---------- POLYLINE
Shape {
	appearance Appearance {
		material Material {
			diffuseColor 1 0 0
			emissiveColor 1 0 0
		}
	}
	geometry IndexedLineSet {
		coord Coordinate {
			point [
				-164.743 250.842 -904.153,
				-164.743 250.842 -904.153,
			]
		}
		coordIndex [
			0, 1, -1
		]
	}
}
#---------- POLYLINE
Shape {
	appearance Appearance {
		material Material {
			diffuseColor 1 0 0
			emissiveColor 1 0 0
		}
	}
	geometry IndexedLineSet {
		coord Coordinate {
			point [
				-164.743 250.842 -904.153,
				-164.743 250.842 -904.153,
			]
		}
		coordIndex [
			0, 1, -1
		]
	}
}
#---------- POLYLINE
Shape {
	appearance Appearance {
		material Material {
			diffuseColor 1 0 0
			emissiveColor 1 0 0
		}
	}
	geometry IndexedLineSet {
		coord Coordinate {
			point [
				-164.743 250.842 -904.153,
				-164.743 250.842 -904.153,
			]
		}
		coordIndex [
			0, 1, -1
		]
	}
}
#---------- POLYLINE
Shape {
	appearance Appearance {
		material Material {
			diffuseColor 1 0 0
			emissiveColor 1 0 0
		}
	}
	geometry IndexedLineSet {
		coord Coordinate {
			point [
				-164.743 250.842 -904.153,
				-164.743 250.842 -904.153,
			]
		}
		coordIndex [
			0, 1, -1
		]
	}
}
#---------- POLYLINE
Shape {
	appearance Appearance {
		material Material {
			diffuseColor 1 0 0
			emissiveColor 1 0 0
		}
	}
	geometry IndexedLineSet {
		coord Coordinate {
			point [
				-164.743 250.842 -904.153,
				-164.743 250.842 -904.153,
			]
		}
		coordIndex [
			0, 1, -1
		]
	}
}
#---------- POLYLINE
Shape {
	appearance Appearance {
		material Material {
			diffuseColor 1 0 0
			emissiveColor 1 0 0
		}
	}
	geometry IndexedLineSet {
		coord Coordinate {
			point [
				-164.743 250.842 -904.153,
				-164.743 250.842 -904.153,
			]
		}
		coordIndex [
			0, 1, -1
		]
	}
}
#---------- POLYLINE
Shape {
	appearance Appearance {
		material Material {
			diffuseColor 1 0 0
			emissiveColor 1 0 0
		}
	}
	geometry IndexedLineSet {
		coord Coordinate {
			point [
				-164.743 250.842 -904.153,
				-164.743 250.842 -904.153,
			]
		}
		coordIndex [
			0, 1, -1
		]
	}
}
#---------- POLYLINE
Shape {
	appearance Appearance {
		material Material {
			diffuseColor 1 0 0
			emissiveColor 1 0 0
		}
	}
	geometry IndexedLineSet {
		coord Coordinate {
			point [
				-164.743 250.842 -904.153,
				-164.743 250.842 -904.153,
			]
		}
		coordIndex [
			0, 1, -1
		]
	}
}
#---------- POLYLINE
Shape {
	appearance Appearance {
		material Material {
			diffuseColor 1 0 0
			emissiveColor 1 0 0
		}
	}
	geometry IndexedLineSet {
		coord Coordinate {
			point [
				-164.743 250.842 -904.153,
				-164.743 250.842 -904.153,
			]
		}
		coordIndex [
			0, 1, -1
		]
	}
}
#---------- POLYLINE
Shape {
	appearance Appearance {
		material Material {
			diffuseColor 0 1 0
			emissiveColor 0 1 0
		}
	}
	geometry IndexedLineSet {
		coord Coordinate {
			point [
				-164.743 250.842 -904.153,
				-164.739 250.832 -904.146,
			]
		}
		coordIndex [
			0, 1, -1
		]
	}
}
#---------- POLYLINE
Shape {
	appearance Appearance {
		material Material {
			diffuseColor 1 0 0
			emissiveColor 1 0 0
		}
	}
	geometry IndexedLineSet {
		coord Coordinate {
			point [
				-164.739 250.832 -904.146,
				-164.739 250.832 -904.146,
			]
		}
		coordIndex [
			0, 1, -1
		]
	}
}
#---------- POLYLINE
Shape {
	appearance Appearance {
		material Material {
			diffuseColor 1 0 0
			emissiveColor 1 0 0
		}
	}
	geometry IndexedLineSet {
		coord Coordinate {
			point [
				-164.739 250.832 -904.146,
				-164.739 250.832 -904.146,
			]
		}
		coordIndex [
			0, 1, -1
		]
	}
}
#---------- POLYLINE
Shape {
	appearance Appearance {
		material Material {
			diffuseColor 1 0 0
			emissiveColor 1 0 0
		}
	}
	geometry IndexedLineSet {
		coord Coordinate {
			point [
				-164.739 250.832 -904.146,
				-164.739 250.832 -904.146,
			]
		}
		coordIndex [
			0, 1, -1
		]
	}
}
#---------- POLYLINE
Shape {
	appearance Appearance {
		material Material {
			diffuseColor 1 0 0
			emissiveColor 1 0 0
		}
	}
	geometry IndexedLineSet {
		coord Coordinate {
			point [
				-164.739 250.832 -904.146,
				-164.739 250.832 -904.146,
			]
		}
		coordIndex [
			0, 1, -1
		]
	}
}
#---------- POLYLINE
Shape {
	appearance Appearance {
		material Material {
			diffuseColor 1 0 0
			emissiveColor 1 0 0
		}
	}
	geometry IndexedLineSet {
		coord Coordinate {
			point [
				-164.743 250.842 -904.153,
				-164.743 250.842 -904.153,
			]
		}
		coordIndex [
			0, 1, -1
		]
	}
}
#---------- POLYLINE
Shape {
	appearance Appearance {
		material Material {
			diffuseColor 1 0 0
			emissiveColor 1 0 0
		}
	}
	geometry IndexedLineSet {
		coord Coordinate {
			point [
				-164.743 250.842 -904.153,
				-164.743 250.842 -904.152,
			]
		}
		coordIndex [
			0, 1, -1
		]
	}
}
#---------- POLYLINE
Shape {
	appearance Appearance {
		material Material {
			diffuseColor 1 0 0
			emissiveColor 1 0 0
		}
	}
	geometry IndexedLineSet {
		coord Coordinate {
			point [
				-164.765 250.81 -904.2,
				-164.759 250.815 -904.214,
			]
		}
		coordIndex [
			0, 1, -1
		]
	}
}
#---------- POLYLINE
Shape {
	appearance Appearance {
		material Material {
			diffuseColor 0 1 0
			emissiveColor 0 1 0
		}
	}
	geometry IndexedLineSet {
		coord Coordinate {
			point [
				-164.664 251.445 -904.995,
				-169.99 242.733 -896.447,
				-169.097 242.749 -895.826,
			]
		}
		coordIndex [
			0, 1, 2, -1
		]
	}
}
#---------- POLYLINE
Shape {
	appearance Appearance {
		material Material {
			diffuseColor 1 0 0
			emissiveColor 1 0 0
		}
	}
	geometry IndexedLineSet {
		coord Coordinate {
			point [
				-169.097 242.749 -895.826,
				-169.097 242.749 -895.826,
			]
		}
		coordIndex [
			0, 1, -1
		]
	}
}
#---------- POLYLINE
Shape {
	appearance Appearance {
		material Material {
			diffuseColor 1 0 0
			emissiveColor 1 0 0
		}
	}
	geometry IndexedLineSet {
		coord Coordinate {
			point [
				-169.097 242.749 -895.826,
				-169.097 242.749 -895.826,
			]
		}
		coordIndex [
			0, 1, -1
		]
	}
}
#---------- POLYLINE
Shape {
	appearance Appearance {
		material Material {
			diffuseColor 1 0 0
			emissiveColor 1 0 0
		}
	}
	geometry IndexedLineSet {
		coord Coordinate {
			point [
				-169.097 242.749 -895.826,
				-169.097 242.749 -895.826,
			]
		}
		coordIndex [
			0, 1, -1
		]
	}
}
#---------- POLYLINE
Shape {
	appearance Appearance {
		material Material {
			diffuseColor 1 0 0
			emissiveColor 1 0 0
		}
	}
	geometry IndexedLineSet {
		coord Coordinate {
			point [
				-169.097 242.749 -895.826,
				-169.097 242.749 -895.826,
			]
		}
		coordIndex [
			0, 1, -1
		]
	}
}
#---------- POLYLINE
Shape {
	appearance Appearance {
		material Material {
			diffuseColor 1 0 0
			emissiveColor 1 0 0
		}
	}
	geometry IndexedLineSet {
		coord Coordinate {
			point [
				-169.097 242.749 -895.826,
				-169.097 242.749 -895.826,
			]
		}
		coordIndex [
			0, 1, -1
		]
	}
}
#---------- POLYLINE
Shape {
	appearance Appearance {
		material Material {
			diffuseColor 1 0 0
			emissiveColor 1 0 0
		}
	}
	geometry IndexedLineSet {
		coord Coordinate {
			point [
				-169.097 242.749 -895.826,
				-169.097 242.749 -895.826,
			]
		}
		coordIndex [
			0, 1, -1
		]
	}
}
#---------- POLYLINE
Shape {
	appearance Appearance {
		material Material {
			diffuseColor 1 0 0
			emissiveColor 1 0 0
		}
	}
	geometry IndexedLineSet {
		coord Coordinate {
			point [
				-169.097 242.749 -895.826,
				-169.097 242.749 -895.826,
			]
		}
		coordIndex [
			0, 1, -1
		]
	}
}
#---------- POLYLINE
Shape {
	appearance Appearance {
		material Material {
			diffuseColor 1 0 0
			emissiveColor 1 0 0
		}
	}
	geometry IndexedLineSet {
		coord Coordinate {
			point [
				-169.097 242.749 -895.826,
				-169.097 242.749 -895.826,
			]
		}
		coordIndex [
			0, 1, -1
		]
	}
}
#---------- POLYLINE
Shape {
	appearance Appearance {
		material Material {
			diffuseColor 1 0 0
			emissiveColor 1 0 0
		}
	}
	geometry IndexedLineSet {
		coord Coordinate {
			point [
				-169.097 242.749 -895.826,
				-169.097 242.749 -895.826,
			]
		}
		coordIndex [
			0, 1, -1
		]
	}
}
#---------- POLYLINE
Shape {
	appearance Appearance {
		material Material {
			diffuseColor 1 0 0
			emissiveColor 1 0 0
		}
	}
	geometry IndexedLineSet {
		coord Coordinate {
			point [
				-169.097 242.749 -895.826,
				-169.097 242.749 -895.826,
			]
		}
		coordIndex [
			0, 1, -1
		]
	}
}
#---------- POLYLINE
Shape {
	appearance Appearance {
		material Material {
			diffuseColor 1 0 0
			emissiveColor 1 0 0
		}
	}
	geometry IndexedLineSet {
		coord Coordinate {
			point [
				-169.097 242.749 -895.826,
				-169.097 242.749 -895.826,
			]
		}
		coordIndex [
			0, 1, -1
		]
	}
}
#---------- POLYLINE
Shape {
	appearance Appearance {
		material Material {
			diffuseColor 1 0 0
			emissiveColor 1 0 0
		}
	}
	geometry IndexedLineSet {
		coord Coordinate {
			point [
				-169.097 242.749 -895.826,
				-169.097 242.749 -895.826,
			]
		}
		coordIndex [
			0, 1, -1
		]
	}
}
#---------- POLYLINE
Shape {
	appearance Appearance {
		material Material {
			diffuseColor 1 0 0
			emissiveColor 1 0 0
		}
	}
	geometry IndexedLineSet {
		coord Coordinate {
			point [
				-169.097 242.749 -895.826,
				-169.097 242.749 -895.826,
			]
		}
		coordIndex [
			0, 1, -1
		]
	}
}
#---------- POLYLINE
Shape {
	appearance Appearance {
		material Material {
			diffuseColor 1 0 0
			emissiveColor 1 0 0
		}
	}
	geometry IndexedLineSet {
		coord Coordinate {
			point [
				-169.097 242.749 -895.826,
				-169.097 242.749 -895.826,
			]
		}
		coordIndex [
			0, 1, -1
		]
	}
}
#---------- POLYLINE
Shape {
	appearance Appearance {
		material Material {
			diffuseColor 1 0 0
			emissiveColor 1 0 0
		}
	}
	geometry IndexedLineSet {
		coord Coordinate {
			point [
				-169.097 242.749 -895.826,
				-169.097 242.749 -895.826,
			]
		}
		coordIndex [
			0, 1, -1
		]
	}
}
#---------- POLYLINE
Shape {
	appearance Appearance {
		material Material {
			diffuseColor 1 0 0
			emissiveColor 1 0 0
		}
	}
	geometry IndexedLineSet {
		coord Coordinate {
			point [
				-169.097 242.749 -895.826,
				-169.097 242.749 -895.826,
			]
		}
		coordIndex [
			0, 1, -1
		]
	}
}
#---------- POLYLINE
Shape {
	appearance Appearance {
		material Material {
			diffuseColor 1 0 0
			emissiveColor 1 0 0
		}
	}
	geometry IndexedLineSet {
		coord Coordinate {
			point [
				-169.097 242.749 -895.826,
				-169.097 242.749 -895.826,
			]
		}
		coordIndex [
			0, 1, -1
		]
	}
}
#---------- POLYLINE
Shape {
	appearance Appearance {
		material Material {
			diffuseColor 1 0 0
			emissiveColor 1 0 0
		}
	}
	geometry IndexedLineSet {
		coord Coordinate {
			point [
				-169.097 242.749 -895.826,
				-169.097 242.749 -895.826,
			]
		}
		coordIndex [
			0, 1, -1
		]
	}
}
#---------- POLYLINE
Shape {
	appearance Appearance {
		material Material {
			diffuseColor 1 0 0
			emissiveColor 1 0 0
		}
	}
	geometry IndexedLineSet {
		coord Coordinate {
			point [
				-169.097 242.749 -895.826,
				-169.097 242.749 -895.826,
			]
		}
		coordIndex [
			0, 1, -1
		]
	}
}
#---------- POLYLINE
Shape {
	appearance Appearance {
		material Material {
			diffuseColor 1 0 0
			emissiveColor 1 0 0
		}
	}
	geometry IndexedLineSet {
		coord Coordinate {
			point [
				-169.097 242.749 -895.826,
				-169.097 242.749 -895.826,
			]
		}
		coordIndex [
			0, 1, -1
		]
	}
}
#---------- POLYLINE
Shape {
	appearance Appearance {
		material Material {
			diffuseColor 1 0 0
			emissiveColor 1 0 0
		}
	}
	geometry IndexedLineSet {
		coord Coordinate {
			point [
				-169.097 242.749 -895.826,
				-169.097 242.749 -895.826,
			]
		}
		coordIndex [
			0, 1, -1
		]
	}
}
#---------- POLYLINE
Shape {
	appearance Appearance {
		material Material {
			diffuseColor 1 0 0
			emissiveColor 1 0 0
		}
	}
	geometry IndexedLineSet {
		coord Coordinate {
			point [
				-169.097 242.749 -895.826,
				-169.097 242.749 -895.826,
			]
		}
		coordIndex [
			0, 1, -1
		]
	}
}
#---------- POLYLINE
Shape {
	appearance Appearance {
		material Material {
			diffuseColor 1 0 0
			emissiveColor 1 0 0
		}
	}
	geometry IndexedLineSet {
		coord Coordinate {
			point [
				-169.097 242.749 -895.826,
				-169.097 242.749 -895.826,
			]
		}
		coordIndex [
			0, 1, -1
		]
	}
}
#---------- POLYLINE
Shape {
	appearance Appearance {
		material Material {
			diffuseColor 1 0 0
			emissiveColor 1 0 0
		}
	}
	geometry IndexedLineSet {
		coord Coordinate {
			point [
				-169.097 242.749 -895.826,
				-169.097 242.749 -895.826,
			]
		}
		coordIndex [
			0, 1, -1
		]
	}
}
#---------- POLYLINE
Shape {
	appearance Appearance {
		material Material {
			diffuseColor 1 0 0
			emissiveColor 1 0 0
		}
	}
	geometry IndexedLineSet {
		coord Coordinate {
			point [
				-169.097 242.749 -895.826,
				-169.097 242.749 -895.826,
			]
		}
		coordIndex [
			0, 1, -1
		]
	}
}
#---------- POLYLINE
Shape {
	appearance Appearance {
		material Material {
			diffuseColor 1 0 0
			emissiveColor 1 0 0
		}
	}
	geometry IndexedLineSet {
		coord Coordinate {
			point [
				-169.097 242.749 -895.826,
				-169.097 242.749 -895.826,
			]
		}
		coordIndex [
			0, 1, -1
		]
	}
}
#---------- POLYLINE
Shape {
	appearance Appearance {
		material Material {
			diffuseColor 1 0 0
			emissiveColor 1 0 0
		}
	}
	geometry IndexedLineSet {
		coord Coordinate {
			point [
				-169.097 242.749 -895.826,
				-169.097 242.749 -895.826,
			]
		}
		coordIndex [
			0, 1, -1
		]
	}
}
#---------- POLYLINE
Shape {
	appearance Appearance {
		material Material {
			diffuseColor 1 0 0
			emissiveColor 1 0 0
		}
	}
	geometry IndexedLineSet {
		coord Coordinate {
			point [
				-169.097 242.749 -895.826,
				-169.097 242.749 -895.826,
			]
		}
		coordIndex [
			0, 1, -1
		]
	}
}
#---------- POLYLINE
Shape {
	appearance Appearance {
		material Material {
			diffuseColor 1 0 0
			emissiveColor 1 0 0
		}
	}
	geometry IndexedLineSet {
		coord Coordinate {
			point [
				-169.097 242.749 -895.826,
				-169.097 242.749 -895.826,
			]
		}
		coordIndex [
			0, 1, -1
		]
	}
}
#---------- POLYLINE
Shape {
	appearance Appearance {
		material Material {
			diffuseColor 1 0 0
			emissiveColor 1 0 0
		}
	}
	geometry IndexedLineSet {
		coord Coordinate {
			point [
				-169.097 242.749 -895.826,
				-169.097 242.749 -895.826,
			]
		}
		coordIndex [
			0, 1, -1
		]
	}
}
#---------- POLYLINE
Shape {
	appearance Appearance {
		material Material {
			diffuseColor 1 0 0
			emissiveColor 1 0 0
		}
	}
	geometry IndexedLineSet {
		coord Coordinate {
			point [
				-169.097 242.749 -895.826,
				-169.097 242.749 -895.826,
			]
		}
		coordIndex [
			0, 1, -1
		]
	}
}
#---------- POLYLINE
Shape {
	appearance Appearance {
		material Material {
			diffuseColor 0 1 0
			emissiveColor 0 1 0
		}
	}
	geometry IndexedLineSet {
		coord Coordinate {
			point [
				-169.097 242.749 -895.826,
				-169.097 242.749 -895.826,
			]
		}
		coordIndex [
			0, 1, -1
		]
	}
}
#---------- POLYLINE
Shape {
	appearance Appearance {
		material Material {
			diffuseColor 1 0 0
			emissiveColor 1 0 0
		}
	}
	geometry IndexedLineSet {
		coord Coordinate {
			point [
				-169.097 242.749 -895.826,
				-169.097 242.749 -895.826,
			]
		}
		coordIndex [
			0, 1, -1
		]
	}
}
#---------- POLYLINE
Shape {
	appearance Appearance {
		material Material {
			diffuseColor 1 0 0
			emissiveColor 1 0 0
		}
	}
	geometry IndexedLineSet {
		coord Coordinate {
			point [
				-169.097 242.749 -895.826,
				-169.097 242.749 -895.826,
			]
		}
		coordIndex [
			0, 1, -1
		]
	}
}
#---------- POLYLINE
Shape {
	appearance Appearance {
		material Material {
			diffuseColor 1 0 0
			emissiveColor 1 0 0
		}
	}
	geometry IndexedLineSet {
		coord Coordinate {
			point [
				-169.097 242.749 -895.826,
				-169.097 242.749 -895.826,
			]
		}
		coordIndex [
			0, 1, -1
		]
	}
}
#---------- POLYLINE
Shape {
	appearance Appearance {
		material Material {
			diffuseColor 1 0 0
			emissiveColor 1 0 0
		}
	}
	geometry IndexedLineSet {
		coord Coordinate {
			point [
				-169.097 242.749 -895.826,
				-169.097 242.749 -895.826,
			]
		}
		coordIndex [
			0, 1, -1
		]
	}
}
#---------- POLYLINE
Shape {
	appearance Appearance {
		material Material {
			diffuseColor 1 0 0
			emissiveColor 1 0 0
		}
	}
	geometry IndexedLineSet {
		coord Coordinate {
			point [
				-169.097 242.749 -895.826,
				-169.097 242.749 -895.826,
			]
		}
		coordIndex [
			0, 1, -1
		]
	}
}
#---------- POLYLINE
Shape {
	appearance Appearance {
		material Material {
			diffuseColor 1 0 0
			emissiveColor 1 0 0
		}
	}
	geometry IndexedLineSet {
		coord Coordinate {
			point [
				-169.097 242.749 -895.826,
				-169.097 242.749 -895.826,
			]
		}
		coordIndex [
			0, 1, -1
		]
	}
}
#---------- POLYLINE
Shape {
	appearance Appearance {
		material Material {
			diffuseColor 1 0 0
			emissiveColor 1 0 0
		}
	}
	geometry IndexedLineSet {
		coord Coordinate {
			point [
				-169.097 242.749 -895.826,
				-169.097 242.749 -895.826,
			]
		}
		coordIndex [
			0, 1, -1
		]
	}
}
#---------- POLYLINE
Shape {
	appearance Appearance {
		material Material {
			diffuseColor 1 0 0
			emissiveColor 1 0 0
		}
	}
	geometry IndexedLineSet {
		coord Coordinate {
			point [
				-169.097 242.749 -895.826,
				-169.098 242.749 -895.826,
			]
		}
		coordIndex [
			0, 1, -1
		]
	}
}
#---------- POLYLINE
Shape {
	appearance Appearance {
		material Material {
			diffuseColor 1 0 0
			emissiveColor 1 0 0
		}
	}
	geometry IndexedLineSet {
		coord Coordinate {
			point [
				-169.097 242.749 -895.826,
				-169.093 242.747 -895.825,
			]
		}
		coordIndex [
			0, 1, -1
		]
	}
}
#---------- POLYLINE
Shape {
	appearance Appearance {
		material Material {
			diffuseColor 1 0 0
			emissiveColor 1 0 0
		}
	}
	geometry IndexedLineSet {
		coord Coordinate {
			point [
				-169.99 242.733 -896.447,
				-169.997 242.727 -896.444,
			]
		}
		coordIndex [
			0, 1, -1
		]
	}
}
#---------- POLYLINE
Shape {
	appearance Appearance {
		material Material {
			diffuseColor 0 1 0
			emissiveColor 0 1 0
		}
	}
	geometry IndexedLineSet {
		coord Coordinate {
			point [
				-164.582 251.533 -905.144,
				-168.113 248.407 -901.136,
			]
		}
		coordIndex [
			0, 1, -1
		]
	}
}
#---------- POLYLINE
Shape {
	appearance Appearance {
		material Material {
			diffuseColor 1 0 0
			emissiveColor 1 0 0
		}
	}
	geometry IndexedLineSet {
		coord Coordinate {
			point [
				-168.113 248.407 -901.136,
				-168.113 248.407 -901.136,
			]
		}
		coordIndex [
			0, 1, -1
		]
	}
}
#---------- POLYLINE
Shape {
	appearance Appearance {
		material Material {
			diffuseColor 1 0 0
			emissiveColor 1 0 0
		}
	}
	geometry IndexedLineSet {
		coord Coordinate {
			point [
				-168.113 248.407 -901.136,
				-168.113 248.407 -901.136,
			]
		}
		coordIndex [
			0, 1, -1
		]
	}
}
#---------- POLYLINE
Shape {
	appearance Appearance {
		material Material {
			diffuseColor 1 0 0
			emissiveColor 1 0 0
		}
	}
	geometry IndexedLineSet {
		coord Coordinate {
			point [
				-168.113 248.407 -901.136,
				-168.113 248.407 -901.136,
			]
		}
		coordIndex [
			0, 1, -1
		]
	}
}
#---------- POLYLINE
Shape {
	appearance Appearance {
		material Material {
			diffuseColor 1 0 0
			emissiveColor 1 0 0
		}
	}
	geometry IndexedLineSet {
		coord Coordinate {
			point [
				-168.113 248.407 -901.136,
				-168.113 248.407 -901.136,
			]
		}
		coordIndex [
			0, 1, -1
		]
	}
}
#---------- POLYLINE
Shape {
	appearance Appearance {
		material Material {
			diffuseColor 1 0 0
			emissiveColor 1 0 0
		}
	}
	geometry IndexedLineSet {
		coord Coordinate {
			point [
				-168.113 248.407 -901.136,
				-168.113 248.407 -901.136,
			]
		}
		coordIndex [
			0, 1, -1
		]
	}
}
#---------- POLYLINE
Shape {
	appearance Appearance {
		material Material {
			diffuseColor 1 0 0
			emissiveColor 1 0 0
		}
	}
	geometry IndexedLineSet {
		coord Coordinate {
			point [
				-168.113 248.407 -901.136,
				-168.113 248.407 -901.136,
			]
		}
		coordIndex [
			0, 1, -1
		]
	}
}
#---------- POLYLINE
Shape {
	appearance Appearance {
		material Material {
			diffuseColor 1 0 0
			emissiveColor 1 0 0
		}
	}
	geometry IndexedLineSet {
		coord Coordinate {
			point [
				-168.113 248.407 -901.136,
				-168.113 248.407 -901.136,
			]
		}
		coordIndex [
			0, 1, -1
		]
	}
}
#---------- POLYLINE
Shape {
	appearance Appearance {
		material Material {
			diffuseColor 1 0 0
			emissiveColor 1 0 0
		}
	}
	geometry IndexedLineSet {
		coord Coordinate {
			point [
				-168.113 248.407 -901.136,
				-168.113 248.407 -901.136,
			]
		}
		coordIndex [
			0, 1, -1
		]
	}
}
#---------- POLYLINE
Shape {
	appearance Appearance {
		material Material {
			diffuseColor 1 0 0
			emissiveColor 1 0 0
		}
	}
	geometry IndexedLineSet {
		coord Coordinate {
			point [
				-168.113 248.407 -901.136,
				-168.113 248.407 -901.136,
			]
		}
		coordIndex [
			0, 1, -1
		]
	}
}
#---------- POLYLINE
Shape {
	appearance Appearance {
		material Material {
			diffuseColor 1 0 0
			emissiveColor 1 0 0
		}
	}
	geometry IndexedLineSet {
		coord Coordinate {
			point [
				-168.113 248.407 -901.136,
				-168.113 248.407 -901.136,
			]
		}
		coordIndex [
			0, 1, -1
		]
	}
}
#---------- POLYLINE
Shape {
	appearance Appearance {
		material Material {
			diffuseColor 1 0 0
			emissiveColor 1 0 0
		}
	}
	geometry IndexedLineSet {
		coord Coordinate {
			point [
				-168.113 248.407 -901.136,
				-168.113 248.407 -901.136,
			]
		}
		coordIndex [
			0, 1, -1
		]
	}
}
#---------- POLYLINE
Shape {
	appearance Appearance {
		material Material {
			diffuseColor 1 0 0
			emissiveColor 1 0 0
		}
	}
	geometry IndexedLineSet {
		coord Coordinate {
			point [
				-168.113 248.407 -901.136,
				-168.113 248.407 -901.136,
			]
		}
		coordIndex [
			0, 1, -1
		]
	}
}
#---------- POLYLINE
Shape {
	appearance Appearance {
		material Material {
			diffuseColor 1 0 0
			emissiveColor 1 0 0
		}
	}
	geometry IndexedLineSet {
		coord Coordinate {
			point [
				-168.113 248.407 -901.136,
				-168.113 248.407 -901.136,
			]
		}
		coordIndex [
			0, 1, -1
		]
	}
}
#---------- POLYLINE
Shape {
	appearance Appearance {
		material Material {
			diffuseColor 1 0 0
			emissiveColor 1 0 0
		}
	}
	geometry IndexedLineSet {
		coord Coordinate {
			point [
				-168.113 248.407 -901.136,
				-168.113 248.407 -901.136,
			]
		}
		coordIndex [
			0, 1, -1
		]
	}
}
#---------- POLYLINE
Shape {
	appearance Appearance {
		material Material {
			diffuseColor 1 0 0
			emissiveColor 1 0 0
		}
	}
	geometry IndexedLineSet {
		coord Coordinate {
			point [
				-168.113 248.407 -901.136,
				-168.113 248.407 -901.136,
			]
		}
		coordIndex [
			0, 1, -1
		]
	}
}
#---------- POLYLINE
Shape {
	appearance Appearance {
		material Material {
			diffuseColor 1 0 0
			emissiveColor 1 0 0
		}
	}
	geometry IndexedLineSet {
		coord Coordinate {
			point [
				-168.113 248.407 -901.136,
				-168.113 248.407 -901.136,
			]
		}
		coordIndex [
			0, 1, -1
		]
	}
}
#---------- POLYLINE
Shape {
	appearance Appearance {
		material Material {
			diffuseColor 1 0 0
			emissiveColor 1 0 0
		}
	}
	geometry IndexedLineSet {
		coord Coordinate {
			point [
				-168.113 248.407 -901.136,
				-168.113 248.407 -901.136,
			]
		}
		coordIndex [
			0, 1, -1
		]
	}
}
#---------- POLYLINE
Shape {
	appearance Appearance {
		material Material {
			diffuseColor 1 0 0
			emissiveColor 1 0 0
		}
	}
	geometry IndexedLineSet {
		coord Coordinate {
			point [
				-168.113 248.407 -901.136,
				-168.113 248.407 -901.136,
			]
		}
		coordIndex [
			0, 1, -1
		]
	}
}
#---------- POLYLINE
Shape {
	appearance Appearance {
		material Material {
			diffuseColor 1 0 0
			emissiveColor 1 0 0
		}
	}
	geometry IndexedLineSet {
		coord Coordinate {
			point [
				-168.113 248.407 -901.136,
				-168.113 248.407 -901.136,
			]
		}
		coordIndex [
			0, 1, -1
		]
	}
}
#---------- POLYLINE
Shape {
	appearance Appearance {
		material Material {
			diffuseColor 1 0 0
			emissiveColor 1 0 0
		}
	}
	geometry IndexedLineSet {
		coord Coordinate {
			point [
				-168.113 248.407 -901.136,
				-168.113 248.407 -901.136,
			]
		}
		coordIndex [
			0, 1, -1
		]
	}
}
#---------- POLYLINE
Shape {
	appearance Appearance {
		material Material {
			diffuseColor 1 0 0
			emissiveColor 1 0 0
		}
	}
	geometry IndexedLineSet {
		coord Coordinate {
			point [
				-168.113 248.407 -901.136,
				-168.113 248.407 -901.136,
			]
		}
		coordIndex [
			0, 1, -1
		]
	}
}
#---------- POLYLINE
Shape {
	appearance Appearance {
		material Material {
			diffuseColor 1 0 0
			emissiveColor 1 0 0
		}
	}
	geometry IndexedLineSet {
		coord Coordinate {
			point [
				-168.113 248.407 -901.136,
				-168.113 248.407 -901.136,
			]
		}
		coordIndex [
			0, 1, -1
		]
	}
}
#---------- POLYLINE
Shape {
	appearance Appearance {
		material Material {
			diffuseColor 1 0 0
			emissiveColor 1 0 0
		}
	}
	geometry IndexedLineSet {
		coord Coordinate {
			point [
				-168.113 248.407 -901.136,
				-168.113 248.407 -901.136,
			]
		}
		coordIndex [
			0, 1, -1
		]
	}
}
#---------- POLYLINE
Shape {
	appearance Appearance {
		material Material {
			diffuseColor 1 0 0
			emissiveColor 1 0 0
		}
	}
	geometry IndexedLineSet {
		coord Coordinate {
			point [
				-168.113 248.407 -901.136,
				-168.113 248.407 -901.136,
			]
		}
		coordIndex [
			0, 1, -1
		]
	}
}
#---------- POLYLINE
Shape {
	appearance Appearance {
		material Material {
			diffuseColor 1 0 0
			emissiveColor 1 0 0
		}
	}
	geometry IndexedLineSet {
		coord Coordinate {
			point [
				-168.113 248.407 -901.136,
				-168.113 248.407 -901.136,
			]
		}
		coordIndex [
			0, 1, -1
		]
	}
}
#---------- POLYLINE
Shape {
	appearance Appearance {
		material Material {
			diffuseColor 0 1 0
			emissiveColor 0 1 0
		}
	}
	geometry IndexedLineSet {
		coord Coordinate {
			point [
				-168.113 248.407 -901.136,
				-168.73 248.296 -901.254,
			]
		}
		coordIndex [
			0, 1, -1
		]
	}
}
#---------- POLYLINE
Shape {
	appearance Appearance {
		material Material {
			diffuseColor 1 0 0
			emissiveColor 1 0 0
		}
	}
	geometry IndexedLineSet {
		coord Coordinate {
			point [
				-168.73 248.296 -901.254,
				-168.73 248.296 -901.254,
			]
		}
		coordIndex [
			0, 1, -1
		]
	}
}
#---------- POLYLINE
Shape {
	appearance Appearance {
		material Material {
			diffuseColor 1 0 0
			emissiveColor 1 0 0
		}
	}
	geometry IndexedLineSet {
		coord Coordinate {
			point [
				-168.73 248.296 -901.254,
				-168.73 248.296 -901.254,
			]
		}
		coordIndex [
			0, 1, -1
		]
	}
}
#---------- POLYLINE
Shape {
	appearance Appearance {
		material Material {
			diffuseColor 1 0 0
			emissiveColor 1 0 0
		}
	}
	geometry IndexedLineSet {
		coord Coordinate {
			point [
				-168.73 248.296 -901.254,
				-168.73 248.296 -901.254,
			]
		}
		coordIndex [
			0, 1, -1
		]
	}
}
#---------- POLYLINE
Shape {
	appearance Appearance {
		material Material {
			diffuseColor 1 0 0
			emissiveColor 1 0 0
		}
	}
	geometry IndexedLineSet {
		coord Coordinate {
			point [
				-168.73 248.296 -901.254,
				-168.73 248.296 -901.254,
			]
		}
		coordIndex [
			0, 1, -1
		]
	}
}
#---------- POLYLINE
Shape {
	appearance Appearance {
		material Material {
			diffuseColor 1 0 0
			emissiveColor 1 0 0
		}
	}
	geometry IndexedLineSet {
		coord Coordinate {
			point [
				-168.73 248.296 -901.254,
				-168.73 248.296 -901.254,
			]
		}
		coordIndex [
			0, 1, -1
		]
	}
}
#---------- POLYLINE
Shape {
	appearance Appearance {
		material Material {
			diffuseColor 1 0 0
			emissiveColor 1 0 0
		}
	}
	geometry IndexedLineSet {
		coord Coordinate {
			point [
				-168.73 248.296 -901.254,
				-168.73 248.296 -901.254,
			]
		}
		coordIndex [
			0, 1, -1
		]
	}
}
#---------- POLYLINE
Shape {
	appearance Appearance {
		material Material {
			diffuseColor 1 0 0
			emissiveColor 1 0 0
		}
	}
	geometry IndexedLineSet {
		coord Coordinate {
			point [
				-168.73 248.296 -901.254,
				-168.731 248.295 -901.254,
			]
		}
		coordIndex [
			0, 1, -1
		]
	}
}
#---------- POLYLINE
Shape {
	appearance Appearance {
		material Material {
			diffuseColor 1 0 0
			emissiveColor 1 0 0
		}
	}
	geometry IndexedLineSet {
		coord Coordinate {
			point [
				-168.113 248.407 -901.136,
				-168.115 248.406 -901.131,
			]
		}
		coordIndex [
			0, 1, -1
		]
	}
}
#---------- POLYLINE
Shape {
	appearance Appearance {
		material Material {
			diffuseColor 0 1 0
			emissiveColor 0 1 0
		}
	}
	geometry IndexedLineSet {
		coord Coordinate {
			point [
				-164.526 251.36 -904.981,
				-164.674 251.814 -905.39,
				-164.612 251.801 -905.263,
			]
		}
		coordIndex [
			0, 1, 2, -1
		]
	}
}
#---------- POLYLINE
Shape {
	appearance Appearance {
		material Material {
			diffuseColor 1 0 0
			emissiveColor 1 0 0
		}
	}
	geometry IndexedLineSet {
		coord Coordinate {
			point [
				-164.612 251.801 -905.263,
				-164.612 251.801 -905.263,
			]
		}
		coordIndex [
			0, 1, -1
		]
	}
}
#---------- POLYLINE
Shape {
	appearance Appearance {
		material Material {
			diffuseColor 1 0 0
			emissiveColor 1 0 0
		}
	}
	geometry IndexedLineSet {
		coord Coordinate {
			point [
				-164.612 251.801 -905.263,
				-164.612 251.801 -905.263,
			]
		}
		coordIndex [
			0, 1, -1
		]
	}
}
#---------- POLYLINE
Shape {
	appearance Appearance {
		material Material {
			diffuseColor 1 0 0
			emissiveColor 1 0 0
		}
	}
	geometry IndexedLineSet {
		coord Coordinate {
			point [
				-164.612 251.801 -905.263,
				-164.612 251.801 -905.263,
			]
		}
		coordIndex [
			0, 1, -1
		]
	}
}
#---------- POLYLINE
Shape {
	appearance Appearance {
		material Material {
			diffuseColor 1 0 0
			emissiveColor 1 0 0
		}
	}
	geometry IndexedLineSet {
		coord Coordinate {
			point [
				-164.612 251.801 -905.263,
				-164.612 251.801 -905.263,
			]
		}
		coordIndex [
			0, 1, -1
		]
	}
}
#---------- POLYLINE
Shape {
	appearance Appearance {
		material Material {
			diffuseColor 1 0 0
			emissiveColor 1 0 0
		}
	}
	geometry IndexedLineSet {
		coord Coordinate {
			point [
				-164.612 251.801 -905.263,
				-164.612 251.801 -905.263,
			]
		}
		coordIndex [
			0, 1, -1
		]
	}
}
#---------- POLYLINE
Shape {
	appearance Appearance {
		material Material {
			diffuseColor 1 0 0
			emissiveColor 1 0 0
		}
	}
	geometry IndexedLineSet {
		coord Coordinate {
			point [
				-164.612 251.801 -905.263,
				-164.612 251.801 -905.263,
			]
		}
		coordIndex [
			0, 1, -1
		]
	}
}
#---------- POLYLINE
Shape {
	appearance Appearance {
		material Material {
			diffuseColor 0 1 0
			emissiveColor 0 1 0
		}
	}
	geometry IndexedLineSet {
		coord Coordinate {
			point [
				-164.612 251.801 -905.263,
				-164.615 251.831 -905.257,
			]
		}
		coordIndex [
			0, 1, -1
		]
	}
}
#---------- POLYLINE
Shape {
	appearance Appearance {
		material Material {
			diffuseColor 1 0 0
			emissiveColor 1 0 0
		}
	}
	geometry IndexedLineSet {
		coord Coordinate {
			point [
				-164.615 251.831 -905.257,
				-164.615 251.831 -905.257,
			]
		}
		coordIndex [
			0, 1, -1
		]
	}
}
#---------- POLYLINE
Shape {
	appearance Appearance {
		material Material {
			diffuseColor 1 0 0
			emissiveColor 1 0 0
		}
	}
	geometry IndexedLineSet {
		coord Coordinate {
			point [
				-164.615 251.831 -905.257,
				-164.615 251.831 -905.257,
			]
		}
		coordIndex [
			0, 1, -1
		]
	}
}
#---------- POLYLINE
Shape {
	appearance Appearance {
		material Material {
			diffuseColor 1 0 0
			emissiveColor 1 0 0
		}
	}
	geometry IndexedLineSet {
		coord Coordinate {
			point [
				-164.615 251.831 -905.257,
				-164.615 251.831 -905.257,
			]
		}
		coordIndex [
			0, 1, -1
		]
	}
}
#---------- POLYLINE
Shape {
	appearance Appearance {
		material Material {
			diffuseColor 1 0 0
			emissiveColor 1 0 0
		}
	}
	geometry IndexedLineSet {
		coord Coordinate {
			point [
				-164.615 251.831 -905.257,
				-164.615 251.831 -905.257,
			]
		}
		coordIndex [
			0, 1, -1
		]
	}
}
#---------- POLYLINE
Shape {
	appearance Appearance {
		material Material {
			diffuseColor 1 0 0
			emissiveColor 1 0 0
		}
	}
	geometry IndexedLineSet {
		coord Coordinate {
			point [
				-164.615 251.831 -905.257,
				-164.615 251.831 -905.257,
			]
		}
		coordIndex [
			0, 1, -1
		]
	}
}
#---------- POLYLINE
Shape {
	appearance Appearance {
		material Material {
			diffuseColor 1 0 0
			emissiveColor 1 0 0
		}
	}
	geometry IndexedLineSet {
		coord Coordinate {
			point [
				-164.615 251.831 -905.257,
				-164.615 251.831 -905.257,
			]
		}
		coordIndex [
			0, 1, -1
		]
	}
}
#---------- POLYLINE
Shape {
	appearance Appearance {
		material Material {
			diffuseColor 1 0 0
			emissiveColor 1 0 0
		}
	}
	geometry IndexedLineSet {
		coord Coordinate {
			point [
				-164.615 251.831 -905.257,
				-164.615 251.831 -905.257,
			]
		}
		coordIndex [
			0, 1, -1
		]
	}
}
#---------- POLYLINE
Shape {
	appearance Appearance {
		material Material {
			diffuseColor 1 0 0
			emissiveColor 1 0 0
		}
	}
	geometry IndexedLineSet {
		coord Coordinate {
			point [
				-164.615 251.831 -905.257,
				-164.615 251.831 -905.257,
			]
		}
		coordIndex [
			0, 1, -1
		]
	}
}
#---------- POLYLINE
Shape {
	appearance Appearance {
		material Material {
			diffuseColor 1 0 0
			emissiveColor 1 0 0
		}
	}
	geometry IndexedLineSet {
		coord Coordinate {
			point [
				-164.615 251.831 -905.257,
				-164.615 251.831 -905.257,
			]
		}
		coordIndex [
			0, 1, -1
		]
	}
}
#---------- POLYLINE
Shape {
	appearance Appearance {
		material Material {
			diffuseColor 1 0 0
			emissiveColor 1 0 0
		}
	}
	geometry IndexedLineSet {
		coord Coordinate {
			point [
				-164.615 251.831 -905.257,
				-164.615 251.831 -905.257,
			]
		}
		coordIndex [
			0, 1, -1
		]
	}
}
#---------- POLYLINE
Shape {
	appearance Appearance {
		material Material {
			diffuseColor 1 0 0
			emissiveColor 1 0 0
		}
	}
	geometry IndexedLineSet {
		coord Coordinate {
			point [
				-164.615 251.831 -905.257,
				-164.615 251.831 -905.257,
			]
		}
		coordIndex [
			0, 1, -1
		]
	}
}
#---------- POLYLINE
Shape {
	appearance Appearance {
		material Material {
			diffuseColor 0 1 0
			emissiveColor 0 1 0
		}
	}
	geometry IndexedLineSet {
		coord Coordinate {
			point [
				-164.615 251.831 -905.257,
				-164.625 251.834 -905.256,
			]
		}
		coordIndex [
			0, 1, -1
		]
	}
}
#---------- POLYLINE
Shape {
	appearance Appearance {
		material Material {
			diffuseColor 1 0 0
			emissiveColor 1 0 0
		}
	}
	geometry IndexedLineSet {
		coord Coordinate {
			point [
				-164.625 251.834 -905.256,
				-164.625 251.834 -905.256,
			]
		}
		coordIndex [
			0, 1, -1
		]
	}
}
#---------- POLYLINE
Shape {
	appearance Appearance {
		material Material {
			diffuseColor 1 0 0
			emissiveColor 1 0 0
		}
	}
	geometry IndexedLineSet {
		coord Coordinate {
			point [
				-164.625 251.834 -905.256,
				-164.625 251.834 -905.256,
			]
		}
		coordIndex [
			0, 1, -1
		]
	}
}
#---------- POLYLINE
Shape {
	appearance Appearance {
		material Material {
			diffuseColor 1 0 0
			emissiveColor 1 0 0
		}
	}
	geometry IndexedLineSet {
		coord Coordinate {
			point [
				-164.625 251.834 -905.256,
				-164.625 251.834 -905.256,
			]
		}
		coordIndex [
			0, 1, -1
		]
	}
}
#---------- POLYLINE
Shape {
	appearance Appearance {
		material Material {
			diffuseColor 1 0 0
			emissiveColor 1 0 0
		}
	}
	geometry IndexedLineSet {
		coord Coordinate {
			point [
				-164.625 251.834 -905.256,
				-164.625 251.834 -905.256,
			]
		}
		coordIndex [
			0, 1, -1
		]
	}
}
#---------- POLYLINE
Shape {
	appearance Appearance {
		material Material {
			diffuseColor 1 0 0
			emissiveColor 1 0 0
		}
	}
	geometry IndexedLineSet {
		coord Coordinate {
			point [
				-164.625 251.834 -905.256,
				-164.625 251.834 -905.256,
			]
		}
		coordIndex [
			0, 1, -1
		]
	}
}
#---------- POLYLINE
Shape {
	appearance Appearance {
		material Material {
			diffuseColor 1 0 0
			emissiveColor 1 0 0
		}
	}
	geometry IndexedLineSet {
		coord Coordinate {
			point [
				-164.625 251.834 -905.256,
				-164.625 251.834 -905.256,
			]
		}
		coordIndex [
			0, 1, -1
		]
	}
}
#---------- POLYLINE
Shape {
	appearance Appearance {
		material Material {
			diffuseColor 1 0 0
			emissiveColor 1 0 0
		}
	}
	geometry IndexedLineSet {
		coord Coordinate {
			point [
				-164.625 251.834 -905.256,
				-164.625 251.834 -905.257,
			]
		}
		coordIndex [
			0, 1, -1
		]
	}
}
#---------- POLYLINE
Shape {
	appearance Appearance {
		material Material {
			diffuseColor 1 0 0
			emissiveColor 1 0 0
		}
	}
	geometry IndexedLineSet {
		coord Coordinate {
			point [
				-164.615 251.831 -905.257,
				-164.615 251.831 -905.257,
			]
		}
		coordIndex [
			0, 1, -1
		]
	}
}
#---------- POLYLINE
Shape {
	appearance Appearance {
		material Material {
			diffuseColor 1 0 0
			emissiveColor 1 0 0
		}
	}
	geometry IndexedLineSet {
		coord Coordinate {
			point [
				-164.615 251.831 -905.257,
				-164.615 251.832 -905.257,
			]
		}
		coordIndex [
			0, 1, -1
		]
	}
}
#---------- POLYLINE
Shape {
	appearance Appearance {
		material Material {
			diffuseColor 1 0 0
			emissiveColor 1 0 0
		}
	}
	geometry IndexedLineSet {
		coord Coordinate {
			point [
				-164.612 251.801 -905.263,
				-164.611 251.801 -905.263,
			]
		}
		coordIndex [
			0, 1, -1
		]
	}
}
#---------- POLYLINE
Shape {
	appearance Appearance {
		material Material {
			diffuseColor 1 0 0
			emissiveColor 1 0 0
		}
	}
	geometry IndexedLineSet {
		coord Coordinate {
			point [
				-164.674 251.814 -905.39,
				-164.675 251.815 -905.392,
			]
		}
		coordIndex [
			0, 1, -1
		]
	}
}
#---------- POLYLINE
Shape {
	appearance Appearance {
		material Material {
			diffuseColor 0 1 0
			emissiveColor 0 1 0
		}
	}
	geometry IndexedLineSet {
		coord Coordinate {
			point [
				-164.626 250.891 -904.724,
				-163.862 254.405 -906.578,
				-163.924 254.542 -907.037,
			]
		}
		coordIndex [
			0, 1, 2, -1
		]
	}
}
#---------- POLYLINE
Shape {
	appearance Appearance {
		material Material {
			diffuseColor 1 0 0
			emissiveColor 1 0 0
		}
	}
	geometry IndexedLineSet {
		coord Coordinate {
			point [
				-163.924 254.542 -907.037,
				-163.924 254.542 -907.037,
			]
		}
		coordIndex [
			0, 1, -1
		]
	}
}
#---------- POLYLINE
Shape {
	appearance Appearance {
		material Material {
			diffuseColor 1 0 0
			emissiveColor 1 0 0
		}
	}
	geometry IndexedLineSet {
		coord Coordinate {
			point [
				-163.924 254.542 -907.037,
				-163.924 254.542 -907.037,
			]
		}
		coordIndex [
			0, 1, -1
		]
	}
}
#---------- POLYLINE
Shape {
	appearance Appearance {
		material Material {
			diffuseColor 1 0 0
			emissiveColor 1 0 0
		}
	}
	geometry IndexedLineSet {
		coord Coordinate {
			point [
				-163.924 254.542 -907.037,
				-163.924 254.542 -907.037,
			]
		}
		coordIndex [
			0, 1, -1
		]
	}
}
#---------- POLYLINE
Shape {
	appearance Appearance {
		material Material {
			diffuseColor 0 1 0
			emissiveColor 0 1 0
		}
	}
	geometry IndexedLineSet {
		coord Coordinate {
			point [
				-163.924 254.542 -907.037,
				-163.831 254.533 -906.929,
				-163.493 254.379 -906.758,
				-163.463 254.353 -906.767,
				-162.728 254.306 -907.276,
			]
		}
		coordIndex [
			0, 1, 2, 3, 4, -1
		]
	}
}
#---------- POLYLINE
Shape {
	appearance Appearance {
		material Material {
			diffuseColor 1 0 0
			emissiveColor 1 0 0
		}
	}
	geometry IndexedLineSet {
		coord Coordinate {
			point [
				-162.728 254.306 -907.276,
				-162.728 254.306 -907.276,
			]
		}
		coordIndex [
			0, 1, -1
		]
	}
}
#---------- POLYLINE
Shape {
	appearance Appearance {
		material Material {
			diffuseColor 1 0 0
			emissiveColor 1 0 0
		}
	}
	geometry IndexedLineSet {
		coord Coordinate {
			point [
				-162.728 254.306 -907.276,
			]
		}
		coordIndex [
			0, -1
		]
	}
}
#---------- POLYLINE
Shape {
	appearance Appearance {
		material Material {
			diffuseColor 1 0 0
			emissiveColor 1 0 0
		}
	}
	geometry IndexedLineSet {
		coord Coordinate {
			point [
				-162.728 254.306 -907.276,
				-162.728 254.306 -907.276,
			]
		}
		coordIndex [
			0, 1, -1
		]
	}
}
#---------- POLYLINE
Shape {
	appearance Appearance {
		material Material {
			diffuseColor 1 0 0
			emissiveColor 1 0 0
		}
	}
	geometry IndexedLineSet {
		coord Coordinate {
			point [
				-162.728 254.306 -907.276,
				-162.728 254.306 -907.276,
			]
		}
		coordIndex [
			0, 1, -1
		]
	}
}
#---------- POLYLINE
Shape {
	appearance Appearance {
		material Material {
			diffuseColor 1 0 0
			emissiveColor 1 0 0
		}
	}
	geometry IndexedLineSet {
		coord Coordinate {
			point [
				-162.728 254.306 -907.276,
				-162.728 254.306 -907.276,
			]
		}
		coordIndex [
			0, 1, -1
		]
	}
}
#---------- POLYLINE
Shape {
	appearance Appearance {
		material Material {
			diffuseColor 1 0 0
			emissiveColor 1 0 0
		}
	}
	geometry IndexedLineSet {
		coord Coordinate {
			point [
				-162.728 254.306 -907.276,
				-162.728 254.306 -907.276,
			]
		}
		coordIndex [
			0, 1, -1
		]
	}
}
#---------- POLYLINE
Shape {
	appearance Appearance {
		material Material {
			diffuseColor 1 0 0
			emissiveColor 1 0 0
		}
	}
	geometry IndexedLineSet {
		coord Coordinate {
			point [
				-162.728 254.306 -907.276,
				-162.728 254.306 -907.276,
			]
		}
		coordIndex [
			0, 1, -1
		]
	}
}
#---------- POLYLINE
Shape {
	appearance Appearance {
		material Material {
			diffuseColor 1 0 0
			emissiveColor 1 0 0
		}
	}
	geometry IndexedLineSet {
		coord Coordinate {
			point [
				-162.728 254.306 -907.276,
				-162.728 254.306 -907.276,
			]
		}
		coordIndex [
			0, 1, -1
		]
	}
}
#---------- POLYLINE
Shape {
	appearance Appearance {
		material Material {
			diffuseColor 1 0 0
			emissiveColor 1 0 0
		}
	}
	geometry IndexedLineSet {
		coord Coordinate {
			point [
				-162.728 254.306 -907.276,
				-162.728 254.306 -907.276,
			]
		}
		coordIndex [
			0, 1, -1
		]
	}
}
#---------- POLYLINE
Shape {
	appearance Appearance {
		material Material {
			diffuseColor 1 0 0
			emissiveColor 1 0 0
		}
	}
	geometry IndexedLineSet {
		coord Coordinate {
			point [
				-162.728 254.306 -907.276,
				-162.728 254.306 -907.276,
			]
		}
		coordIndex [
			0, 1, -1
		]
	}
}
#---------- POLYLINE
Shape {
	appearance Appearance {
		material Material {
			diffuseColor 1 0 0
			emissiveColor 1 0 0
		}
	}
	geometry IndexedLineSet {
		coord Coordinate {
			point [
				-162.728 254.306 -907.276,
				-162.728 254.306 -907.276,
			]
		}
		coordIndex [
			0, 1, -1
		]
	}
}
#---------- POLYLINE
Shape {
	appearance Appearance {
		material Material {
			diffuseColor 1 0 0
			emissiveColor 1 0 0
		}
	}
	geometry IndexedLineSet {
		coord Coordinate {
			point [
				-162.728 254.306 -907.276,
				-162.728 254.306 -907.276,
			]
		}
		coordIndex [
			0, 1, -1
		]
	}
}
#---------- POLYLINE
Shape {
	appearance Appearance {
		material Material {
			diffuseColor 0 1 0
			emissiveColor 0 1 0
		}
	}
	geometry IndexedLineSet {
		coord Coordinate {
			point [
				-162.728 254.306 -907.276,
				-162.728 254.306 -907.276,
			]
		}
		coordIndex [
			0, 1, -1
		]
	}
}
#---------- POLYLINE
Shape {
	appearance Appearance {
		material Material {
			diffuseColor 1 0 0
			emissiveColor 1 0 0
		}
	}
	geometry IndexedLineSet {
		coord Coordinate {
			point [
				-162.728 254.306 -907.276,
				-162.728 254.306 -907.276,
			]
		}
		coordIndex [
			0, 1, -1
		]
	}
}
#---------- POLYLINE
Shape {
	appearance Appearance {
		material Material {
			diffuseColor 1 0 0
			emissiveColor 1 0 0
		}
	}
	geometry IndexedLineSet {
		coord Coordinate {
			point [
				-162.728 254.306 -907.276,
				-162.728 254.306 -907.276,
			]
		}
		coordIndex [
			0, 1, -1
		]
	}
}
#---------- POLYLINE
Shape {
	appearance Appearance {
		material Material {
			diffuseColor 1 0 0
			emissiveColor 1 0 0
		}
	}
	geometry IndexedLineSet {
		coord Coordinate {
			point [
				-162.728 254.306 -907.276,
				-162.728 254.306 -907.276,
			]
		}
		coordIndex [
			0, 1, -1
		]
	}
}
#---------- POLYLINE
Shape {
	appearance Appearance {
		material Material {
			diffuseColor 1 0 0
			emissiveColor 1 0 0
		}
	}
	geometry IndexedLineSet {
		coord Coordinate {
			point [
				-162.728 254.306 -907.276,
				-162.728 254.306 -907.276,
			]
		}
		coordIndex [
			0, 1, -1
		]
	}
}
#---------- POLYLINE
Shape {
	appearance Appearance {
		material Material {
			diffuseColor 1 0 0
			emissiveColor 1 0 0
		}
	}
	geometry IndexedLineSet {
		coord Coordinate {
			point [
				-162.728 254.306 -907.276,
				-162.728 254.306 -907.276,
			]
		}
		coordIndex [
			0, 1, -1
		]
	}
}
#---------- POLYLINE
Shape {
	appearance Appearance {
		material Material {
			diffuseColor 1 0 0
			emissiveColor 1 0 0
		}
	}
	geometry IndexedLineSet {
		coord Coordinate {
			point [
				-162.728 254.306 -907.276,
				-162.728 254.306 -907.276,
			]
		}
		coordIndex [
			0, 1, -1
		]
	}
}
#---------- POLYLINE
Shape {
	appearance Appearance {
		material Material {
			diffuseColor 1 0 0
			emissiveColor 1 0 0
		}
	}
	geometry IndexedLineSet {
		coord Coordinate {
			point [
				-162.728 254.306 -907.276,
				-162.728 254.306 -907.276,
			]
		}
		coordIndex [
			0, 1, -1
		]
	}
}
#---------- POLYLINE
Shape {
	appearance Appearance {
		material Material {
			diffuseColor 1 0 0
			emissiveColor 1 0 0
		}
	}
	geometry IndexedLineSet {
		coord Coordinate {
			point [
				-162.728 254.306 -907.276,
				-162.728 254.306 -907.276,
			]
		}
		coordIndex [
			0, 1, -1
		]
	}
}
#---------- POLYLINE
Shape {
	appearance Appearance {
		material Material {
			diffuseColor 1 0 0
			emissiveColor 1 0 0
		}
	}
	geometry IndexedLineSet {
		coord Coordinate {
			point [
				-162.728 254.306 -907.276,
				-162.728 254.306 -907.276,
			]
		}
		coordIndex [
			0, 1, -1
		]
	}
}
#---------- POLYLINE
Shape {
	appearance Appearance {
		material Material {
			diffuseColor 1 0 0
			emissiveColor 1 0 0
		}
	}
	geometry IndexedLineSet {
		coord Coordinate {
			point [
				-162.728 254.306 -907.276,
				-162.728 254.306 -907.276,
			]
		}
		coordIndex [
			0, 1, -1
		]
	}
}
#---------- POLYLINE
Shape {
	appearance Appearance {
		material Material {
			diffuseColor 1 0 0
			emissiveColor 1 0 0
		}
	}
	geometry IndexedLineSet {
		coord Coordinate {
			point [
				-162.728 254.306 -907.276,
				-162.728 254.306 -907.276,
			]
		}
		coordIndex [
			0, 1, -1
		]
	}
}
#---------- POLYLINE
Shape {
	appearance Appearance {
		material Material {
			diffuseColor 1 0 0
			emissiveColor 1 0 0
		}
	}
	geometry IndexedLineSet {
		coord Coordinate {
			point [
				-162.728 254.306 -907.276,
				-162.728 254.305 -907.276,
			]
		}
		coordIndex [
			0, 1, -1
		]
	}
}
#---------- POLYLINE
Shape {
	appearance Appearance {
		material Material {
			diffuseColor 1 0 0
			emissiveColor 1 0 0
		}
	}
	geometry IndexedLineSet {
		coord Coordinate {
			point [
				-163.463 254.353 -906.767,
				-163.463 254.353 -906.767,
			]
		}
		coordIndex [
			0, 1, -1
		]
	}
}
#---------- POLYLINE
Shape {
	appearance Appearance {
		material Material {
			diffuseColor 1 0 0
			emissiveColor 1 0 0
		}
	}
	geometry IndexedLineSet {
		coord Coordinate {
			point [
				-163.924 254.542 -907.037,
				-163.923 254.541 -907.045,
			]
		}
		coordIndex [
			0, 1, -1
		]
	}
}
#---------- POLYLINE
Shape {
	appearance Appearance {
		material Material {
			diffuseColor 1 0 0
			emissiveColor 1 0 0
		}
	}
	geometry IndexedLineSet {
		coord Coordinate {
			point [
				-163.862 254.405 -906.578,
				-163.862 254.406 -906.577,
			]
		}
		coordIndex [
			0, 1, -1
		]
	}
}
#---------- POLYLINE
Shape {
	appearance Appearance {
		material Material {
			diffuseColor 0 1 0
			emissiveColor 0 1 0
		}
	}
	geometry IndexedLineSet {
		coord Coordinate {
			point [
				-164.807 250.53 -904.251,
				-164.421 251.244 -905.273,
			]
		}
		coordIndex [
			0, 1, -1
		]
	}
}
#---------- POLYLINE
Shape {
	appearance Appearance {
		material Material {
			diffuseColor 1 0 0
			emissiveColor 1 0 0
		}
	}
	geometry IndexedLineSet {
		coord Coordinate {
			point [
				-164.421 251.244 -905.273,
				-164.421 251.244 -905.273,
			]
		}
		coordIndex [
			0, 1, -1
		]
	}
}
#---------- POLYLINE
Shape {
	appearance Appearance {
		material Material {
			diffuseColor 1 0 0
			emissiveColor 1 0 0
		}
	}
	geometry IndexedLineSet {
		coord Coordinate {
			point [
				-164.421 251.244 -905.273,
				-164.421 251.244 -905.273,
			]
		}
		coordIndex [
			0, 1, -1
		]
	}
}
#---------- POLYLINE
Shape {
	appearance Appearance {
		material Material {
			diffuseColor 1 0 0
			emissiveColor 1 0 0
		}
	}
	geometry IndexedLineSet {
		coord Coordinate {
			point [
				-164.421 251.244 -905.273,
				-164.421 251.244 -905.273,
			]
		}
		coordIndex [
			0, 1, -1
		]
	}
}
#---------- POLYLINE
Shape {
	appearance Appearance {
		material Material {
			diffuseColor 1 0 0
			emissiveColor 1 0 0
		}
	}
	geometry IndexedLineSet {
		coord Coordinate {
			point [
				-164.421 251.244 -905.273,
				-164.421 251.244 -905.273,
			]
		}
		coordIndex [
			0, 1, -1
		]
	}
}
#---------- POLYLINE
Shape {
	appearance Appearance {
		material Material {
			diffuseColor 1 0 0
			emissiveColor 1 0 0
		}
	}
	geometry IndexedLineSet {
		coord Coordinate {
			point [
				-164.421 251.244 -905.273,
				-164.421 251.244 -905.273,
			]
		}
		coordIndex [
			0, 1, -1
		]
	}
}
#---------- POLYLINE
Shape {
	appearance Appearance {
		material Material {
			diffuseColor 0 1 0
			emissiveColor 0 1 0
		}
	}
	geometry IndexedLineSet {
		coord Coordinate {
			point [
				-164.421 251.244 -905.273,
				-164.204 251.251 -905.338,
			]
		}
		coordIndex [
			0, 1, -1
		]
	}
}
#---------- POLYLINE
Shape {
	appearance Appearance {
		material Material {
			diffuseColor 1 0 0
			emissiveColor 1 0 0
		}
	}
	geometry IndexedLineSet {
		coord Coordinate {
			point [
				-164.204 251.251 -905.338,
				-164.204 251.251 -905.338,
			]
		}
		coordIndex [
			0, 1, -1
		]
	}
}
#---------- POLYLINE
Shape {
	appearance Appearance {
		material Material {
			diffuseColor 1 0 0
			emissiveColor 1 0 0
		}
	}
	geometry IndexedLineSet {
		coord Coordinate {
			point [
				-164.204 251.251 -905.338,
				-164.204 251.251 -905.338,
			]
		}
		coordIndex [
			0, 1, -1
		]
	}
}
#---------- POLYLINE
Shape {
	appearance Appearance {
		material Material {
			diffuseColor 1 0 0
			emissiveColor 1 0 0
		}
	}
	geometry IndexedLineSet {
		coord Coordinate {
			point [
				-164.204 251.251 -905.338,
				-164.204 251.251 -905.338,
			]
		}
		coordIndex [
			0, 1, -1
		]
	}
}
#---------- POLYLINE
Shape {
	appearance Appearance {
		material Material {
			diffuseColor 1 0 0
			emissiveColor 1 0 0
		}
	}
	geometry IndexedLineSet {
		coord Coordinate {
			point [
				-164.204 251.251 -905.338,
				-164.204 251.251 -905.338,
			]
		}
		coordIndex [
			0, 1, -1
		]
	}
}
#---------- POLYLINE
Shape {
	appearance Appearance {
		material Material {
			diffuseColor 1 0 0
			emissiveColor 1 0 0
		}
	}
	geometry IndexedLineSet {
		coord Coordinate {
			point [
				-164.204 251.251 -905.338,
				-164.204 251.251 -905.338,
			]
		}
		coordIndex [
			0, 1, -1
		]
	}
}
#---------- POLYLINE
Shape {
	appearance Appearance {
		material Material {
			diffuseColor 1 0 0
			emissiveColor 1 0 0
		}
	}
	geometry IndexedLineSet {
		coord Coordinate {
			point [
				-164.204 251.251 -905.338,
				-164.204 251.251 -905.338,
			]
		}
		coordIndex [
			0, 1, -1
		]
	}
}
#---------- POLYLINE
Shape {
	appearance Appearance {
		material Material {
			diffuseColor 1 0 0
			emissiveColor 1 0 0
		}
	}
	geometry IndexedLineSet {
		coord Coordinate {
			point [
				-164.204 251.251 -905.338,
				-164.204 251.251 -905.338,
			]
		}
		coordIndex [
			0, 1, -1
		]
	}
}
#---------- POLYLINE
Shape {
	appearance Appearance {
		material Material {
			diffuseColor 1 0 0
			emissiveColor 1 0 0
		}
	}
	geometry IndexedLineSet {
		coord Coordinate {
			point [
				-164.204 251.251 -905.338,
				-164.204 251.251 -905.338,
			]
		}
		coordIndex [
			0, 1, -1
		]
	}
}
#---------- POLYLINE
Shape {
	appearance Appearance {
		material Material {
			diffuseColor 1 0 0
			emissiveColor 1 0 0
		}
	}
	geometry IndexedLineSet {
		coord Coordinate {
			point [
				-164.204 251.251 -905.338,
				-164.203 251.251 -905.338,
			]
		}
		coordIndex [
			0, 1, -1
		]
	}
}
#---------- POLYLINE
Shape {
	appearance Appearance {
		material Material {
			diffuseColor 1 0 0
			emissiveColor 1 0 0
		}
	}
	geometry IndexedLineSet {
		coord Coordinate {
			point [
				-164.204 251.251 -905.338,
				-164.204 251.251 -905.338,
			]
		}
		coordIndex [
			0, 1, -1
		]
	}
}
#---------- POLYLINE
Shape {
	appearance Appearance {
		material Material {
			diffuseColor 1 0 0
			emissiveColor 1 0 0
		}
	}
	geometry IndexedLineSet {
		coord Coordinate {
			point [
				-164.204 251.251 -905.338,
				-164.203 251.25 -905.338,
			]
		}
		coordIndex [
			0, 1, -1
		]
	}
}
#---------- POLYLINE
Shape {
	appearance Appearance {
		material Material {
			diffuseColor 1 0 0
			emissiveColor 1 0 0
		}
	}
	geometry IndexedLineSet {
		coord Coordinate {
			point [
				-164.421 251.244 -905.273,
				-164.42 251.244 -905.275,
			]
		}
		coordIndex [
			0, 1, -1
		]
	}
}
#---------- POLYLINE
Shape {
	appearance Appearance {
		material Material {
			diffuseColor 1 0 0
			emissiveColor 1 0 0
		}
	}
	geometry IndexedLineSet {
		coord Coordinate {
			point [
				-164.821 250.476 -904.195,
				-164.797 250.546 -904.219,
				-164.791 250.535 -904.217,
			]
		}
		coordIndex [
			0, 1, 2, -1
		]
	}
}
#---------- POLYLINE
Shape {
	appearance Appearance {
		material Material {
			diffuseColor 0 1 0
			emissiveColor 0 1 0
		}
	}
	geometry IndexedLineSet {
		coord Coordinate {
			point [
				-164.797 250.546 -904.219,
				-161.66 249.385 -906.991,
				-162.525 249.916 -906.916,
			]
		}
		coordIndex [
			0, 1, 2, -1
		]
	}
}
#---------- POLYLINE
Shape {
	appearance Appearance {
		material Material {
			diffuseColor 1 0 0
			emissiveColor 1 0 0
		}
	}
	geometry IndexedLineSet {
		coord Coordinate {
			point [
				-162.525 249.916 -906.916,
				-162.525 249.916 -906.916,
			]
		}
		coordIndex [
			0, 1, -1
		]
	}
}
#---------- POLYLINE
Shape {
	appearance Appearance {
		material Material {
			diffuseColor 1 0 0
			emissiveColor 1 0 0
		}
	}
	geometry IndexedLineSet {
		coord Coordinate {
			point [
				-162.525 249.916 -906.916,
				-162.525 249.916 -906.916,
			]
		}
		coordIndex [
			0, 1, -1
		]
	}
}
#---------- POLYLINE
Shape {
	appearance Appearance {
		material Material {
			diffuseColor 1 0 0
			emissiveColor 1 0 0
		}
	}
	geometry IndexedLineSet {
		coord Coordinate {
			point [
				-162.525 249.916 -906.916,
				-162.525 249.916 -906.916,
			]
		}
		coordIndex [
			0, 1, -1
		]
	}
}
#---------- POLYLINE
Shape {
	appearance Appearance {
		material Material {
			diffuseColor 1 0 0
			emissiveColor 1 0 0
		}
	}
	geometry IndexedLineSet {
		coord Coordinate {
			point [
				-162.525 249.916 -906.916,
				-162.525 249.916 -906.916,
			]
		}
		coordIndex [
			0, 1, -1
		]
	}
}
#---------- POLYLINE
Shape {
	appearance Appearance {
		material Material {
			diffuseColor 1 0 0
			emissiveColor 1 0 0
		}
	}
	geometry IndexedLineSet {
		coord Coordinate {
			point [
				-162.525 249.916 -906.916,
				-162.525 249.916 -906.916,
			]
		}
		coordIndex [
			0, 1, -1
		]
	}
}
#---------- POLYLINE
Shape {
	appearance Appearance {
		material Material {
			diffuseColor 1 0 0
			emissiveColor 1 0 0
		}
	}
	geometry IndexedLineSet {
		coord Coordinate {
			point [
				-162.525 249.916 -906.916,
				-162.525 249.916 -906.916,
			]
		}
		coordIndex [
			0, 1, -1
		]
	}
}
#---------- POLYLINE
Shape {
	appearance Appearance {
		material Material {
			diffuseColor 1 0 0
			emissiveColor 1 0 0
		}
	}
	geometry IndexedLineSet {
		coord Coordinate {
			point [
				-162.525 249.916 -906.916,
				-162.525 249.916 -906.916,
			]
		}
		coordIndex [
			0, 1, -1
		]
	}
}
#---------- POLYLINE
Shape {
	appearance Appearance {
		material Material {
			diffuseColor 1 0 0
			emissiveColor 1 0 0
		}
	}
	geometry IndexedLineSet {
		coord Coordinate {
			point [
				-162.525 249.916 -906.916,
				-162.525 249.916 -906.916,
			]
		}
		coordIndex [
			0, 1, -1
		]
	}
}
#---------- POLYLINE
Shape {
	appearance Appearance {
		material Material {
			diffuseColor 1 0 0
			emissiveColor 1 0 0
		}
	}
	geometry IndexedLineSet {
		coord Coordinate {
			point [
				-162.525 249.916 -906.916,
				-162.525 249.916 -906.916,
			]
		}
		coordIndex [
			0, 1, -1
		]
	}
}
#---------- POLYLINE
Shape {
	appearance Appearance {
		material Material {
			diffuseColor 1 0 0
			emissiveColor 1 0 0
		}
	}
	geometry IndexedLineSet {
		coord Coordinate {
			point [
				-162.525 249.916 -906.916,
				-162.525 249.916 -906.916,
			]
		}
		coordIndex [
			0, 1, -1
		]
	}
}
#---------- POLYLINE
Shape {
	appearance Appearance {
		material Material {
			diffuseColor 1 0 0
			emissiveColor 1 0 0
		}
	}
	geometry IndexedLineSet {
		coord Coordinate {
			point [
				-162.525 249.916 -906.916,
				-162.525 249.916 -906.916,
			]
		}
		coordIndex [
			0, 1, -1
		]
	}
}
#---------- POLYLINE
Shape {
	appearance Appearance {
		material Material {
			diffuseColor 1 0 0
			emissiveColor 1 0 0
		}
	}
	geometry IndexedLineSet {
		coord Coordinate {
			point [
				-162.525 249.916 -906.916,
				-162.525 249.916 -906.916,
			]
		}
		coordIndex [
			0, 1, -1
		]
	}
}
#---------- POLYLINE
Shape {
	appearance Appearance {
		material Material {
			diffuseColor 1 0 0
			emissiveColor 1 0 0
		}
	}
	geometry IndexedLineSet {
		coord Coordinate {
			point [
				-162.525 249.916 -906.916,
				-162.525 249.916 -906.916,
			]
		}
		coordIndex [
			0, 1, -1
		]
	}
}
#---------- POLYLINE
Shape {
	appearance Appearance {
		material Material {
			diffuseColor 1 0 0
			emissiveColor 1 0 0
		}
	}
	geometry IndexedLineSet {
		coord Coordinate {
			point [
				-162.525 249.916 -906.916,
				-162.525 249.916 -906.916,
			]
		}
		coordIndex [
			0, 1, -1
		]
	}
}
#---------- POLYLINE
Shape {
	appearance Appearance {
		material Material {
			diffuseColor 0 1 0
			emissiveColor 0 1 0
		}
	}
	geometry IndexedLineSet {
		coord Coordinate {
			point [
				-162.525 249.916 -906.916,
				-163.137 249.561 -907.479,
			]
		}
		coordIndex [
			0, 1, -1
		]
	}
}
#---------- POLYLINE
Shape {
	appearance Appearance {
		material Material {
			diffuseColor 1 0 0
			emissiveColor 1 0 0
		}
	}
	geometry IndexedLineSet {
		coord Coordinate {
			point [
				-163.137 249.561 -907.479,
				-163.137 249.561 -907.479,
			]
		}
		coordIndex [
			0, 1, -1
		]
	}
}
#---------- POLYLINE
Shape {
	appearance Appearance {
		material Material {
			diffuseColor 1 0 0
			emissiveColor 1 0 0
		}
	}
	geometry IndexedLineSet {
		coord Coordinate {
			point [
				-163.137 249.561 -907.479,
				-163.137 249.561 -907.479,
			]
		}
		coordIndex [
			0, 1, -1
		]
	}
}
#---------- POLYLINE
Shape {
	appearance Appearance {
		material Material {
			diffuseColor 1 0 0
			emissiveColor 1 0 0
		}
	}
	geometry IndexedLineSet {
		coord Coordinate {
			point [
				-163.137 249.561 -907.479,
				-163.137 249.561 -907.479,
			]
		}
		coordIndex [
			0, 1, -1
		]
	}
}
#---------- POLYLINE
Shape {
	appearance Appearance {
		material Material {
			diffuseColor 1 0 0
			emissiveColor 1 0 0
		}
	}
	geometry IndexedLineSet {
		coord Coordinate {
			point [
				-163.137 249.561 -907.479,
				-163.137 249.561 -907.479,
			]
		}
		coordIndex [
			0, 1, -1
		]
	}
}
#---------- POLYLINE
Shape {
	appearance Appearance {
		material Material {
			diffuseColor 1 0 0
			emissiveColor 1 0 0
		}
	}
	geometry IndexedLineSet {
		coord Coordinate {
			point [
				-163.137 249.561 -907.479,
				-163.137 249.561 -907.479,
			]
		}
		coordIndex [
			0, 1, -1
		]
	}
}
#---------- POLYLINE
Shape {
	appearance Appearance {
		material Material {
			diffuseColor 1 0 0
			emissiveColor 1 0 0
		}
	}
	geometry IndexedLineSet {
		coord Coordinate {
			point [
				-163.137 249.561 -907.479,
				-163.137 249.561 -907.479,
			]
		}
		coordIndex [
			0, 1, -1
		]
	}
}
#---------- POLYLINE
Shape {
	appearance Appearance {
		material Material {
			diffuseColor 1 0 0
			emissiveColor 1 0 0
		}
	}
	geometry IndexedLineSet {
		coord Coordinate {
			point [
				-163.137 249.561 -907.479,
				-163.137 249.561 -907.479,
			]
		}
		coordIndex [
			0, 1, -1
		]
	}
}
#---------- POLYLINE
Shape {
	appearance Appearance {
		material Material {
			diffuseColor 1 0 0
			emissiveColor 1 0 0
		}
	}
	geometry IndexedLineSet {
		coord Coordinate {
			point [
				-163.137 249.561 -907.479,
				-163.137 249.561 -907.479,
			]
		}
		coordIndex [
			0, 1, -1
		]
	}
}
#---------- POLYLINE
Shape {
	appearance Appearance {
		material Material {
			diffuseColor 1 0 0
			emissiveColor 1 0 0
		}
	}
	geometry IndexedLineSet {
		coord Coordinate {
			point [
				-163.137 249.561 -907.479,
				-163.137 249.561 -907.479,
			]
		}
		coordIndex [
			0, 1, -1
		]
	}
}
#---------- POLYLINE
Shape {
	appearance Appearance {
		material Material {
			diffuseColor 1 0 0
			emissiveColor 1 0 0
		}
	}
	geometry IndexedLineSet {
		coord Coordinate {
			point [
				-163.137 249.561 -907.479,
				-163.137 249.561 -907.479,
			]
		}
		coordIndex [
			0, 1, -1
		]
	}
}
#---------- POLYLINE
Shape {
	appearance Appearance {
		material Material {
			diffuseColor 0 1 0
			emissiveColor 0 1 0
		}
	}
	geometry IndexedLineSet {
		coord Coordinate {
			point [
				-163.137 249.561 -907.479,
				-163.141 249.557 -907.485,
			]
		}
		coordIndex [
			0, 1, -1
		]
	}
}
#---------- POLYLINE
Shape {
	appearance Appearance {
		material Material {
			diffuseColor 1 0 0
			emissiveColor 1 0 0
		}
	}
	geometry IndexedLineSet {
		coord Coordinate {
			point [
				-163.141 249.557 -907.485,
				-163.141 249.557 -907.485,
			]
		}
		coordIndex [
			0, 1, -1
		]
	}
}
#---------- POLYLINE
Shape {
	appearance Appearance {
		material Material {
			diffuseColor 1 0 0
			emissiveColor 1 0 0
		}
	}
	geometry IndexedLineSet {
		coord Coordinate {
			point [
				-163.141 249.557 -907.485,
				-163.141 249.557 -907.485,
			]
		}
		coordIndex [
			0, 1, -1
		]
	}
}
#---------- POLYLINE
Shape {
	appearance Appearance {
		material Material {
			diffuseColor 1 0 0
			emissiveColor 1 0 0
		}
	}
	geometry IndexedLineSet {
		coord Coordinate {
			point [
				-163.141 249.557 -907.485,
				-163.141 249.557 -907.485,
			]
		}
		coordIndex [
			0, 1, -1
		]
	}
}
#---------- POLYLINE
Shape {
	appearance Appearance {
		material Material {
			diffuseColor 1 0 0
			emissiveColor 1 0 0
		}
	}
	geometry IndexedLineSet {
		coord Coordinate {
			point [
				-163.141 249.557 -907.485,
				-163.141 249.557 -907.485,
			]
		}
		coordIndex [
			0, 1, -1
		]
	}
}
#---------- POLYLINE
Shape {
	appearance Appearance {
		material Material {
			diffuseColor 1 0 0
			emissiveColor 1 0 0
		}
	}
	geometry IndexedLineSet {
		coord Coordinate {
			point [
				-163.141 249.557 -907.485,
				-163.141 249.557 -907.485,
			]
		}
		coordIndex [
			0, 1, -1
		]
	}
}
#---------- POLYLINE
Shape {
	appearance Appearance {
		material Material {
			diffuseColor 1 0 0
			emissiveColor 1 0 0
		}
	}
	geometry IndexedLineSet {
		coord Coordinate {
			point [
				-163.141 249.557 -907.485,
				-163.141 249.557 -907.485,
			]
		}
		coordIndex [
			0, 1, -1
		]
	}
}
#---------- POLYLINE
Shape {
	appearance Appearance {
		material Material {
			diffuseColor 1 0 0
			emissiveColor 1 0 0
		}
	}
	geometry IndexedLineSet {
		coord Coordinate {
			point [
				-163.141 249.557 -907.485,
				-163.141 249.557 -907.485,
			]
		}
		coordIndex [
			0, 1, -1
		]
	}
}
#---------- POLYLINE
Shape {
	appearance Appearance {
		material Material {
			diffuseColor 1 0 0
			emissiveColor 1 0 0
		}
	}
	geometry IndexedLineSet {
		coord Coordinate {
			point [
				-163.141 249.557 -907.485,
				-163.141 249.557 -907.485,
			]
		}
		coordIndex [
			0, 1, -1
		]
	}
}
#---------- POLYLINE
Shape {
	appearance Appearance {
		material Material {
			diffuseColor 1 0 0
			emissiveColor 1 0 0
		}
	}
	geometry IndexedLineSet {
		coord Coordinate {
			point [
				-163.141 249.557 -907.485,
				-163.141 249.557 -907.485,
			]
		}
		coordIndex [
			0, 1, -1
		]
	}
}
#---------- POLYLINE
Shape {
	appearance Appearance {
		material Material {
			diffuseColor 1 0 0
			emissiveColor 1 0 0
		}
	}
	geometry IndexedLineSet {
		coord Coordinate {
			point [
				-163.141 249.557 -907.485,
				-163.141 249.557 -907.485,
			]
		}
		coordIndex [
			0, 1, -1
		]
	}
}
#---------- POLYLINE
Shape {
	appearance Appearance {
		material Material {
			diffuseColor 1 0 0
			emissiveColor 1 0 0
		}
	}
	geometry IndexedLineSet {
		coord Coordinate {
			point [
				-163.141 249.557 -907.485,
				-163.141 249.557 -907.485,
			]
		}
		coordIndex [
			0, 1, -1
		]
	}
}
#---------- POLYLINE
Shape {
	appearance Appearance {
		material Material {
			diffuseColor 1 0 0
			emissiveColor 1 0 0
		}
	}
	geometry IndexedLineSet {
		coord Coordinate {
			point [
				-163.141 249.557 -907.485,
				-163.141 249.557 -907.485,
			]
		}
		coordIndex [
			0, 1, -1
		]
	}
}
#---------- POLYLINE
Shape {
	appearance Appearance {
		material Material {
			diffuseColor 1 0 0
			emissiveColor 1 0 0
		}
	}
	geometry IndexedLineSet {
		coord Coordinate {
			point [
				-163.137 249.561 -907.479,
				-163.137 249.561 -907.479,
			]
		}
		coordIndex [
			0, 1, -1
		]
	}
}
#---------- POLYLINE
Shape {
	appearance Appearance {
		material Material {
			diffuseColor 1 0 0
			emissiveColor 1 0 0
		}
	}
	geometry IndexedLineSet {
		coord Coordinate {
			point [
				-163.137 249.561 -907.479,
				-163.136 249.56 -907.48,
			]
		}
		coordIndex [
			0, 1, -1
		]
	}
}
#---------- POLYLINE
Shape {
	appearance Appearance {
		material Material {
			diffuseColor 1 0 0
			emissiveColor 1 0 0
		}
	}
	geometry IndexedLineSet {
		coord Coordinate {
			point [
				-162.525 249.916 -906.916,
				-162.527 249.917 -906.916,
			]
		}
		coordIndex [
			0, 1, -1
		]
	}
}
#---------- POLYLINE
Shape {
	appearance Appearance {
		material Material {
			diffuseColor 1 0 0
			emissiveColor 1 0 0
		}
	}
	geometry IndexedLineSet {
		coord Coordinate {
			point [
				-161.66 249.385 -906.991,
				-161.646 249.379 -907,
			]
		}
		coordIndex [
			0, 1, -1
		]
	}
}
#---------- POLYLINE
Shape {
	appearance Appearance {
		material Material {
			diffuseColor 0 1 0
			emissiveColor 0 1 0
		}
	}
	geometry IndexedLineSet {
		coord Coordinate {
			point [
				-171.148 227.426 -883.798,
				-168.867 242.64 -894.77,
			]
		}
		coordIndex [
			0, 1, -1
		]
	}
}
#---------- POLYLINE
Shape {
	appearance Appearance {
		material Material {
			diffuseColor 1 0 0
			emissiveColor 1 0 0
		}
	}
	geometry IndexedLineSet {
		coord Coordinate {
			point [
				-168.867 242.64 -894.77,
				-168.867 242.64 -894.77,
			]
		}
		coordIndex [
			0, 1, -1
		]
	}
}
#---------- POLYLINE
Shape {
	appearance Appearance {
		material Material {
			diffuseColor 1 0 0
			emissiveColor 1 0 0
		}
	}
	geometry IndexedLineSet {
		coord Coordinate {
			point [
				-168.867 242.64 -894.77,
				-168.867 242.64 -894.77,
			]
		}
		coordIndex [
			0, 1, -1
		]
	}
}
#---------- POLYLINE
Shape {
	appearance Appearance {
		material Material {
			diffuseColor 1 0 0
			emissiveColor 1 0 0
		}
	}
	geometry IndexedLineSet {
		coord Coordinate {
			point [
				-168.867 242.64 -894.77,
				-168.867 242.64 -894.77,
			]
		}
		coordIndex [
			0, 1, -1
		]
	}
}
#---------- POLYLINE
Shape {
	appearance Appearance {
		material Material {
			diffuseColor 1 0 0
			emissiveColor 1 0 0
		}
	}
	geometry IndexedLineSet {
		coord Coordinate {
			point [
				-168.867 242.64 -894.77,
				-168.867 242.64 -894.77,
			]
		}
		coordIndex [
			0, 1, -1
		]
	}
}
#---------- POLYLINE
Shape {
	appearance Appearance {
		material Material {
			diffuseColor 1 0 0
			emissiveColor 1 0 0
		}
	}
	geometry IndexedLineSet {
		coord Coordinate {
			point [
				-168.867 242.64 -894.77,
				-168.867 242.64 -894.77,
			]
		}
		coordIndex [
			0, 1, -1
		]
	}
}
#---------- POLYLINE
Shape {
	appearance Appearance {
		material Material {
			diffuseColor 1 0 0
			emissiveColor 1 0 0
		}
	}
	geometry IndexedLineSet {
		coord Coordinate {
			point [
				-168.867 242.64 -894.77,
				-168.867 242.64 -894.77,
			]
		}
		coordIndex [
			0, 1, -1
		]
	}
}
#---------- POLYLINE
Shape {
	appearance Appearance {
		material Material {
			diffuseColor 1 0 0
			emissiveColor 1 0 0
		}
	}
	geometry IndexedLineSet {
		coord Coordinate {
			point [
				-168.867 242.64 -894.77,
				-168.867 242.64 -894.77,
			]
		}
		coordIndex [
			0, 1, -1
		]
	}
}
#---------- POLYLINE
Shape {
	appearance Appearance {
		material Material {
			diffuseColor 0 1 0
			emissiveColor 0 1 0
		}
	}
	geometry IndexedLineSet {
		coord Coordinate {
			point [
				-168.867 242.64 -894.77,
				-168.867 242.64 -894.77,
			]
		}
		coordIndex [
			0, 1, -1
		]
	}
}
#---------- POLYLINE
Shape {
	appearance Appearance {
		material Material {
			diffuseColor 1 0 0
			emissiveColor 1 0 0
		}
	}
	geometry IndexedLineSet {
		coord Coordinate {
			point [
				-168.867 242.64 -894.77,
				-168.867 242.64 -894.77,
			]
		}
		coordIndex [
			0, 1, -1
		]
	}
}
#---------- POLYLINE
Shape {
	appearance Appearance {
		material Material {
			diffuseColor 1 0 0
			emissiveColor 1 0 0
		}
	}
	geometry IndexedLineSet {
		coord Coordinate {
			point [
				-168.867 242.64 -894.77,
			]
		}
		coordIndex [
			0, -1
		]
	}
}
#---------- POLYLINE
Shape {
	appearance Appearance {
		material Material {
			diffuseColor 1 0 0
			emissiveColor 1 0 0
		}
	}
	geometry IndexedLineSet {
		coord Coordinate {
			point [
				-168.867 242.64 -894.77,
				-168.867 242.64 -894.77,
			]
		}
		coordIndex [
			0, 1, -1
		]
	}
}
#---------- POLYLINE
Shape {
	appearance Appearance {
		material Material {
			diffuseColor 1 0 0
			emissiveColor 1 0 0
		}
	}
	geometry IndexedLineSet {
		coord Coordinate {
			point [
				-168.867 242.64 -894.77,
				-168.867 242.64 -894.77,
			]
		}
		coordIndex [
			0, 1, -1
		]
	}
}
#---------- POLYLINE
Shape {
	appearance Appearance {
		material Material {
			diffuseColor 1 0 0
			emissiveColor 1 0 0
		}
	}
	geometry IndexedLineSet {
		coord Coordinate {
			point [
				-168.867 242.64 -894.77,
				-168.867 242.64 -894.77,
			]
		}
		coordIndex [
			0, 1, -1
		]
	}
}
#---------- POLYLINE
Shape {
	appearance Appearance {
		material Material {
			diffuseColor 1 0 0
			emissiveColor 1 0 0
		}
	}
	geometry IndexedLineSet {
		coord Coordinate {
			point [
				-168.867 242.64 -894.77,
				-168.867 242.64 -894.77,
			]
		}
		coordIndex [
			0, 1, -1
		]
	}
}
#---------- POLYLINE
Shape {
	appearance Appearance {
		material Material {
			diffuseColor 1 0 0
			emissiveColor 1 0 0
		}
	}
	geometry IndexedLineSet {
		coord Coordinate {
			point [
				-168.867 242.64 -894.77,
				-168.867 242.64 -894.77,
			]
		}
		coordIndex [
			0, 1, -1
		]
	}
}
#---------- POLYLINE
Shape {
	appearance Appearance {
		material Material {
			diffuseColor 1 0 0
			emissiveColor 1 0 0
		}
	}
	geometry IndexedLineSet {
		coord Coordinate {
			point [
				-168.867 242.64 -894.77,
				-168.867 242.64 -894.77,
			]
		}
		coordIndex [
			0, 1, -1
		]
	}
}
#---------- POLYLINE
Shape {
	appearance Appearance {
		material Material {
			diffuseColor 1 0 0
			emissiveColor 1 0 0
		}
	}
	geometry IndexedLineSet {
		coord Coordinate {
			point [
				-168.867 242.64 -894.77,
				-168.867 242.64 -894.77,
			]
		}
		coordIndex [
			0, 1, -1
		]
	}
}
#---------- POLYLINE
Shape {
	appearance Appearance {
		material Material {
			diffuseColor 1 0 0
			emissiveColor 1 0 0
		}
	}
	geometry IndexedLineSet {
		coord Coordinate {
			point [
				-168.867 242.64 -894.77,
				-168.867 242.64 -894.77,
			]
		}
		coordIndex [
			0, 1, -1
		]
	}
}
#---------- POLYLINE
Shape {
	appearance Appearance {
		material Material {
			diffuseColor 0 1 0
			emissiveColor 0 1 0
		}
	}
	geometry IndexedLineSet {
		coord Coordinate {
			point [
				-168.867 242.64 -894.77,
				-168.874 242.652 -894.762,
			]
		}
		coordIndex [
			0, 1, -1
		]
	}
}
#---------- POLYLINE
Shape {
	appearance Appearance {
		material Material {
			diffuseColor 1 0 0
			emissiveColor 1 0 0
		}
	}
	geometry IndexedLineSet {
		coord Coordinate {
			point [
				-168.874 242.652 -894.762,
				-168.874 242.652 -894.762,
			]
		}
		coordIndex [
			0, 1, -1
		]
	}
}
#---------- POLYLINE
Shape {
	appearance Appearance {
		material Material {
			diffuseColor 1 0 0
			emissiveColor 1 0 0
		}
	}
	geometry IndexedLineSet {
		coord Coordinate {
			point [
				-168.874 242.652 -894.762,
				-168.874 242.652 -894.762,
			]
		}
		coordIndex [
			0, 1, -1
		]
	}
}
#---------- POLYLINE
Shape {
	appearance Appearance {
		material Material {
			diffuseColor 1 0 0
			emissiveColor 1 0 0
		}
	}
	geometry IndexedLineSet {
		coord Coordinate {
			point [
				-168.874 242.652 -894.762,
				-168.874 242.652 -894.762,
			]
		}
		coordIndex [
			0, 1, -1
		]
	}
}
#---------- POLYLINE
Shape {
	appearance Appearance {
		material Material {
			diffuseColor 1 0 0
			emissiveColor 1 0 0
		}
	}
	geometry IndexedLineSet {
		coord Coordinate {
			point [
				-168.874 242.652 -894.762,
				-168.874 242.652 -894.762,
			]
		}
		coordIndex [
			0, 1, -1
		]
	}
}
#---------- POLYLINE
Shape {
	appearance Appearance {
		material Material {
			diffuseColor 1 0 0
			emissiveColor 1 0 0
		}
	}
	geometry IndexedLineSet {
		coord Coordinate {
			point [
				-168.874 242.652 -894.762,
				-168.874 242.652 -894.762,
			]
		}
		coordIndex [
			0, 1, -1
		]
	}
}
#---------- POLYLINE
Shape {
	appearance Appearance {
		material Material {
			diffuseColor 1 0 0
			emissiveColor 1 0 0
		}
	}
	geometry IndexedLineSet {
		coord Coordinate {
			point [
				-168.874 242.652 -894.762,
				-168.874 242.652 -894.762,
			]
		}
		coordIndex [
			0, 1, -1
		]
	}
}
#---------- POLYLINE
Shape {
	appearance Appearance {
		material Material {
			diffuseColor 1 0 0
			emissiveColor 1 0 0
		}
	}
	geometry IndexedLineSet {
		coord Coordinate {
			point [
				-168.874 242.652 -894.762,
				-168.874 242.652 -894.762,
			]
		}
		coordIndex [
			0, 1, -1
		]
	}
}
#---------- POLYLINE
Shape {
	appearance Appearance {
		material Material {
			diffuseColor 1 0 0
			emissiveColor 1 0 0
		}
	}
	geometry IndexedLineSet {
		coord Coordinate {
			point [
				-168.874 242.652 -894.762,
				-168.874 242.652 -894.762,
			]
		}
		coordIndex [
			0, 1, -1
		]
	}
}
#---------- POLYLINE
Shape {
	appearance Appearance {
		material Material {
			diffuseColor 1 0 0
			emissiveColor 1 0 0
		}
	}
	geometry IndexedLineSet {
		coord Coordinate {
			point [
				-168.874 242.652 -894.762,
				-168.874 242.652 -894.762,
			]
		}
		coordIndex [
			0, 1, -1
		]
	}
}
#---------- POLYLINE
Shape {
	appearance Appearance {
		material Material {
			diffuseColor 1 0 0
			emissiveColor 1 0 0
		}
	}
	geometry IndexedLineSet {
		coord Coordinate {
			point [
				-168.874 242.652 -894.762,
				-168.874 242.652 -894.762,
			]
		}
		coordIndex [
			0, 1, -1
		]
	}
}
#---------- POLYLINE
Shape {
	appearance Appearance {
		material Material {
			diffuseColor 1 0 0
			emissiveColor 1 0 0
		}
	}
	geometry IndexedLineSet {
		coord Coordinate {
			point [
				-168.874 242.652 -894.762,
				-168.874 242.652 -894.762,
			]
		}
		coordIndex [
			0, 1, -1
		]
	}
}
#---------- POLYLINE
Shape {
	appearance Appearance {
		material Material {
			diffuseColor 1 0 0
			emissiveColor 1 0 0
		}
	}
	geometry IndexedLineSet {
		coord Coordinate {
			point [
				-168.874 242.652 -894.762,
				-168.874 242.652 -894.762,
			]
		}
		coordIndex [
			0, 1, -1
		]
	}
}
#---------- POLYLINE
Shape {
	appearance Appearance {
		material Material {
			diffuseColor 1 0 0
			emissiveColor 1 0 0
		}
	}
	geometry IndexedLineSet {
		coord Coordinate {
			point [
				-168.874 242.652 -894.762,
				-168.874 242.652 -894.762,
			]
		}
		coordIndex [
			0, 1, -1
		]
	}
}
#---------- POLYLINE
Shape {
	appearance Appearance {
		material Material {
			diffuseColor 1 0 0
			emissiveColor 1 0 0
		}
	}
	geometry IndexedLineSet {
		coord Coordinate {
			point [
				-168.874 242.652 -894.762,
				-168.874 242.652 -894.762,
			]
		}
		coordIndex [
			0, 1, -1
		]
	}
}
#---------- POLYLINE
Shape {
	appearance Appearance {
		material Material {
			diffuseColor 1 0 0
			emissiveColor 1 0 0
		}
	}
	geometry IndexedLineSet {
		coord Coordinate {
			point [
				-168.874 242.652 -894.762,
				-168.874 242.652 -894.762,
			]
		}
		coordIndex [
			0, 1, -1
		]
	}
}
#---------- POLYLINE
Shape {
	appearance Appearance {
		material Material {
			diffuseColor 1 0 0
			emissiveColor 1 0 0
		}
	}
	geometry IndexedLineSet {
		coord Coordinate {
			point [
				-168.874 242.652 -894.762,
				-168.874 242.652 -894.762,
			]
		}
		coordIndex [
			0, 1, -1
		]
	}
}
#---------- POLYLINE
Shape {
	appearance Appearance {
		material Material {
			diffuseColor 1 0 0
			emissiveColor 1 0 0
		}
	}
	geometry IndexedLineSet {
		coord Coordinate {
			point [
				-168.874 242.652 -894.762,
				-168.874 242.652 -894.762,
			]
		}
		coordIndex [
			0, 1, -1
		]
	}
}
#---------- POLYLINE
Shape {
	appearance Appearance {
		material Material {
			diffuseColor 1 0 0
			emissiveColor 1 0 0
		}
	}
	geometry IndexedLineSet {
		coord Coordinate {
			point [
				-168.874 242.652 -894.762,
				-168.874 242.652 -894.762,
			]
		}
		coordIndex [
			0, 1, -1
		]
	}
}
#---------- POLYLINE
Shape {
	appearance Appearance {
		material Material {
			diffuseColor 1 0 0
			emissiveColor 1 0 0
		}
	}
	geometry IndexedLineSet {
		coord Coordinate {
			point [
				-168.874 242.652 -894.762,
				-168.874 242.652 -894.762,
			]
		}
		coordIndex [
			0, 1, -1
		]
	}
}
#---------- POLYLINE
Shape {
	appearance Appearance {
		material Material {
			diffuseColor 1 0 0
			emissiveColor 1 0 0
		}
	}
	geometry IndexedLineSet {
		coord Coordinate {
			point [
				-168.874 242.652 -894.762,
				-168.874 242.652 -894.762,
			]
		}
		coordIndex [
			0, 1, -1
		]
	}
}
#---------- POLYLINE
Shape {
	appearance Appearance {
		material Material {
			diffuseColor 1 0 0
			emissiveColor 1 0 0
		}
	}
	geometry IndexedLineSet {
		coord Coordinate {
			point [
				-168.874 242.652 -894.762,
				-168.875 242.652 -894.762,
			]
		}
		coordIndex [
			0, 1, -1
		]
	}
}
#---------- POLYLINE
Shape {
	appearance Appearance {
		material Material {
			diffuseColor 1 0 0
			emissiveColor 1 0 0
		}
	}
	geometry IndexedLineSet {
		coord Coordinate {
			point [
				-168.867 242.64 -894.77,
				-168.878 242.637 -894.793,
			]
		}
		coordIndex [
			0, 1, -1
		]
	}
}
#---------- POLYLINE
Shape {
	appearance Appearance {
		material Material {
			diffuseColor 0 1 0
			emissiveColor 0 1 0
		}
	}
	geometry IndexedLineSet {
		coord Coordinate {
			point [
				-171.255 226.74 -883.323,
				-167.596 251.65 -898.357,
			]
		}
		coordIndex [
			0, 1, -1
		]
	}
}
#---------- POLYLINE
Shape {
	appearance Appearance {
		material Material {
			diffuseColor 0 0 1
			emissiveColor 0 0 1
		}
	}
	geometry IndexedLineSet {
		coord Coordinate {
			point [
				-167.596 251.65 -898.357,
				-167.589 251.736 -898.411,
				-167.357 252.341 -898.733,
				-167.335 252.359 -898.705,
				-167.186 252.67 -898.399,
				-167.343 252.568 -898.481,
				-167.428 252.591 -898.449,
			]
		}
		coordIndex [
			0, 1, 2, 3, 4, 5, 6, -1
		]
	}
}
#---------- POLYLINE
Shape {
	appearance Appearance {
		material Material {
			diffuseColor 0 1 0
			emissiveColor 0 1 0
		}
	}
	geometry IndexedLineSet {
		coord Coordinate {
			point [
				-167.428 252.591 -898.449,
				-170.324 253.078 -897.667,
			]
		}
		coordIndex [
			0, 1, -1
		]
	}
}
#---------- POLYLINE
Shape {
	appearance Appearance {
		material Material {
			diffuseColor 1 0 0
			emissiveColor 1 0 0
		}
	}
	geometry IndexedLineSet {
		coord Coordinate {
			point [
				-170.324 253.078 -897.667,
				-170.324 253.078 -897.667,
			]
		}
		coordIndex [
			0, 1, -1
		]
	}
}
#---------- POLYLINE
Shape {
	appearance Appearance {
		material Material {
			diffuseColor 1 0 0
			emissiveColor 1 0 0
		}
	}
	geometry IndexedLineSet {
		coord Coordinate {
			point [
				-170.324 253.078 -897.667,
				-170.324 253.078 -897.667,
			]
		}
		coordIndex [
			0, 1, -1
		]
	}
}
#---------- POLYLINE
Shape {
	appearance Appearance {
		material Material {
			diffuseColor 1 0 0
			emissiveColor 1 0 0
		}
	}
	geometry IndexedLineSet {
		coord Coordinate {
			point [
				-170.324 253.078 -897.667,
				-170.324 253.078 -897.667,
			]
		}
		coordIndex [
			0, 1, -1
		]
	}
}
#---------- POLYLINE
Shape {
	appearance Appearance {
		material Material {
			diffuseColor 1 0 0
			emissiveColor 1 0 0
		}
	}
	geometry IndexedLineSet {
		coord Coordinate {
			point [
				-170.324 253.078 -897.667,
				-170.324 253.078 -897.667,
			]
		}
		coordIndex [
			0, 1, -1
		]
	}
}
#---------- POLYLINE
Shape {
	appearance Appearance {
		material Material {
			diffuseColor 1 0 0
			emissiveColor 1 0 0
		}
	}
	geometry IndexedLineSet {
		coord Coordinate {
			point [
				-170.324 253.078 -897.667,
				-170.324 253.078 -897.667,
			]
		}
		coordIndex [
			0, 1, -1
		]
	}
}
#---------- POLYLINE
Shape {
	appearance Appearance {
		material Material {
			diffuseColor 1 0 0
			emissiveColor 1 0 0
		}
	}
	geometry IndexedLineSet {
		coord Coordinate {
			point [
				-170.324 253.078 -897.667,
				-170.324 253.078 -897.667,
			]
		}
		coordIndex [
			0, 1, -1
		]
	}
}
#---------- POLYLINE
Shape {
	appearance Appearance {
		material Material {
			diffuseColor 1 0 0
			emissiveColor 1 0 0
		}
	}
	geometry IndexedLineSet {
		coord Coordinate {
			point [
				-170.324 253.078 -897.667,
				-170.324 253.078 -897.667,
			]
		}
		coordIndex [
			0, 1, -1
		]
	}
}
#---------- POLYLINE
Shape {
	appearance Appearance {
		material Material {
			diffuseColor 1 0 0
			emissiveColor 1 0 0
		}
	}
	geometry IndexedLineSet {
		coord Coordinate {
			point [
				-170.324 253.078 -897.667,
				-170.324 253.078 -897.667,
			]
		}
		coordIndex [
			0, 1, -1
		]
	}
}
#---------- POLYLINE
Shape {
	appearance Appearance {
		material Material {
			diffuseColor 1 0 0
			emissiveColor 1 0 0
		}
	}
	geometry IndexedLineSet {
		coord Coordinate {
			point [
				-170.324 253.078 -897.667,
				-170.324 253.078 -897.667,
			]
		}
		coordIndex [
			0, 1, -1
		]
	}
}
#---------- POLYLINE
Shape {
	appearance Appearance {
		material Material {
			diffuseColor 1 0 0
			emissiveColor 1 0 0
		}
	}
	geometry IndexedLineSet {
		coord Coordinate {
			point [
				-170.324 253.078 -897.667,
				-170.324 253.078 -897.667,
			]
		}
		coordIndex [
			0, 1, -1
		]
	}
}
#---------- POLYLINE
Shape {
	appearance Appearance {
		material Material {
			diffuseColor 0 1 0
			emissiveColor 0 1 0
		}
	}
	geometry IndexedLineSet {
		coord Coordinate {
			point [
				-170.324 253.078 -897.667,
				-170.688 253.121 -897.686,
				-170.91 253.068 -897.662,
				-170.931 253.074 -897.698,
				-170.995 253.105 -897.823,
			]
		}
		coordIndex [
			0, 1, 2, 3, 4, -1
		]
	}
}
#---------- POLYLINE
Shape {
	appearance Appearance {
		material Material {
			diffuseColor 1 0 0
			emissiveColor 1 0 0
		}
	}
	geometry IndexedLineSet {
		coord Coordinate {
			point [
				-170.995 253.105 -897.823,
				-170.995 253.105 -897.823,
			]
		}
		coordIndex [
			0, 1, -1
		]
	}
}
#---------- POLYLINE
Shape {
	appearance Appearance {
		material Material {
			diffuseColor 1 0 0
			emissiveColor 1 0 0
		}
	}
	geometry IndexedLineSet {
		coord Coordinate {
			point [
				-170.995 253.105 -897.823,
				-170.995 253.105 -897.823,
			]
		}
		coordIndex [
			0, 1, -1
		]
	}
}
#---------- POLYLINE
Shape {
	appearance Appearance {
		material Material {
			diffuseColor 1 0 0
			emissiveColor 1 0 0
		}
	}
	geometry IndexedLineSet {
		coord Coordinate {
			point [
				-170.995 253.105 -897.823,
				-170.995 253.105 -897.823,
			]
		}
		coordIndex [
			0, 1, -1
		]
	}
}
#---------- POLYLINE
Shape {
	appearance Appearance {
		material Material {
			diffuseColor 1 0 0
			emissiveColor 1 0 0
		}
	}
	geometry IndexedLineSet {
		coord Coordinate {
			point [
				-170.995 253.105 -897.823,
				-170.995 253.105 -897.823,
			]
		}
		coordIndex [
			0, 1, -1
		]
	}
}
#---------- POLYLINE
Shape {
	appearance Appearance {
		material Material {
			diffuseColor 1 0 0
			emissiveColor 1 0 0
		}
	}
	geometry IndexedLineSet {
		coord Coordinate {
			point [
				-170.995 253.105 -897.823,
				-170.995 253.105 -897.823,
			]
		}
		coordIndex [
			0, 1, -1
		]
	}
}
#---------- POLYLINE
Shape {
	appearance Appearance {
		material Material {
			diffuseColor 1 0 0
			emissiveColor 1 0 0
		}
	}
	geometry IndexedLineSet {
		coord Coordinate {
			point [
				-170.995 253.105 -897.823,
				-170.995 253.105 -897.823,
			]
		}
		coordIndex [
			0, 1, -1
		]
	}
}
#---------- POLYLINE
Shape {
	appearance Appearance {
		material Material {
			diffuseColor 1 0 0
			emissiveColor 1 0 0
		}
	}
	geometry IndexedLineSet {
		coord Coordinate {
			point [
				-170.995 253.105 -897.823,
				-170.995 253.105 -897.823,
			]
		}
		coordIndex [
			0, 1, -1
		]
	}
}
#---------- POLYLINE
Shape {
	appearance Appearance {
		material Material {
			diffuseColor 1 0 0
			emissiveColor 1 0 0
		}
	}
	geometry IndexedLineSet {
		coord Coordinate {
			point [
				-170.995 253.105 -897.823,
				-170.995 253.105 -897.823,
			]
		}
		coordIndex [
			0, 1, -1
		]
	}
}
#---------- POLYLINE
Shape {
	appearance Appearance {
		material Material {
			diffuseColor 0 1 0
			emissiveColor 0 1 0
		}
	}
	geometry IndexedLineSet {
		coord Coordinate {
			point [
				-170.995 253.105 -897.823,
				-170.983 253.119 -897.831,
			]
		}
		coordIndex [
			0, 1, -1
		]
	}
}
#---------- POLYLINE
Shape {
	appearance Appearance {
		material Material {
			diffuseColor 1 0 0
			emissiveColor 1 0 0
		}
	}
	geometry IndexedLineSet {
		coord Coordinate {
			point [
				-170.983 253.119 -897.831,
				-170.983 253.119 -897.831,
			]
		}
		coordIndex [
			0, 1, -1
		]
	}
}
#---------- POLYLINE
Shape {
	appearance Appearance {
		material Material {
			diffuseColor 1 0 0
			emissiveColor 1 0 0
		}
	}
	geometry IndexedLineSet {
		coord Coordinate {
			point [
				-170.983 253.119 -897.831,
				-170.983 253.119 -897.831,
			]
		}
		coordIndex [
			0, 1, -1
		]
	}
}
#---------- POLYLINE
Shape {
	appearance Appearance {
		material Material {
			diffuseColor 1 0 0
			emissiveColor 1 0 0
		}
	}
	geometry IndexedLineSet {
		coord Coordinate {
			point [
				-170.983 253.119 -897.831,
				-170.983 253.119 -897.831,
			]
		}
		coordIndex [
			0, 1, -1
		]
	}
}
#---------- POLYLINE
Shape {
	appearance Appearance {
		material Material {
			diffuseColor 1 0 0
			emissiveColor 1 0 0
		}
	}
	geometry IndexedLineSet {
		coord Coordinate {
			point [
				-170.983 253.119 -897.831,
				-170.983 253.119 -897.831,
			]
		}
		coordIndex [
			0, 1, -1
		]
	}
}
#---------- POLYLINE
Shape {
	appearance Appearance {
		material Material {
			diffuseColor 1 0 0
			emissiveColor 1 0 0
		}
	}
	geometry IndexedLineSet {
		coord Coordinate {
			point [
				-170.983 253.119 -897.831,
				-170.983 253.119 -897.831,
			]
		}
		coordIndex [
			0, 1, -1
		]
	}
}
#---------- POLYLINE
Shape {
	appearance Appearance {
		material Material {
			diffuseColor 1 0 0
			emissiveColor 1 0 0
		}
	}
	geometry IndexedLineSet {
		coord Coordinate {
			point [
				-170.983 253.119 -897.831,
				-170.983 253.119 -897.831,
			]
		}
		coordIndex [
			0, 1, -1
		]
	}
}
#---------- POLYLINE
Shape {
	appearance Appearance {
		material Material {
			diffuseColor 1 0 0
			emissiveColor 1 0 0
		}
	}
	geometry IndexedLineSet {
		coord Coordinate {
			point [
				-170.995 253.105 -897.823,
				-170.995 253.105 -897.824,
			]
		}
		coordIndex [
			0, 1, -1
		]
	}
}
#---------- POLYLINE
Shape {
	appearance Appearance {
		material Material {
			diffuseColor 1 0 0
			emissiveColor 1 0 0
		}
	}
	geometry IndexedLineSet {
		coord Coordinate {
			point [
				-170.324 253.078 -897.667,
				-170.339 253.082 -897.665,
			]
		}
		coordIndex [
			0, 1, -1
		]
	}
}
#---------- POLYLINE
Shape {
	appearance Appearance {
		material Material {
			diffuseColor 0 1 0
			emissiveColor 0 1 0
		}
	}
	geometry IndexedLineSet {
		coord Coordinate {
			point [
				-167.428 252.591 -898.449,
				-164.532 252.104 -899.23,
			]
		}
		coordIndex [
			0, 1, -1
		]
	}
}
#---------- POLYLINE
Shape {
	appearance Appearance {
		material Material {
			diffuseColor 1 0 0
			emissiveColor 1 0 0
		}
	}
	geometry IndexedLineSet {
		coord Coordinate {
			point [
				-164.532 252.104 -899.23,
				-164.532 252.104 -899.23,
			]
		}
		coordIndex [
			0, 1, -1
		]
	}
}
#---------- POLYLINE
Shape {
	appearance Appearance {
		material Material {
			diffuseColor 1 0 0
			emissiveColor 1 0 0
		}
	}
	geometry IndexedLineSet {
		coord Coordinate {
			point [
				-164.532 252.104 -899.23,
				-164.532 252.104 -899.23,
			]
		}
		coordIndex [
			0, 1, -1
		]
	}
}
#---------- POLYLINE
Shape {
	appearance Appearance {
		material Material {
			diffuseColor 1 0 0
			emissiveColor 1 0 0
		}
	}
	geometry IndexedLineSet {
		coord Coordinate {
			point [
				-164.532 252.104 -899.23,
				-164.532 252.104 -899.23,
			]
		}
		coordIndex [
			0, 1, -1
		]
	}
}
#---------- POLYLINE
Shape {
	appearance Appearance {
		material Material {
			diffuseColor 0 1 0
			emissiveColor 0 1 0
		}
	}
	geometry IndexedLineSet {
		coord Coordinate {
			point [
				-164.532 252.104 -899.23,
				-165.091 252.699 -899.107,
			]
		}
		coordIndex [
			0, 1, -1
		]
	}
}
#---------- POLYLINE
Shape {
	appearance Appearance {
		material Material {
			diffuseColor 1 0 0
			emissiveColor 1 0 0
		}
	}
	geometry IndexedLineSet {
		coord Coordinate {
			point [
				-165.091 252.699 -899.107,
				-165.091 252.699 -899.107,
			]
		}
		coordIndex [
			0, 1, -1
		]
	}
}
#---------- POLYLINE
Shape {
	appearance Appearance {
		material Material {
			diffuseColor 1 0 0
			emissiveColor 1 0 0
		}
	}
	geometry IndexedLineSet {
		coord Coordinate {
			point [
				-165.091 252.699 -899.107,
				-165.091 252.699 -899.107,
			]
		}
		coordIndex [
			0, 1, -1
		]
	}
}
#---------- POLYLINE
Shape {
	appearance Appearance {
		material Material {
			diffuseColor 1 0 0
			emissiveColor 1 0 0
		}
	}
	geometry IndexedLineSet {
		coord Coordinate {
			point [
				-165.091 252.699 -899.107,
				-165.091 252.699 -899.107,
			]
		}
		coordIndex [
			0, 1, -1
		]
	}
}
#---------- POLYLINE
Shape {
	appearance Appearance {
		material Material {
			diffuseColor 1 0 0
			emissiveColor 1 0 0
		}
	}
	geometry IndexedLineSet {
		coord Coordinate {
			point [
				-165.091 252.699 -899.107,
				-165.091 252.699 -899.107,
			]
		}
		coordIndex [
			0, 1, -1
		]
	}
}
#---------- POLYLINE
Shape {
	appearance Appearance {
		material Material {
			diffuseColor 1 0 0
			emissiveColor 1 0 0
		}
	}
	geometry IndexedLineSet {
		coord Coordinate {
			point [
				-165.091 252.699 -899.107,
				-165.091 252.699 -899.107,
			]
		}
		coordIndex [
			0, 1, -1
		]
	}
}
#---------- POLYLINE
Shape {
	appearance Appearance {
		material Material {
			diffuseColor 1 0 0
			emissiveColor 1 0 0
		}
	}
	geometry IndexedLineSet {
		coord Coordinate {
			point [
				-165.091 252.699 -899.107,
				-165.091 252.699 -899.107,
			]
		}
		coordIndex [
			0, 1, -1
		]
	}
}
#---------- POLYLINE
Shape {
	appearance Appearance {
		material Material {
			diffuseColor 1 0 0
			emissiveColor 1 0 0
		}
	}
	geometry IndexedLineSet {
		coord Coordinate {
			point [
				-165.091 252.699 -899.107,
				-165.091 252.699 -899.107,
			]
		}
		coordIndex [
			0, 1, -1
		]
	}
}
#---------- POLYLINE
Shape {
	appearance Appearance {
		material Material {
			diffuseColor 1 0 0
			emissiveColor 1 0 0
		}
	}
	geometry IndexedLineSet {
		coord Coordinate {
			point [
				-165.091 252.699 -899.107,
				-165.091 252.699 -899.107,
			]
		}
		coordIndex [
			0, 1, -1
		]
	}
}
#---------- POLYLINE
Shape {
	appearance Appearance {
		material Material {
			diffuseColor 1 0 0
			emissiveColor 1 0 0
		}
	}
	geometry IndexedLineSet {
		coord Coordinate {
			point [
				-165.091 252.699 -899.107,
				-165.091 252.699 -899.107,
			]
		}
		coordIndex [
			0, 1, -1
		]
	}
}
#---------- POLYLINE
Shape {
	appearance Appearance {
		material Material {
			diffuseColor 1 0 0
			emissiveColor 1 0 0
		}
	}
	geometry IndexedLineSet {
		coord Coordinate {
			point [
				-165.091 252.699 -899.107,
				-165.091 252.699 -899.107,
			]
		}
		coordIndex [
			0, 1, -1
		]
	}
}
#---------- POLYLINE
Shape {
	appearance Appearance {
		material Material {
			diffuseColor 1 0 0
			emissiveColor 1 0 0
		}
	}
	geometry IndexedLineSet {
		coord Coordinate {
			point [
				-165.091 252.699 -899.107,
				-165.091 252.699 -899.107,
			]
		}
		coordIndex [
			0, 1, -1
		]
	}
}
#---------- POLYLINE
Shape {
	appearance Appearance {
		material Material {
			diffuseColor 1 0 0
			emissiveColor 1 0 0
		}
	}
	geometry IndexedLineSet {
		coord Coordinate {
			point [
				-165.091 252.699 -899.107,
				-165.091 252.699 -899.107,
			]
		}
		coordIndex [
			0, 1, -1
		]
	}
}
#---------- POLYLINE
Shape {
	appearance Appearance {
		material Material {
			diffuseColor 1 0 0
			emissiveColor 1 0 0
		}
	}
	geometry IndexedLineSet {
		coord Coordinate {
			point [
				-165.091 252.699 -899.107,
				-165.091 252.699 -899.107,
			]
		}
		coordIndex [
			0, 1, -1
		]
	}
}
#---------- POLYLINE
Shape {
	appearance Appearance {
		material Material {
			diffuseColor 1 0 0
			emissiveColor 1 0 0
		}
	}
	geometry IndexedLineSet {
		coord Coordinate {
			point [
				-165.091 252.699 -899.107,
				-165.091 252.699 -899.107,
			]
		}
		coordIndex [
			0, 1, -1
		]
	}
}
#---------- POLYLINE
Shape {
	appearance Appearance {
		material Material {
			diffuseColor 1 0 0
			emissiveColor 1 0 0
		}
	}
	geometry IndexedLineSet {
		coord Coordinate {
			point [
				-165.091 252.699 -899.107,
				-165.091 252.699 -899.107,
			]
		}
		coordIndex [
			0, 1, -1
		]
	}
}
#---------- POLYLINE
Shape {
	appearance Appearance {
		material Material {
			diffuseColor 1 0 0
			emissiveColor 1 0 0
		}
	}
	geometry IndexedLineSet {
		coord Coordinate {
			point [
				-165.091 252.699 -899.107,
				-165.091 252.699 -899.107,
			]
		}
		coordIndex [
			0, 1, -1
		]
	}
}
#---------- POLYLINE
Shape {
	appearance Appearance {
		material Material {
			diffuseColor 1 0 0
			emissiveColor 1 0 0
		}
	}
	geometry IndexedLineSet {
		coord Coordinate {
			point [
				-165.091 252.699 -899.107,
				-165.091 252.699 -899.107,
			]
		}
		coordIndex [
			0, 1, -1
		]
	}
}
#---------- POLYLINE
Shape {
	appearance Appearance {
		material Material {
			diffuseColor 1 0 0
			emissiveColor 1 0 0
		}
	}
	geometry IndexedLineSet {
		coord Coordinate {
			point [
				-165.091 252.699 -899.107,
				-165.091 252.699 -899.107,
			]
		}
		coordIndex [
			0, 1, -1
		]
	}
}
#---------- POLYLINE
Shape {
	appearance Appearance {
		material Material {
			diffuseColor 1 0 0
			emissiveColor 1 0 0
		}
	}
	geometry IndexedLineSet {
		coord Coordinate {
			point [
				-165.091 252.699 -899.107,
				-165.091 252.699 -899.107,
			]
		}
		coordIndex [
			0, 1, -1
		]
	}
}
#---------- POLYLINE
Shape {
	appearance Appearance {
		material Material {
			diffuseColor 1 0 0
			emissiveColor 1 0 0
		}
	}
	geometry IndexedLineSet {
		coord Coordinate {
			point [
				-165.091 252.699 -899.107,
				-165.091 252.699 -899.107,
			]
		}
		coordIndex [
			0, 1, -1
		]
	}
}
#---------- POLYLINE
Shape {
	appearance Appearance {
		material Material {
			diffuseColor 1 0 0
			emissiveColor 1 0 0
		}
	}
	geometry IndexedLineSet {
		coord Coordinate {
			point [
				-165.091 252.699 -899.107,
				-165.091 252.699 -899.107,
			]
		}
		coordIndex [
			0, 1, -1
		]
	}
}
#---------- POLYLINE
Shape {
	appearance Appearance {
		material Material {
			diffuseColor 1 0 0
			emissiveColor 1 0 0
		}
	}
	geometry IndexedLineSet {
		coord Coordinate {
			point [
				-165.091 252.699 -899.107,
				-165.091 252.699 -899.107,
			]
		}
		coordIndex [
			0, 1, -1
		]
	}
}
#---------- POLYLINE
Shape {
	appearance Appearance {
		material Material {
			diffuseColor 1 0 0
			emissiveColor 1 0 0
		}
	}
	geometry IndexedLineSet {
		coord Coordinate {
			point [
				-165.091 252.699 -899.107,
				-165.092 252.699 -899.107,
			]
		}
		coordIndex [
			0, 1, -1
		]
	}
}
#---------- POLYLINE
Shape {
	appearance Appearance {
		material Material {
			diffuseColor 1 0 0
			emissiveColor 1 0 0
		}
	}
	geometry IndexedLineSet {
		coord Coordinate {
			point [
				-164.532 252.104 -899.23,
				-164.517 252.108 -899.235,
				-164.518 252.108 -899.235,
			]
		}
		coordIndex [
			0, 1, 2, -1
		]
	}
}
#---------- POLYLINE
Shape {
	appearance Appearance {
		material Material {
			diffuseColor 0 1 0
			emissiveColor 0 1 0
		}
	}
	geometry IndexedLineSet {
		coord Coordinate {
			point [
				-164.517 252.108 -899.235,
				-164.449 252.098 -899.291,
			]
		}
		coordIndex [
			0, 1, -1
		]
	}
}
#---------- POLYLINE
Shape {
	appearance Appearance {
		material Material {
			diffuseColor 1 0 0
			emissiveColor 1 0 0
		}
	}
	geometry IndexedLineSet {
		coord Coordinate {
			point [
				-164.449 252.098 -899.291,
				-164.449 252.098 -899.291,
			]
		}
		coordIndex [
			0, 1, -1
		]
	}
}
#---------- POLYLINE
Shape {
	appearance Appearance {
		material Material {
			diffuseColor 1 0 0
			emissiveColor 1 0 0
		}
	}
	geometry IndexedLineSet {
		coord Coordinate {
			point [
				-164.449 252.098 -899.291,
				-164.449 252.098 -899.291,
			]
		}
		coordIndex [
			0, 1, -1
		]
	}
}
#---------- POLYLINE
Shape {
	appearance Appearance {
		material Material {
			diffuseColor 1 0 0
			emissiveColor 1 0 0
		}
	}
	geometry IndexedLineSet {
		coord Coordinate {
			point [
				-164.449 252.098 -899.291,
				-164.449 252.098 -899.291,
			]
		}
		coordIndex [
			0, 1, -1
		]
	}
}
#---------- POLYLINE
Shape {
	appearance Appearance {
		material Material {
			diffuseColor 1 0 0
			emissiveColor 1 0 0
		}
	}
	geometry IndexedLineSet {
		coord Coordinate {
			point [
				-164.449 252.098 -899.291,
				-164.449 252.098 -899.291,
			]
		}
		coordIndex [
			0, 1, -1
		]
	}
}
#---------- POLYLINE
Shape {
	appearance Appearance {
		material Material {
			diffuseColor 1 0 0
			emissiveColor 1 0 0
		}
	}
	geometry IndexedLineSet {
		coord Coordinate {
			point [
				-164.449 252.098 -899.291,
				-164.449 252.098 -899.291,
			]
		}
		coordIndex [
			0, 1, -1
		]
	}
}
#---------- POLYLINE
Shape {
	appearance Appearance {
		material Material {
			diffuseColor 1 0 0
			emissiveColor 1 0 0
		}
	}
	geometry IndexedLineSet {
		coord Coordinate {
			point [
				-164.449 252.098 -899.291,
				-164.449 252.098 -899.291,
			]
		}
		coordIndex [
			0, 1, -1
		]
	}
}
#---------- POLYLINE
Shape {
	appearance Appearance {
		material Material {
			diffuseColor 1 0 0
			emissiveColor 1 0 0
		}
	}
	geometry IndexedLineSet {
		coord Coordinate {
			point [
				-164.449 252.098 -899.291,
				-164.449 252.098 -899.291,
			]
		}
		coordIndex [
			0, 1, -1
		]
	}
}
#---------- POLYLINE
Shape {
	appearance Appearance {
		material Material {
			diffuseColor 1 0 0
			emissiveColor 1 0 0
		}
	}
	geometry IndexedLineSet {
		coord Coordinate {
			point [
				-164.449 252.098 -899.291,
				-164.449 252.098 -899.291,
			]
		}
		coordIndex [
			0, 1, -1
		]
	}
}
#---------- POLYLINE
Shape {
	appearance Appearance {
		material Material {
			diffuseColor 1 0 0
			emissiveColor 1 0 0
		}
	}
	geometry IndexedLineSet {
		coord Coordinate {
			point [
				-164.449 252.098 -899.291,
				-164.449 252.098 -899.291,
			]
		}
		coordIndex [
			0, 1, -1
		]
	}
}
#---------- POLYLINE
Shape {
	appearance Appearance {
		material Material {
			diffuseColor 1 0 0
			emissiveColor 1 0 0
		}
	}
	geometry IndexedLineSet {
		coord Coordinate {
			point [
				-164.449 252.098 -899.291,
				-164.449 252.098 -899.291,
			]
		}
		coordIndex [
			0, 1, -1
		]
	}
}
#---------- POLYLINE
Shape {
	appearance Appearance {
		material Material {
			diffuseColor 1 0 0
			emissiveColor 1 0 0
		}
	}
	geometry IndexedLineSet {
		coord Coordinate {
			point [
				-164.449 252.098 -899.291,
				-164.449 252.098 -899.291,
			]
		}
		coordIndex [
			0, 1, -1
		]
	}
}
#---------- POLYLINE
Shape {
	appearance Appearance {
		material Material {
			diffuseColor 1 0 0
			emissiveColor 1 0 0
		}
	}
	geometry IndexedLineSet {
		coord Coordinate {
			point [
				-164.449 252.098 -899.291,
				-164.449 252.098 -899.291,
			]
		}
		coordIndex [
			0, 1, -1
		]
	}
}
#---------- POLYLINE
Shape {
	appearance Appearance {
		material Material {
			diffuseColor 1 0 0
			emissiveColor 1 0 0
		}
	}
	geometry IndexedLineSet {
		coord Coordinate {
			point [
				-164.449 252.098 -899.291,
				-164.449 252.098 -899.291,
			]
		}
		coordIndex [
			0, 1, -1
		]
	}
}
#---------- POLYLINE
Shape {
	appearance Appearance {
		material Material {
			diffuseColor 1 0 0
			emissiveColor 1 0 0
		}
	}
	geometry IndexedLineSet {
		coord Coordinate {
			point [
				-164.449 252.098 -899.291,
				-164.449 252.098 -899.291,
			]
		}
		coordIndex [
			0, 1, -1
		]
	}
}
#---------- POLYLINE
Shape {
	appearance Appearance {
		material Material {
			diffuseColor 1 0 0
			emissiveColor 1 0 0
		}
	}
	geometry IndexedLineSet {
		coord Coordinate {
			point [
				-164.449 252.098 -899.291,
				-164.449 252.098 -899.291,
			]
		}
		coordIndex [
			0, 1, -1
		]
	}
}
#---------- POLYLINE
Shape {
	appearance Appearance {
		material Material {
			diffuseColor 1 0 0
			emissiveColor 1 0 0
		}
	}
	geometry IndexedLineSet {
		coord Coordinate {
			point [
				-164.449 252.098 -899.291,
				-164.449 252.098 -899.291,
			]
		}
		coordIndex [
			0, 1, -1
		]
	}
}
#---------- POLYLINE
Shape {
	appearance Appearance {
		material Material {
			diffuseColor 1 0 0
			emissiveColor 1 0 0
		}
	}
	geometry IndexedLineSet {
		coord Coordinate {
			point [
				-164.449 252.098 -899.291,
				-164.449 252.098 -899.291,
			]
		}
		coordIndex [
			0, 1, -1
		]
	}
}
#---------- POLYLINE
Shape {
	appearance Appearance {
		material Material {
			diffuseColor 1 0 0
			emissiveColor 1 0 0
		}
	}
	geometry IndexedLineSet {
		coord Coordinate {
			point [
				-164.449 252.098 -899.291,
				-164.449 252.098 -899.291,
			]
		}
		coordIndex [
			0, 1, -1
		]
	}
}
#---------- POLYLINE
Shape {
	appearance Appearance {
		material Material {
			diffuseColor 1 0 0
			emissiveColor 1 0 0
		}
	}
	geometry IndexedLineSet {
		coord Coordinate {
			point [
				-164.449 252.098 -899.291,
				-164.449 252.098 -899.291,
			]
		}
		coordIndex [
			0, 1, -1
		]
	}
}
#---------- POLYLINE
Shape {
	appearance Appearance {
		material Material {
			diffuseColor 1 0 0
			emissiveColor 1 0 0
		}
	}
	geometry IndexedLineSet {
		coord Coordinate {
			point [
				-164.449 252.098 -899.291,
				-164.449 252.098 -899.291,
			]
		}
		coordIndex [
			0, 1, -1
		]
	}
}
#---------- POLYLINE
Shape {
	appearance Appearance {
		material Material {
			diffuseColor 1 0 0
			emissiveColor 1 0 0
		}
	}
	geometry IndexedLineSet {
		coord Coordinate {
			point [
				-164.449 252.098 -899.291,
				-164.449 252.098 -899.291,
			]
		}
		coordIndex [
			0, 1, -1
		]
	}
}
#---------- POLYLINE
Shape {
	appearance Appearance {
		material Material {
			diffuseColor 1 0 0
			emissiveColor 1 0 0
		}
	}
	geometry IndexedLineSet {
		coord Coordinate {
			point [
				-164.449 252.098 -899.291,
				-164.449 252.098 -899.291,
			]
		}
		coordIndex [
			0, 1, -1
		]
	}
}
#---------- POLYLINE
Shape {
	appearance Appearance {
		material Material {
			diffuseColor 1 0 0
			emissiveColor 1 0 0
		}
	}
	geometry IndexedLineSet {
		coord Coordinate {
			point [
				-164.449 252.098 -899.291,
				-164.449 252.098 -899.291,
			]
		}
		coordIndex [
			0, 1, -1
		]
	}
}
#---------- POLYLINE
Shape {
	appearance Appearance {
		material Material {
			diffuseColor 1 0 0
			emissiveColor 1 0 0
		}
	}
	geometry IndexedLineSet {
		coord Coordinate {
			point [
				-164.449 252.098 -899.291,
				-164.449 252.098 -899.291,
			]
		}
		coordIndex [
			0, 1, -1
		]
	}
}
#---------- POLYLINE
Shape {
	appearance Appearance {
		material Material {
			diffuseColor 1 0 0
			emissiveColor 1 0 0
		}
	}
	geometry IndexedLineSet {
		coord Coordinate {
			point [
				-164.449 252.098 -899.291,
				-164.449 252.098 -899.291,
			]
		}
		coordIndex [
			0, 1, -1
		]
	}
}
#---------- POLYLINE
Shape {
	appearance Appearance {
		material Material {
			diffuseColor 1 0 0
			emissiveColor 1 0 0
		}
	}
	geometry IndexedLineSet {
		coord Coordinate {
			point [
				-164.449 252.098 -899.291,
				-164.447 252.097 -899.291,
			]
		}
		coordIndex [
			0, 1, -1
		]
	}
}
#---------- POLYLINE
Shape {
	appearance Appearance {
		material Material {
			diffuseColor 0 1 0
			emissiveColor 0 1 0
		}
	}
	geometry IndexedLineSet {
		coord Coordinate {
			point [
				-167.343 252.568 -898.481,
				-167.695 252.337 -898.37,
			]
		}
		coordIndex [
			0, 1, -1
		]
	}
}
#---------- POLYLINE
Shape {
	appearance Appearance {
		material Material {
			diffuseColor 1 0 0
			emissiveColor 1 0 0
		}
	}
	geometry IndexedLineSet {
		coord Coordinate {
			point [
				-167.695 252.337 -898.37,
				-167.695 252.337 -898.37,
			]
		}
		coordIndex [
			0, 1, -1
		]
	}
}
#---------- POLYLINE
Shape {
	appearance Appearance {
		material Material {
			diffuseColor 1 0 0
			emissiveColor 1 0 0
		}
	}
	geometry IndexedLineSet {
		coord Coordinate {
			point [
				-167.695 252.337 -898.37,
				-167.695 252.337 -898.37,
			]
		}
		coordIndex [
			0, 1, -1
		]
	}
}
#---------- POLYLINE
Shape {
	appearance Appearance {
		material Material {
			diffuseColor 1 0 0
			emissiveColor 1 0 0
		}
	}
	geometry IndexedLineSet {
		coord Coordinate {
			point [
				-167.695 252.337 -898.37,
				-167.695 252.337 -898.37,
			]
		}
		coordIndex [
			0, 1, -1
		]
	}
}
#---------- POLYLINE
Shape {
	appearance Appearance {
		material Material {
			diffuseColor 1 0 0
			emissiveColor 1 0 0
		}
	}
	geometry IndexedLineSet {
		coord Coordinate {
			point [
				-167.695 252.337 -898.37,
				-167.695 252.337 -898.37,
			]
		}
		coordIndex [
			0, 1, -1
		]
	}
}
#---------- POLYLINE
Shape {
	appearance Appearance {
		material Material {
			diffuseColor 1 0 0
			emissiveColor 1 0 0
		}
	}
	geometry IndexedLineSet {
		coord Coordinate {
			point [
				-167.695 252.337 -898.37,
				-167.695 252.337 -898.37,
			]
		}
		coordIndex [
			0, 1, -1
		]
	}
}
#---------- POLYLINE
Shape {
	appearance Appearance {
		material Material {
			diffuseColor 1 0 0
			emissiveColor 1 0 0
		}
	}
	geometry IndexedLineSet {
		coord Coordinate {
			point [
				-167.695 252.337 -898.37,
				-167.695 252.337 -898.37,
			]
		}
		coordIndex [
			0, 1, -1
		]
	}
}
#---------- POLYLINE
Shape {
	appearance Appearance {
		material Material {
			diffuseColor 1 0 0
			emissiveColor 1 0 0
		}
	}
	geometry IndexedLineSet {
		coord Coordinate {
			point [
				-167.695 252.337 -898.37,
				-167.695 252.337 -898.37,
			]
		}
		coordIndex [
			0, 1, -1
		]
	}
}
#---------- POLYLINE
Shape {
	appearance Appearance {
		material Material {
			diffuseColor 1 0 0
			emissiveColor 1 0 0
		}
	}
	geometry IndexedLineSet {
		coord Coordinate {
			point [
				-167.695 252.337 -898.37,
				-167.695 252.337 -898.37,
			]
		}
		coordIndex [
			0, 1, -1
		]
	}
}
#---------- POLYLINE
Shape {
	appearance Appearance {
		material Material {
			diffuseColor 1 0 0
			emissiveColor 1 0 0
		}
	}
	geometry IndexedLineSet {
		coord Coordinate {
			point [
				-167.695 252.337 -898.37,
				-167.695 252.337 -898.37,
			]
		}
		coordIndex [
			0, 1, -1
		]
	}
}
#---------- POLYLINE
Shape {
	appearance Appearance {
		material Material {
			diffuseColor 1 0 0
			emissiveColor 1 0 0
		}
	}
	geometry IndexedLineSet {
		coord Coordinate {
			point [
				-167.695 252.337 -898.37,
				-167.695 252.337 -898.37,
			]
		}
		coordIndex [
			0, 1, -1
		]
	}
}
#---------- POLYLINE
Shape {
	appearance Appearance {
		material Material {
			diffuseColor 1 0 0
			emissiveColor 1 0 0
		}
	}
	geometry IndexedLineSet {
		coord Coordinate {
			point [
				-167.695 252.337 -898.37,
				-167.695 252.337 -898.37,
			]
		}
		coordIndex [
			0, 1, -1
		]
	}
}
#---------- POLYLINE
Shape {
	appearance Appearance {
		material Material {
			diffuseColor 0 1 0
			emissiveColor 0 1 0
		}
	}
	geometry IndexedLineSet {
		coord Coordinate {
			point [
				-167.695 252.337 -898.37,
				-167.084 252.527 -899.534,
			]
		}
		coordIndex [
			0, 1, -1
		]
	}
}
#---------- POLYLINE
Shape {
	appearance Appearance {
		material Material {
			diffuseColor 1 0 0
			emissiveColor 1 0 0
		}
	}
	geometry IndexedLineSet {
		coord Coordinate {
			point [
				-167.084 252.527 -899.534,
				-167.084 252.527 -899.534,
			]
		}
		coordIndex [
			0, 1, -1
		]
	}
}
#---------- POLYLINE
Shape {
	appearance Appearance {
		material Material {
			diffuseColor 1 0 0
			emissiveColor 1 0 0
		}
	}
	geometry IndexedLineSet {
		coord Coordinate {
			point [
				-167.084 252.527 -899.534,
				-167.084 252.527 -899.534,
			]
		}
		coordIndex [
			0, 1, -1
		]
	}
}
#---------- POLYLINE
Shape {
	appearance Appearance {
		material Material {
			diffuseColor 1 0 0
			emissiveColor 1 0 0
		}
	}
	geometry IndexedLineSet {
		coord Coordinate {
			point [
				-167.084 252.527 -899.534,
				-167.084 252.527 -899.534,
			]
		}
		coordIndex [
			0, 1, -1
		]
	}
}
#---------- POLYLINE
Shape {
	appearance Appearance {
		material Material {
			diffuseColor 0 1 0
			emissiveColor 0 1 0
		}
	}
	geometry IndexedLineSet {
		coord Coordinate {
			point [
				-167.084 252.527 -899.534,
				-167.082 252.527 -899.533,
			]
		}
		coordIndex [
			0, 1, -1
		]
	}
}
#---------- POLYLINE
Shape {
	appearance Appearance {
		material Material {
			diffuseColor 1 0 0
			emissiveColor 1 0 0
		}
	}
	geometry IndexedLineSet {
		coord Coordinate {
			point [
				-167.082 252.527 -899.533,
				-167.082 252.527 -899.533,
			]
		}
		coordIndex [
			0, 1, -1
		]
	}
}
#---------- POLYLINE
Shape {
	appearance Appearance {
		material Material {
			diffuseColor 1 0 0
			emissiveColor 1 0 0
		}
	}
	geometry IndexedLineSet {
		coord Coordinate {
			point [
				-167.082 252.527 -899.533,
				-167.082 252.527 -899.533,
			]
		}
		coordIndex [
			0, 1, -1
		]
	}
}
#---------- POLYLINE
Shape {
	appearance Appearance {
		material Material {
			diffuseColor 1 0 0
			emissiveColor 1 0 0
		}
	}
	geometry IndexedLineSet {
		coord Coordinate {
			point [
				-167.082 252.527 -899.533,
				-167.082 252.527 -899.533,
			]
		}
		coordIndex [
			0, 1, -1
		]
	}
}
#---------- POLYLINE
Shape {
	appearance Appearance {
		material Material {
			diffuseColor 1 0 0
			emissiveColor 1 0 0
		}
	}
	geometry IndexedLineSet {
		coord Coordinate {
			point [
				-167.082 252.527 -899.533,
				-167.082 252.527 -899.533,
			]
		}
		coordIndex [
			0, 1, -1
		]
	}
}
#---------- POLYLINE
Shape {
	appearance Appearance {
		material Material {
			diffuseColor 1 0 0
			emissiveColor 1 0 0
		}
	}
	geometry IndexedLineSet {
		coord Coordinate {
			point [
				-167.082 252.527 -899.533,
				-167.082 252.527 -899.533,
			]
		}
		coordIndex [
			0, 1, -1
		]
	}
}
#---------- POLYLINE
Shape {
	appearance Appearance {
		material Material {
			diffuseColor 1 0 0
			emissiveColor 1 0 0
		}
	}
	geometry IndexedLineSet {
		coord Coordinate {
			point [
				-167.082 252.527 -899.533,
				-167.082 252.527 -899.533,
			]
		}
		coordIndex [
			0, 1, -1
		]
	}
}
#---------- POLYLINE
Shape {
	appearance Appearance {
		material Material {
			diffuseColor 1 0 0
			emissiveColor 1 0 0
		}
	}
	geometry IndexedLineSet {
		coord Coordinate {
			point [
				-167.082 252.527 -899.533,
				-167.082 252.527 -899.533,
			]
		}
		coordIndex [
			0, 1, -1
		]
	}
}
#---------- POLYLINE
Shape {
	appearance Appearance {
		material Material {
			diffuseColor 1 0 0
			emissiveColor 1 0 0
		}
	}
	geometry IndexedLineSet {
		coord Coordinate {
			point [
				-167.082 252.527 -899.533,
				-167.082 252.527 -899.533,
			]
		}
		coordIndex [
			0, 1, -1
		]
	}
}
#---------- POLYLINE
Shape {
	appearance Appearance {
		material Material {
			diffuseColor 1 0 0
			emissiveColor 1 0 0
		}
	}
	geometry IndexedLineSet {
		coord Coordinate {
			point [
				-167.082 252.527 -899.533,
				-167.082 252.527 -899.533,
			]
		}
		coordIndex [
			0, 1, -1
		]
	}
}
#---------- POLYLINE
Shape {
	appearance Appearance {
		material Material {
			diffuseColor 1 0 0
			emissiveColor 1 0 0
		}
	}
	geometry IndexedLineSet {
		coord Coordinate {
			point [
				-167.084 252.527 -899.534,
				-167.084 252.527 -899.534,
			]
		}
		coordIndex [
			0, 1, -1
		]
	}
}
#---------- POLYLINE
Shape {
	appearance Appearance {
		material Material {
			diffuseColor 1 0 0
			emissiveColor 1 0 0
		}
	}
	geometry IndexedLineSet {
		coord Coordinate {
			point [
				-167.084 252.527 -899.534,
				-167.083 252.526 -899.534,
			]
		}
		coordIndex [
			0, 1, -1
		]
	}
}
#---------- POLYLINE
Shape {
	appearance Appearance {
		material Material {
			diffuseColor 1 0 0
			emissiveColor 1 0 0
		}
	}
	geometry IndexedLineSet {
		coord Coordinate {
			point [
				-167.695 252.337 -898.37,
				-167.703 252.334 -898.372,
			]
		}
		coordIndex [
			0, 1, -1
		]
	}
}
#---------- POLYLINE
Shape {
	appearance Appearance {
		material Material {
			diffuseColor 0 1 0
			emissiveColor 0 1 0
		}
	}
	geometry IndexedLineSet {
		coord Coordinate {
			point [
				-167.186 252.67 -898.399,
				-167.648 252.262 -898.618,
			]
		}
		coordIndex [
			0, 1, -1
		]
	}
}
#---------- POLYLINE
Shape {
	appearance Appearance {
		material Material {
			diffuseColor 1 0 0
			emissiveColor 1 0 0
		}
	}
	geometry IndexedLineSet {
		coord Coordinate {
			point [
				-167.648 252.262 -898.618,
				-167.648 252.262 -898.618,
			]
		}
		coordIndex [
			0, 1, -1
		]
	}
}
#---------- POLYLINE
Shape {
	appearance Appearance {
		material Material {
			diffuseColor 1 0 0
			emissiveColor 1 0 0
		}
	}
	geometry IndexedLineSet {
		coord Coordinate {
			point [
				-167.648 252.262 -898.618,
				-167.648 252.262 -898.618,
			]
		}
		coordIndex [
			0, 1, -1
		]
	}
}
#---------- POLYLINE
Shape {
	appearance Appearance {
		material Material {
			diffuseColor 1 0 0
			emissiveColor 1 0 0
		}
	}
	geometry IndexedLineSet {
		coord Coordinate {
			point [
				-167.648 252.262 -898.618,
				-167.648 252.262 -898.618,
			]
		}
		coordIndex [
			0, 1, -1
		]
	}
}
#---------- POLYLINE
Shape {
	appearance Appearance {
		material Material {
			diffuseColor 1 0 0
			emissiveColor 1 0 0
		}
	}
	geometry IndexedLineSet {
		coord Coordinate {
			point [
				-167.648 252.262 -898.618,
				-167.648 252.262 -898.618,
			]
		}
		coordIndex [
			0, 1, -1
		]
	}
}
#---------- POLYLINE
Shape {
	appearance Appearance {
		material Material {
			diffuseColor 1 0 0
			emissiveColor 1 0 0
		}
	}
	geometry IndexedLineSet {
		coord Coordinate {
			point [
				-167.648 252.262 -898.618,
				-167.648 252.262 -898.618,
			]
		}
		coordIndex [
			0, 1, -1
		]
	}
}
#---------- POLYLINE
Shape {
	appearance Appearance {
		material Material {
			diffuseColor 1 0 0
			emissiveColor 1 0 0
		}
	}
	geometry IndexedLineSet {
		coord Coordinate {
			point [
				-167.648 252.262 -898.618,
				-167.648 252.262 -898.618,
			]
		}
		coordIndex [
			0, 1, -1
		]
	}
}
#---------- POLYLINE
Shape {
	appearance Appearance {
		material Material {
			diffuseColor 1 0 0
			emissiveColor 1 0 0
		}
	}
	geometry IndexedLineSet {
		coord Coordinate {
			point [
				-167.648 252.262 -898.618,
				-167.648 252.262 -898.618,
			]
		}
		coordIndex [
			0, 1, -1
		]
	}
}
#---------- POLYLINE
Shape {
	appearance Appearance {
		material Material {
			diffuseColor 1 0 0
			emissiveColor 1 0 0
		}
	}
	geometry IndexedLineSet {
		coord Coordinate {
			point [
				-167.648 252.262 -898.618,
				-167.648 252.262 -898.618,
			]
		}
		coordIndex [
			0, 1, -1
		]
	}
}
#---------- POLYLINE
Shape {
	appearance Appearance {
		material Material {
			diffuseColor 1 0 0
			emissiveColor 1 0 0
		}
	}
	geometry IndexedLineSet {
		coord Coordinate {
			point [
				-167.648 252.262 -898.618,
				-167.648 252.262 -898.618,
			]
		}
		coordIndex [
			0, 1, -1
		]
	}
}
#---------- POLYLINE
Shape {
	appearance Appearance {
		material Material {
			diffuseColor 1 0 0
			emissiveColor 1 0 0
		}
	}
	geometry IndexedLineSet {
		coord Coordinate {
			point [
				-167.648 252.262 -898.618,
				-167.648 252.262 -898.618,
			]
		}
		coordIndex [
			0, 1, -1
		]
	}
}
#---------- POLYLINE
Shape {
	appearance Appearance {
		material Material {
			diffuseColor 1 0 0
			emissiveColor 1 0 0
		}
	}
	geometry IndexedLineSet {
		coord Coordinate {
			point [
				-167.648 252.262 -898.618,
				-167.648 252.262 -898.618,
			]
		}
		coordIndex [
			0, 1, -1
		]
	}
}
#---------- POLYLINE
Shape {
	appearance Appearance {
		material Material {
			diffuseColor 1 0 0
			emissiveColor 1 0 0
		}
	}
	geometry IndexedLineSet {
		coord Coordinate {
			point [
				-167.648 252.262 -898.618,
				-167.648 252.262 -898.618,
			]
		}
		coordIndex [
			0, 1, -1
		]
	}
}
#---------- POLYLINE
Shape {
	appearance Appearance {
		material Material {
			diffuseColor 1 0 0
			emissiveColor 1 0 0
		}
	}
	geometry IndexedLineSet {
		coord Coordinate {
			point [
				-167.648 252.262 -898.618,
				-167.648 252.262 -898.618,
			]
		}
		coordIndex [
			0, 1, -1
		]
	}
}
#---------- POLYLINE
Shape {
	appearance Appearance {
		material Material {
			diffuseColor 1 0 0
			emissiveColor 1 0 0
		}
	}
	geometry IndexedLineSet {
		coord Coordinate {
			point [
				-167.648 252.262 -898.618,
				-167.648 252.262 -898.618,
			]
		}
		coordIndex [
			0, 1, -1
		]
	}
}
#---------- POLYLINE
Shape {
	appearance Appearance {
		material Material {
			diffuseColor 0 1 0
			emissiveColor 0 1 0
		}
	}
	geometry IndexedLineSet {
		coord Coordinate {
			point [
				-167.648 252.262 -898.618,
				-168.675 251.085 -898.635,
			]
		}
		coordIndex [
			0, 1, -1
		]
	}
}
#---------- POLYLINE
Shape {
	appearance Appearance {
		material Material {
			diffuseColor 1 0 0
			emissiveColor 1 0 0
		}
	}
	geometry IndexedLineSet {
		coord Coordinate {
			point [
				-168.675 251.085 -898.635,
				-168.675 251.085 -898.635,
			]
		}
		coordIndex [
			0, 1, -1
		]
	}
}
#---------- POLYLINE
Shape {
	appearance Appearance {
		material Material {
			diffuseColor 1 0 0
			emissiveColor 1 0 0
		}
	}
	geometry IndexedLineSet {
		coord Coordinate {
			point [
				-168.675 251.085 -898.635,
				-168.675 251.085 -898.635,
			]
		}
		coordIndex [
			0, 1, -1
		]
	}
}
#---------- POLYLINE
Shape {
	appearance Appearance {
		material Material {
			diffuseColor 1 0 0
			emissiveColor 1 0 0
		}
	}
	geometry IndexedLineSet {
		coord Coordinate {
			point [
				-168.675 251.085 -898.635,
				-168.675 251.085 -898.635,
			]
		}
		coordIndex [
			0, 1, -1
		]
	}
}
#---------- POLYLINE
Shape {
	appearance Appearance {
		material Material {
			diffuseColor 1 0 0
			emissiveColor 1 0 0
		}
	}
	geometry IndexedLineSet {
		coord Coordinate {
			point [
				-168.675 251.085 -898.635,
				-168.675 251.085 -898.635,
			]
		}
		coordIndex [
			0, 1, -1
		]
	}
}
#---------- POLYLINE
Shape {
	appearance Appearance {
		material Material {
			diffuseColor 1 0 0
			emissiveColor 1 0 0
		}
	}
	geometry IndexedLineSet {
		coord Coordinate {
			point [
				-168.675 251.085 -898.635,
				-168.675 251.085 -898.635,
			]
		}
		coordIndex [
			0, 1, -1
		]
	}
}
#---------- POLYLINE
Shape {
	appearance Appearance {
		material Material {
			diffuseColor 1 0 0
			emissiveColor 1 0 0
		}
	}
	geometry IndexedLineSet {
		coord Coordinate {
			point [
				-168.675 251.085 -898.635,
				-168.675 251.085 -898.635,
			]
		}
		coordIndex [
			0, 1, -1
		]
	}
}
#---------- POLYLINE
Shape {
	appearance Appearance {
		material Material {
			diffuseColor 1 0 0
			emissiveColor 1 0 0
		}
	}
	geometry IndexedLineSet {
		coord Coordinate {
			point [
				-168.675 251.085 -898.635,
				-168.675 251.085 -898.635,
			]
		}
		coordIndex [
			0, 1, -1
		]
	}
}
#---------- POLYLINE
Shape {
	appearance Appearance {
		material Material {
			diffuseColor 1 0 0
			emissiveColor 1 0 0
		}
	}
	geometry IndexedLineSet {
		coord Coordinate {
			point [
				-168.675 251.085 -898.635,
				-168.675 251.085 -898.635,
			]
		}
		coordIndex [
			0, 1, -1
		]
	}
}
#---------- POLYLINE
Shape {
	appearance Appearance {
		material Material {
			diffuseColor 1 0 0
			emissiveColor 1 0 0
		}
	}
	geometry IndexedLineSet {
		coord Coordinate {
			point [
				-168.675 251.085 -898.635,
				-168.675 251.085 -898.635,
			]
		}
		coordIndex [
			0, 1, -1
		]
	}
}
#---------- POLYLINE
Shape {
	appearance Appearance {
		material Material {
			diffuseColor 1 0 0
			emissiveColor 1 0 0
		}
	}
	geometry IndexedLineSet {
		coord Coordinate {
			point [
				-168.675 251.085 -898.635,
				-168.675 251.085 -898.635,
			]
		}
		coordIndex [
			0, 1, -1
		]
	}
}
#---------- POLYLINE
Shape {
	appearance Appearance {
		material Material {
			diffuseColor 1 0 0
			emissiveColor 1 0 0
		}
	}
	geometry IndexedLineSet {
		coord Coordinate {
			point [
				-168.675 251.085 -898.635,
				-168.675 251.085 -898.635,
			]
		}
		coordIndex [
			0, 1, -1
		]
	}
}
#---------- POLYLINE
Shape {
	appearance Appearance {
		material Material {
			diffuseColor 1 0 0
			emissiveColor 1 0 0
		}
	}
	geometry IndexedLineSet {
		coord Coordinate {
			point [
				-168.675 251.085 -898.635,
				-168.675 251.085 -898.635,
			]
		}
		coordIndex [
			0, 1, -1
		]
	}
}
#---------- POLYLINE
Shape {
	appearance Appearance {
		material Material {
			diffuseColor 1 0 0
			emissiveColor 1 0 0
		}
	}
	geometry IndexedLineSet {
		coord Coordinate {
			point [
				-168.675 251.085 -898.635,
				-168.675 251.085 -898.635,
			]
		}
		coordIndex [
			0, 1, -1
		]
	}
}
#---------- POLYLINE
Shape {
	appearance Appearance {
		material Material {
			diffuseColor 1 0 0
			emissiveColor 1 0 0
		}
	}
	geometry IndexedLineSet {
		coord Coordinate {
			point [
				-168.675 251.085 -898.635,
				-168.675 251.085 -898.635,
			]
		}
		coordIndex [
			0, 1, -1
		]
	}
}
#---------- POLYLINE
Shape {
	appearance Appearance {
		material Material {
			diffuseColor 1 0 0
			emissiveColor 1 0 0
		}
	}
	geometry IndexedLineSet {
		coord Coordinate {
			point [
				-168.675 251.085 -898.635,
				-168.675 251.085 -898.635,
			]
		}
		coordIndex [
			0, 1, -1
		]
	}
}
#---------- POLYLINE
Shape {
	appearance Appearance {
		material Material {
			diffuseColor 1 0 0
			emissiveColor 1 0 0
		}
	}
	geometry IndexedLineSet {
		coord Coordinate {
			point [
				-168.675 251.085 -898.635,
				-168.675 251.085 -898.635,
			]
		}
		coordIndex [
			0, 1, -1
		]
	}
}
#---------- POLYLINE
Shape {
	appearance Appearance {
		material Material {
			diffuseColor 1 0 0
			emissiveColor 1 0 0
		}
	}
	geometry IndexedLineSet {
		coord Coordinate {
			point [
				-168.675 251.085 -898.635,
				-168.675 251.085 -898.635,
			]
		}
		coordIndex [
			0, 1, -1
		]
	}
}
#---------- POLYLINE
Shape {
	appearance Appearance {
		material Material {
			diffuseColor 1 0 0
			emissiveColor 1 0 0
		}
	}
	geometry IndexedLineSet {
		coord Coordinate {
			point [
				-168.675 251.085 -898.635,
				-168.675 251.085 -898.635,
			]
		}
		coordIndex [
			0, 1, -1
		]
	}
}
#---------- POLYLINE
Shape {
	appearance Appearance {
		material Material {
			diffuseColor 1 0 0
			emissiveColor 1 0 0
		}
	}
	geometry IndexedLineSet {
		coord Coordinate {
			point [
				-168.675 251.085 -898.635,
				-168.675 251.085 -898.635,
			]
		}
		coordIndex [
			0, 1, -1
		]
	}
}
#---------- POLYLINE
Shape {
	appearance Appearance {
		material Material {
			diffuseColor 1 0 0
			emissiveColor 1 0 0
		}
	}
	geometry IndexedLineSet {
		coord Coordinate {
			point [
				-168.675 251.085 -898.635,
				-168.675 251.085 -898.635,
			]
		}
		coordIndex [
			0, 1, -1
		]
	}
}
#---------- POLYLINE
Shape {
	appearance Appearance {
		material Material {
			diffuseColor 1 0 0
			emissiveColor 1 0 0
		}
	}
	geometry IndexedLineSet {
		coord Coordinate {
			point [
				-168.675 251.085 -898.635,
				-168.675 251.085 -898.635,
			]
		}
		coordIndex [
			0, 1, -1
		]
	}
}
#---------- POLYLINE
Shape {
	appearance Appearance {
		material Material {
			diffuseColor 1 0 0
			emissiveColor 1 0 0
		}
	}
	geometry IndexedLineSet {
		coord Coordinate {
			point [
				-168.675 251.085 -898.635,
				-168.675 251.085 -898.635,
			]
		}
		coordIndex [
			0, 1, -1
		]
	}
}
#---------- POLYLINE
Shape {
	appearance Appearance {
		material Material {
			diffuseColor 1 0 0
			emissiveColor 1 0 0
		}
	}
	geometry IndexedLineSet {
		coord Coordinate {
			point [
				-168.675 251.085 -898.635,
				-168.675 251.085 -898.635,
			]
		}
		coordIndex [
			0, 1, -1
		]
	}
}
#---------- POLYLINE
Shape {
	appearance Appearance {
		material Material {
			diffuseColor 1 0 0
			emissiveColor 1 0 0
		}
	}
	geometry IndexedLineSet {
		coord Coordinate {
			point [
				-168.675 251.085 -898.635,
				-168.675 251.085 -898.635,
			]
		}
		coordIndex [
			0, 1, -1
		]
	}
}
#---------- POLYLINE
Shape {
	appearance Appearance {
		material Material {
			diffuseColor 1 0 0
			emissiveColor 1 0 0
		}
	}
	geometry IndexedLineSet {
		coord Coordinate {
			point [
				-168.675 251.085 -898.635,
				-168.676 251.085 -898.634,
			]
		}
		coordIndex [
			0, 1, -1
		]
	}
}
#---------- POLYLINE
Shape {
	appearance Appearance {
		material Material {
			diffuseColor 1 0 0
			emissiveColor 1 0 0
		}
	}
	geometry IndexedLineSet {
		coord Coordinate {
			point [
				-167.648 252.262 -898.618,
				-167.65 252.261 -898.618,
			]
		}
		coordIndex [
			0, 1, -1
		]
	}
}
#---------- POLYLINE
Shape {
	appearance Appearance {
		material Material {
			diffuseColor 0 1 0
			emissiveColor 0 1 0
		}
	}
	geometry IndexedLineSet {
		coord Coordinate {
			point [
				-167.335 252.359 -898.705,
				-167.229 252.565 -898.505,
				-167.178 252.645 -898.431,
			]
		}
		coordIndex [
			0, 1, 2, -1
		]
	}
}
#---------- POLYLINE
Shape {
	appearance Appearance {
		material Material {
			diffuseColor 1 0 0
			emissiveColor 1 0 0
		}
	}
	geometry IndexedLineSet {
		coord Coordinate {
			point [
				-167.178 252.645 -898.431,
				-167.178 252.645 -898.431,
			]
		}
		coordIndex [
			0, 1, -1
		]
	}
}
#---------- POLYLINE
Shape {
	appearance Appearance {
		material Material {
			diffuseColor 1 0 0
			emissiveColor 1 0 0
		}
	}
	geometry IndexedLineSet {
		coord Coordinate {
			point [
				-167.178 252.645 -898.431,
				-167.178 252.645 -898.431,
			]
		}
		coordIndex [
			0, 1, -1
		]
	}
}
#---------- POLYLINE
Shape {
	appearance Appearance {
		material Material {
			diffuseColor 1 0 0
			emissiveColor 1 0 0
		}
	}
	geometry IndexedLineSet {
		coord Coordinate {
			point [
				-167.178 252.645 -898.431,
				-167.178 252.645 -898.431,
			]
		}
		coordIndex [
			0, 1, -1
		]
	}
}
#---------- POLYLINE
Shape {
	appearance Appearance {
		material Material {
			diffuseColor 1 0 0
			emissiveColor 1 0 0
		}
	}
	geometry IndexedLineSet {
		coord Coordinate {
			point [
				-167.178 252.645 -898.431,
				-167.178 252.645 -898.431,
			]
		}
		coordIndex [
			0, 1, -1
		]
	}
}
#---------- POLYLINE
Shape {
	appearance Appearance {
		material Material {
			diffuseColor 1 0 0
			emissiveColor 1 0 0
		}
	}
	geometry IndexedLineSet {
		coord Coordinate {
			point [
				-167.178 252.645 -898.431,
				-167.178 252.645 -898.431,
			]
		}
		coordIndex [
			0, 1, -1
		]
	}
}
#---------- POLYLINE
Shape {
	appearance Appearance {
		material Material {
			diffuseColor 1 0 0
			emissiveColor 1 0 0
		}
	}
	geometry IndexedLineSet {
		coord Coordinate {
			point [
				-167.178 252.645 -898.431,
				-167.178 252.645 -898.431,
			]
		}
		coordIndex [
			0, 1, -1
		]
	}
}
#---------- POLYLINE
Shape {
	appearance Appearance {
		material Material {
			diffuseColor 1 0 0
			emissiveColor 1 0 0
		}
	}
	geometry IndexedLineSet {
		coord Coordinate {
			point [
				-167.178 252.645 -898.431,
				-167.178 252.645 -898.431,
			]
		}
		coordIndex [
			0, 1, -1
		]
	}
}
#---------- POLYLINE
Shape {
	appearance Appearance {
		material Material {
			diffuseColor 1 0 0
			emissiveColor 1 0 0
		}
	}
	geometry IndexedLineSet {
		coord Coordinate {
			point [
				-167.178 252.645 -898.431,
				-167.178 252.645 -898.431,
			]
		}
		coordIndex [
			0, 1, -1
		]
	}
}
#---------- POLYLINE
Shape {
	appearance Appearance {
		material Material {
			diffuseColor 0 1 0
			emissiveColor 0 1 0
		}
	}
	geometry IndexedLineSet {
		coord Coordinate {
			point [
				-167.178 252.645 -898.431,
				-167.188 252.664 -898.416,
			]
		}
		coordIndex [
			0, 1, -1
		]
	}
}
#---------- POLYLINE
Shape {
	appearance Appearance {
		material Material {
			diffuseColor 1 0 0
			emissiveColor 1 0 0
		}
	}
	geometry IndexedLineSet {
		coord Coordinate {
			point [
				-167.188 252.664 -898.416,
				-167.188 252.664 -898.416,
			]
		}
		coordIndex [
			0, 1, -1
		]
	}
}
#---------- POLYLINE
Shape {
	appearance Appearance {
		material Material {
			diffuseColor 1 0 0
			emissiveColor 1 0 0
		}
	}
	geometry IndexedLineSet {
		coord Coordinate {
			point [
				-167.188 252.664 -898.416,
				-167.188 252.664 -898.416,
			]
		}
		coordIndex [
			0, 1, -1
		]
	}
}
#---------- POLYLINE
Shape {
	appearance Appearance {
		material Material {
			diffuseColor 1 0 0
			emissiveColor 1 0 0
		}
	}
	geometry IndexedLineSet {
		coord Coordinate {
			point [
				-167.188 252.664 -898.416,
				-167.188 252.664 -898.416,
			]
		}
		coordIndex [
			0, 1, -1
		]
	}
}
#---------- POLYLINE
Shape {
	appearance Appearance {
		material Material {
			diffuseColor 1 0 0
			emissiveColor 1 0 0
		}
	}
	geometry IndexedLineSet {
		coord Coordinate {
			point [
				-167.188 252.664 -898.416,
				-167.188 252.664 -898.416,
			]
		}
		coordIndex [
			0, 1, -1
		]
	}
}
#---------- POLYLINE
Shape {
	appearance Appearance {
		material Material {
			diffuseColor 1 0 0
			emissiveColor 1 0 0
		}
	}
	geometry IndexedLineSet {
		coord Coordinate {
			point [
				-167.188 252.664 -898.416,
				-167.188 252.664 -898.416,
			]
		}
		coordIndex [
			0, 1, -1
		]
	}
}
#---------- POLYLINE
Shape {
	appearance Appearance {
		material Material {
			diffuseColor 1 0 0
			emissiveColor 1 0 0
		}
	}
	geometry IndexedLineSet {
		coord Coordinate {
			point [
				-167.188 252.664 -898.416,
				-167.186 252.663 -898.416,
			]
		}
		coordIndex [
			0, 1, -1
		]
	}
}
#---------- POLYLINE
Shape {
	appearance Appearance {
		material Material {
			diffuseColor 1 0 0
			emissiveColor 1 0 0
		}
	}
	geometry IndexedLineSet {
		coord Coordinate {
			point [
				-167.178 252.645 -898.431,
				-167.178 252.647 -898.431,
			]
		}
		coordIndex [
			0, 1, -1
		]
	}
}
#---------- POLYLINE
Shape {
	appearance Appearance {
		material Material {
			diffuseColor 0 1 0
			emissiveColor 0 1 0
		}
	}
	geometry IndexedLineSet {
		coord Coordinate {
			point [
				-167.357 252.341 -898.733,
				-167.224 252.446 -898.563,
			]
		}
		coordIndex [
			0, 1, -1
		]
	}
}
#---------- POLYLINE
Shape {
	appearance Appearance {
		material Material {
			diffuseColor 1 0 0
			emissiveColor 1 0 0
		}
	}
	geometry IndexedLineSet {
		coord Coordinate {
			point [
				-167.224 252.446 -898.563,
				-167.224 252.446 -898.563,
			]
		}
		coordIndex [
			0, 1, -1
		]
	}
}
#---------- POLYLINE
Shape {
	appearance Appearance {
		material Material {
			diffuseColor 1 0 0
			emissiveColor 1 0 0
		}
	}
	geometry IndexedLineSet {
		coord Coordinate {
			point [
				-167.224 252.446 -898.563,
				-167.224 252.446 -898.563,
			]
		}
		coordIndex [
			0, 1, -1
		]
	}
}
#---------- POLYLINE
Shape {
	appearance Appearance {
		material Material {
			diffuseColor 1 0 0
			emissiveColor 1 0 0
		}
	}
	geometry IndexedLineSet {
		coord Coordinate {
			point [
				-167.224 252.446 -898.563,
				-167.224 252.446 -898.563,
			]
		}
		coordIndex [
			0, 1, -1
		]
	}
}
#---------- POLYLINE
Shape {
	appearance Appearance {
		material Material {
			diffuseColor 1 0 0
			emissiveColor 1 0 0
		}
	}
	geometry IndexedLineSet {
		coord Coordinate {
			point [
				-167.224 252.446 -898.563,
				-167.224 252.446 -898.563,
			]
		}
		coordIndex [
			0, 1, -1
		]
	}
}
#---------- POLYLINE
Shape {
	appearance Appearance {
		material Material {
			diffuseColor 1 0 0
			emissiveColor 1 0 0
		}
	}
	geometry IndexedLineSet {
		coord Coordinate {
			point [
				-167.224 252.446 -898.563,
				-167.224 252.446 -898.563,
			]
		}
		coordIndex [
			0, 1, -1
		]
	}
}
#---------- POLYLINE
Shape {
	appearance Appearance {
		material Material {
			diffuseColor 0 1 0
			emissiveColor 0 1 0
		}
	}
	geometry IndexedLineSet {
		coord Coordinate {
			point [
				-167.224 252.446 -898.563,
				-167.218 252.446 -898.567,
				-167.217 252.445 -898.57,
			]
		}
		coordIndex [
			0, 1, 2, -1
		]
	}
}
#---------- POLYLINE
Shape {
	appearance Appearance {
		material Material {
			diffuseColor 1 0 0
			emissiveColor 1 0 0
		}
	}
	geometry IndexedLineSet {
		coord Coordinate {
			point [
				-167.217 252.445 -898.57,
				-167.217 252.445 -898.57,
			]
		}
		coordIndex [
			0, 1, -1
		]
	}
}
#---------- POLYLINE
Shape {
	appearance Appearance {
		material Material {
			diffuseColor 1 0 0
			emissiveColor 1 0 0
		}
	}
	geometry IndexedLineSet {
		coord Coordinate {
			point [
				-167.217 252.445 -898.57,
				-167.217 252.445 -898.57,
			]
		}
		coordIndex [
			0, 1, -1
		]
	}
}
#---------- POLYLINE
Shape {
	appearance Appearance {
		material Material {
			diffuseColor 1 0 0
			emissiveColor 1 0 0
		}
	}
	geometry IndexedLineSet {
		coord Coordinate {
			point [
				-167.217 252.445 -898.57,
				-167.217 252.445 -898.57,
			]
		}
		coordIndex [
			0, 1, -1
		]
	}
}
#---------- POLYLINE
Shape {
	appearance Appearance {
		material Material {
			diffuseColor 1 0 0
			emissiveColor 1 0 0
		}
	}
	geometry IndexedLineSet {
		coord Coordinate {
			point [
				-167.217 252.445 -898.57,
				-167.217 252.445 -898.57,
			]
		}
		coordIndex [
			0, 1, -1
		]
	}
}
#---------- POLYLINE
Shape {
	appearance Appearance {
		material Material {
			diffuseColor 1 0 0
			emissiveColor 1 0 0
		}
	}
	geometry IndexedLineSet {
		coord Coordinate {
			point [
				-167.217 252.445 -898.57,
				-167.217 252.445 -898.57,
			]
		}
		coordIndex [
			0, 1, -1
		]
	}
}
#---------- POLYLINE
Shape {
	appearance Appearance {
		material Material {
			diffuseColor 1 0 0
			emissiveColor 1 0 0
		}
	}
	geometry IndexedLineSet {
		coord Coordinate {
			point [
				-167.217 252.445 -898.57,
				-167.217 252.445 -898.57,
			]
		}
		coordIndex [
			0, 1, -1
		]
	}
}
#---------- POLYLINE
Shape {
	appearance Appearance {
		material Material {
			diffuseColor 1 0 0
			emissiveColor 1 0 0
		}
	}
	geometry IndexedLineSet {
		coord Coordinate {
			point [
				-167.217 252.445 -898.57,
				-167.217 252.445 -898.57,
			]
		}
		coordIndex [
			0, 1, -1
		]
	}
}
#---------- POLYLINE
Shape {
	appearance Appearance {
		material Material {
			diffuseColor 1 0 0
			emissiveColor 1 0 0
		}
	}
	geometry IndexedLineSet {
		coord Coordinate {
			point [
				-167.217 252.445 -898.57,
				-167.217 252.445 -898.57,
			]
		}
		coordIndex [
			0, 1, -1
		]
	}
}
#---------- POLYLINE
Shape {
	appearance Appearance {
		material Material {
			diffuseColor 1 0 0
			emissiveColor 1 0 0
		}
	}
	geometry IndexedLineSet {
		coord Coordinate {
			point [
				-167.217 252.445 -898.57,
				-167.217 252.445 -898.57,
			]
		}
		coordIndex [
			0, 1, -1
		]
	}
}
#---------- POLYLINE
Shape {
	appearance Appearance {
		material Material {
			diffuseColor 1 0 0
			emissiveColor 1 0 0
		}
	}
	geometry IndexedLineSet {
		coord Coordinate {
			point [
				-167.217 252.445 -898.57,
				-167.217 252.445 -898.57,
			]
		}
		coordIndex [
			0, 1, -1
		]
	}
}
#---------- POLYLINE
Shape {
	appearance Appearance {
		material Material {
			diffuseColor 1 0 0
			emissiveColor 1 0 0
		}
	}
	geometry IndexedLineSet {
		coord Coordinate {
			point [
				-167.217 252.445 -898.57,
				-167.217 252.445 -898.57,
			]
		}
		coordIndex [
			0, 1, -1
		]
	}
}
#---------- POLYLINE
Shape {
	appearance Appearance {
		material Material {
			diffuseColor 1 0 0
			emissiveColor 1 0 0
		}
	}
	geometry IndexedLineSet {
		coord Coordinate {
			point [
				-167.217 252.445 -898.57,
				-167.217 252.445 -898.57,
			]
		}
		coordIndex [
			0, 1, -1
		]
	}
}
#---------- POLYLINE
Shape {
	appearance Appearance {
		material Material {
			diffuseColor 1 0 0
			emissiveColor 1 0 0
		}
	}
	geometry IndexedLineSet {
		coord Coordinate {
			point [
				-167.217 252.445 -898.57,
				-167.217 252.445 -898.57,
			]
		}
		coordIndex [
			0, 1, -1
		]
	}
}
#---------- POLYLINE
Shape {
	appearance Appearance {
		material Material {
			diffuseColor 1 0 0
			emissiveColor 1 0 0
		}
	}
	geometry IndexedLineSet {
		coord Coordinate {
			point [
				-167.217 252.445 -898.57,
				-167.217 252.445 -898.57,
			]
		}
		coordIndex [
			0, 1, -1
		]
	}
}
#---------- POLYLINE
Shape {
	appearance Appearance {
		material Material {
			diffuseColor 1 0 0
			emissiveColor 1 0 0
		}
	}
	geometry IndexedLineSet {
		coord Coordinate {
			point [
				-167.217 252.445 -898.57,
				-167.217 252.445 -898.57,
			]
		}
		coordIndex [
			0, 1, -1
		]
	}
}
#---------- POLYLINE
Shape {
	appearance Appearance {
		material Material {
			diffuseColor 1 0 0
			emissiveColor 1 0 0
		}
	}
	geometry IndexedLineSet {
		coord Coordinate {
			point [
				-167.217 252.445 -898.57,
				-167.217 252.445 -898.57,
			]
		}
		coordIndex [
			0, 1, -1
		]
	}
}
#---------- POLYLINE
Shape {
	appearance Appearance {
		material Material {
			diffuseColor 1 0 0
			emissiveColor 1 0 0
		}
	}
	geometry IndexedLineSet {
		coord Coordinate {
			point [
				-167.217 252.445 -898.57,
				-167.217 252.445 -898.569,
			]
		}
		coordIndex [
			0, 1, -1
		]
	}
}
#---------- POLYLINE
Shape {
	appearance Appearance {
		material Material {
			diffuseColor 1 0 0
			emissiveColor 1 0 0
		}
	}
	geometry IndexedLineSet {
		coord Coordinate {
			point [
				-167.224 252.446 -898.563,
				-167.221 252.446 -898.555,
			]
		}
		coordIndex [
			0, 1, -1
		]
	}
}
#---------- POLYLINE
Shape {
	appearance Appearance {
		material Material {
			diffuseColor 0 1 0
			emissiveColor 0 1 0
		}
	}
	geometry IndexedLineSet {
		coord Coordinate {
			point [
				-167.589 251.736 -898.411,
				-166.665 253.879 -899.526,
			]
		}
		coordIndex [
			0, 1, -1
		]
	}
}
#---------- POLYLINE
Shape {
	appearance Appearance {
		material Material {
			diffuseColor 1 0 0
			emissiveColor 1 0 0
		}
	}
	geometry IndexedLineSet {
		coord Coordinate {
			point [
				-166.665 253.879 -899.526,
				-166.665 253.879 -899.526,
			]
		}
		coordIndex [
			0, 1, -1
		]
	}
}
#---------- POLYLINE
Shape {
	appearance Appearance {
		material Material {
			diffuseColor 1 0 0
			emissiveColor 1 0 0
		}
	}
	geometry IndexedLineSet {
		coord Coordinate {
			point [
				-166.665 253.879 -899.526,
				-166.665 253.879 -899.526,
			]
		}
		coordIndex [
			0, 1, -1
		]
	}
}
#---------- POLYLINE
Shape {
	appearance Appearance {
		material Material {
			diffuseColor 1 0 0
			emissiveColor 1 0 0
		}
	}
	geometry IndexedLineSet {
		coord Coordinate {
			point [
				-166.665 253.879 -899.526,
				-166.665 253.879 -899.526,
			]
		}
		coordIndex [
			0, 1, -1
		]
	}
}
#---------- POLYLINE
Shape {
	appearance Appearance {
		material Material {
			diffuseColor 1 0 0
			emissiveColor 1 0 0
		}
	}
	geometry IndexedLineSet {
		coord Coordinate {
			point [
				-166.665 253.879 -899.526,
				-166.665 253.879 -899.526,
			]
		}
		coordIndex [
			0, 1, -1
		]
	}
}
#---------- POLYLINE
Shape {
	appearance Appearance {
		material Material {
			diffuseColor 1 0 0
			emissiveColor 1 0 0
		}
	}
	geometry IndexedLineSet {
		coord Coordinate {
			point [
				-166.665 253.879 -899.526,
				-166.665 253.879 -899.526,
			]
		}
		coordIndex [
			0, 1, -1
		]
	}
}
#---------- POLYLINE
Shape {
	appearance Appearance {
		material Material {
			diffuseColor 1 0 0
			emissiveColor 1 0 0
		}
	}
	geometry IndexedLineSet {
		coord Coordinate {
			point [
				-166.665 253.879 -899.526,
				-166.665 253.879 -899.526,
			]
		}
		coordIndex [
			0, 1, -1
		]
	}
}
#---------- POLYLINE
Shape {
	appearance Appearance {
		material Material {
			diffuseColor 1 0 0
			emissiveColor 1 0 0
		}
	}
	geometry IndexedLineSet {
		coord Coordinate {
			point [
				-166.665 253.879 -899.526,
				-166.665 253.879 -899.526,
			]
		}
		coordIndex [
			0, 1, -1
		]
	}
}
#---------- POLYLINE
Shape {
	appearance Appearance {
		material Material {
			diffuseColor 1 0 0
			emissiveColor 1 0 0
		}
	}
	geometry IndexedLineSet {
		coord Coordinate {
			point [
				-166.665 253.879 -899.526,
				-166.665 253.879 -899.526,
			]
		}
		coordIndex [
			0, 1, -1
		]
	}
}
#---------- POLYLINE
Shape {
	appearance Appearance {
		material Material {
			diffuseColor 1 0 0
			emissiveColor 1 0 0
		}
	}
	geometry IndexedLineSet {
		coord Coordinate {
			point [
				-166.665 253.879 -899.526,
				-166.665 253.879 -899.526,
			]
		}
		coordIndex [
			0, 1, -1
		]
	}
}
#---------- POLYLINE
Shape {
	appearance Appearance {
		material Material {
			diffuseColor 1 0 0
			emissiveColor 1 0 0
		}
	}
	geometry IndexedLineSet {
		coord Coordinate {
			point [
				-166.665 253.879 -899.526,
				-166.665 253.879 -899.526,
			]
		}
		coordIndex [
			0, 1, -1
		]
	}
}
#---------- POLYLINE
Shape {
	appearance Appearance {
		material Material {
			diffuseColor 1 0 0
			emissiveColor 1 0 0
		}
	}
	geometry IndexedLineSet {
		coord Coordinate {
			point [
				-166.665 253.879 -899.526,
				-166.665 253.879 -899.526,
			]
		}
		coordIndex [
			0, 1, -1
		]
	}
}
#---------- POLYLINE
Shape {
	appearance Appearance {
		material Material {
			diffuseColor 1 0 0
			emissiveColor 1 0 0
		}
	}
	geometry IndexedLineSet {
		coord Coordinate {
			point [
				-166.665 253.879 -899.526,
				-166.665 253.879 -899.526,
			]
		}
		coordIndex [
			0, 1, -1
		]
	}
}
#---------- POLYLINE
Shape {
	appearance Appearance {
		material Material {
			diffuseColor 1 0 0
			emissiveColor 1 0 0
		}
	}
	geometry IndexedLineSet {
		coord Coordinate {
			point [
				-166.665 253.879 -899.526,
				-166.665 253.879 -899.526,
			]
		}
		coordIndex [
			0, 1, -1
		]
	}
}
#---------- POLYLINE
Shape {
	appearance Appearance {
		material Material {
			diffuseColor 1 0 0
			emissiveColor 1 0 0
		}
	}
	geometry IndexedLineSet {
		coord Coordinate {
			point [
				-166.665 253.879 -899.526,
				-166.665 253.879 -899.526,
			]
		}
		coordIndex [
			0, 1, -1
		]
	}
}
#---------- POLYLINE
Shape {
	appearance Appearance {
		material Material {
			diffuseColor 0 1 0
			emissiveColor 0 1 0
		}
	}
	geometry IndexedLineSet {
		coord Coordinate {
			point [
				-166.665 253.879 -899.526,
				-166.808 253.985 -899.358,
			]
		}
		coordIndex [
			0, 1, -1
		]
	}
}
#---------- POLYLINE
Shape {
	appearance Appearance {
		material Material {
			diffuseColor 1 0 0
			emissiveColor 1 0 0
		}
	}
	geometry IndexedLineSet {
		coord Coordinate {
			point [
				-166.808 253.985 -899.358,
				-166.808 253.985 -899.358,
			]
		}
		coordIndex [
			0, 1, -1
		]
	}
}
#---------- POLYLINE
Shape {
	appearance Appearance {
		material Material {
			diffuseColor 1 0 0
			emissiveColor 1 0 0
		}
	}
	geometry IndexedLineSet {
		coord Coordinate {
			point [
				-166.808 253.985 -899.358,
				-166.808 253.985 -899.358,
			]
		}
		coordIndex [
			0, 1, -1
		]
	}
}
#---------- POLYLINE
Shape {
	appearance Appearance {
		material Material {
			diffuseColor 0 1 0
			emissiveColor 0 1 0
		}
	}
	geometry IndexedLineSet {
		coord Coordinate {
			point [
				-166.808 253.985 -899.358,
				-166.808 253.984 -899.356,
			]
		}
		coordIndex [
			0, 1, -1
		]
	}
}
#---------- POLYLINE
Shape {
	appearance Appearance {
		material Material {
			diffuseColor 1 0 0
			emissiveColor 1 0 0
		}
	}
	geometry IndexedLineSet {
		coord Coordinate {
			point [
				-166.808 253.984 -899.356,
				-166.808 253.984 -899.356,
			]
		}
		coordIndex [
			0, 1, -1
		]
	}
}
#---------- POLYLINE
Shape {
	appearance Appearance {
		material Material {
			diffuseColor 1 0 0
			emissiveColor 1 0 0
		}
	}
	geometry IndexedLineSet {
		coord Coordinate {
			point [
				-166.808 253.984 -899.356,
				-166.808 253.984 -899.356,
			]
		}
		coordIndex [
			0, 1, -1
		]
	}
}
#---------- POLYLINE
Shape {
	appearance Appearance {
		material Material {
			diffuseColor 1 0 0
			emissiveColor 1 0 0
		}
	}
	geometry IndexedLineSet {
		coord Coordinate {
			point [
				-166.808 253.984 -899.356,
				-166.808 253.984 -899.356,
			]
		}
		coordIndex [
			0, 1, -1
		]
	}
}
#---------- POLYLINE
Shape {
	appearance Appearance {
		material Material {
			diffuseColor 1 0 0
			emissiveColor 1 0 0
		}
	}
	geometry IndexedLineSet {
		coord Coordinate {
			point [
				-166.808 253.984 -899.356,
				-166.808 253.984 -899.356,
			]
		}
		coordIndex [
			0, 1, -1
		]
	}
}
#---------- POLYLINE
Shape {
	appearance Appearance {
		material Material {
			diffuseColor 1 0 0
			emissiveColor 1 0 0
		}
	}
	geometry IndexedLineSet {
		coord Coordinate {
			point [
				-166.808 253.984 -899.356,
				-166.808 253.984 -899.356,
			]
		}
		coordIndex [
			0, 1, -1
		]
	}
}
#---------- POLYLINE
Shape {
	appearance Appearance {
		material Material {
			diffuseColor 1 0 0
			emissiveColor 1 0 0
		}
	}
	geometry IndexedLineSet {
		coord Coordinate {
			point [
				-166.808 253.984 -899.356,
				-166.808 253.984 -899.356,
			]
		}
		coordIndex [
			0, 1, -1
		]
	}
}
#---------- POLYLINE
Shape {
	appearance Appearance {
		material Material {
			diffuseColor 1 0 0
			emissiveColor 1 0 0
		}
	}
	geometry IndexedLineSet {
		coord Coordinate {
			point [
				-166.808 253.984 -899.356,
				-166.808 253.984 -899.356,
			]
		}
		coordIndex [
			0, 1, -1
		]
	}
}
#---------- POLYLINE
Shape {
	appearance Appearance {
		material Material {
			diffuseColor 0 1 0
			emissiveColor 0 1 0
		}
	}
	geometry IndexedLineSet {
		coord Coordinate {
			point [
				-166.808 253.984 -899.356,
				-166.805 253.981 -899.361,
			]
		}
		coordIndex [
			0, 1, -1
		]
	}
}
#---------- POLYLINE
Shape {
	appearance Appearance {
		material Material {
			diffuseColor 1 0 0
			emissiveColor 1 0 0
		}
	}
	geometry IndexedLineSet {
		coord Coordinate {
			point [
				-166.805 253.981 -899.361,
				-166.805 253.981 -899.361,
			]
		}
		coordIndex [
			0, 1, -1
		]
	}
}
#---------- POLYLINE
Shape {
	appearance Appearance {
		material Material {
			diffuseColor 1 0 0
			emissiveColor 1 0 0
		}
	}
	geometry IndexedLineSet {
		coord Coordinate {
			point [
				-166.805 253.981 -899.361,
				-166.805 253.981 -899.361,
			]
		}
		coordIndex [
			0, 1, -1
		]
	}
}
#---------- POLYLINE
Shape {
	appearance Appearance {
		material Material {
			diffuseColor 1 0 0
			emissiveColor 1 0 0
		}
	}
	geometry IndexedLineSet {
		coord Coordinate {
			point [
				-166.805 253.981 -899.361,
				-166.805 253.981 -899.361,
			]
		}
		coordIndex [
			0, 1, -1
		]
	}
}
#---------- POLYLINE
Shape {
	appearance Appearance {
		material Material {
			diffuseColor 1 0 0
			emissiveColor 1 0 0
		}
	}
	geometry IndexedLineSet {
		coord Coordinate {
			point [
				-166.805 253.981 -899.361,
				-166.805 253.981 -899.361,
			]
		}
		coordIndex [
			0, 1, -1
		]
	}
}
#---------- POLYLINE
Shape {
	appearance Appearance {
		material Material {
			diffuseColor 1 0 0
			emissiveColor 1 0 0
		}
	}
	geometry IndexedLineSet {
		coord Coordinate {
			point [
				-166.805 253.981 -899.361,
				-166.805 253.981 -899.361,
			]
		}
		coordIndex [
			0, 1, -1
		]
	}
}
#---------- POLYLINE
Shape {
	appearance Appearance {
		material Material {
			diffuseColor 1 0 0
			emissiveColor 1 0 0
		}
	}
	geometry IndexedLineSet {
		coord Coordinate {
			point [
				-166.805 253.981 -899.361,
				-166.805 253.981 -899.361,
			]
		}
		coordIndex [
			0, 1, -1
		]
	}
}
#---------- POLYLINE
Shape {
	appearance Appearance {
		material Material {
			diffuseColor 1 0 0
			emissiveColor 1 0 0
		}
	}
	geometry IndexedLineSet {
		coord Coordinate {
			point [
				-166.805 253.981 -899.361,
				-166.805 253.981 -899.361,
			]
		}
		coordIndex [
			0, 1, -1
		]
	}
}
#---------- POLYLINE
Shape {
	appearance Appearance {
		material Material {
			diffuseColor 1 0 0
			emissiveColor 1 0 0
		}
	}
	geometry IndexedLineSet {
		coord Coordinate {
			point [
				-166.805 253.981 -899.361,
				-166.805 253.981 -899.361,
			]
		}
		coordIndex [
			0, 1, -1
		]
	}
}
#---------- POLYLINE
Shape {
	appearance Appearance {
		material Material {
			diffuseColor 1 0 0
			emissiveColor 1 0 0
		}
	}
	geometry IndexedLineSet {
		coord Coordinate {
			point [
				-166.805 253.981 -899.361,
				-166.805 253.981 -899.361,
			]
		}
		coordIndex [
			0, 1, -1
		]
	}
}
#---------- POLYLINE
Shape {
	appearance Appearance {
		material Material {
			diffuseColor 1 0 0
			emissiveColor 1 0 0
		}
	}
	geometry IndexedLineSet {
		coord Coordinate {
			point [
				-166.805 253.981 -899.361,
				-166.805 253.981 -899.361,
			]
		}
		coordIndex [
			0, 1, -1
		]
	}
}
#---------- POLYLINE
Shape {
	appearance Appearance {
		material Material {
			diffuseColor 1 0 0
			emissiveColor 1 0 0
		}
	}
	geometry IndexedLineSet {
		coord Coordinate {
			point [
				-166.805 253.981 -899.361,
				-166.805 253.981 -899.361,
			]
		}
		coordIndex [
			0, 1, -1
		]
	}
}
#---------- POLYLINE
Shape {
	appearance Appearance {
		material Material {
			diffuseColor 1 0 0
			emissiveColor 1 0 0
		}
	}
	geometry IndexedLineSet {
		coord Coordinate {
			point [
				-166.808 253.984 -899.356,
				-166.808 253.984 -899.356,
			]
		}
		coordIndex [
			0, 1, -1
		]
	}
}
#---------- POLYLINE
Shape {
	appearance Appearance {
		material Material {
			diffuseColor 1 0 0
			emissiveColor 1 0 0
		}
	}
	geometry IndexedLineSet {
		coord Coordinate {
			point [
				-166.808 253.985 -899.358,
				-166.808 253.985 -899.358,
			]
		}
		coordIndex [
			0, 1, -1
		]
	}
}
#---------- POLYLINE
Shape {
	appearance Appearance {
		material Material {
			diffuseColor 1 0 0
			emissiveColor 1 0 0
		}
	}
	geometry IndexedLineSet {
		coord Coordinate {
			point [
				-166.665 253.879 -899.526,
				-166.656 253.883 -899.529,
			]
		}
		coordIndex [
			0, 1, -1
		]
	}
}
#---------- POLYLINE
Shape {
	appearance Appearance {
		material Material {
			diffuseColor 1 0 0
			emissiveColor 1 0 0
		}
	}
	geometry IndexedLineSet {
		coord Coordinate {
			point [
				-167.596 251.65 -898.357,
				-167.465 252.086 -898.6,
				-167.343 252.559 -898.907,
				-167.571 252.699 -899.132,
				-167.92 252.554 -899.796,
				-168.068 252.34 -899.696,
				-168.011 252.35 -899.676,
				-167.996 252.338 -899.683,
			]
		}
		coordIndex [
			0, 1, 2, 3, 4, 5, 6, 7, -1
		]
	}
}
#---------- POLYLINE
Shape {
	appearance Appearance {
		material Material {
			diffuseColor 0 1 0
			emissiveColor 0 1 0
		}
	}
	geometry IndexedLineSet {
		coord Coordinate {
			point [
				-168.011 252.35 -899.676,
				-167.987 252.323 -899.697,
			]
		}
		coordIndex [
			0, 1, -1
		]
	}
}
#---------- POLYLINE
Shape {
	appearance Appearance {
		material Material {
			diffuseColor 1 0 0
			emissiveColor 1 0 0
		}
	}
	geometry IndexedLineSet {
		coord Coordinate {
			point [
				-167.987 252.323 -899.697,
				-167.987 252.323 -899.697,
			]
		}
		coordIndex [
			0, 1, -1
		]
	}
}
#---------- POLYLINE
Shape {
	appearance Appearance {
		material Material {
			diffuseColor 1 0 0
			emissiveColor 1 0 0
		}
	}
	geometry IndexedLineSet {
		coord Coordinate {
			point [
				-167.987 252.323 -899.697,
				-167.987 252.323 -899.697,
			]
		}
		coordIndex [
			0, 1, -1
		]
	}
}
#---------- POLYLINE
Shape {
	appearance Appearance {
		material Material {
			diffuseColor 1 0 0
			emissiveColor 1 0 0
		}
	}
	geometry IndexedLineSet {
		coord Coordinate {
			point [
				-167.987 252.323 -899.697,
				-167.987 252.323 -899.697,
			]
		}
		coordIndex [
			0, 1, -1
		]
	}
}
#---------- POLYLINE
Shape {
	appearance Appearance {
		material Material {
			diffuseColor 0 1 0
			emissiveColor 0 1 0
		}
	}
	geometry IndexedLineSet {
		coord Coordinate {
			point [
				-167.987 252.323 -899.697,
				-167.991 252.305 -899.633,
			]
		}
		coordIndex [
			0, 1, -1
		]
	}
}
#---------- POLYLINE
Shape {
	appearance Appearance {
		material Material {
			diffuseColor 1 0 0
			emissiveColor 1 0 0
		}
	}
	geometry IndexedLineSet {
		coord Coordinate {
			point [
				-167.991 252.305 -899.633,
				-167.991 252.305 -899.633,
			]
		}
		coordIndex [
			0, 1, -1
		]
	}
}
#---------- POLYLINE
Shape {
	appearance Appearance {
		material Material {
			diffuseColor 1 0 0
			emissiveColor 1 0 0
		}
	}
	geometry IndexedLineSet {
		coord Coordinate {
			point [
				-167.991 252.305 -899.633,
				-167.991 252.305 -899.633,
			]
		}
		coordIndex [
			0, 1, -1
		]
	}
}
#---------- POLYLINE
Shape {
	appearance Appearance {
		material Material {
			diffuseColor 1 0 0
			emissiveColor 1 0 0
		}
	}
	geometry IndexedLineSet {
		coord Coordinate {
			point [
				-167.991 252.305 -899.633,
				-167.991 252.305 -899.633,
			]
		}
		coordIndex [
			0, 1, -1
		]
	}
}
#---------- POLYLINE
Shape {
	appearance Appearance {
		material Material {
			diffuseColor 1 0 0
			emissiveColor 1 0 0
		}
	}
	geometry IndexedLineSet {
		coord Coordinate {
			point [
				-167.991 252.305 -899.633,
				-167.991 252.305 -899.633,
			]
		}
		coordIndex [
			0, 1, -1
		]
	}
}
#---------- POLYLINE
Shape {
	appearance Appearance {
		material Material {
			diffuseColor 1 0 0
			emissiveColor 1 0 0
		}
	}
	geometry IndexedLineSet {
		coord Coordinate {
			point [
				-167.991 252.305 -899.633,
				-167.991 252.305 -899.633,
			]
		}
		coordIndex [
			0, 1, -1
		]
	}
}
#---------- POLYLINE
Shape {
	appearance Appearance {
		material Material {
			diffuseColor 1 0 0
			emissiveColor 1 0 0
		}
	}
	geometry IndexedLineSet {
		coord Coordinate {
			point [
				-167.991 252.305 -899.633,
				-167.992 252.305 -899.633,
			]
		}
		coordIndex [
			0, 1, -1
		]
	}
}
#---------- POLYLINE
Shape {
	appearance Appearance {
		material Material {
			diffuseColor 1 0 0
			emissiveColor 1 0 0
		}
	}
	geometry IndexedLineSet {
		coord Coordinate {
			point [
				-167.987 252.323 -899.697,
				-167.987 252.314 -899.701,
			]
		}
		coordIndex [
			0, 1, -1
		]
	}
}
#---------- POLYLINE
Shape {
	appearance Appearance {
		material Material {
			diffuseColor 0 1 0
			emissiveColor 0 1 0
		}
	}
	geometry IndexedLineSet {
		coord Coordinate {
			point [
				-167.92 252.554 -899.796,
				-193.7 216.962 -889.237,
				-197.879 203.918 -888.53,
			]
		}
		coordIndex [
			0, 1, 2, -1
		]
	}
}
#---------- POLYLINE
Shape {
	appearance Appearance {
		material Material {
			diffuseColor 1 0 0
			emissiveColor 1 0 0
		}
	}
	geometry IndexedLineSet {
		coord Coordinate {
			point [
				-197.879 203.918 -888.53,
				-197.879 203.918 -888.53,
			]
		}
		coordIndex [
			0, 1, -1
		]
	}
}
#---------- POLYLINE
Shape {
	appearance Appearance {
		material Material {
			diffuseColor 1 0 0
			emissiveColor 1 0 0
		}
	}
	geometry IndexedLineSet {
		coord Coordinate {
			point [
				-197.879 203.918 -888.53,
				-197.879 203.918 -888.53,
			]
		}
		coordIndex [
			0, 1, -1
		]
	}
}
#---------- POLYLINE
Shape {
	appearance Appearance {
		material Material {
			diffuseColor 1 0 0
			emissiveColor 1 0 0
		}
	}
	geometry IndexedLineSet {
		coord Coordinate {
			point [
				-197.879 203.918 -888.53,
				-197.879 203.918 -888.53,
			]
		}
		coordIndex [
			0, 1, -1
		]
	}
}
#---------- POLYLINE
Shape {
	appearance Appearance {
		material Material {
			diffuseColor 1 0 0
			emissiveColor 1 0 0
		}
	}
	geometry IndexedLineSet {
		coord Coordinate {
			point [
				-197.879 203.918 -888.53,
				-197.879 203.918 -888.53,
			]
		}
		coordIndex [
			0, 1, -1
		]
	}
}
#---------- POLYLINE
Shape {
	appearance Appearance {
		material Material {
			diffuseColor 1 0 0
			emissiveColor 1 0 0
		}
	}
	geometry IndexedLineSet {
		coord Coordinate {
			point [
				-197.879 203.918 -888.53,
				-197.879 203.918 -888.53,
			]
		}
		coordIndex [
			0, 1, -1
		]
	}
}
#---------- POLYLINE
Shape {
	appearance Appearance {
		material Material {
			diffuseColor 1 0 0
			emissiveColor 1 0 0
		}
	}
	geometry IndexedLineSet {
		coord Coordinate {
			point [
				-197.879 203.918 -888.53,
				-197.879 203.918 -888.53,
			]
		}
		coordIndex [
			0, 1, -1
		]
	}
}
#---------- POLYLINE
Shape {
	appearance Appearance {
		material Material {
			diffuseColor 1 0 0
			emissiveColor 1 0 0
		}
	}
	geometry IndexedLineSet {
		coord Coordinate {
			point [
				-197.879 203.918 -888.53,
				-197.879 203.918 -888.53,
			]
		}
		coordIndex [
			0, 1, -1
		]
	}
}
#---------- POLYLINE
Shape {
	appearance Appearance {
		material Material {
			diffuseColor 1 0 0
			emissiveColor 1 0 0
		}
	}
	geometry IndexedLineSet {
		coord Coordinate {
			point [
				-197.879 203.918 -888.53,
				-197.879 203.918 -888.53,
			]
		}
		coordIndex [
			0, 1, -1
		]
	}
}
#---------- POLYLINE
Shape {
	appearance Appearance {
		material Material {
			diffuseColor 1 0 0
			emissiveColor 1 0 0
		}
	}
	geometry IndexedLineSet {
		coord Coordinate {
			point [
				-197.879 203.918 -888.53,
				-197.879 203.918 -888.53,
			]
		}
		coordIndex [
			0, 1, -1
		]
	}
}
#---------- POLYLINE
Shape {
	appearance Appearance {
		material Material {
			diffuseColor 1 0 0
			emissiveColor 1 0 0
		}
	}
	geometry IndexedLineSet {
		coord Coordinate {
			point [
				-197.879 203.918 -888.53,
				-197.879 203.918 -888.53,
			]
		}
		coordIndex [
			0, 1, -1
		]
	}
}
#---------- POLYLINE
Shape {
	appearance Appearance {
		material Material {
			diffuseColor 1 0 0
			emissiveColor 1 0 0
		}
	}
	geometry IndexedLineSet {
		coord Coordinate {
			point [
				-197.879 203.918 -888.53,
				-197.879 203.918 -888.53,
			]
		}
		coordIndex [
			0, 1, -1
		]
	}
}
#---------- POLYLINE
Shape {
	appearance Appearance {
		material Material {
			diffuseColor 0 1 0
			emissiveColor 0 1 0
		}
	}
	geometry IndexedLineSet {
		coord Coordinate {
			point [
				-197.879 203.918 -888.53,
				-197.128 204.81 -890.229,
			]
		}
		coordIndex [
			0, 1, -1
		]
	}
}
#---------- POLYLINE
Shape {
	appearance Appearance {
		material Material {
			diffuseColor 1 0 0
			emissiveColor 1 0 0
		}
	}
	geometry IndexedLineSet {
		coord Coordinate {
			point [
				-197.128 204.81 -890.229,
				-197.128 204.81 -890.229,
			]
		}
		coordIndex [
			0, 1, -1
		]
	}
}
#---------- POLYLINE
Shape {
	appearance Appearance {
		material Material {
			diffuseColor 1 0 0
			emissiveColor 1 0 0
		}
	}
	geometry IndexedLineSet {
		coord Coordinate {
			point [
				-197.128 204.81 -890.229,
				-197.128 204.81 -890.229,
			]
		}
		coordIndex [
			0, 1, -1
		]
	}
}
#---------- POLYLINE
Shape {
	appearance Appearance {
		material Material {
			diffuseColor 1 0 0
			emissiveColor 1 0 0
		}
	}
	geometry IndexedLineSet {
		coord Coordinate {
			point [
				-197.128 204.81 -890.229,
				-197.128 204.81 -890.229,
			]
		}
		coordIndex [
			0, 1, -1
		]
	}
}
#---------- POLYLINE
Shape {
	appearance Appearance {
		material Material {
			diffuseColor 1 0 0
			emissiveColor 1 0 0
		}
	}
	geometry IndexedLineSet {
		coord Coordinate {
			point [
				-197.128 204.81 -890.229,
				-197.128 204.81 -890.229,
			]
		}
		coordIndex [
			0, 1, -1
		]
	}
}
#---------- POLYLINE
Shape {
	appearance Appearance {
		material Material {
			diffuseColor 1 0 0
			emissiveColor 1 0 0
		}
	}
	geometry IndexedLineSet {
		coord Coordinate {
			point [
				-197.128 204.81 -890.229,
				-197.128 204.81 -890.229,
			]
		}
		coordIndex [
			0, 1, -1
		]
	}
}
#---------- POLYLINE
Shape {
	appearance Appearance {
		material Material {
			diffuseColor 1 0 0
			emissiveColor 1 0 0
		}
	}
	geometry IndexedLineSet {
		coord Coordinate {
			point [
				-197.128 204.81 -890.229,
				-197.128 204.81 -890.229,
			]
		}
		coordIndex [
			0, 1, -1
		]
	}
}
#---------- POLYLINE
Shape {
	appearance Appearance {
		material Material {
			diffuseColor 1 0 0
			emissiveColor 1 0 0
		}
	}
	geometry IndexedLineSet {
		coord Coordinate {
			point [
				-197.128 204.81 -890.229,
				-197.128 204.81 -890.229,
			]
		}
		coordIndex [
			0, 1, -1
		]
	}
}
#---------- POLYLINE
Shape {
	appearance Appearance {
		material Material {
			diffuseColor 1 0 0
			emissiveColor 1 0 0
		}
	}
	geometry IndexedLineSet {
		coord Coordinate {
			point [
				-197.128 204.81 -890.229,
				-197.128 204.81 -890.229,
			]
		}
		coordIndex [
			0, 1, -1
		]
	}
}
#---------- POLYLINE
Shape {
	appearance Appearance {
		material Material {
			diffuseColor 1 0 0
			emissiveColor 1 0 0
		}
	}
	geometry IndexedLineSet {
		coord Coordinate {
			point [
				-197.128 204.81 -890.229,
				-197.128 204.81 -890.229,
			]
		}
		coordIndex [
			0, 1, -1
		]
	}
}
#---------- POLYLINE
Shape {
	appearance Appearance {
		material Material {
			diffuseColor 1 0 0
			emissiveColor 1 0 0
		}
	}
	geometry IndexedLineSet {
		coord Coordinate {
			point [
				-197.128 204.81 -890.229,
				-197.128 204.81 -890.229,
			]
		}
		coordIndex [
			0, 1, -1
		]
	}
}
#---------- POLYLINE
Shape {
	appearance Appearance {
		material Material {
			diffuseColor 1 0 0
			emissiveColor 1 0 0
		}
	}
	geometry IndexedLineSet {
		coord Coordinate {
			point [
				-197.128 204.81 -890.229,
				-197.128 204.81 -890.229,
			]
		}
		coordIndex [
			0, 1, -1
		]
	}
}
#---------- POLYLINE
Shape {
	appearance Appearance {
		material Material {
			diffuseColor 0 1 0
			emissiveColor 0 1 0
		}
	}
	geometry IndexedLineSet {
		coord Coordinate {
			point [
				-197.128 204.81 -890.229,
				-197.128 204.81 -890.229,
			]
		}
		coordIndex [
			0, 1, -1
		]
	}
}
#---------- POLYLINE
Shape {
	appearance Appearance {
		material Material {
			diffuseColor 1 0 0
			emissiveColor 1 0 0
		}
	}
	geometry IndexedLineSet {
		coord Coordinate {
			point [
				-197.128 204.81 -890.229,
				-197.128 204.81 -890.229,
			]
		}
		coordIndex [
			0, 1, -1
		]
	}
}
#---------- POLYLINE
Shape {
	appearance Appearance {
		material Material {
			diffuseColor 1 0 0
			emissiveColor 1 0 0
		}
	}
	geometry IndexedLineSet {
		coord Coordinate {
			point [
				-197.128 204.81 -890.229,
				-197.128 204.81 -890.229,
			]
		}
		coordIndex [
			0, 1, -1
		]
	}
}
#---------- POLYLINE
Shape {
	appearance Appearance {
		material Material {
			diffuseColor 1 0 0
			emissiveColor 1 0 0
		}
	}
	geometry IndexedLineSet {
		coord Coordinate {
			point [
				-197.128 204.81 -890.229,
				-197.128 204.81 -890.229,
			]
		}
		coordIndex [
			0, 1, -1
		]
	}
}
#---------- POLYLINE
Shape {
	appearance Appearance {
		material Material {
			diffuseColor 1 0 0
			emissiveColor 1 0 0
		}
	}
	geometry IndexedLineSet {
		coord Coordinate {
			point [
				-197.128 204.81 -890.229,
				-197.128 204.81 -890.229,
			]
		}
		coordIndex [
			0, 1, -1
		]
	}
}
#---------- POLYLINE
Shape {
	appearance Appearance {
		material Material {
			diffuseColor 1 0 0
			emissiveColor 1 0 0
		}
	}
	geometry IndexedLineSet {
		coord Coordinate {
			point [
				-197.128 204.81 -890.229,
				-197.128 204.81 -890.229,
			]
		}
		coordIndex [
			0, 1, -1
		]
	}
}
#---------- POLYLINE
Shape {
	appearance Appearance {
		material Material {
			diffuseColor 1 0 0
			emissiveColor 1 0 0
		}
	}
	geometry IndexedLineSet {
		coord Coordinate {
			point [
				-197.128 204.81 -890.229,
				-197.128 204.81 -890.229,
			]
		}
		coordIndex [
			0, 1, -1
		]
	}
}
#---------- POLYLINE
Shape {
	appearance Appearance {
		material Material {
			diffuseColor 1 0 0
			emissiveColor 1 0 0
		}
	}
	geometry IndexedLineSet {
		coord Coordinate {
			point [
				-197.128 204.81 -890.229,
				-197.128 204.81 -890.229,
			]
		}
		coordIndex [
			0, 1, -1
		]
	}
}
#---------- POLYLINE
Shape {
	appearance Appearance {
		material Material {
			diffuseColor 1 0 0
			emissiveColor 1 0 0
		}
	}
	geometry IndexedLineSet {
		coord Coordinate {
			point [
				-197.128 204.81 -890.229,
				-197.128 204.81 -890.229,
			]
		}
		coordIndex [
			0, 1, -1
		]
	}
}
#---------- POLYLINE
Shape {
	appearance Appearance {
		material Material {
			diffuseColor 1 0 0
			emissiveColor 1 0 0
		}
	}
	geometry IndexedLineSet {
		coord Coordinate {
			point [
				-197.128 204.81 -890.229,
				-197.128 204.81 -890.229,
			]
		}
		coordIndex [
			0, 1, -1
		]
	}
}
#---------- POLYLINE
Shape {
	appearance Appearance {
		material Material {
			diffuseColor 1 0 0
			emissiveColor 1 0 0
		}
	}
	geometry IndexedLineSet {
		coord Coordinate {
			point [
				-197.128 204.81 -890.229,
				-197.128 204.81 -890.229,
			]
		}
		coordIndex [
			0, 1, -1
		]
	}
}
#---------- POLYLINE
Shape {
	appearance Appearance {
		material Material {
			diffuseColor 1 0 0
			emissiveColor 1 0 0
		}
	}
	geometry IndexedLineSet {
		coord Coordinate {
			point [
				-197.128 204.81 -890.229,
				-197.129 204.81 -890.23,
			]
		}
		coordIndex [
			0, 1, -1
		]
	}
}
#---------- POLYLINE
Shape {
	appearance Appearance {
		material Material {
			diffuseColor 1 0 0
			emissiveColor 1 0 0
		}
	}
	geometry IndexedLineSet {
		coord Coordinate {
			point [
				-197.879 203.918 -888.53,
				-197.879 203.898 -888.519,
			]
		}
		coordIndex [
			0, 1, -1
		]
	}
}
#---------- POLYLINE
Shape {
	appearance Appearance {
		material Material {
			diffuseColor 1 0 0
			emissiveColor 1 0 0
		}
	}
	geometry IndexedLineSet {
		coord Coordinate {
			point [
				-193.7 216.962 -889.237,
				-193.701 216.962 -889.236,
			]
		}
		coordIndex [
			0, 1, -1
		]
	}
}
#---------- POLYLINE
Shape {
	appearance Appearance {
		material Material {
			diffuseColor 0 1 0
			emissiveColor 0 1 0
		}
	}
	geometry IndexedLineSet {
		coord Coordinate {
			point [
				-167.571 252.699 -899.132,
				-169.985 251.585 -903.722,
				-169.848 251.473 -903.651,
			]
		}
		coordIndex [
			0, 1, 2, -1
		]
	}
}
#---------- POLYLINE
Shape {
	appearance Appearance {
		material Material {
			diffuseColor 1 0 0
			emissiveColor 1 0 0
		}
	}
	geometry IndexedLineSet {
		coord Coordinate {
			point [
				-169.848 251.473 -903.651,
				-169.848 251.473 -903.651,
			]
		}
		coordIndex [
			0, 1, -1
		]
	}
}
#---------- POLYLINE
Shape {
	appearance Appearance {
		material Material {
			diffuseColor 1 0 0
			emissiveColor 1 0 0
		}
	}
	geometry IndexedLineSet {
		coord Coordinate {
			point [
				-169.848 251.473 -903.651,
				-169.848 251.473 -903.651,
			]
		}
		coordIndex [
			0, 1, -1
		]
	}
}
#---------- POLYLINE
Shape {
	appearance Appearance {
		material Material {
			diffuseColor 1 0 0
			emissiveColor 1 0 0
		}
	}
	geometry IndexedLineSet {
		coord Coordinate {
			point [
				-169.848 251.473 -903.651,
				-169.848 251.473 -903.651,
			]
		}
		coordIndex [
			0, 1, -1
		]
	}
}
#---------- POLYLINE
Shape {
	appearance Appearance {
		material Material {
			diffuseColor 1 0 0
			emissiveColor 1 0 0
		}
	}
	geometry IndexedLineSet {
		coord Coordinate {
			point [
				-169.848 251.473 -903.651,
				-169.848 251.473 -903.651,
			]
		}
		coordIndex [
			0, 1, -1
		]
	}
}
#---------- POLYLINE
Shape {
	appearance Appearance {
		material Material {
			diffuseColor 1 0 0
			emissiveColor 1 0 0
		}
	}
	geometry IndexedLineSet {
		coord Coordinate {
			point [
				-169.848 251.473 -903.651,
				-169.848 251.473 -903.651,
			]
		}
		coordIndex [
			0, 1, -1
		]
	}
}
#---------- POLYLINE
Shape {
	appearance Appearance {
		material Material {
			diffuseColor 1 0 0
			emissiveColor 1 0 0
		}
	}
	geometry IndexedLineSet {
		coord Coordinate {
			point [
				-169.848 251.473 -903.651,
				-169.848 251.473 -903.651,
			]
		}
		coordIndex [
			0, 1, -1
		]
	}
}
#---------- POLYLINE
Shape {
	appearance Appearance {
		material Material {
			diffuseColor 1 0 0
			emissiveColor 1 0 0
		}
	}
	geometry IndexedLineSet {
		coord Coordinate {
			point [
				-169.848 251.473 -903.651,
				-169.848 251.473 -903.651,
			]
		}
		coordIndex [
			0, 1, -1
		]
	}
}
#---------- POLYLINE
Shape {
	appearance Appearance {
		material Material {
			diffuseColor 1 0 0
			emissiveColor 1 0 0
		}
	}
	geometry IndexedLineSet {
		coord Coordinate {
			point [
				-169.848 251.473 -903.651,
				-169.848 251.473 -903.651,
			]
		}
		coordIndex [
			0, 1, -1
		]
	}
}
#---------- POLYLINE
Shape {
	appearance Appearance {
		material Material {
			diffuseColor 1 0 0
			emissiveColor 1 0 0
		}
	}
	geometry IndexedLineSet {
		coord Coordinate {
			point [
				-169.848 251.473 -903.651,
				-169.848 251.473 -903.651,
			]
		}
		coordIndex [
			0, 1, -1
		]
	}
}
#---------- POLYLINE
Shape {
	appearance Appearance {
		material Material {
			diffuseColor 0 1 0
			emissiveColor 0 1 0
		}
	}
	geometry IndexedLineSet {
		coord Coordinate {
			point [
				-169.848 251.473 -903.651,
				-170.118 251.638 -904.068,
			]
		}
		coordIndex [
			0, 1, -1
		]
	}
}
#---------- POLYLINE
Shape {
	appearance Appearance {
		material Material {
			diffuseColor 1 0 0
			emissiveColor 1 0 0
		}
	}
	geometry IndexedLineSet {
		coord Coordinate {
			point [
				-170.118 251.638 -904.068,
				-170.118 251.638 -904.068,
			]
		}
		coordIndex [
			0, 1, -1
		]
	}
}
#---------- POLYLINE
Shape {
	appearance Appearance {
		material Material {
			diffuseColor 1 0 0
			emissiveColor 1 0 0
		}
	}
	geometry IndexedLineSet {
		coord Coordinate {
			point [
				-170.118 251.638 -904.068,
				-170.118 251.638 -904.068,
			]
		}
		coordIndex [
			0, 1, -1
		]
	}
}
#---------- POLYLINE
Shape {
	appearance Appearance {
		material Material {
			diffuseColor 1 0 0
			emissiveColor 1 0 0
		}
	}
	geometry IndexedLineSet {
		coord Coordinate {
			point [
				-170.118 251.638 -904.068,
				-170.118 251.638 -904.068,
			]
		}
		coordIndex [
			0, 1, -1
		]
	}
}
#---------- POLYLINE
Shape {
	appearance Appearance {
		material Material {
			diffuseColor 1 0 0
			emissiveColor 1 0 0
		}
	}
	geometry IndexedLineSet {
		coord Coordinate {
			point [
				-170.118 251.638 -904.068,
				-170.118 251.638 -904.068,
			]
		}
		coordIndex [
			0, 1, -1
		]
	}
}
#---------- POLYLINE
Shape {
	appearance Appearance {
		material Material {
			diffuseColor 1 0 0
			emissiveColor 1 0 0
		}
	}
	geometry IndexedLineSet {
		coord Coordinate {
			point [
				-170.118 251.638 -904.068,
				-170.118 251.638 -904.068,
			]
		}
		coordIndex [
			0, 1, -1
		]
	}
}
#---------- POLYLINE
Shape {
	appearance Appearance {
		material Material {
			diffuseColor 1 0 0
			emissiveColor 1 0 0
		}
	}
	geometry IndexedLineSet {
		coord Coordinate {
			point [
				-170.118 251.638 -904.068,
				-170.118 251.638 -904.068,
			]
		}
		coordIndex [
			0, 1, -1
		]
	}
}
#---------- POLYLINE
Shape {
	appearance Appearance {
		material Material {
			diffuseColor 1 0 0
			emissiveColor 1 0 0
		}
	}
	geometry IndexedLineSet {
		coord Coordinate {
			point [
				-170.118 251.638 -904.068,
				-170.118 251.638 -904.068,
			]
		}
		coordIndex [
			0, 1, -1
		]
	}
}
#---------- POLYLINE
Shape {
	appearance Appearance {
		material Material {
			diffuseColor 1 0 0
			emissiveColor 1 0 0
		}
	}
	geometry IndexedLineSet {
		coord Coordinate {
			point [
				-170.118 251.638 -904.068,
				-170.118 251.638 -904.068,
			]
		}
		coordIndex [
			0, 1, -1
		]
	}
}
#---------- POLYLINE
Shape {
	appearance Appearance {
		material Material {
			diffuseColor 1 0 0
			emissiveColor 1 0 0
		}
	}
	geometry IndexedLineSet {
		coord Coordinate {
			point [
				-170.118 251.638 -904.068,
				-170.118 251.638 -904.068,
			]
		}
		coordIndex [
			0, 1, -1
		]
	}
}
#---------- POLYLINE
Shape {
	appearance Appearance {
		material Material {
			diffuseColor 1 0 0
			emissiveColor 1 0 0
		}
	}
	geometry IndexedLineSet {
		coord Coordinate {
			point [
				-170.118 251.638 -904.068,
				-170.118 251.638 -904.068,
			]
		}
		coordIndex [
			0, 1, -1
		]
	}
}
#---------- POLYLINE
Shape {
	appearance Appearance {
		material Material {
			diffuseColor 1 0 0
			emissiveColor 1 0 0
		}
	}
	geometry IndexedLineSet {
		coord Coordinate {
			point [
				-170.118 251.638 -904.068,
				-170.118 251.638 -904.068,
			]
		}
		coordIndex [
			0, 1, -1
		]
	}
}
#---------- POLYLINE
Shape {
	appearance Appearance {
		material Material {
			diffuseColor 1 0 0
			emissiveColor 1 0 0
		}
	}
	geometry IndexedLineSet {
		coord Coordinate {
			point [
				-170.118 251.638 -904.068,
				-170.118 251.638 -904.068,
			]
		}
		coordIndex [
			0, 1, -1
		]
	}
}
#---------- POLYLINE
Shape {
	appearance Appearance {
		material Material {
			diffuseColor 1 0 0
			emissiveColor 1 0 0
		}
	}
	geometry IndexedLineSet {
		coord Coordinate {
			point [
				-170.118 251.638 -904.068,
				-170.118 251.638 -904.068,
			]
		}
		coordIndex [
			0, 1, -1
		]
	}
}
#---------- POLYLINE
Shape {
	appearance Appearance {
		material Material {
			diffuseColor 1 0 0
			emissiveColor 1 0 0
		}
	}
	geometry IndexedLineSet {
		coord Coordinate {
			point [
				-170.118 251.638 -904.068,
				-170.118 251.638 -904.068,
			]
		}
		coordIndex [
			0, 1, -1
		]
	}
}
#---------- POLYLINE
Shape {
	appearance Appearance {
		material Material {
			diffuseColor 1 0 0
			emissiveColor 1 0 0
		}
	}
	geometry IndexedLineSet {
		coord Coordinate {
			point [
				-170.118 251.638 -904.068,
				-170.118 251.638 -904.068,
			]
		}
		coordIndex [
			0, 1, -1
		]
	}
}
#---------- POLYLINE
Shape {
	appearance Appearance {
		material Material {
			diffuseColor 1 0 0
			emissiveColor 1 0 0
		}
	}
	geometry IndexedLineSet {
		coord Coordinate {
			point [
				-170.118 251.638 -904.068,
				-170.117 251.637 -904.069,
			]
		}
		coordIndex [
			0, 1, -1
		]
	}
}
#---------- POLYLINE
Shape {
	appearance Appearance {
		material Material {
			diffuseColor 1 0 0
			emissiveColor 1 0 0
		}
	}
	geometry IndexedLineSet {
		coord Coordinate {
			point [
				-169.848 251.473 -903.651,
				-169.848 251.471 -903.65,
			]
		}
		coordIndex [
			0, 1, -1
		]
	}
}
#---------- POLYLINE
Shape {
	appearance Appearance {
		material Material {
			diffuseColor 1 0 0
			emissiveColor 1 0 0
		}
	}
	geometry IndexedLineSet {
		coord Coordinate {
			point [
				-169.985 251.585 -903.722,
				-169.991 251.585 -903.73,
			]
		}
		coordIndex [
			0, 1, -1
		]
	}
}
#---------- POLYLINE
Shape {
	appearance Appearance {
		material Material {
			diffuseColor 0 1 0
			emissiveColor 0 1 0
		}
	}
	geometry IndexedLineSet {
		coord Coordinate {
			point [
				-167.343 252.559 -898.907,
				-167.48 252.66 -899.028,
				-167.717 252.562 -899.494,
				-167.894 253.036 -900.297,
			]
		}
		coordIndex [
			0, 1, 2, 3, -1
		]
	}
}
#---------- POLYLINE
Shape {
	appearance Appearance {
		material Material {
			diffuseColor 1 0 0
			emissiveColor 1 0 0
		}
	}
	geometry IndexedLineSet {
		coord Coordinate {
			point [
				-167.894 253.036 -900.297,
				-167.894 253.036 -900.297,
			]
		}
		coordIndex [
			0, 1, -1
		]
	}
}
#---------- POLYLINE
Shape {
	appearance Appearance {
		material Material {
			diffuseColor 1 0 0
			emissiveColor 1 0 0
		}
	}
	geometry IndexedLineSet {
		coord Coordinate {
			point [
				-167.894 253.036 -900.297,
				-167.894 253.036 -900.297,
			]
		}
		coordIndex [
			0, 1, -1
		]
	}
}
#---------- POLYLINE
Shape {
	appearance Appearance {
		material Material {
			diffuseColor 1 0 0
			emissiveColor 1 0 0
		}
	}
	geometry IndexedLineSet {
		coord Coordinate {
			point [
				-167.894 253.036 -900.297,
				-167.894 253.036 -900.297,
			]
		}
		coordIndex [
			0, 1, -1
		]
	}
}
#---------- POLYLINE
Shape {
	appearance Appearance {
		material Material {
			diffuseColor 1 0 0
			emissiveColor 1 0 0
		}
	}
	geometry IndexedLineSet {
		coord Coordinate {
			point [
				-167.894 253.036 -900.297,
				-167.894 253.036 -900.297,
			]
		}
		coordIndex [
			0, 1, -1
		]
	}
}
#---------- POLYLINE
Shape {
	appearance Appearance {
		material Material {
			diffuseColor 1 0 0
			emissiveColor 1 0 0
		}
	}
	geometry IndexedLineSet {
		coord Coordinate {
			point [
				-167.894 253.036 -900.297,
				-167.894 253.036 -900.297,
			]
		}
		coordIndex [
			0, 1, -1
		]
	}
}
#---------- POLYLINE
Shape {
	appearance Appearance {
		material Material {
			diffuseColor 1 0 0
			emissiveColor 1 0 0
		}
	}
	geometry IndexedLineSet {
		coord Coordinate {
			point [
				-167.894 253.036 -900.297,
				-167.894 253.036 -900.297,
			]
		}
		coordIndex [
			0, 1, -1
		]
	}
}
#---------- POLYLINE
Shape {
	appearance Appearance {
		material Material {
			diffuseColor 1 0 0
			emissiveColor 1 0 0
		}
	}
	geometry IndexedLineSet {
		coord Coordinate {
			point [
				-167.894 253.036 -900.297,
				-167.894 253.036 -900.297,
			]
		}
		coordIndex [
			0, 1, -1
		]
	}
}
#---------- POLYLINE
Shape {
	appearance Appearance {
		material Material {
			diffuseColor 1 0 0
			emissiveColor 1 0 0
		}
	}
	geometry IndexedLineSet {
		coord Coordinate {
			point [
				-167.894 253.036 -900.297,
				-167.894 253.036 -900.297,
			]
		}
		coordIndex [
			0, 1, -1
		]
	}
}
#---------- POLYLINE
Shape {
	appearance Appearance {
		material Material {
			diffuseColor 1 0 0
			emissiveColor 1 0 0
		}
	}
	geometry IndexedLineSet {
		coord Coordinate {
			point [
				-167.894 253.036 -900.297,
				-167.895 253.052 -900.312,
			]
		}
		coordIndex [
			0, 1, -1
		]
	}
}
#---------- POLYLINE
Shape {
	appearance Appearance {
		material Material {
			diffuseColor 1 0 0
			emissiveColor 1 0 0
		}
	}
	geometry IndexedLineSet {
		coord Coordinate {
			point [
				-167.717 252.562 -899.494,
				-167.72 252.557 -899.496,
			]
		}
		coordIndex [
			0, 1, -1
		]
	}
}
#---------- POLYLINE
Shape {
	appearance Appearance {
		material Material {
			diffuseColor 1 0 0
			emissiveColor 1 0 0
		}
	}
	geometry IndexedLineSet {
		coord Coordinate {
			point [
				-167.48 252.66 -899.028,
				-167.493 252.68 -899.031,
			]
		}
		coordIndex [
			0, 1, -1
		]
	}
}
#---------- POLYLINE
Shape {
	appearance Appearance {
		material Material {
			diffuseColor 0 1 0
			emissiveColor 0 1 0
		}
	}
	geometry IndexedLineSet {
		coord Coordinate {
			point [
				-167.465 252.086 -898.6,
				-161.614 266.63 -909.421,
				-157.584 272.668 -914.876,
				-158.365 272.266 -914.364,
			]
		}
		coordIndex [
			0, 1, 2, 3, -1
		]
	}
}
#---------- POLYLINE
Shape {
	appearance Appearance {
		material Material {
			diffuseColor 1 0 0
			emissiveColor 1 0 0
		}
	}
	geometry IndexedLineSet {
		coord Coordinate {
			point [
				-158.365 272.266 -914.364,
				-158.365 272.266 -914.364,
			]
		}
		coordIndex [
			0, 1, -1
		]
	}
}
#---------- POLYLINE
Shape {
	appearance Appearance {
		material Material {
			diffuseColor 0 1 0
			emissiveColor 0 1 0
		}
	}
	geometry IndexedLineSet {
		coord Coordinate {
			point [
				-158.365 272.266 -914.364,
				-158.118 272.673 -914.654,
			]
		}
		coordIndex [
			0, 1, -1
		]
	}
}
#---------- POLYLINE
Shape {
	appearance Appearance {
		material Material {
			diffuseColor 1 0 0
			emissiveColor 1 0 0
		}
	}
	geometry IndexedLineSet {
		coord Coordinate {
			point [
				-158.118 272.673 -914.654,
				-158.118 272.673 -914.654,
			]
		}
		coordIndex [
			0, 1, -1
		]
	}
}
#---------- POLYLINE
Shape {
	appearance Appearance {
		material Material {
			diffuseColor 1 0 0
			emissiveColor 1 0 0
		}
	}
	geometry IndexedLineSet {
		coord Coordinate {
			point [
				-158.118 272.673 -914.654,
				-158.118 272.673 -914.654,
			]
		}
		coordIndex [
			0, 1, -1
		]
	}
}
#---------- POLYLINE
Shape {
	appearance Appearance {
		material Material {
			diffuseColor 1 0 0
			emissiveColor 1 0 0
		}
	}
	geometry IndexedLineSet {
		coord Coordinate {
			point [
				-158.118 272.673 -914.654,
				-158.118 272.673 -914.654,
			]
		}
		coordIndex [
			0, 1, -1
		]
	}
}
#---------- POLYLINE
Shape {
	appearance Appearance {
		material Material {
			diffuseColor 1 0 0
			emissiveColor 1 0 0
		}
	}
	geometry IndexedLineSet {
		coord Coordinate {
			point [
				-158.118 272.673 -914.654,
				-158.118 272.673 -914.654,
			]
		}
		coordIndex [
			0, 1, -1
		]
	}
}
#---------- POLYLINE
Shape {
	appearance Appearance {
		material Material {
			diffuseColor 1 0 0
			emissiveColor 1 0 0
		}
	}
	geometry IndexedLineSet {
		coord Coordinate {
			point [
				-158.118 272.673 -914.654,
				-158.118 272.673 -914.654,
			]
		}
		coordIndex [
			0, 1, -1
		]
	}
}
#---------- POLYLINE
Shape {
	appearance Appearance {
		material Material {
			diffuseColor 1 0 0
			emissiveColor 1 0 0
		}
	}
	geometry IndexedLineSet {
		coord Coordinate {
			point [
				-158.118 272.673 -914.654,
				-158.118 272.673 -914.654,
			]
		}
		coordIndex [
			0, 1, -1
		]
	}
}
#---------- POLYLINE
Shape {
	appearance Appearance {
		material Material {
			diffuseColor 1 0 0
			emissiveColor 1 0 0
		}
	}
	geometry IndexedLineSet {
		coord Coordinate {
			point [
				-158.118 272.673 -914.654,
				-158.118 272.673 -914.654,
			]
		}
		coordIndex [
			0, 1, -1
		]
	}
}
#---------- POLYLINE
Shape {
	appearance Appearance {
		material Material {
			diffuseColor 1 0 0
			emissiveColor 1 0 0
		}
	}
	geometry IndexedLineSet {
		coord Coordinate {
			point [
				-158.118 272.673 -914.654,
				-158.118 272.673 -914.654,
			]
		}
		coordIndex [
			0, 1, -1
		]
	}
}
#---------- POLYLINE
Shape {
	appearance Appearance {
		material Material {
			diffuseColor 1 0 0
			emissiveColor 1 0 0
		}
	}
	geometry IndexedLineSet {
		coord Coordinate {
			point [
				-158.118 272.673 -914.654,
				-158.118 272.673 -914.654,
			]
		}
		coordIndex [
			0, 1, -1
		]
	}
}
#---------- POLYLINE
Shape {
	appearance Appearance {
		material Material {
			diffuseColor 1 0 0
			emissiveColor 1 0 0
		}
	}
	geometry IndexedLineSet {
		coord Coordinate {
			point [
				-158.118 272.673 -914.654,
				-158.118 272.673 -914.654,
			]
		}
		coordIndex [
			0, 1, -1
		]
	}
}
#---------- POLYLINE
Shape {
	appearance Appearance {
		material Material {
			diffuseColor 1 0 0
			emissiveColor 1 0 0
		}
	}
	geometry IndexedLineSet {
		coord Coordinate {
			point [
				-158.118 272.673 -914.654,
				-158.118 272.673 -914.654,
			]
		}
		coordIndex [
			0, 1, -1
		]
	}
}
#---------- POLYLINE
Shape {
	appearance Appearance {
		material Material {
			diffuseColor 1 0 0
			emissiveColor 1 0 0
		}
	}
	geometry IndexedLineSet {
		coord Coordinate {
			point [
				-158.118 272.673 -914.654,
				-158.118 272.673 -914.654,
			]
		}
		coordIndex [
			0, 1, -1
		]
	}
}
#---------- POLYLINE
Shape {
	appearance Appearance {
		material Material {
			diffuseColor 1 0 0
			emissiveColor 1 0 0
		}
	}
	geometry IndexedLineSet {
		coord Coordinate {
			point [
				-158.118 272.673 -914.654,
				-158.118 272.673 -914.654,
			]
		}
		coordIndex [
			0, 1, -1
		]
	}
}
#---------- POLYLINE
Shape {
	appearance Appearance {
		material Material {
			diffuseColor 1 0 0
			emissiveColor 1 0 0
		}
	}
	geometry IndexedLineSet {
		coord Coordinate {
			point [
				-158.118 272.673 -914.654,
				-158.119 272.674 -914.655,
			]
		}
		coordIndex [
			0, 1, -1
		]
	}
}
#---------- POLYLINE
Shape {
	appearance Appearance {
		material Material {
			diffuseColor 1 0 0
			emissiveColor 1 0 0
		}
	}
	geometry IndexedLineSet {
		coord Coordinate {
			point [
				-158.365 272.266 -914.364,
				-158.369 272.267 -914.362,
			]
		}
		coordIndex [
			0, 1, -1
		]
	}
}
#---------- POLYLINE
Shape {
	appearance Appearance {
		material Material {
			diffuseColor 1 0 0
			emissiveColor 1 0 0
		}
	}
	geometry IndexedLineSet {
		coord Coordinate {
			point [
				-157.584 272.668 -914.876,
				-157.469 272.831 -915.026,
				-157.468 272.934 -915.061,
				-157.556 273.074 -915.174,
				-157.471 273.04 -915.141,
				-157.47 273.037 -915.141,
			]
		}
		coordIndex [
			0, 1, 2, 3, 4, 5, -1
		]
	}
}
#---------- POLYLINE
Shape {
	appearance Appearance {
		material Material {
			diffuseColor 0 1 0
			emissiveColor 0 1 0
		}
	}
	geometry IndexedLineSet {
		coord Coordinate {
			point [
				-157.556 273.074 -915.174,
				-157.041 272.854 -914.981,
			]
		}
		coordIndex [
			0, 1, -1
		]
	}
}
#---------- POLYLINE
Shape {
	appearance Appearance {
		material Material {
			diffuseColor 1 0 0
			emissiveColor 1 0 0
		}
	}
	geometry IndexedLineSet {
		coord Coordinate {
			point [
				-157.041 272.854 -914.981,
				-157.041 272.854 -914.981,
			]
		}
		coordIndex [
			0, 1, -1
		]
	}
}
#---------- POLYLINE
Shape {
	appearance Appearance {
		material Material {
			diffuseColor 1 0 0
			emissiveColor 1 0 0
		}
	}
	geometry IndexedLineSet {
		coord Coordinate {
			point [
				-157.041 272.854 -914.981,
				-157.041 272.854 -914.981,
			]
		}
		coordIndex [
			0, 1, -1
		]
	}
}
#---------- POLYLINE
Shape {
	appearance Appearance {
		material Material {
			diffuseColor 1 0 0
			emissiveColor 1 0 0
		}
	}
	geometry IndexedLineSet {
		coord Coordinate {
			point [
				-157.041 272.854 -914.981,
				-157.041 272.854 -914.981,
			]
		}
		coordIndex [
			0, 1, -1
		]
	}
}
#---------- POLYLINE
Shape {
	appearance Appearance {
		material Material {
			diffuseColor 1 0 0
			emissiveColor 1 0 0
		}
	}
	geometry IndexedLineSet {
		coord Coordinate {
			point [
				-157.041 272.854 -914.981,
				-157.041 272.854 -914.981,
			]
		}
		coordIndex [
			0, 1, -1
		]
	}
}
#---------- POLYLINE
Shape {
	appearance Appearance {
		material Material {
			diffuseColor 1 0 0
			emissiveColor 1 0 0
		}
	}
	geometry IndexedLineSet {
		coord Coordinate {
			point [
				-157.041 272.854 -914.981,
				-157.041 272.854 -914.981,
			]
		}
		coordIndex [
			0, 1, -1
		]
	}
}
#---------- POLYLINE
Shape {
	appearance Appearance {
		material Material {
			diffuseColor 1 0 0
			emissiveColor 1 0 0
		}
	}
	geometry IndexedLineSet {
		coord Coordinate {
			point [
				-157.041 272.854 -914.981,
				-157.041 272.854 -914.981,
			]
		}
		coordIndex [
			0, 1, -1
		]
	}
}
#---------- POLYLINE
Shape {
	appearance Appearance {
		material Material {
			diffuseColor 1 0 0
			emissiveColor 1 0 0
		}
	}
	geometry IndexedLineSet {
		coord Coordinate {
			point [
				-157.041 272.854 -914.981,
				-157.041 272.854 -914.981,
			]
		}
		coordIndex [
			0, 1, -1
		]
	}
}
#---------- POLYLINE
Shape {
	appearance Appearance {
		material Material {
			diffuseColor 1 0 0
			emissiveColor 1 0 0
		}
	}
	geometry IndexedLineSet {
		coord Coordinate {
			point [
				-157.041 272.854 -914.981,
				-157.041 272.854 -914.981,
			]
		}
		coordIndex [
			0, 1, -1
		]
	}
}
#---------- POLYLINE
Shape {
	appearance Appearance {
		material Material {
			diffuseColor 1 0 0
			emissiveColor 1 0 0
		}
	}
	geometry IndexedLineSet {
		coord Coordinate {
			point [
				-157.041 272.854 -914.981,
				-157.041 272.854 -914.981,
			]
		}
		coordIndex [
			0, 1, -1
		]
	}
}
#---------- POLYLINE
Shape {
	appearance Appearance {
		material Material {
			diffuseColor 1 0 0
			emissiveColor 1 0 0
		}
	}
	geometry IndexedLineSet {
		coord Coordinate {
			point [
				-157.041 272.854 -914.981,
				-157.041 272.854 -914.981,
			]
		}
		coordIndex [
			0, 1, -1
		]
	}
}
#---------- POLYLINE
Shape {
	appearance Appearance {
		material Material {
			diffuseColor 1 0 0
			emissiveColor 1 0 0
		}
	}
	geometry IndexedLineSet {
		coord Coordinate {
			point [
				-157.041 272.854 -914.981,
				-157.041 272.854 -914.981,
			]
		}
		coordIndex [
			0, 1, -1
		]
	}
}
#---------- POLYLINE
Shape {
	appearance Appearance {
		material Material {
			diffuseColor 1 0 0
			emissiveColor 1 0 0
		}
	}
	geometry IndexedLineSet {
		coord Coordinate {
			point [
				-157.041 272.854 -914.981,
				-157.041 272.854 -914.981,
			]
		}
		coordIndex [
			0, 1, -1
		]
	}
}
#---------- POLYLINE
Shape {
	appearance Appearance {
		material Material {
			diffuseColor 0 1 0
			emissiveColor 0 1 0
		}
	}
	geometry IndexedLineSet {
		coord Coordinate {
			point [
				-157.041 272.854 -914.981,
				-157.038 272.886 -915.047,
			]
		}
		coordIndex [
			0, 1, -1
		]
	}
}
#---------- POLYLINE
Shape {
	appearance Appearance {
		material Material {
			diffuseColor 1 0 0
			emissiveColor 1 0 0
		}
	}
	geometry IndexedLineSet {
		coord Coordinate {
			point [
				-157.038 272.886 -915.047,
				-157.038 272.886 -915.047,
			]
		}
		coordIndex [
			0, 1, -1
		]
	}
}
#---------- POLYLINE
Shape {
	appearance Appearance {
		material Material {
			diffuseColor 1 0 0
			emissiveColor 1 0 0
		}
	}
	geometry IndexedLineSet {
		coord Coordinate {
			point [
				-157.038 272.886 -915.047,
				-157.038 272.886 -915.047,
			]
		}
		coordIndex [
			0, 1, -1
		]
	}
}
#---------- POLYLINE
Shape {
	appearance Appearance {
		material Material {
			diffuseColor 1 0 0
			emissiveColor 1 0 0
		}
	}
	geometry IndexedLineSet {
		coord Coordinate {
			point [
				-157.038 272.886 -915.047,
				-157.038 272.886 -915.047,
			]
		}
		coordIndex [
			0, 1, -1
		]
	}
}
#---------- POLYLINE
Shape {
	appearance Appearance {
		material Material {
			diffuseColor 1 0 0
			emissiveColor 1 0 0
		}
	}
	geometry IndexedLineSet {
		coord Coordinate {
			point [
				-157.038 272.886 -915.047,
				-157.038 272.886 -915.047,
			]
		}
		coordIndex [
			0, 1, -1
		]
	}
}
#---------- POLYLINE
Shape {
	appearance Appearance {
		material Material {
			diffuseColor 0 1 0
			emissiveColor 0 1 0
		}
	}
	geometry IndexedLineSet {
		coord Coordinate {
			point [
				-157.038 272.886 -915.047,
				-157.047 272.883 -915.059,
			]
		}
		coordIndex [
			0, 1, -1
		]
	}
}
#---------- POLYLINE
Shape {
	appearance Appearance {
		material Material {
			diffuseColor 1 0 0
			emissiveColor 1 0 0
		}
	}
	geometry IndexedLineSet {
		coord Coordinate {
			point [
				-157.047 272.883 -915.059,
				-157.047 272.883 -915.059,
			]
		}
		coordIndex [
			0, 1, -1
		]
	}
}
#---------- POLYLINE
Shape {
	appearance Appearance {
		material Material {
			diffuseColor 1 0 0
			emissiveColor 1 0 0
		}
	}
	geometry IndexedLineSet {
		coord Coordinate {
			point [
				-157.047 272.883 -915.059,
				-157.047 272.883 -915.059,
			]
		}
		coordIndex [
			0, 1, -1
		]
	}
}
#---------- POLYLINE
Shape {
	appearance Appearance {
		material Material {
			diffuseColor 1 0 0
			emissiveColor 1 0 0
		}
	}
	geometry IndexedLineSet {
		coord Coordinate {
			point [
				-157.047 272.883 -915.059,
				-157.047 272.883 -915.059,
			]
		}
		coordIndex [
			0, 1, -1
		]
	}
}
#---------- POLYLINE
Shape {
	appearance Appearance {
		material Material {
			diffuseColor 1 0 0
			emissiveColor 1 0 0
		}
	}
	geometry IndexedLineSet {
		coord Coordinate {
			point [
				-157.047 272.883 -915.059,
				-157.047 272.883 -915.059,
			]
		}
		coordIndex [
			0, 1, -1
		]
	}
}
#---------- POLYLINE
Shape {
	appearance Appearance {
		material Material {
			diffuseColor 0 1 0
			emissiveColor 0 1 0
		}
	}
	geometry IndexedLineSet {
		coord Coordinate {
			point [
				-157.047 272.883 -915.059,
				-157.047 272.883 -915.059,
			]
		}
		coordIndex [
			0, 1, -1
		]
	}
}
#---------- POLYLINE
Shape {
	appearance Appearance {
		material Material {
			diffuseColor 1 0 0
			emissiveColor 1 0 0
		}
	}
	geometry IndexedLineSet {
		coord Coordinate {
			point [
				-157.047 272.883 -915.059,
				-157.047 272.883 -915.059,
			]
		}
		coordIndex [
			0, 1, -1
		]
	}
}
#---------- POLYLINE
Shape {
	appearance Appearance {
		material Material {
			diffuseColor 1 0 0
			emissiveColor 1 0 0
		}
	}
	geometry IndexedLineSet {
		coord Coordinate {
			point [
				-157.047 272.883 -915.059,
				-157.047 272.883 -915.059,
			]
		}
		coordIndex [
			0, 1, -1
		]
	}
}
#---------- POLYLINE
Shape {
	appearance Appearance {
		material Material {
			diffuseColor 1 0 0
			emissiveColor 1 0 0
		}
	}
	geometry IndexedLineSet {
		coord Coordinate {
			point [
				-157.047 272.883 -915.059,
				-157.047 272.883 -915.059,
			]
		}
		coordIndex [
			0, 1, -1
		]
	}
}
#---------- POLYLINE
Shape {
	appearance Appearance {
		material Material {
			diffuseColor 1 0 0
			emissiveColor 1 0 0
		}
	}
	geometry IndexedLineSet {
		coord Coordinate {
			point [
				-157.047 272.883 -915.059,
				-157.047 272.883 -915.059,
			]
		}
		coordIndex [
			0, 1, -1
		]
	}
}
#---------- POLYLINE
Shape {
	appearance Appearance {
		material Material {
			diffuseColor 1 0 0
			emissiveColor 1 0 0
		}
	}
	geometry IndexedLineSet {
		coord Coordinate {
			point [
				-157.047 272.883 -915.059,
				-157.047 272.883 -915.059,
			]
		}
		coordIndex [
			0, 1, -1
		]
	}
}
#---------- POLYLINE
Shape {
	appearance Appearance {
		material Material {
			diffuseColor 1 0 0
			emissiveColor 1 0 0
		}
	}
	geometry IndexedLineSet {
		coord Coordinate {
			point [
				-157.047 272.883 -915.059,
				-157.047 272.883 -915.059,
			]
		}
		coordIndex [
			0, 1, -1
		]
	}
}
#---------- POLYLINE
Shape {
	appearance Appearance {
		material Material {
			diffuseColor 1 0 0
			emissiveColor 1 0 0
		}
	}
	geometry IndexedLineSet {
		coord Coordinate {
			point [
				-157.047 272.883 -915.059,
				-157.047 272.883 -915.059,
			]
		}
		coordIndex [
			0, 1, -1
		]
	}
}
#---------- POLYLINE
Shape {
	appearance Appearance {
		material Material {
			diffuseColor 1 0 0
			emissiveColor 1 0 0
		}
	}
	geometry IndexedLineSet {
		coord Coordinate {
			point [
				-157.047 272.883 -915.059,
				-157.047 272.883 -915.059,
			]
		}
		coordIndex [
			0, 1, -1
		]
	}
}
#---------- POLYLINE
Shape {
	appearance Appearance {
		material Material {
			diffuseColor 1 0 0
			emissiveColor 1 0 0
		}
	}
	geometry IndexedLineSet {
		coord Coordinate {
			point [
				-157.047 272.883 -915.059,
				-157.047 272.883 -915.059,
			]
		}
		coordIndex [
			0, 1, -1
		]
	}
}
#---------- POLYLINE
Shape {
	appearance Appearance {
		material Material {
			diffuseColor 1 0 0
			emissiveColor 1 0 0
		}
	}
	geometry IndexedLineSet {
		coord Coordinate {
			point [
				-157.038 272.886 -915.047,
				-157.038 272.886 -915.048,
			]
		}
		coordIndex [
			0, 1, -1
		]
	}
}
#---------- POLYLINE
Shape {
	appearance Appearance {
		material Material {
			diffuseColor 1 0 0
			emissiveColor 1 0 0
		}
	}
	geometry IndexedLineSet {
		coord Coordinate {
			point [
				-157.041 272.854 -914.981,
				-157.041 272.854 -914.98,
			]
		}
		coordIndex [
			0, 1, -1
		]
	}
}
#---------- POLYLINE
Shape {
	appearance Appearance {
		material Material {
			diffuseColor 0 1 0
			emissiveColor 0 1 0
		}
	}
	geometry IndexedLineSet {
		coord Coordinate {
			point [
				-157.468 272.934 -915.061,
				-159.836 276.398 -919.081,
			]
		}
		coordIndex [
			0, 1, -1
		]
	}
}
#---------- POLYLINE
Shape {
	appearance Appearance {
		material Material {
			diffuseColor 1 0 0
			emissiveColor 1 0 0
		}
	}
	geometry IndexedLineSet {
		coord Coordinate {
			point [
				-159.836 276.398 -919.081,
				-159.836 276.398 -919.081,
			]
		}
		coordIndex [
			0, 1, -1
		]
	}
}
#---------- POLYLINE
Shape {
	appearance Appearance {
		material Material {
			diffuseColor 1 0 0
			emissiveColor 1 0 0
		}
	}
	geometry IndexedLineSet {
		coord Coordinate {
			point [
				-159.836 276.398 -919.081,
				-159.836 276.398 -919.081,
			]
		}
		coordIndex [
			0, 1, -1
		]
	}
}
#---------- POLYLINE
Shape {
	appearance Appearance {
		material Material {
			diffuseColor 1 0 0
			emissiveColor 1 0 0
		}
	}
	geometry IndexedLineSet {
		coord Coordinate {
			point [
				-159.836 276.398 -919.081,
				-159.836 276.398 -919.081,
			]
		}
		coordIndex [
			0, 1, -1
		]
	}
}
#---------- POLYLINE
Shape {
	appearance Appearance {
		material Material {
			diffuseColor 1 0 0
			emissiveColor 1 0 0
		}
	}
	geometry IndexedLineSet {
		coord Coordinate {
			point [
				-159.836 276.398 -919.081,
				-159.836 276.398 -919.081,
			]
		}
		coordIndex [
			0, 1, -1
		]
	}
}
#---------- POLYLINE
Shape {
	appearance Appearance {
		material Material {
			diffuseColor 1 0 0
			emissiveColor 1 0 0
		}
	}
	geometry IndexedLineSet {
		coord Coordinate {
			point [
				-159.836 276.398 -919.081,
				-159.836 276.398 -919.081,
			]
		}
		coordIndex [
			0, 1, -1
		]
	}
}
#---------- POLYLINE
Shape {
	appearance Appearance {
		material Material {
			diffuseColor 1 0 0
			emissiveColor 1 0 0
		}
	}
	geometry IndexedLineSet {
		coord Coordinate {
			point [
				-159.836 276.398 -919.081,
				-159.836 276.398 -919.081,
			]
		}
		coordIndex [
			0, 1, -1
		]
	}
}
#---------- POLYLINE
Shape {
	appearance Appearance {
		material Material {
			diffuseColor 1 0 0
			emissiveColor 1 0 0
		}
	}
	geometry IndexedLineSet {
		coord Coordinate {
			point [
				-159.836 276.398 -919.081,
				-159.836 276.398 -919.081,
			]
		}
		coordIndex [
			0, 1, -1
		]
	}
}
#---------- POLYLINE
Shape {
	appearance Appearance {
		material Material {
			diffuseColor 1 0 0
			emissiveColor 1 0 0
		}
	}
	geometry IndexedLineSet {
		coord Coordinate {
			point [
				-159.836 276.398 -919.081,
				-159.836 276.398 -919.081,
			]
		}
		coordIndex [
			0, 1, -1
		]
	}
}
#---------- POLYLINE
Shape {
	appearance Appearance {
		material Material {
			diffuseColor 1 0 0
			emissiveColor 1 0 0
		}
	}
	geometry IndexedLineSet {
		coord Coordinate {
			point [
				-159.836 276.398 -919.081,
				-159.836 276.398 -919.081,
			]
		}
		coordIndex [
			0, 1, -1
		]
	}
}
#---------- POLYLINE
Shape {
	appearance Appearance {
		material Material {
			diffuseColor 1 0 0
			emissiveColor 1 0 0
		}
	}
	geometry IndexedLineSet {
		coord Coordinate {
			point [
				-159.836 276.398 -919.081,
				-159.836 276.398 -919.081,
			]
		}
		coordIndex [
			0, 1, -1
		]
	}
}
#---------- POLYLINE
Shape {
	appearance Appearance {
		material Material {
			diffuseColor 1 0 0
			emissiveColor 1 0 0
		}
	}
	geometry IndexedLineSet {
		coord Coordinate {
			point [
				-159.836 276.398 -919.081,
				-159.836 276.398 -919.081,
			]
		}
		coordIndex [
			0, 1, -1
		]
	}
}
#---------- POLYLINE
Shape {
	appearance Appearance {
		material Material {
			diffuseColor 1 0 0
			emissiveColor 1 0 0
		}
	}
	geometry IndexedLineSet {
		coord Coordinate {
			point [
				-159.836 276.398 -919.081,
				-159.836 276.398 -919.081,
			]
		}
		coordIndex [
			0, 1, -1
		]
	}
}
#---------- POLYLINE
Shape {
	appearance Appearance {
		material Material {
			diffuseColor 1 0 0
			emissiveColor 1 0 0
		}
	}
	geometry IndexedLineSet {
		coord Coordinate {
			point [
				-159.836 276.398 -919.081,
				-159.836 276.398 -919.081,
			]
		}
		coordIndex [
			0, 1, -1
		]
	}
}
#---------- POLYLINE
Shape {
	appearance Appearance {
		material Material {
			diffuseColor 1 0 0
			emissiveColor 1 0 0
		}
	}
	geometry IndexedLineSet {
		coord Coordinate {
			point [
				-159.836 276.398 -919.081,
				-159.836 276.398 -919.081,
			]
		}
		coordIndex [
			0, 1, -1
		]
	}
}
#---------- POLYLINE
Shape {
	appearance Appearance {
		material Material {
			diffuseColor 1 0 0
			emissiveColor 1 0 0
		}
	}
	geometry IndexedLineSet {
		coord Coordinate {
			point [
				-159.836 276.398 -919.081,
				-159.836 276.398 -919.081,
			]
		}
		coordIndex [
			0, 1, -1
		]
	}
}
#---------- POLYLINE
Shape {
	appearance Appearance {
		material Material {
			diffuseColor 1 0 0
			emissiveColor 1 0 0
		}
	}
	geometry IndexedLineSet {
		coord Coordinate {
			point [
				-159.836 276.398 -919.081,
				-159.836 276.398 -919.081,
			]
		}
		coordIndex [
			0, 1, -1
		]
	}
}
#---------- POLYLINE
Shape {
	appearance Appearance {
		material Material {
			diffuseColor 1 0 0
			emissiveColor 1 0 0
		}
	}
	geometry IndexedLineSet {
		coord Coordinate {
			point [
				-159.836 276.398 -919.081,
				-159.836 276.398 -919.081,
			]
		}
		coordIndex [
			0, 1, -1
		]
	}
}
#---------- POLYLINE
Shape {
	appearance Appearance {
		material Material {
			diffuseColor 1 0 0
			emissiveColor 1 0 0
		}
	}
	geometry IndexedLineSet {
		coord Coordinate {
			point [
				-159.836 276.398 -919.081,
				-159.836 276.398 -919.081,
			]
		}
		coordIndex [
			0, 1, -1
		]
	}
}
#---------- POLYLINE
Shape {
	appearance Appearance {
		material Material {
			diffuseColor 1 0 0
			emissiveColor 1 0 0
		}
	}
	geometry IndexedLineSet {
		coord Coordinate {
			point [
				-159.836 276.398 -919.081,
				-159.836 276.398 -919.081,
			]
		}
		coordIndex [
			0, 1, -1
		]
	}
}
#---------- POLYLINE
Shape {
	appearance Appearance {
		material Material {
			diffuseColor 1 0 0
			emissiveColor 1 0 0
		}
	}
	geometry IndexedLineSet {
		coord Coordinate {
			point [
				-159.836 276.398 -919.081,
				-159.836 276.398 -919.081,
			]
		}
		coordIndex [
			0, 1, -1
		]
	}
}
#---------- POLYLINE
Shape {
	appearance Appearance {
		material Material {
			diffuseColor 1 0 0
			emissiveColor 1 0 0
		}
	}
	geometry IndexedLineSet {
		coord Coordinate {
			point [
				-159.836 276.398 -919.081,
				-159.836 276.398 -919.082,
			]
		}
		coordIndex [
			0, 1, -1
		]
	}
}
#---------- POLYLINE
Shape {
	appearance Appearance {
		material Material {
			diffuseColor 1 0 0
			emissiveColor 1 0 0
		}
	}
	geometry IndexedLineSet {
		coord Coordinate {
			point [
				-159.836 276.398 -919.081,
				-159.857 276.403 -919.124,
			]
		}
		coordIndex [
			0, 1, -1
		]
	}
}
#---------- POLYLINE
Shape {
	appearance Appearance {
		material Material {
			diffuseColor 0 1 0
			emissiveColor 0 1 0
		}
	}
	geometry IndexedLineSet {
		coord Coordinate {
			point [
				-157.469 272.831 -915.026,
				-157.113 272.9 -915.302,
			]
		}
		coordIndex [
			0, 1, -1
		]
	}
}
#---------- POLYLINE
Shape {
	appearance Appearance {
		material Material {
			diffuseColor 1 0 0
			emissiveColor 1 0 0
		}
	}
	geometry IndexedLineSet {
		coord Coordinate {
			point [
				-157.113 272.9 -915.302,
				-157.113 272.9 -915.302,
			]
		}
		coordIndex [
			0, 1, -1
		]
	}
}
#---------- POLYLINE
Shape {
	appearance Appearance {
		material Material {
			diffuseColor 1 0 0
			emissiveColor 1 0 0
		}
	}
	geometry IndexedLineSet {
		coord Coordinate {
			point [
				-157.113 272.9 -915.302,
				-157.113 272.9 -915.302,
			]
		}
		coordIndex [
			0, 1, -1
		]
	}
}
#---------- POLYLINE
Shape {
	appearance Appearance {
		material Material {
			diffuseColor 1 0 0
			emissiveColor 1 0 0
		}
	}
	geometry IndexedLineSet {
		coord Coordinate {
			point [
				-157.113 272.9 -915.302,
				-157.113 272.9 -915.302,
			]
		}
		coordIndex [
			0, 1, -1
		]
	}
}
#---------- POLYLINE
Shape {
	appearance Appearance {
		material Material {
			diffuseColor 1 0 0
			emissiveColor 1 0 0
		}
	}
	geometry IndexedLineSet {
		coord Coordinate {
			point [
				-157.113 272.9 -915.302,
				-157.113 272.9 -915.302,
			]
		}
		coordIndex [
			0, 1, -1
		]
	}
}
#---------- POLYLINE
Shape {
	appearance Appearance {
		material Material {
			diffuseColor 1 0 0
			emissiveColor 1 0 0
		}
	}
	geometry IndexedLineSet {
		coord Coordinate {
			point [
				-157.113 272.9 -915.302,
				-157.113 272.9 -915.302,
			]
		}
		coordIndex [
			0, 1, -1
		]
	}
}
#---------- POLYLINE
Shape {
	appearance Appearance {
		material Material {
			diffuseColor 1 0 0
			emissiveColor 1 0 0
		}
	}
	geometry IndexedLineSet {
		coord Coordinate {
			point [
				-157.113 272.9 -915.302,
				-157.113 272.9 -915.302,
			]
		}
		coordIndex [
			0, 1, -1
		]
	}
}
#---------- POLYLINE
Shape {
	appearance Appearance {
		material Material {
			diffuseColor 1 0 0
			emissiveColor 1 0 0
		}
	}
	geometry IndexedLineSet {
		coord Coordinate {
			point [
				-157.113 272.9 -915.302,
				-157.113 272.9 -915.302,
			]
		}
		coordIndex [
			0, 1, -1
		]
	}
}
#---------- POLYLINE
Shape {
	appearance Appearance {
		material Material {
			diffuseColor 1 0 0
			emissiveColor 1 0 0
		}
	}
	geometry IndexedLineSet {
		coord Coordinate {
			point [
				-157.113 272.9 -915.302,
				-157.113 272.9 -915.302,
			]
		}
		coordIndex [
			0, 1, -1
		]
	}
}
#---------- POLYLINE
Shape {
	appearance Appearance {
		material Material {
			diffuseColor 1 0 0
			emissiveColor 1 0 0
		}
	}
	geometry IndexedLineSet {
		coord Coordinate {
			point [
				-157.113 272.9 -915.302,
				-157.113 272.9 -915.302,
			]
		}
		coordIndex [
			0, 1, -1
		]
	}
}
#---------- POLYLINE
Shape {
	appearance Appearance {
		material Material {
			diffuseColor 1 0 0
			emissiveColor 1 0 0
		}
	}
	geometry IndexedLineSet {
		coord Coordinate {
			point [
				-157.113 272.9 -915.302,
				-157.113 272.9 -915.302,
			]
		}
		coordIndex [
			0, 1, -1
		]
	}
}
#---------- POLYLINE
Shape {
	appearance Appearance {
		material Material {
			diffuseColor 1 0 0
			emissiveColor 1 0 0
		}
	}
	geometry IndexedLineSet {
		coord Coordinate {
			point [
				-157.113 272.9 -915.302,
				-157.113 272.9 -915.302,
			]
		}
		coordIndex [
			0, 1, -1
		]
	}
}
#---------- POLYLINE
Shape {
	appearance Appearance {
		material Material {
			diffuseColor 1 0 0
			emissiveColor 1 0 0
		}
	}
	geometry IndexedLineSet {
		coord Coordinate {
			point [
				-157.113 272.9 -915.302,
				-157.113 272.9 -915.302,
			]
		}
		coordIndex [
			0, 1, -1
		]
	}
}
#---------- POLYLINE
Shape {
	appearance Appearance {
		material Material {
			diffuseColor 1 0 0
			emissiveColor 1 0 0
		}
	}
	geometry IndexedLineSet {
		coord Coordinate {
			point [
				-157.113 272.9 -915.302,
				-157.113 272.9 -915.302,
			]
		}
		coordIndex [
			0, 1, -1
		]
	}
}
#---------- POLYLINE
Shape {
	appearance Appearance {
		material Material {
			diffuseColor 1 0 0
			emissiveColor 1 0 0
		}
	}
	geometry IndexedLineSet {
		coord Coordinate {
			point [
				-157.113 272.9 -915.302,
				-157.113 272.9 -915.302,
			]
		}
		coordIndex [
			0, 1, -1
		]
	}
}
#---------- POLYLINE
Shape {
	appearance Appearance {
		material Material {
			diffuseColor 1 0 0
			emissiveColor 1 0 0
		}
	}
	geometry IndexedLineSet {
		coord Coordinate {
			point [
				-157.113 272.9 -915.302,
				-157.113 272.9 -915.302,
			]
		}
		coordIndex [
			0, 1, -1
		]
	}
}
#---------- POLYLINE
Shape {
	appearance Appearance {
		material Material {
			diffuseColor 1 0 0
			emissiveColor 1 0 0
		}
	}
	geometry IndexedLineSet {
		coord Coordinate {
			point [
				-157.113 272.9 -915.302,
				-157.113 272.9 -915.302,
			]
		}
		coordIndex [
			0, 1, -1
		]
	}
}
#---------- POLYLINE
Shape {
	appearance Appearance {
		material Material {
			diffuseColor 1 0 0
			emissiveColor 1 0 0
		}
	}
	geometry IndexedLineSet {
		coord Coordinate {
			point [
				-157.113 272.9 -915.302,
				-157.113 272.9 -915.302,
			]
		}
		coordIndex [
			0, 1, -1
		]
	}
}
#---------- POLYLINE
Shape {
	appearance Appearance {
		material Material {
			diffuseColor 1 0 0
			emissiveColor 1 0 0
		}
	}
	geometry IndexedLineSet {
		coord Coordinate {
			point [
				-157.113 272.9 -915.302,
				-157.113 272.899 -915.302,
			]
		}
		coordIndex [
			0, 1, -1
		]
	}
}
#---------- POLYLINE
Shape {
	appearance Appearance {
		material Material {
			diffuseColor 1 0 0
			emissiveColor 1 0 0
		}
	}
	geometry IndexedLineSet {
		coord Coordinate {
			point [
				-157.113 272.9 -915.302,
				-157.113 272.9 -915.302,
			]
		}
		coordIndex [
			0, 1, -1
		]
	}
}
#---------- POLYLINE
Shape {
	appearance Appearance {
		material Material {
			diffuseColor 1 0 0
			emissiveColor 1 0 0
		}
	}
	geometry IndexedLineSet {
		coord Coordinate {
			point [
				-157.113 272.9 -915.302,
				-157.113 272.899 -915.302,
			]
		}
		coordIndex [
			0, 1, -1
		]
	}
}
#---------- POLYLINE
Shape {
	appearance Appearance {
		material Material {
			diffuseColor 1 0 0
			emissiveColor 1 0 0
		}
	}
	geometry IndexedLineSet {
		coord Coordinate {
			point [
				-157.113 272.9 -915.302,
				-157.116 272.896 -915.306,
			]
		}
		coordIndex [
			0, 1, -1
		]
	}
}
#---------- POLYLINE
Shape {
	appearance Appearance {
		material Material {
			diffuseColor 1 0 0
			emissiveColor 1 0 0
		}
	}
	geometry IndexedLineSet {
		coord Coordinate {
			point [
				-161.614 266.63 -909.421,
				-161.625 266.655 -909.427,
			]
		}
		coordIndex [
			0, 1, -1
		]
	}
}
#---------- POLYLINE
Shape {
	appearance Appearance {
		material Material {
			diffuseColor 0 1 0
			emissiveColor 0 1 0
		}
	}
	geometry IndexedLineSet {
		coord Coordinate {
			point [
				-171.385 225.935 -882.853,
				-171.324 226.39 -883.146,
			]
		}
		coordIndex [
			0, 1, -1
		]
	}
}
#---------- POLYLINE
Shape {
	appearance Appearance {
		material Material {
			diffuseColor 1 0 0
			emissiveColor 1 0 0
		}
	}
	geometry IndexedLineSet {
		coord Coordinate {
			point [
				-171.324 226.39 -883.146,
				-171.324 226.39 -883.146,
			]
		}
		coordIndex [
			0, 1, -1
		]
	}
}
#---------- POLYLINE
Shape {
	appearance Appearance {
		material Material {
			diffuseColor 1 0 0
			emissiveColor 1 0 0
		}
	}
	geometry IndexedLineSet {
		coord Coordinate {
			point [
				-171.324 226.39 -883.146,
				-171.324 226.39 -883.146,
			]
		}
		coordIndex [
			0, 1, -1
		]
	}
}
#---------- POLYLINE
Shape {
	appearance Appearance {
		material Material {
			diffuseColor 1 0 0
			emissiveColor 1 0 0
		}
	}
	geometry IndexedLineSet {
		coord Coordinate {
			point [
				-171.324 226.39 -883.146,
				-171.324 226.39 -883.146,
			]
		}
		coordIndex [
			0, 1, -1
		]
	}
}
#---------- POLYLINE
Shape {
	appearance Appearance {
		material Material {
			diffuseColor 1 0 0
			emissiveColor 1 0 0
		}
	}
	geometry IndexedLineSet {
		coord Coordinate {
			point [
				-171.324 226.39 -883.146,
				-171.324 226.39 -883.146,
			]
		}
		coordIndex [
			0, 1, -1
		]
	}
}
#---------- POLYLINE
Shape {
	appearance Appearance {
		material Material {
			diffuseColor 1 0 0
			emissiveColor 1 0 0
		}
	}
	geometry IndexedLineSet {
		coord Coordinate {
			point [
				-171.324 226.39 -883.146,
				-171.324 226.39 -883.146,
			]
		}
		coordIndex [
			0, 1, -1
		]
	}
}
#---------- POLYLINE
Shape {
	appearance Appearance {
		material Material {
			diffuseColor 1 0 0
			emissiveColor 1 0 0
		}
	}
	geometry IndexedLineSet {
		coord Coordinate {
			point [
				-171.324 226.39 -883.146,
				-171.324 226.39 -883.146,
			]
		}
		coordIndex [
			0, 1, -1
		]
	}
}
#---------- POLYLINE
Shape {
	appearance Appearance {
		material Material {
			diffuseColor 1 0 0
			emissiveColor 1 0 0
		}
	}
	geometry IndexedLineSet {
		coord Coordinate {
			point [
				-171.324 226.39 -883.146,
				-171.324 226.39 -883.146,
			]
		}
		coordIndex [
			0, 1, -1
		]
	}
}
#---------- POLYLINE
Shape {
	appearance Appearance {
		material Material {
			diffuseColor 1 0 0
			emissiveColor 1 0 0
		}
	}
	geometry IndexedLineSet {
		coord Coordinate {
			point [
				-171.324 226.39 -883.146,
				-171.324 226.39 -883.146,
			]
		}
		coordIndex [
			0, 1, -1
		]
	}
}
#---------- POLYLINE
Shape {
	appearance Appearance {
		material Material {
			diffuseColor 1 0 0
			emissiveColor 1 0 0
		}
	}
	geometry IndexedLineSet {
		coord Coordinate {
			point [
				-171.324 226.39 -883.146,
				-171.324 226.39 -883.146,
			]
		}
		coordIndex [
			0, 1, -1
		]
	}
}
#---------- POLYLINE
Shape {
	appearance Appearance {
		material Material {
			diffuseColor 1 0 0
			emissiveColor 1 0 0
		}
	}
	geometry IndexedLineSet {
		coord Coordinate {
			point [
				-171.324 226.39 -883.146,
				-171.324 226.39 -883.146,
			]
		}
		coordIndex [
			0, 1, -1
		]
	}
}
#---------- POLYLINE
Shape {
	appearance Appearance {
		material Material {
			diffuseColor 1 0 0
			emissiveColor 1 0 0
		}
	}
	geometry IndexedLineSet {
		coord Coordinate {
			point [
				-171.324 226.39 -883.146,
				-171.324 226.39 -883.146,
			]
		}
		coordIndex [
			0, 1, -1
		]
	}
}
#---------- POLYLINE
Shape {
	appearance Appearance {
		material Material {
			diffuseColor 1 0 0
			emissiveColor 1 0 0
		}
	}
	geometry IndexedLineSet {
		coord Coordinate {
			point [
				-171.324 226.39 -883.146,
				-171.324 226.39 -883.146,
			]
		}
		coordIndex [
			0, 1, -1
		]
	}
}
#---------- POLYLINE
Shape {
	appearance Appearance {
		material Material {
			diffuseColor 1 0 0
			emissiveColor 1 0 0
		}
	}
	geometry IndexedLineSet {
		coord Coordinate {
			point [
				-171.324 226.39 -883.146,
				-171.324 226.39 -883.146,
			]
		}
		coordIndex [
			0, 1, -1
		]
	}
}
#---------- POLYLINE
Shape {
	appearance Appearance {
		material Material {
			diffuseColor 1 0 0
			emissiveColor 1 0 0
		}
	}
	geometry IndexedLineSet {
		coord Coordinate {
			point [
				-171.324 226.39 -883.146,
				-171.324 226.39 -883.146,
			]
		}
		coordIndex [
			0, 1, -1
		]
	}
}
#---------- POLYLINE
Shape {
	appearance Appearance {
		material Material {
			diffuseColor 1 0 0
			emissiveColor 1 0 0
		}
	}
	geometry IndexedLineSet {
		coord Coordinate {
			point [
				-171.324 226.39 -883.146,
				-171.324 226.39 -883.146,
			]
		}
		coordIndex [
			0, 1, -1
		]
	}
}
#---------- POLYLINE
Shape {
	appearance Appearance {
		material Material {
			diffuseColor 1 0 0
			emissiveColor 1 0 0
		}
	}
	geometry IndexedLineSet {
		coord Coordinate {
			point [
				-171.324 226.39 -883.146,
				-171.324 226.39 -883.146,
			]
		}
		coordIndex [
			0, 1, -1
		]
	}
}
#---------- POLYLINE
Shape {
	appearance Appearance {
		material Material {
			diffuseColor 1 0 0
			emissiveColor 1 0 0
		}
	}
	geometry IndexedLineSet {
		coord Coordinate {
			point [
				-171.324 226.39 -883.146,
				-171.324 226.39 -883.146,
			]
		}
		coordIndex [
			0, 1, -1
		]
	}
}
#---------- POLYLINE
Shape {
	appearance Appearance {
		material Material {
			diffuseColor 1 0 0
			emissiveColor 1 0 0
		}
	}
	geometry IndexedLineSet {
		coord Coordinate {
			point [
				-171.324 226.39 -883.146,
				-171.324 226.39 -883.146,
			]
		}
		coordIndex [
			0, 1, -1
		]
	}
}
#---------- POLYLINE
Shape {
	appearance Appearance {
		material Material {
			diffuseColor 1 0 0
			emissiveColor 1 0 0
		}
	}
	geometry IndexedLineSet {
		coord Coordinate {
			point [
				-171.324 226.39 -883.146,
				-171.324 226.39 -883.146,
			]
		}
		coordIndex [
			0, 1, -1
		]
	}
}
#---------- POLYLINE
Shape {
	appearance Appearance {
		material Material {
			diffuseColor 1 0 0
			emissiveColor 1 0 0
		}
	}
	geometry IndexedLineSet {
		coord Coordinate {
			point [
				-171.324 226.39 -883.146,
				-171.324 226.39 -883.146,
			]
		}
		coordIndex [
			0, 1, -1
		]
	}
}
#---------- POLYLINE
Shape {
	appearance Appearance {
		material Material {
			diffuseColor 1 0 0
			emissiveColor 1 0 0
		}
	}
	geometry IndexedLineSet {
		coord Coordinate {
			point [
				-171.324 226.39 -883.146,
				-171.324 226.39 -883.146,
			]
		}
		coordIndex [
			0, 1, -1
		]
	}
}
#---------- POLYLINE
Shape {
	appearance Appearance {
		material Material {
			diffuseColor 1 0 0
			emissiveColor 1 0 0
		}
	}
	geometry IndexedLineSet {
		coord Coordinate {
			point [
				-171.324 226.39 -883.146,
				-171.324 226.39 -883.146,
			]
		}
		coordIndex [
			0, 1, -1
		]
	}
}
#---------- POLYLINE
Shape {
	appearance Appearance {
		material Material {
			diffuseColor 1 0 0
			emissiveColor 1 0 0
		}
	}
	geometry IndexedLineSet {
		coord Coordinate {
			point [
				-171.324 226.39 -883.146,
				-171.324 226.39 -883.146,
			]
		}
		coordIndex [
			0, 1, -1
		]
	}
}
#---------- POLYLINE
Shape {
	appearance Appearance {
		material Material {
			diffuseColor 1 0 0
			emissiveColor 1 0 0
		}
	}
	geometry IndexedLineSet {
		coord Coordinate {
			point [
				-171.324 226.39 -883.146,
				-171.324 226.39 -883.146,
			]
		}
		coordIndex [
			0, 1, -1
		]
	}
}
#---------- POLYLINE
Shape {
	appearance Appearance {
		material Material {
			diffuseColor 1 0 0
			emissiveColor 1 0 0
		}
	}
	geometry IndexedLineSet {
		coord Coordinate {
			point [
				-171.324 226.39 -883.146,
				-171.324 226.39 -883.146,
			]
		}
		coordIndex [
			0, 1, -1
		]
	}
}
#---------- POLYLINE
Shape {
	appearance Appearance {
		material Material {
			diffuseColor 1 0 0
			emissiveColor 1 0 0
		}
	}
	geometry IndexedLineSet {
		coord Coordinate {
			point [
				-171.324 226.39 -883.146,
				-171.324 226.39 -883.146,
			]
		}
		coordIndex [
			0, 1, -1
		]
	}
}
#---------- POLYLINE
Shape {
	appearance Appearance {
		material Material {
			diffuseColor 1 0 0
			emissiveColor 1 0 0
		}
	}
	geometry IndexedLineSet {
		coord Coordinate {
			point [
				-171.324 226.39 -883.146,
				-171.324 226.39 -883.146,
			]
		}
		coordIndex [
			0, 1, -1
		]
	}
}
#---------- POLYLINE
Shape {
	appearance Appearance {
		material Material {
			diffuseColor 1 0 0
			emissiveColor 1 0 0
		}
	}
	geometry IndexedLineSet {
		coord Coordinate {
			point [
				-171.324 226.39 -883.146,
				-171.324 226.39 -883.146,
			]
		}
		coordIndex [
			0, 1, -1
		]
	}
}
#---------- POLYLINE
Shape {
	appearance Appearance {
		material Material {
			diffuseColor 1 0 0
			emissiveColor 1 0 0
		}
	}
	geometry IndexedLineSet {
		coord Coordinate {
			point [
				-171.324 226.39 -883.146,
				-171.324 226.39 -883.146,
			]
		}
		coordIndex [
			0, 1, -1
		]
	}
}
#---------- POLYLINE
Shape {
	appearance Appearance {
		material Material {
			diffuseColor 1 0 0
			emissiveColor 1 0 0
		}
	}
	geometry IndexedLineSet {
		coord Coordinate {
			point [
				-171.324 226.39 -883.146,
				-171.324 226.39 -883.146,
			]
		}
		coordIndex [
			0, 1, -1
		]
	}
}
#---------- POLYLINE
Shape {
	appearance Appearance {
		material Material {
			diffuseColor 1 0 0
			emissiveColor 1 0 0
		}
	}
	geometry IndexedLineSet {
		coord Coordinate {
			point [
				-171.324 226.39 -883.146,
				-171.324 226.39 -883.146,
			]
		}
		coordIndex [
			0, 1, -1
		]
	}
}
#---------- POLYLINE
Shape {
	appearance Appearance {
		material Material {
			diffuseColor 1 0 0
			emissiveColor 1 0 0
		}
	}
	geometry IndexedLineSet {
		coord Coordinate {
			point [
				-171.324 226.39 -883.146,
				-171.324 226.39 -883.145,
			]
		}
		coordIndex [
			0, 1, -1
		]
	}
}
#---------- POLYLINE
Shape {
	appearance Appearance {
		material Material {
			diffuseColor 1 0 0
			emissiveColor 1 0 0
		}
	}
	geometry IndexedLineSet {
		coord Coordinate {
			point [
				-171.324 226.39 -883.146,
				-171.322 226.4 -883.148,
			]
		}
		coordIndex [
			0, 1, -1
		]
	}
}
#---------- POLYLINE
Shape {
	appearance Appearance {
		material Material {
			diffuseColor 0 1 0
			emissiveColor 0 1 0
		}
	}
	geometry IndexedLineSet {
		coord Coordinate {
			point [
				-171.405 225.76 -882.742,
				-166.67 261.814 -905.53,
				-176.974 266.696 -920.523,
				-176.813 266.117 -919.713,
			]
		}
		coordIndex [
			0, 1, 2, 3, -1
		]
	}
}
#---------- POLYLINE
Shape {
	appearance Appearance {
		material Material {
			diffuseColor 1 0 0
			emissiveColor 1 0 0
		}
	}
	geometry IndexedLineSet {
		coord Coordinate {
			point [
				-176.813 266.117 -919.713,
				-176.813 266.117 -919.713,
			]
		}
		coordIndex [
			0, 1, -1
		]
	}
}
#---------- POLYLINE
Shape {
	appearance Appearance {
		material Material {
			diffuseColor 1 0 0
			emissiveColor 1 0 0
		}
	}
	geometry IndexedLineSet {
		coord Coordinate {
			point [
				-176.813 266.117 -919.713,
				-176.813 266.117 -919.713,
			]
		}
		coordIndex [
			0, 1, -1
		]
	}
}
#---------- POLYLINE
Shape {
	appearance Appearance {
		material Material {
			diffuseColor 1 0 0
			emissiveColor 1 0 0
		}
	}
	geometry IndexedLineSet {
		coord Coordinate {
			point [
				-176.813 266.117 -919.713,
				-176.813 266.117 -919.713,
			]
		}
		coordIndex [
			0, 1, -1
		]
	}
}
#---------- POLYLINE
Shape {
	appearance Appearance {
		material Material {
			diffuseColor 1 0 0
			emissiveColor 1 0 0
		}
	}
	geometry IndexedLineSet {
		coord Coordinate {
			point [
				-176.813 266.117 -919.713,
				-176.813 266.117 -919.713,
			]
		}
		coordIndex [
			0, 1, -1
		]
	}
}
#---------- POLYLINE
Shape {
	appearance Appearance {
		material Material {
			diffuseColor 1 0 0
			emissiveColor 1 0 0
		}
	}
	geometry IndexedLineSet {
		coord Coordinate {
			point [
				-176.813 266.117 -919.713,
				-176.813 266.117 -919.713,
			]
		}
		coordIndex [
			0, 1, -1
		]
	}
}
#---------- POLYLINE
Shape {
	appearance Appearance {
		material Material {
			diffuseColor 1 0 0
			emissiveColor 1 0 0
		}
	}
	geometry IndexedLineSet {
		coord Coordinate {
			point [
				-176.813 266.117 -919.713,
				-176.813 266.117 -919.713,
			]
		}
		coordIndex [
			0, 1, -1
		]
	}
}
#---------- POLYLINE
Shape {
	appearance Appearance {
		material Material {
			diffuseColor 1 0 0
			emissiveColor 1 0 0
		}
	}
	geometry IndexedLineSet {
		coord Coordinate {
			point [
				-176.813 266.117 -919.713,
				-176.813 266.117 -919.713,
			]
		}
		coordIndex [
			0, 1, -1
		]
	}
}
#---------- POLYLINE
Shape {
	appearance Appearance {
		material Material {
			diffuseColor 1 0 0
			emissiveColor 1 0 0
		}
	}
	geometry IndexedLineSet {
		coord Coordinate {
			point [
				-176.813 266.117 -919.713,
				-176.813 266.117 -919.713,
			]
		}
		coordIndex [
			0, 1, -1
		]
	}
}
#---------- POLYLINE
Shape {
	appearance Appearance {
		material Material {
			diffuseColor 1 0 0
			emissiveColor 1 0 0
		}
	}
	geometry IndexedLineSet {
		coord Coordinate {
			point [
				-176.813 266.117 -919.713,
				-176.813 266.117 -919.713,
			]
		}
		coordIndex [
			0, 1, -1
		]
	}
}
#---------- POLYLINE
Shape {
	appearance Appearance {
		material Material {
			diffuseColor 1 0 0
			emissiveColor 1 0 0
		}
	}
	geometry IndexedLineSet {
		coord Coordinate {
			point [
				-176.813 266.117 -919.713,
				-176.813 266.117 -919.713,
			]
		}
		coordIndex [
			0, 1, -1
		]
	}
}
#---------- POLYLINE
Shape {
	appearance Appearance {
		material Material {
			diffuseColor 1 0 0
			emissiveColor 1 0 0
		}
	}
	geometry IndexedLineSet {
		coord Coordinate {
			point [
				-176.813 266.117 -919.713,
				-176.813 266.117 -919.713,
			]
		}
		coordIndex [
			0, 1, -1
		]
	}
}
#---------- POLYLINE
Shape {
	appearance Appearance {
		material Material {
			diffuseColor 1 0 0
			emissiveColor 1 0 0
		}
	}
	geometry IndexedLineSet {
		coord Coordinate {
			point [
				-176.813 266.117 -919.713,
				-176.813 266.117 -919.713,
			]
		}
		coordIndex [
			0, 1, -1
		]
	}
}
#---------- POLYLINE
Shape {
	appearance Appearance {
		material Material {
			diffuseColor 1 0 0
			emissiveColor 1 0 0
		}
	}
	geometry IndexedLineSet {
		coord Coordinate {
			point [
				-176.813 266.117 -919.713,
				-176.813 266.117 -919.713,
			]
		}
		coordIndex [
			0, 1, -1
		]
	}
}
#---------- POLYLINE
Shape {
	appearance Appearance {
		material Material {
			diffuseColor 1 0 0
			emissiveColor 1 0 0
		}
	}
	geometry IndexedLineSet {
		coord Coordinate {
			point [
				-176.813 266.117 -919.713,
				-176.813 266.117 -919.713,
			]
		}
		coordIndex [
			0, 1, -1
		]
	}
}
#---------- POLYLINE
Shape {
	appearance Appearance {
		material Material {
			diffuseColor 1 0 0
			emissiveColor 1 0 0
		}
	}
	geometry IndexedLineSet {
		coord Coordinate {
			point [
				-176.813 266.117 -919.713,
				-176.813 266.117 -919.713,
			]
		}
		coordIndex [
			0, 1, -1
		]
	}
}
#---------- POLYLINE
Shape {
	appearance Appearance {
		material Material {
			diffuseColor 1 0 0
			emissiveColor 1 0 0
		}
	}
	geometry IndexedLineSet {
		coord Coordinate {
			point [
				-176.813 266.117 -919.713,
				-176.813 266.117 -919.713,
			]
		}
		coordIndex [
			0, 1, -1
		]
	}
}
#---------- POLYLINE
Shape {
	appearance Appearance {
		material Material {
			diffuseColor 1 0 0
			emissiveColor 1 0 0
		}
	}
	geometry IndexedLineSet {
		coord Coordinate {
			point [
				-176.813 266.117 -919.713,
				-176.813 266.117 -919.713,
			]
		}
		coordIndex [
			0, 1, -1
		]
	}
}
#---------- POLYLINE
Shape {
	appearance Appearance {
		material Material {
			diffuseColor 1 0 0
			emissiveColor 1 0 0
		}
	}
	geometry IndexedLineSet {
		coord Coordinate {
			point [
				-176.813 266.117 -919.713,
				-176.813 266.117 -919.713,
			]
		}
		coordIndex [
			0, 1, -1
		]
	}
}
#---------- POLYLINE
Shape {
	appearance Appearance {
		material Material {
			diffuseColor 1 0 0
			emissiveColor 1 0 0
		}
	}
	geometry IndexedLineSet {
		coord Coordinate {
			point [
				-176.813 266.117 -919.713,
				-176.813 266.117 -919.713,
			]
		}
		coordIndex [
			0, 1, -1
		]
	}
}
#---------- POLYLINE
Shape {
	appearance Appearance {
		material Material {
			diffuseColor 1 0 0
			emissiveColor 1 0 0
		}
	}
	geometry IndexedLineSet {
		coord Coordinate {
			point [
				-176.813 266.117 -919.713,
				-176.813 266.117 -919.713,
			]
		}
		coordIndex [
			0, 1, -1
		]
	}
}
#---------- POLYLINE
Shape {
	appearance Appearance {
		material Material {
			diffuseColor 1 0 0
			emissiveColor 1 0 0
		}
	}
	geometry IndexedLineSet {
		coord Coordinate {
			point [
				-176.813 266.117 -919.713,
				-176.813 266.117 -919.713,
			]
		}
		coordIndex [
			0, 1, -1
		]
	}
}
#---------- POLYLINE
Shape {
	appearance Appearance {
		material Material {
			diffuseColor 1 0 0
			emissiveColor 1 0 0
		}
	}
	geometry IndexedLineSet {
		coord Coordinate {
			point [
				-176.813 266.117 -919.713,
				-176.813 266.117 -919.713,
			]
		}
		coordIndex [
			0, 1, -1
		]
	}
}
#---------- POLYLINE
Shape {
	appearance Appearance {
		material Material {
			diffuseColor 1 0 0
			emissiveColor 1 0 0
		}
	}
	geometry IndexedLineSet {
		coord Coordinate {
			point [
				-176.813 266.117 -919.713,
				-176.813 266.117 -919.713,
			]
		}
		coordIndex [
			0, 1, -1
		]
	}
}
#---------- POLYLINE
Shape {
	appearance Appearance {
		material Material {
			diffuseColor 0 1 0
			emissiveColor 0 1 0
		}
	}
	geometry IndexedLineSet {
		coord Coordinate {
			point [
				-176.813 266.117 -919.713,
				-176.802 266.279 -919.935,
			]
		}
		coordIndex [
			0, 1, -1
		]
	}
}
#---------- POLYLINE
Shape {
	appearance Appearance {
		material Material {
			diffuseColor 1 0 0
			emissiveColor 1 0 0
		}
	}
	geometry IndexedLineSet {
		coord Coordinate {
			point [
				-176.802 266.279 -919.935,
				-176.802 266.279 -919.935,
			]
		}
		coordIndex [
			0, 1, -1
		]
	}
}
#---------- POLYLINE
Shape {
	appearance Appearance {
		material Material {
			diffuseColor 1 0 0
			emissiveColor 1 0 0
		}
	}
	geometry IndexedLineSet {
		coord Coordinate {
			point [
				-176.802 266.279 -919.935,
				-176.802 266.279 -919.935,
			]
		}
		coordIndex [
			0, 1, -1
		]
	}
}
#---------- POLYLINE
Shape {
	appearance Appearance {
		material Material {
			diffuseColor 1 0 0
			emissiveColor 1 0 0
		}
	}
	geometry IndexedLineSet {
		coord Coordinate {
			point [
				-176.802 266.279 -919.935,
				-176.802 266.279 -919.935,
			]
		}
		coordIndex [
			0, 1, -1
		]
	}
}
#---------- POLYLINE
Shape {
	appearance Appearance {
		material Material {
			diffuseColor 1 0 0
			emissiveColor 1 0 0
		}
	}
	geometry IndexedLineSet {
		coord Coordinate {
			point [
				-176.802 266.279 -919.935,
				-176.802 266.279 -919.935,
			]
		}
		coordIndex [
			0, 1, -1
		]
	}
}
#---------- POLYLINE
Shape {
	appearance Appearance {
		material Material {
			diffuseColor 1 0 0
			emissiveColor 1 0 0
		}
	}
	geometry IndexedLineSet {
		coord Coordinate {
			point [
				-176.802 266.279 -919.935,
				-176.802 266.279 -919.935,
			]
		}
		coordIndex [
			0, 1, -1
		]
	}
}
#---------- POLYLINE
Shape {
	appearance Appearance {
		material Material {
			diffuseColor 1 0 0
			emissiveColor 1 0 0
		}
	}
	geometry IndexedLineSet {
		coord Coordinate {
			point [
				-176.802 266.279 -919.935,
				-176.802 266.279 -919.935,
			]
		}
		coordIndex [
			0, 1, -1
		]
	}
}
#---------- POLYLINE
Shape {
	appearance Appearance {
		material Material {
			diffuseColor 1 0 0
			emissiveColor 1 0 0
		}
	}
	geometry IndexedLineSet {
		coord Coordinate {
			point [
				-176.802 266.279 -919.935,
				-176.802 266.279 -919.935,
			]
		}
		coordIndex [
			0, 1, -1
		]
	}
}
#---------- POLYLINE
Shape {
	appearance Appearance {
		material Material {
			diffuseColor 1 0 0
			emissiveColor 1 0 0
		}
	}
	geometry IndexedLineSet {
		coord Coordinate {
			point [
				-176.802 266.279 -919.935,
				-176.802 266.279 -919.935,
			]
		}
		coordIndex [
			0, 1, -1
		]
	}
}
#---------- POLYLINE
Shape {
	appearance Appearance {
		material Material {
			diffuseColor 1 0 0
			emissiveColor 1 0 0
		}
	}
	geometry IndexedLineSet {
		coord Coordinate {
			point [
				-176.802 266.279 -919.935,
				-176.802 266.279 -919.935,
			]
		}
		coordIndex [
			0, 1, -1
		]
	}
}
#---------- POLYLINE
Shape {
	appearance Appearance {
		material Material {
			diffuseColor 1 0 0
			emissiveColor 1 0 0
		}
	}
	geometry IndexedLineSet {
		coord Coordinate {
			point [
				-176.802 266.279 -919.935,
				-176.802 266.279 -919.935,
			]
		}
		coordIndex [
			0, 1, -1
		]
	}
}
#---------- POLYLINE
Shape {
	appearance Appearance {
		material Material {
			diffuseColor 1 0 0
			emissiveColor 1 0 0
		}
	}
	geometry IndexedLineSet {
		coord Coordinate {
			point [
				-176.802 266.279 -919.935,
				-176.802 266.279 -919.935,
			]
		}
		coordIndex [
			0, 1, -1
		]
	}
}
#---------- POLYLINE
Shape {
	appearance Appearance {
		material Material {
			diffuseColor 1 0 0
			emissiveColor 1 0 0
		}
	}
	geometry IndexedLineSet {
		coord Coordinate {
			point [
				-176.802 266.279 -919.935,
				-176.802 266.279 -919.935,
			]
		}
		coordIndex [
			0, 1, -1
		]
	}
}
#---------- POLYLINE
Shape {
	appearance Appearance {
		material Material {
			diffuseColor 1 0 0
			emissiveColor 1 0 0
		}
	}
	geometry IndexedLineSet {
		coord Coordinate {
			point [
				-176.802 266.279 -919.935,
				-176.802 266.279 -919.935,
			]
		}
		coordIndex [
			0, 1, -1
		]
	}
}
#---------- POLYLINE
Shape {
	appearance Appearance {
		material Material {
			diffuseColor 1 0 0
			emissiveColor 1 0 0
		}
	}
	geometry IndexedLineSet {
		coord Coordinate {
			point [
				-176.802 266.279 -919.935,
				-176.802 266.279 -919.935,
			]
		}
		coordIndex [
			0, 1, -1
		]
	}
}
#---------- POLYLINE
Shape {
	appearance Appearance {
		material Material {
			diffuseColor 1 0 0
			emissiveColor 1 0 0
		}
	}
	geometry IndexedLineSet {
		coord Coordinate {
			point [
				-176.802 266.279 -919.935,
				-176.802 266.279 -919.935,
			]
		}
		coordIndex [
			0, 1, -1
		]
	}
}
#---------- POLYLINE
Shape {
	appearance Appearance {
		material Material {
			diffuseColor 1 0 0
			emissiveColor 1 0 0
		}
	}
	geometry IndexedLineSet {
		coord Coordinate {
			point [
				-176.802 266.279 -919.935,
				-176.802 266.279 -919.935,
			]
		}
		coordIndex [
			0, 1, -1
		]
	}
}
#---------- POLYLINE
Shape {
	appearance Appearance {
		material Material {
			diffuseColor 1 0 0
			emissiveColor 1 0 0
		}
	}
	geometry IndexedLineSet {
		coord Coordinate {
			point [
				-176.802 266.279 -919.935,
				-176.802 266.279 -919.935,
			]
		}
		coordIndex [
			0, 1, -1
		]
	}
}
#---------- POLYLINE
Shape {
	appearance Appearance {
		material Material {
			diffuseColor 1 0 0
			emissiveColor 1 0 0
		}
	}
	geometry IndexedLineSet {
		coord Coordinate {
			point [
				-176.802 266.279 -919.935,
				-176.802 266.279 -919.935,
			]
		}
		coordIndex [
			0, 1, -1
		]
	}
}
#---------- POLYLINE
Shape {
	appearance Appearance {
		material Material {
			diffuseColor 1 0 0
			emissiveColor 1 0 0
		}
	}
	geometry IndexedLineSet {
		coord Coordinate {
			point [
				-176.802 266.279 -919.935,
				-176.802 266.279 -919.935,
			]
		}
		coordIndex [
			0, 1, -1
		]
	}
}
#---------- POLYLINE
Shape {
	appearance Appearance {
		material Material {
			diffuseColor 1 0 0
			emissiveColor 1 0 0
		}
	}
	geometry IndexedLineSet {
		coord Coordinate {
			point [
				-176.802 266.279 -919.935,
				-176.802 266.279 -919.935,
			]
		}
		coordIndex [
			0, 1, -1
		]
	}
}
#---------- POLYLINE
Shape {
	appearance Appearance {
		material Material {
			diffuseColor 1 0 0
			emissiveColor 1 0 0
		}
	}
	geometry IndexedLineSet {
		coord Coordinate {
			point [
				-176.802 266.279 -919.935,
				-176.802 266.28 -919.935,
			]
		}
		coordIndex [
			0, 1, -1
		]
	}
}
#---------- POLYLINE
Shape {
	appearance Appearance {
		material Material {
			diffuseColor 1 0 0
			emissiveColor 1 0 0
		}
	}
	geometry IndexedLineSet {
		coord Coordinate {
			point [
				-176.813 266.117 -919.713,
				-176.813 266.117 -919.711,
			]
		}
		coordIndex [
			0, 1, -1
		]
	}
}
#---------- POLYLINE
Shape {
	appearance Appearance {
		material Material {
			diffuseColor 1 0 0
			emissiveColor 1 0 0
		}
	}
	geometry IndexedLineSet {
		coord Coordinate {
			point [
				-176.974 266.696 -920.523,
				-176.991 266.708 -920.552,
				-176.99 266.704 -920.554,
			]
		}
		coordIndex [
			0, 1, 2, -1
		]
	}
}
#---------- POLYLINE
Shape {
	appearance Appearance {
		material Material {
			diffuseColor 0 1 0
			emissiveColor 0 1 0
		}
	}
	geometry IndexedLineSet {
		coord Coordinate {
			point [
				-176.991 266.708 -920.552,
				-176.547 266.133 -920.874,
			]
		}
		coordIndex [
			0, 1, -1
		]
	}
}
#---------- POLYLINE
Shape {
	appearance Appearance {
		material Material {
			diffuseColor 1 0 0
			emissiveColor 1 0 0
		}
	}
	geometry IndexedLineSet {
		coord Coordinate {
			point [
				-176.547 266.133 -920.874,
				-176.547 266.133 -920.874,
			]
		}
		coordIndex [
			0, 1, -1
		]
	}
}
#---------- POLYLINE
Shape {
	appearance Appearance {
		material Material {
			diffuseColor 1 0 0
			emissiveColor 1 0 0
		}
	}
	geometry IndexedLineSet {
		coord Coordinate {
			point [
				-176.547 266.133 -920.874,
				-176.547 266.133 -920.874,
			]
		}
		coordIndex [
			0, 1, -1
		]
	}
}
#---------- POLYLINE
Shape {
	appearance Appearance {
		material Material {
			diffuseColor 1 0 0
			emissiveColor 1 0 0
		}
	}
	geometry IndexedLineSet {
		coord Coordinate {
			point [
				-176.547 266.133 -920.874,
				-176.547 266.133 -920.874,
			]
		}
		coordIndex [
			0, 1, -1
		]
	}
}
#---------- POLYLINE
Shape {
	appearance Appearance {
		material Material {
			diffuseColor 1 0 0
			emissiveColor 1 0 0
		}
	}
	geometry IndexedLineSet {
		coord Coordinate {
			point [
				-176.547 266.133 -920.874,
				-176.547 266.133 -920.874,
			]
		}
		coordIndex [
			0, 1, -1
		]
	}
}
#---------- POLYLINE
Shape {
	appearance Appearance {
		material Material {
			diffuseColor 1 0 0
			emissiveColor 1 0 0
		}
	}
	geometry IndexedLineSet {
		coord Coordinate {
			point [
				-176.547 266.133 -920.874,
				-176.547 266.133 -920.874,
			]
		}
		coordIndex [
			0, 1, -1
		]
	}
}
#---------- POLYLINE
Shape {
	appearance Appearance {
		material Material {
			diffuseColor 1 0 0
			emissiveColor 1 0 0
		}
	}
	geometry IndexedLineSet {
		coord Coordinate {
			point [
				-176.547 266.133 -920.874,
				-176.547 266.133 -920.874,
			]
		}
		coordIndex [
			0, 1, -1
		]
	}
}
#---------- POLYLINE
Shape {
	appearance Appearance {
		material Material {
			diffuseColor 1 0 0
			emissiveColor 1 0 0
		}
	}
	geometry IndexedLineSet {
		coord Coordinate {
			point [
				-176.547 266.133 -920.874,
				-176.547 266.133 -920.874,
			]
		}
		coordIndex [
			0, 1, -1
		]
	}
}
#---------- POLYLINE
Shape {
	appearance Appearance {
		material Material {
			diffuseColor 1 0 0
			emissiveColor 1 0 0
		}
	}
	geometry IndexedLineSet {
		coord Coordinate {
			point [
				-176.547 266.133 -920.874,
				-176.547 266.133 -920.874,
			]
		}
		coordIndex [
			0, 1, -1
		]
	}
}
#---------- POLYLINE
Shape {
	appearance Appearance {
		material Material {
			diffuseColor 1 0 0
			emissiveColor 1 0 0
		}
	}
	geometry IndexedLineSet {
		coord Coordinate {
			point [
				-176.547 266.133 -920.874,
				-176.547 266.133 -920.874,
			]
		}
		coordIndex [
			0, 1, -1
		]
	}
}
#---------- POLYLINE
Shape {
	appearance Appearance {
		material Material {
			diffuseColor 1 0 0
			emissiveColor 1 0 0
		}
	}
	geometry IndexedLineSet {
		coord Coordinate {
			point [
				-176.547 266.133 -920.874,
				-176.547 266.133 -920.874,
			]
		}
		coordIndex [
			0, 1, -1
		]
	}
}
#---------- POLYLINE
Shape {
	appearance Appearance {
		material Material {
			diffuseColor 1 0 0
			emissiveColor 1 0 0
		}
	}
	geometry IndexedLineSet {
		coord Coordinate {
			point [
				-176.547 266.133 -920.874,
				-176.547 266.133 -920.874,
			]
		}
		coordIndex [
			0, 1, -1
		]
	}
}
#---------- POLYLINE
Shape {
	appearance Appearance {
		material Material {
			diffuseColor 1 0 0
			emissiveColor 1 0 0
		}
	}
	geometry IndexedLineSet {
		coord Coordinate {
			point [
				-176.547 266.133 -920.874,
				-176.547 266.133 -920.874,
			]
		}
		coordIndex [
			0, 1, -1
		]
	}
}
#---------- POLYLINE
Shape {
	appearance Appearance {
		material Material {
			diffuseColor 1 0 0
			emissiveColor 1 0 0
		}
	}
	geometry IndexedLineSet {
		coord Coordinate {
			point [
				-176.547 266.133 -920.874,
				-176.547 266.133 -920.874,
			]
		}
		coordIndex [
			0, 1, -1
		]
	}
}
#---------- POLYLINE
Shape {
	appearance Appearance {
		material Material {
			diffuseColor 1 0 0
			emissiveColor 1 0 0
		}
	}
	geometry IndexedLineSet {
		coord Coordinate {
			point [
				-176.547 266.133 -920.874,
				-176.547 266.133 -920.874,
			]
		}
		coordIndex [
			0, 1, -1
		]
	}
}
#---------- POLYLINE
Shape {
	appearance Appearance {
		material Material {
			diffuseColor 1 0 0
			emissiveColor 1 0 0
		}
	}
	geometry IndexedLineSet {
		coord Coordinate {
			point [
				-176.547 266.133 -920.874,
				-176.547 266.133 -920.874,
			]
		}
		coordIndex [
			0, 1, -1
		]
	}
}
#---------- POLYLINE
Shape {
	appearance Appearance {
		material Material {
			diffuseColor 1 0 0
			emissiveColor 1 0 0
		}
	}
	geometry IndexedLineSet {
		coord Coordinate {
			point [
				-176.547 266.133 -920.874,
				-176.547 266.133 -920.874,
			]
		}
		coordIndex [
			0, 1, -1
		]
	}
}
#---------- POLYLINE
Shape {
	appearance Appearance {
		material Material {
			diffuseColor 1 0 0
			emissiveColor 1 0 0
		}
	}
	geometry IndexedLineSet {
		coord Coordinate {
			point [
				-176.547 266.133 -920.874,
				-176.547 266.133 -920.874,
			]
		}
		coordIndex [
			0, 1, -1
		]
	}
}
#---------- POLYLINE
Shape {
	appearance Appearance {
		material Material {
			diffuseColor 0 1 0
			emissiveColor 0 1 0
		}
	}
	geometry IndexedLineSet {
		coord Coordinate {
			point [
				-176.547 266.133 -920.874,
				-176.811 266.335 -920.972,
			]
		}
		coordIndex [
			0, 1, -1
		]
	}
}
#---------- POLYLINE
Shape {
	appearance Appearance {
		material Material {
			diffuseColor 1 0 0
			emissiveColor 1 0 0
		}
	}
	geometry IndexedLineSet {
		coord Coordinate {
			point [
				-176.811 266.335 -920.972,
				-176.811 266.335 -920.972,
			]
		}
		coordIndex [
			0, 1, -1
		]
	}
}
#---------- POLYLINE
Shape {
	appearance Appearance {
		material Material {
			diffuseColor 1 0 0
			emissiveColor 1 0 0
		}
	}
	geometry IndexedLineSet {
		coord Coordinate {
			point [
				-176.811 266.335 -920.972,
				-176.811 266.335 -920.972,
			]
		}
		coordIndex [
			0, 1, -1
		]
	}
}
#---------- POLYLINE
Shape {
	appearance Appearance {
		material Material {
			diffuseColor 1 0 0
			emissiveColor 1 0 0
		}
	}
	geometry IndexedLineSet {
		coord Coordinate {
			point [
				-176.811 266.335 -920.972,
				-176.811 266.335 -920.972,
			]
		}
		coordIndex [
			0, 1, -1
		]
	}
}
#---------- POLYLINE
Shape {
	appearance Appearance {
		material Material {
			diffuseColor 1 0 0
			emissiveColor 1 0 0
		}
	}
	geometry IndexedLineSet {
		coord Coordinate {
			point [
				-176.811 266.335 -920.972,
				-176.811 266.335 -920.972,
			]
		}
		coordIndex [
			0, 1, -1
		]
	}
}
#---------- POLYLINE
Shape {
	appearance Appearance {
		material Material {
			diffuseColor 1 0 0
			emissiveColor 1 0 0
		}
	}
	geometry IndexedLineSet {
		coord Coordinate {
			point [
				-176.811 266.335 -920.972,
				-176.811 266.335 -920.972,
			]
		}
		coordIndex [
			0, 1, -1
		]
	}
}
#---------- POLYLINE
Shape {
	appearance Appearance {
		material Material {
			diffuseColor 1 0 0
			emissiveColor 1 0 0
		}
	}
	geometry IndexedLineSet {
		coord Coordinate {
			point [
				-176.811 266.335 -920.972,
				-176.811 266.335 -920.972,
			]
		}
		coordIndex [
			0, 1, -1
		]
	}
}
#---------- POLYLINE
Shape {
	appearance Appearance {
		material Material {
			diffuseColor 0 1 0
			emissiveColor 0 1 0
		}
	}
	geometry IndexedLineSet {
		coord Coordinate {
			point [
				-176.811 266.335 -920.972,
				-176.81 266.335 -920.972,
			]
		}
		coordIndex [
			0, 1, -1
		]
	}
}
#---------- POLYLINE
Shape {
	appearance Appearance {
		material Material {
			diffuseColor 1 0 0
			emissiveColor 1 0 0
		}
	}
	geometry IndexedLineSet {
		coord Coordinate {
			point [
				-176.81 266.335 -920.972,
				-176.81 266.335 -920.972,
			]
		}
		coordIndex [
			0, 1, -1
		]
	}
}
#---------- POLYLINE
Shape {
	appearance Appearance {
		material Material {
			diffuseColor 1 0 0
			emissiveColor 1 0 0
		}
	}
	geometry IndexedLineSet {
		coord Coordinate {
			point [
				-176.81 266.335 -920.972,
				-176.81 266.335 -920.972,
			]
		}
		coordIndex [
			0, 1, -1
		]
	}
}
#---------- POLYLINE
Shape {
	appearance Appearance {
		material Material {
			diffuseColor 1 0 0
			emissiveColor 1 0 0
		}
	}
	geometry IndexedLineSet {
		coord Coordinate {
			point [
				-176.81 266.335 -920.972,
				-176.81 266.335 -920.972,
			]
		}
		coordIndex [
			0, 1, -1
		]
	}
}
#---------- POLYLINE
Shape {
	appearance Appearance {
		material Material {
			diffuseColor 1 0 0
			emissiveColor 1 0 0
		}
	}
	geometry IndexedLineSet {
		coord Coordinate {
			point [
				-176.81 266.335 -920.972,
				-176.81 266.335 -920.972,
			]
		}
		coordIndex [
			0, 1, -1
		]
	}
}
#---------- POLYLINE
Shape {
	appearance Appearance {
		material Material {
			diffuseColor 1 0 0
			emissiveColor 1 0 0
		}
	}
	geometry IndexedLineSet {
		coord Coordinate {
			point [
				-176.81 266.335 -920.972,
				-176.81 266.335 -920.972,
			]
		}
		coordIndex [
			0, 1, -1
		]
	}
}
#---------- POLYLINE
Shape {
	appearance Appearance {
		material Material {
			diffuseColor 1 0 0
			emissiveColor 1 0 0
		}
	}
	geometry IndexedLineSet {
		coord Coordinate {
			point [
				-176.81 266.335 -920.972,
				-176.81 266.335 -920.972,
			]
		}
		coordIndex [
			0, 1, -1
		]
	}
}
#---------- POLYLINE
Shape {
	appearance Appearance {
		material Material {
			diffuseColor 1 0 0
			emissiveColor 1 0 0
		}
	}
	geometry IndexedLineSet {
		coord Coordinate {
			point [
				-176.81 266.335 -920.972,
				-176.81 266.335 -920.972,
			]
		}
		coordIndex [
			0, 1, -1
		]
	}
}
#---------- POLYLINE
Shape {
	appearance Appearance {
		material Material {
			diffuseColor 1 0 0
			emissiveColor 1 0 0
		}
	}
	geometry IndexedLineSet {
		coord Coordinate {
			point [
				-176.81 266.335 -920.972,
				-176.81 266.335 -920.972,
			]
		}
		coordIndex [
			0, 1, -1
		]
	}
}
#---------- POLYLINE
Shape {
	appearance Appearance {
		material Material {
			diffuseColor 1 0 0
			emissiveColor 1 0 0
		}
	}
	geometry IndexedLineSet {
		coord Coordinate {
			point [
				-176.81 266.335 -920.972,
				-176.81 266.335 -920.972,
			]
		}
		coordIndex [
			0, 1, -1
		]
	}
}
#---------- POLYLINE
Shape {
	appearance Appearance {
		material Material {
			diffuseColor 1 0 0
			emissiveColor 1 0 0
		}
	}
	geometry IndexedLineSet {
		coord Coordinate {
			point [
				-176.811 266.335 -920.972,
				-176.811 266.335 -920.973,
			]
		}
		coordIndex [
			0, 1, -1
		]
	}
}
#---------- POLYLINE
Shape {
	appearance Appearance {
		material Material {
			diffuseColor 1 0 0
			emissiveColor 1 0 0
		}
	}
	geometry IndexedLineSet {
		coord Coordinate {
			point [
				-176.547 266.133 -920.874,
				-176.547 266.132 -920.875,
			]
		}
		coordIndex [
			0, 1, -1
		]
	}
}
#---------- POLYLINE
Shape {
	appearance Appearance {
		material Material {
			diffuseColor 1 0 0
			emissiveColor 1 0 0
		}
	}
	geometry IndexedLineSet {
		coord Coordinate {
			point [
				-166.67 261.814 -905.53,
				-166.581 262.111 -905.665,
				-166.585 262.063 -905.7,
				-166.569 262.039 -905.747,
			]
		}
		coordIndex [
			0, 1, 2, 3, -1
		]
	}
}
#---------- POLYLINE
Shape {
	appearance Appearance {
		material Material {
			diffuseColor 0 1 0
			emissiveColor 0 1 0
		}
	}
	geometry IndexedLineSet {
		coord Coordinate {
			point [
				-166.585 262.063 -905.7,
				-166.559 262.128 -905.862,
			]
		}
		coordIndex [
			0, 1, -1
		]
	}
}
#---------- POLYLINE
Shape {
	appearance Appearance {
		material Material {
			diffuseColor 1 0 0
			emissiveColor 1 0 0
		}
	}
	geometry IndexedLineSet {
		coord Coordinate {
			point [
				-166.559 262.128 -905.862,
				-166.559 262.128 -905.862,
			]
		}
		coordIndex [
			0, 1, -1
		]
	}
}
#---------- POLYLINE
Shape {
	appearance Appearance {
		material Material {
			diffuseColor 1 0 0
			emissiveColor 1 0 0
		}
	}
	geometry IndexedLineSet {
		coord Coordinate {
			point [
				-166.559 262.128 -905.862,
				-166.559 262.128 -905.862,
			]
		}
		coordIndex [
			0, 1, -1
		]
	}
}
#---------- POLYLINE
Shape {
	appearance Appearance {
		material Material {
			diffuseColor 1 0 0
			emissiveColor 1 0 0
		}
	}
	geometry IndexedLineSet {
		coord Coordinate {
			point [
				-166.559 262.128 -905.862,
				-166.559 262.128 -905.862,
			]
		}
		coordIndex [
			0, 1, -1
		]
	}
}
#---------- POLYLINE
Shape {
	appearance Appearance {
		material Material {
			diffuseColor 1 0 0
			emissiveColor 1 0 0
		}
	}
	geometry IndexedLineSet {
		coord Coordinate {
			point [
				-166.559 262.128 -905.862,
				-166.559 262.128 -905.862,
			]
		}
		coordIndex [
			0, 1, -1
		]
	}
}
#---------- POLYLINE
Shape {
	appearance Appearance {
		material Material {
			diffuseColor 1 0 0
			emissiveColor 1 0 0
		}
	}
	geometry IndexedLineSet {
		coord Coordinate {
			point [
				-166.559 262.128 -905.862,
				-166.559 262.128 -905.862,
			]
		}
		coordIndex [
			0, 1, -1
		]
	}
}
#---------- POLYLINE
Shape {
	appearance Appearance {
		material Material {
			diffuseColor 1 0 0
			emissiveColor 1 0 0
		}
	}
	geometry IndexedLineSet {
		coord Coordinate {
			point [
				-166.559 262.128 -905.862,
				-166.559 262.128 -905.862,
			]
		}
		coordIndex [
			0, 1, -1
		]
	}
}
#---------- POLYLINE
Shape {
	appearance Appearance {
		material Material {
			diffuseColor 1 0 0
			emissiveColor 1 0 0
		}
	}
	geometry IndexedLineSet {
		coord Coordinate {
			point [
				-166.559 262.128 -905.862,
				-166.559 262.128 -905.862,
			]
		}
		coordIndex [
			0, 1, -1
		]
	}
}
#---------- POLYLINE
Shape {
	appearance Appearance {
		material Material {
			diffuseColor 1 0 0
			emissiveColor 1 0 0
		}
	}
	geometry IndexedLineSet {
		coord Coordinate {
			point [
				-166.559 262.128 -905.862,
				-166.559 262.128 -905.862,
			]
		}
		coordIndex [
			0, 1, -1
		]
	}
}
#---------- POLYLINE
Shape {
	appearance Appearance {
		material Material {
			diffuseColor 1 0 0
			emissiveColor 1 0 0
		}
	}
	geometry IndexedLineSet {
		coord Coordinate {
			point [
				-166.559 262.128 -905.862,
				-166.559 262.128 -905.862,
			]
		}
		coordIndex [
			0, 1, -1
		]
	}
}
#---------- POLYLINE
Shape {
	appearance Appearance {
		material Material {
			diffuseColor 1 0 0
			emissiveColor 1 0 0
		}
	}
	geometry IndexedLineSet {
		coord Coordinate {
			point [
				-166.559 262.128 -905.862,
				-166.559 262.128 -905.862,
			]
		}
		coordIndex [
			0, 1, -1
		]
	}
}
#---------- POLYLINE
Shape {
	appearance Appearance {
		material Material {
			diffuseColor 1 0 0
			emissiveColor 1 0 0
		}
	}
	geometry IndexedLineSet {
		coord Coordinate {
			point [
				-166.559 262.128 -905.862,
				-166.559 262.128 -905.862,
			]
		}
		coordIndex [
			0, 1, -1
		]
	}
}
#---------- POLYLINE
Shape {
	appearance Appearance {
		material Material {
			diffuseColor 1 0 0
			emissiveColor 1 0 0
		}
	}
	geometry IndexedLineSet {
		coord Coordinate {
			point [
				-166.559 262.128 -905.862,
				-166.559 262.128 -905.862,
			]
		}
		coordIndex [
			0, 1, -1
		]
	}
}
#---------- POLYLINE
Shape {
	appearance Appearance {
		material Material {
			diffuseColor 1 0 0
			emissiveColor 1 0 0
		}
	}
	geometry IndexedLineSet {
		coord Coordinate {
			point [
				-166.559 262.128 -905.862,
				-166.559 262.128 -905.862,
			]
		}
		coordIndex [
			0, 1, -1
		]
	}
}
#---------- POLYLINE
Shape {
	appearance Appearance {
		material Material {
			diffuseColor 1 0 0
			emissiveColor 1 0 0
		}
	}
	geometry IndexedLineSet {
		coord Coordinate {
			point [
				-166.559 262.128 -905.862,
				-166.559 262.128 -905.862,
			]
		}
		coordIndex [
			0, 1, -1
		]
	}
}
#---------- POLYLINE
Shape {
	appearance Appearance {
		material Material {
			diffuseColor 1 0 0
			emissiveColor 1 0 0
		}
	}
	geometry IndexedLineSet {
		coord Coordinate {
			point [
				-166.559 262.128 -905.862,
				-166.559 262.128 -905.862,
			]
		}
		coordIndex [
			0, 1, -1
		]
	}
}
#---------- POLYLINE
Shape {
	appearance Appearance {
		material Material {
			diffuseColor 1 0 0
			emissiveColor 1 0 0
		}
	}
	geometry IndexedLineSet {
		coord Coordinate {
			point [
				-166.559 262.128 -905.862,
				-166.559 262.128 -905.862,
			]
		}
		coordIndex [
			0, 1, -1
		]
	}
}
#---------- POLYLINE
Shape {
	appearance Appearance {
		material Material {
			diffuseColor 1 0 0
			emissiveColor 1 0 0
		}
	}
	geometry IndexedLineSet {
		coord Coordinate {
			point [
				-166.559 262.128 -905.862,
				-166.559 262.128 -905.862,
			]
		}
		coordIndex [
			0, 1, -1
		]
	}
}
#---------- POLYLINE
Shape {
	appearance Appearance {
		material Material {
			diffuseColor 1 0 0
			emissiveColor 1 0 0
		}
	}
	geometry IndexedLineSet {
		coord Coordinate {
			point [
				-166.559 262.128 -905.862,
				-166.559 262.128 -905.862,
			]
		}
		coordIndex [
			0, 1, -1
		]
	}
}
#---------- POLYLINE
Shape {
	appearance Appearance {
		material Material {
			diffuseColor 1 0 0
			emissiveColor 1 0 0
		}
	}
	geometry IndexedLineSet {
		coord Coordinate {
			point [
				-166.559 262.128 -905.862,
				-166.559 262.128 -905.862,
			]
		}
		coordIndex [
			0, 1, -1
		]
	}
}
#---------- POLYLINE
Shape {
	appearance Appearance {
		material Material {
			diffuseColor 1 0 0
			emissiveColor 1 0 0
		}
	}
	geometry IndexedLineSet {
		coord Coordinate {
			point [
				-166.559 262.128 -905.862,
				-166.559 262.128 -905.862,
			]
		}
		coordIndex [
			0, 1, -1
		]
	}
}
#---------- POLYLINE
Shape {
	appearance Appearance {
		material Material {
			diffuseColor 1 0 0
			emissiveColor 1 0 0
		}
	}
	geometry IndexedLineSet {
		coord Coordinate {
			point [
				-166.559 262.128 -905.862,
				-166.559 262.128 -905.862,
			]
		}
		coordIndex [
			0, 1, -1
		]
	}
}
#---------- POLYLINE
Shape {
	appearance Appearance {
		material Material {
			diffuseColor 1 0 0
			emissiveColor 1 0 0
		}
	}
	geometry IndexedLineSet {
		coord Coordinate {
			point [
				-166.559 262.128 -905.862,
				-166.559 262.128 -905.862,
			]
		}
		coordIndex [
			0, 1, -1
		]
	}
}
#---------- POLYLINE
Shape {
	appearance Appearance {
		material Material {
			diffuseColor 0 1 0
			emissiveColor 0 1 0
		}
	}
	geometry IndexedLineSet {
		coord Coordinate {
			point [
				-166.559 262.128 -905.862,
				-166.562 262.129 -905.862,
			]
		}
		coordIndex [
			0, 1, -1
		]
	}
}
#---------- POLYLINE
Shape {
	appearance Appearance {
		material Material {
			diffuseColor 1 0 0
			emissiveColor 1 0 0
		}
	}
	geometry IndexedLineSet {
		coord Coordinate {
			point [
				-166.562 262.129 -905.862,
				-166.562 262.129 -905.862,
			]
		}
		coordIndex [
			0, 1, -1
		]
	}
}
#---------- POLYLINE
Shape {
	appearance Appearance {
		material Material {
			diffuseColor 1 0 0
			emissiveColor 1 0 0
		}
	}
	geometry IndexedLineSet {
		coord Coordinate {
			point [
				-166.562 262.129 -905.862,
				-166.562 262.129 -905.862,
			]
		}
		coordIndex [
			0, 1, -1
		]
	}
}
#---------- POLYLINE
Shape {
	appearance Appearance {
		material Material {
			diffuseColor 1 0 0
			emissiveColor 1 0 0
		}
	}
	geometry IndexedLineSet {
		coord Coordinate {
			point [
				-166.562 262.129 -905.862,
				-166.562 262.129 -905.862,
			]
		}
		coordIndex [
			0, 1, -1
		]
	}
}
#---------- POLYLINE
Shape {
	appearance Appearance {
		material Material {
			diffuseColor 1 0 0
			emissiveColor 1 0 0
		}
	}
	geometry IndexedLineSet {
		coord Coordinate {
			point [
				-166.562 262.129 -905.862,
				-166.562 262.129 -905.862,
			]
		}
		coordIndex [
			0, 1, -1
		]
	}
}
#---------- POLYLINE
Shape {
	appearance Appearance {
		material Material {
			diffuseColor 1 0 0
			emissiveColor 1 0 0
		}
	}
	geometry IndexedLineSet {
		coord Coordinate {
			point [
				-166.562 262.129 -905.862,
				-166.562 262.129 -905.862,
			]
		}
		coordIndex [
			0, 1, -1
		]
	}
}
#---------- POLYLINE
Shape {
	appearance Appearance {
		material Material {
			diffuseColor 1 0 0
			emissiveColor 1 0 0
		}
	}
	geometry IndexedLineSet {
		coord Coordinate {
			point [
				-166.562 262.129 -905.862,
				-166.562 262.129 -905.862,
			]
		}
		coordIndex [
			0, 1, -1
		]
	}
}
#---------- POLYLINE
Shape {
	appearance Appearance {
		material Material {
			diffuseColor 1 0 0
			emissiveColor 1 0 0
		}
	}
	geometry IndexedLineSet {
		coord Coordinate {
			point [
				-166.562 262.129 -905.862,
				-166.562 262.129 -905.862,
			]
		}
		coordIndex [
			0, 1, -1
		]
	}
}
#---------- POLYLINE
Shape {
	appearance Appearance {
		material Material {
			diffuseColor 1 0 0
			emissiveColor 1 0 0
		}
	}
	geometry IndexedLineSet {
		coord Coordinate {
			point [
				-166.562 262.129 -905.862,
				-166.562 262.129 -905.862,
			]
		}
		coordIndex [
			0, 1, -1
		]
	}
}
#---------- POLYLINE
Shape {
	appearance Appearance {
		material Material {
			diffuseColor 1 0 0
			emissiveColor 1 0 0
		}
	}
	geometry IndexedLineSet {
		coord Coordinate {
			point [
				-166.562 262.129 -905.862,
				-166.562 262.129 -905.862,
			]
		}
		coordIndex [
			0, 1, -1
		]
	}
}
#---------- POLYLINE
Shape {
	appearance Appearance {
		material Material {
			diffuseColor 1 0 0
			emissiveColor 1 0 0
		}
	}
	geometry IndexedLineSet {
		coord Coordinate {
			point [
				-166.562 262.129 -905.862,
				-166.562 262.129 -905.862,
			]
		}
		coordIndex [
			0, 1, -1
		]
	}
}
#---------- POLYLINE
Shape {
	appearance Appearance {
		material Material {
			diffuseColor 1 0 0
			emissiveColor 1 0 0
		}
	}
	geometry IndexedLineSet {
		coord Coordinate {
			point [
				-166.562 262.129 -905.862,
				-166.562 262.129 -905.862,
			]
		}
		coordIndex [
			0, 1, -1
		]
	}
}
#---------- POLYLINE
Shape {
	appearance Appearance {
		material Material {
			diffuseColor 1 0 0
			emissiveColor 1 0 0
		}
	}
	geometry IndexedLineSet {
		coord Coordinate {
			point [
				-166.562 262.129 -905.862,
				-166.562 262.129 -905.862,
			]
		}
		coordIndex [
			0, 1, -1
		]
	}
}
#---------- POLYLINE
Shape {
	appearance Appearance {
		material Material {
			diffuseColor 1 0 0
			emissiveColor 1 0 0
		}
	}
	geometry IndexedLineSet {
		coord Coordinate {
			point [
				-166.562 262.129 -905.862,
				-166.562 262.129 -905.862,
			]
		}
		coordIndex [
			0, 1, -1
		]
	}
}
#---------- POLYLINE
Shape {
	appearance Appearance {
		material Material {
			diffuseColor 1 0 0
			emissiveColor 1 0 0
		}
	}
	geometry IndexedLineSet {
		coord Coordinate {
			point [
				-166.559 262.128 -905.862,
				-166.559 262.128 -905.862,
			]
		}
		coordIndex [
			0, 1, -1
		]
	}
}
#---------- POLYLINE
Shape {
	appearance Appearance {
		material Material {
			diffuseColor 1 0 0
			emissiveColor 1 0 0
		}
	}
	geometry IndexedLineSet {
		coord Coordinate {
			point [
				-166.559 262.128 -905.862,
				-166.559 262.128 -905.862,
			]
		}
		coordIndex [
			0, 1, -1
		]
	}
}
#---------- POLYLINE
Shape {
	appearance Appearance {
		material Material {
			diffuseColor 1 0 0
			emissiveColor 1 0 0
		}
	}
	geometry IndexedLineSet {
		coord Coordinate {
			point [
				-166.559 262.128 -905.862,
				-166.559 262.128 -905.863,
			]
		}
		coordIndex [
			0, 1, -1
		]
	}
}
#---------- POLYLINE
Shape {
	appearance Appearance {
		material Material {
			diffuseColor 1 0 0
			emissiveColor 1 0 0
		}
	}
	geometry IndexedLineSet {
		coord Coordinate {
			point [
				-166.559 262.128 -905.862,
				-166.559 262.128 -905.863,
			]
		}
		coordIndex [
			0, 1, -1
		]
	}
}
#---------- POLYLINE
Shape {
	appearance Appearance {
		material Material {
			diffuseColor 0 1 0
			emissiveColor 0 1 0
		}
	}
	geometry IndexedLineSet {
		coord Coordinate {
			point [
				-171.531 224.76 -882.094,
				-171.361 225.705 -882.696,
			]
		}
		coordIndex [
			0, 1, -1
		]
	}
}
#---------- POLYLINE
Shape {
	appearance Appearance {
		material Material {
			diffuseColor 1 0 0
			emissiveColor 1 0 0
		}
	}
	geometry IndexedLineSet {
		coord Coordinate {
			point [
				-171.361 225.705 -882.696,
				-171.361 225.705 -882.696,
			]
		}
		coordIndex [
			0, 1, -1
		]
	}
}
#---------- POLYLINE
Shape {
	appearance Appearance {
		material Material {
			diffuseColor 1 0 0
			emissiveColor 1 0 0
		}
	}
	geometry IndexedLineSet {
		coord Coordinate {
			point [
				-171.361 225.705 -882.696,
				-171.361 225.705 -882.696,
			]
		}
		coordIndex [
			0, 1, -1
		]
	}
}
#---------- POLYLINE
Shape {
	appearance Appearance {
		material Material {
			diffuseColor 1 0 0
			emissiveColor 1 0 0
		}
	}
	geometry IndexedLineSet {
		coord Coordinate {
			point [
				-171.361 225.705 -882.696,
				-171.361 225.705 -882.696,
			]
		}
		coordIndex [
			0, 1, -1
		]
	}
}
#---------- POLYLINE
Shape {
	appearance Appearance {
		material Material {
			diffuseColor 1 0 0
			emissiveColor 1 0 0
		}
	}
	geometry IndexedLineSet {
		coord Coordinate {
			point [
				-171.361 225.705 -882.696,
				-171.361 225.705 -882.696,
			]
		}
		coordIndex [
			0, 1, -1
		]
	}
}
#---------- POLYLINE
Shape {
	appearance Appearance {
		material Material {
			diffuseColor 1 0 0
			emissiveColor 1 0 0
		}
	}
	geometry IndexedLineSet {
		coord Coordinate {
			point [
				-171.361 225.705 -882.696,
				-171.361 225.705 -882.696,
			]
		}
		coordIndex [
			0, 1, -1
		]
	}
}
#---------- POLYLINE
Shape {
	appearance Appearance {
		material Material {
			diffuseColor 1 0 0
			emissiveColor 1 0 0
		}
	}
	geometry IndexedLineSet {
		coord Coordinate {
			point [
				-171.361 225.705 -882.696,
				-171.361 225.705 -882.696,
			]
		}
		coordIndex [
			0, 1, -1
		]
	}
}
#---------- POLYLINE
Shape {
	appearance Appearance {
		material Material {
			diffuseColor 1 0 0
			emissiveColor 1 0 0
		}
	}
	geometry IndexedLineSet {
		coord Coordinate {
			point [
				-171.361 225.705 -882.696,
				-171.361 225.705 -882.696,
			]
		}
		coordIndex [
			0, 1, -1
		]
	}
}
#---------- POLYLINE
Shape {
	appearance Appearance {
		material Material {
			diffuseColor 1 0 0
			emissiveColor 1 0 0
		}
	}
	geometry IndexedLineSet {
		coord Coordinate {
			point [
				-171.361 225.705 -882.696,
				-171.361 225.705 -882.696,
			]
		}
		coordIndex [
			0, 1, -1
		]
	}
}
#---------- POLYLINE
Shape {
	appearance Appearance {
		material Material {
			diffuseColor 1 0 0
			emissiveColor 1 0 0
		}
	}
	geometry IndexedLineSet {
		coord Coordinate {
			point [
				-171.361 225.705 -882.696,
				-171.361 225.705 -882.696,
			]
		}
		coordIndex [
			0, 1, -1
		]
	}
}
#---------- POLYLINE
Shape {
	appearance Appearance {
		material Material {
			diffuseColor 1 0 0
			emissiveColor 1 0 0
		}
	}
	geometry IndexedLineSet {
		coord Coordinate {
			point [
				-171.361 225.705 -882.696,
				-171.361 225.705 -882.696,
			]
		}
		coordIndex [
			0, 1, -1
		]
	}
}
#---------- POLYLINE
Shape {
	appearance Appearance {
		material Material {
			diffuseColor 1 0 0
			emissiveColor 1 0 0
		}
	}
	geometry IndexedLineSet {
		coord Coordinate {
			point [
				-171.361 225.705 -882.696,
				-171.361 225.705 -882.696,
			]
		}
		coordIndex [
			0, 1, -1
		]
	}
}
#---------- POLYLINE
Shape {
	appearance Appearance {
		material Material {
			diffuseColor 1 0 0
			emissiveColor 1 0 0
		}
	}
	geometry IndexedLineSet {
		coord Coordinate {
			point [
				-171.361 225.705 -882.696,
				-171.361 225.705 -882.696,
			]
		}
		coordIndex [
			0, 1, -1
		]
	}
}
#---------- POLYLINE
Shape {
	appearance Appearance {
		material Material {
			diffuseColor 1 0 0
			emissiveColor 1 0 0
		}
	}
	geometry IndexedLineSet {
		coord Coordinate {
			point [
				-171.361 225.705 -882.696,
				-171.361 225.705 -882.696,
			]
		}
		coordIndex [
			0, 1, -1
		]
	}
}
#---------- POLYLINE
Shape {
	appearance Appearance {
		material Material {
			diffuseColor 1 0 0
			emissiveColor 1 0 0
		}
	}
	geometry IndexedLineSet {
		coord Coordinate {
			point [
				-171.361 225.705 -882.696,
				-171.361 225.705 -882.696,
			]
		}
		coordIndex [
			0, 1, -1
		]
	}
}
#---------- POLYLINE
Shape {
	appearance Appearance {
		material Material {
			diffuseColor 1 0 0
			emissiveColor 1 0 0
		}
	}
	geometry IndexedLineSet {
		coord Coordinate {
			point [
				-171.361 225.705 -882.696,
				-171.361 225.705 -882.696,
			]
		}
		coordIndex [
			0, 1, -1
		]
	}
}
#---------- POLYLINE
Shape {
	appearance Appearance {
		material Material {
			diffuseColor 1 0 0
			emissiveColor 1 0 0
		}
	}
	geometry IndexedLineSet {
		coord Coordinate {
			point [
				-171.361 225.705 -882.696,
				-171.361 225.705 -882.696,
			]
		}
		coordIndex [
			0, 1, -1
		]
	}
}
#---------- POLYLINE
Shape {
	appearance Appearance {
		material Material {
			diffuseColor 1 0 0
			emissiveColor 1 0 0
		}
	}
	geometry IndexedLineSet {
		coord Coordinate {
			point [
				-171.361 225.705 -882.696,
				-171.361 225.705 -882.696,
			]
		}
		coordIndex [
			0, 1, -1
		]
	}
}
#---------- POLYLINE
Shape {
	appearance Appearance {
		material Material {
			diffuseColor 1 0 0
			emissiveColor 1 0 0
		}
	}
	geometry IndexedLineSet {
		coord Coordinate {
			point [
				-171.361 225.705 -882.696,
				-171.361 225.705 -882.696,
			]
		}
		coordIndex [
			0, 1, -1
		]
	}
}
#---------- POLYLINE
Shape {
	appearance Appearance {
		material Material {
			diffuseColor 1 0 0
			emissiveColor 1 0 0
		}
	}
	geometry IndexedLineSet {
		coord Coordinate {
			point [
				-171.361 225.705 -882.696,
				-171.361 225.705 -882.696,
			]
		}
		coordIndex [
			0, 1, -1
		]
	}
}
#---------- POLYLINE
Shape {
	appearance Appearance {
		material Material {
			diffuseColor 1 0 0
			emissiveColor 1 0 0
		}
	}
	geometry IndexedLineSet {
		coord Coordinate {
			point [
				-171.361 225.705 -882.696,
				-171.361 225.705 -882.696,
			]
		}
		coordIndex [
			0, 1, -1
		]
	}
}
#---------- POLYLINE
Shape {
	appearance Appearance {
		material Material {
			diffuseColor 1 0 0
			emissiveColor 1 0 0
		}
	}
	geometry IndexedLineSet {
		coord Coordinate {
			point [
				-171.361 225.705 -882.696,
				-171.361 225.705 -882.696,
			]
		}
		coordIndex [
			0, 1, -1
		]
	}
}
#---------- POLYLINE
Shape {
	appearance Appearance {
		material Material {
			diffuseColor 1 0 0
			emissiveColor 1 0 0
		}
	}
	geometry IndexedLineSet {
		coord Coordinate {
			point [
				-171.361 225.705 -882.696,
				-171.361 225.705 -882.696,
			]
		}
		coordIndex [
			0, 1, -1
		]
	}
}
#---------- POLYLINE
Shape {
	appearance Appearance {
		material Material {
			diffuseColor 1 0 0
			emissiveColor 1 0 0
		}
	}
	geometry IndexedLineSet {
		coord Coordinate {
			point [
				-171.361 225.705 -882.696,
				-171.36 225.706 -882.7,
			]
		}
		coordIndex [
			0, 1, -1
		]
	}
}
#---------- POLYLINE
Shape {
	appearance Appearance {
		material Material {
			diffuseColor 0 1 0
			emissiveColor 0 1 0
		}
	}
	geometry IndexedLineSet {
		coord Coordinate {
			point [
				-171.736 223.426 -881.22,
				-164.593 301.849 -931.847,
			]
		}
		coordIndex [
			0, 1, -1
		]
	}
}
#---------- POLYLINE
Shape {
	appearance Appearance {
		material Material {
			diffuseColor 1 0 0
			emissiveColor 1 0 0
		}
	}
	geometry IndexedLineSet {
		coord Coordinate {
			point [
				-164.593 301.849 -931.847,
				-164.593 301.849 -931.847,
			]
		}
		coordIndex [
			0, 1, -1
		]
	}
}
#---------- POLYLINE
Shape {
	appearance Appearance {
		material Material {
			diffuseColor 1 0 0
			emissiveColor 1 0 0
		}
	}
	geometry IndexedLineSet {
		coord Coordinate {
			point [
				-164.593 301.849 -931.847,
				-164.593 301.849 -931.847,
			]
		}
		coordIndex [
			0, 1, -1
		]
	}
}
#---------- POLYLINE
Shape {
	appearance Appearance {
		material Material {
			diffuseColor 1 0 0
			emissiveColor 1 0 0
		}
	}
	geometry IndexedLineSet {
		coord Coordinate {
			point [
				-164.593 301.849 -931.847,
				-164.593 301.849 -931.847,
			]
		}
		coordIndex [
			0, 1, -1
		]
	}
}
#---------- POLYLINE
Shape {
	appearance Appearance {
		material Material {
			diffuseColor 0 1 0
			emissiveColor 0 1 0
		}
	}
	geometry IndexedLineSet {
		coord Coordinate {
			point [
				-164.593 301.849 -931.847,
				-164.589 301.842 -931.844,
			]
		}
		coordIndex [
			0, 1, -1
		]
	}
}
#---------- POLYLINE
Shape {
	appearance Appearance {
		material Material {
			diffuseColor 1 0 0
			emissiveColor 1 0 0
		}
	}
	geometry IndexedLineSet {
		coord Coordinate {
			point [
				-164.589 301.842 -931.844,
				-164.589 301.842 -931.844,
			]
		}
		coordIndex [
			0, 1, -1
		]
	}
}
#---------- POLYLINE
Shape {
	appearance Appearance {
		material Material {
			diffuseColor 1 0 0
			emissiveColor 1 0 0
		}
	}
	geometry IndexedLineSet {
		coord Coordinate {
			point [
				-164.589 301.842 -931.844,
				-164.589 301.842 -931.844,
			]
		}
		coordIndex [
			0, 1, -1
		]
	}
}
#---------- POLYLINE
Shape {
	appearance Appearance {
		material Material {
			diffuseColor 0 1 0
			emissiveColor 0 1 0
		}
	}
	geometry IndexedLineSet {
		coord Coordinate {
			point [
				-164.593 301.849 -931.847,
				-164.53 301.907 -931.941,
				-164.428 301.988 -932.117,
			]
		}
		coordIndex [
			0, 1, 2, -1
		]
	}
}
#---------- POLYLINE
Shape {
	appearance Appearance {
		material Material {
			diffuseColor 1 0 0
			emissiveColor 1 0 0
		}
	}
	geometry IndexedLineSet {
		coord Coordinate {
			point [
				-164.428 301.988 -932.117,
				-164.428 301.988 -932.117,
			]
		}
		coordIndex [
			0, 1, -1
		]
	}
}
#---------- POLYLINE
Shape {
	appearance Appearance {
		material Material {
			diffuseColor 1 0 0
			emissiveColor 1 0 0
		}
	}
	geometry IndexedLineSet {
		coord Coordinate {
			point [
				-164.428 301.988 -932.117,
				-164.428 301.988 -932.117,
			]
		}
		coordIndex [
			0, 1, -1
		]
	}
}
#---------- POLYLINE
Shape {
	appearance Appearance {
		material Material {
			diffuseColor 1 0 0
			emissiveColor 1 0 0
		}
	}
	geometry IndexedLineSet {
		coord Coordinate {
			point [
				-164.428 301.988 -932.117,
				-164.428 301.988 -932.117,
			]
		}
		coordIndex [
			0, 1, -1
		]
	}
}
#---------- POLYLINE
Shape {
	appearance Appearance {
		material Material {
			diffuseColor 1 0 0
			emissiveColor 1 0 0
		}
	}
	geometry IndexedLineSet {
		coord Coordinate {
			point [
				-164.428 301.988 -932.117,
				-164.428 301.988 -932.117,
			]
		}
		coordIndex [
			0, 1, -1
		]
	}
}
#---------- POLYLINE
Shape {
	appearance Appearance {
		material Material {
			diffuseColor 1 0 0
			emissiveColor 1 0 0
		}
	}
	geometry IndexedLineSet {
		coord Coordinate {
			point [
				-164.428 301.988 -932.117,
				-164.428 301.988 -932.117,
			]
		}
		coordIndex [
			0, 1, -1
		]
	}
}
#---------- POLYLINE
Shape {
	appearance Appearance {
		material Material {
			diffuseColor 1 0 0
			emissiveColor 1 0 0
		}
	}
	geometry IndexedLineSet {
		coord Coordinate {
			point [
				-164.428 301.988 -932.117,
				-164.428 301.988 -932.117,
			]
		}
		coordIndex [
			0, 1, -1
		]
	}
}
#---------- POLYLINE
Shape {
	appearance Appearance {
		material Material {
			diffuseColor 1 0 0
			emissiveColor 1 0 0
		}
	}
	geometry IndexedLineSet {
		coord Coordinate {
			point [
				-164.428 301.988 -932.117,
				-164.428 301.988 -932.117,
			]
		}
		coordIndex [
			0, 1, -1
		]
	}
}
#---------- POLYLINE
Shape {
	appearance Appearance {
		material Material {
			diffuseColor 1 0 0
			emissiveColor 1 0 0
		}
	}
	geometry IndexedLineSet {
		coord Coordinate {
			point [
				-164.428 301.988 -932.117,
				-164.428 301.988 -932.117,
			]
		}
		coordIndex [
			0, 1, -1
		]
	}
}
#---------- POLYLINE
Shape {
	appearance Appearance {
		material Material {
			diffuseColor 1 0 0
			emissiveColor 1 0 0
		}
	}
	geometry IndexedLineSet {
		coord Coordinate {
			point [
				-164.428 301.988 -932.117,
				-164.427 301.988 -932.118,
			]
		}
		coordIndex [
			0, 1, -1
		]
	}
}
#---------- POLYLINE
Shape {
	appearance Appearance {
		material Material {
			diffuseColor 1 0 0
			emissiveColor 1 0 0
		}
	}
	geometry IndexedLineSet {
		coord Coordinate {
			point [
				-164.593 301.849 -931.847,
				-164.563 301.907 -931.847,
				-164.563 301.924 -931.88,
			]
		}
		coordIndex [
			0, 1, 2, -1
		]
	}
}
#---------- POLYLINE
Shape {
	appearance Appearance {
		material Material {
			diffuseColor 0 1 0
			emissiveColor 0 1 0
		}
	}
	geometry IndexedLineSet {
		coord Coordinate {
			point [
				-171.738 223.396 -881.201,
				-170.699 234.573 -888.57,
			]
		}
		coordIndex [
			0, 1, -1
		]
	}
}
#---------- POLYLINE
Shape {
	appearance Appearance {
		material Material {
			diffuseColor 0 0 1
			emissiveColor 0 0 1
		}
	}
	geometry IndexedLineSet {
		coord Coordinate {
			point [
				-170.699 234.573 -888.57,
				-170.696 234.613 -888.595,
				-170.594 235.286 -889.002,
				-170.565 235.36 -889.493,
				-170.484 235.485 -889.543,
				-170.483 235.485 -889.543,
			]
		}
		coordIndex [
			0, 1, 2, 3, 4, 5, -1
		]
	}
}
#---------- POLYLINE
Shape {
	appearance Appearance {
		material Material {
			diffuseColor 0 1 0
			emissiveColor 0 1 0
		}
	}
	geometry IndexedLineSet {
		coord Coordinate {
			point [
				-170.483 235.485 -889.543,
				-169.353 233.669 -890.699,
				-169.357 233.651 -890.482,
				-169.378 233.511 -889.441,
			]
		}
		coordIndex [
			0, 1, 2, 3, -1
		]
	}
}
#---------- POLYLINE
Shape {
	appearance Appearance {
		material Material {
			diffuseColor 1 0 0
			emissiveColor 1 0 0
		}
	}
	geometry IndexedLineSet {
		coord Coordinate {
			point [
				-169.378 233.511 -889.441,
				-169.378 233.511 -889.441,
			]
		}
		coordIndex [
			0, 1, -1
		]
	}
}
#---------- POLYLINE
Shape {
	appearance Appearance {
		material Material {
			diffuseColor 1 0 0
			emissiveColor 1 0 0
		}
	}
	geometry IndexedLineSet {
		coord Coordinate {
			point [
				-169.378 233.511 -889.441,
				-169.378 233.511 -889.441,
			]
		}
		coordIndex [
			0, 1, -1
		]
	}
}
#---------- POLYLINE
Shape {
	appearance Appearance {
		material Material {
			diffuseColor 1 0 0
			emissiveColor 1 0 0
		}
	}
	geometry IndexedLineSet {
		coord Coordinate {
			point [
				-169.378 233.511 -889.441,
				-169.378 233.511 -889.441,
			]
		}
		coordIndex [
			0, 1, -1
		]
	}
}
#---------- POLYLINE
Shape {
	appearance Appearance {
		material Material {
			diffuseColor 0 1 0
			emissiveColor 0 1 0
		}
	}
	geometry IndexedLineSet {
		coord Coordinate {
			point [
				-169.378 233.511 -889.441,
				-169.367 233.525 -889.428,
			]
		}
		coordIndex [
			0, 1, -1
		]
	}
}
#---------- POLYLINE
Shape {
	appearance Appearance {
		material Material {
			diffuseColor 1 0 0
			emissiveColor 1 0 0
		}
	}
	geometry IndexedLineSet {
		coord Coordinate {
			point [
				-169.367 233.525 -889.428,
				-169.367 233.525 -889.428,
			]
		}
		coordIndex [
			0, 1, -1
		]
	}
}
#---------- POLYLINE
Shape {
	appearance Appearance {
		material Material {
			diffuseColor 1 0 0
			emissiveColor 1 0 0
		}
	}
	geometry IndexedLineSet {
		coord Coordinate {
			point [
				-169.367 233.525 -889.428,
				-169.367 233.525 -889.428,
			]
		}
		coordIndex [
			0, 1, -1
		]
	}
}
#---------- POLYLINE
Shape {
	appearance Appearance {
		material Material {
			diffuseColor 1 0 0
			emissiveColor 1 0 0
		}
	}
	geometry IndexedLineSet {
		coord Coordinate {
			point [
				-169.367 233.525 -889.428,
				-169.367 233.525 -889.428,
			]
		}
		coordIndex [
			0, 1, -1
		]
	}
}
#---------- POLYLINE
Shape {
	appearance Appearance {
		material Material {
			diffuseColor 1 0 0
			emissiveColor 1 0 0
		}
	}
	geometry IndexedLineSet {
		coord Coordinate {
			point [
				-169.367 233.525 -889.428,
				-169.367 233.525 -889.428,
			]
		}
		coordIndex [
			0, 1, -1
		]
	}
}
#---------- POLYLINE
Shape {
	appearance Appearance {
		material Material {
			diffuseColor 1 0 0
			emissiveColor 1 0 0
		}
	}
	geometry IndexedLineSet {
		coord Coordinate {
			point [
				-169.367 233.525 -889.428,
				-169.367 233.525 -889.428,
			]
		}
		coordIndex [
			0, 1, -1
		]
	}
}
#---------- POLYLINE
Shape {
	appearance Appearance {
		material Material {
			diffuseColor 1 0 0
			emissiveColor 1 0 0
		}
	}
	geometry IndexedLineSet {
		coord Coordinate {
			point [
				-169.367 233.525 -889.428,
				-169.367 233.525 -889.428,
			]
		}
		coordIndex [
			0, 1, -1
		]
	}
}
#---------- POLYLINE
Shape {
	appearance Appearance {
		material Material {
			diffuseColor 1 0 0
			emissiveColor 1 0 0
		}
	}
	geometry IndexedLineSet {
		coord Coordinate {
			point [
				-169.367 233.525 -889.428,
				-169.367 233.525 -889.428,
			]
		}
		coordIndex [
			0, 1, -1
		]
	}
}
#---------- POLYLINE
Shape {
	appearance Appearance {
		material Material {
			diffuseColor 1 0 0
			emissiveColor 1 0 0
		}
	}
	geometry IndexedLineSet {
		coord Coordinate {
			point [
				-169.367 233.525 -889.428,
				-169.367 233.525 -889.428,
			]
		}
		coordIndex [
			0, 1, -1
		]
	}
}
#---------- POLYLINE
Shape {
	appearance Appearance {
		material Material {
			diffuseColor 1 0 0
			emissiveColor 1 0 0
		}
	}
	geometry IndexedLineSet {
		coord Coordinate {
			point [
				-169.367 233.525 -889.428,
				-169.367 233.525 -889.428,
			]
		}
		coordIndex [
			0, 1, -1
		]
	}
}
#---------- POLYLINE
Shape {
	appearance Appearance {
		material Material {
			diffuseColor 1 0 0
			emissiveColor 1 0 0
		}
	}
	geometry IndexedLineSet {
		coord Coordinate {
			point [
				-169.367 233.525 -889.428,
				-169.367 233.525 -889.428,
			]
		}
		coordIndex [
			0, 1, -1
		]
	}
}
#---------- POLYLINE
Shape {
	appearance Appearance {
		material Material {
			diffuseColor 1 0 0
			emissiveColor 1 0 0
		}
	}
	geometry IndexedLineSet {
		coord Coordinate {
			point [
				-169.367 233.525 -889.428,
				-169.367 233.525 -889.428,
			]
		}
		coordIndex [
			0, 1, -1
		]
	}
}
#---------- POLYLINE
Shape {
	appearance Appearance {
		material Material {
			diffuseColor 1 0 0
			emissiveColor 1 0 0
		}
	}
	geometry IndexedLineSet {
		coord Coordinate {
			point [
				-169.367 233.525 -889.428,
				-169.367 233.525 -889.428,
			]
		}
		coordIndex [
			0, 1, -1
		]
	}
}
#---------- POLYLINE
Shape {
	appearance Appearance {
		material Material {
			diffuseColor 1 0 0
			emissiveColor 1 0 0
		}
	}
	geometry IndexedLineSet {
		coord Coordinate {
			point [
				-169.367 233.525 -889.428,
				-169.367 233.525 -889.428,
			]
		}
		coordIndex [
			0, 1, -1
		]
	}
}
#---------- POLYLINE
Shape {
	appearance Appearance {
		material Material {
			diffuseColor 1 0 0
			emissiveColor 1 0 0
		}
	}
	geometry IndexedLineSet {
		coord Coordinate {
			point [
				-169.378 233.511 -889.441,
				-169.38 233.514 -889.438,
			]
		}
		coordIndex [
			0, 1, -1
		]
	}
}
#---------- POLYLINE
Shape {
	appearance Appearance {
		material Material {
			diffuseColor 1 0 0
			emissiveColor 1 0 0
		}
	}
	geometry IndexedLineSet {
		coord Coordinate {
			point [
				-169.353 233.669 -890.699,
				-169.349 233.664 -890.706,
			]
		}
		coordIndex [
			0, 1, -1
		]
	}
}
#---------- POLYLINE
Shape {
	appearance Appearance {
		material Material {
			diffuseColor 0 1 0
			emissiveColor 0 1 0
		}
	}
	geometry IndexedLineSet {
		coord Coordinate {
			point [
				-170.483 235.485 -889.543,
				-177.422 246.629 -882.449,
			]
		}
		coordIndex [
			0, 1, -1
		]
	}
}
#---------- POLYLINE
Shape {
	appearance Appearance {
		material Material {
			diffuseColor 1 0 0
			emissiveColor 1 0 0
		}
	}
	geometry IndexedLineSet {
		coord Coordinate {
			point [
				-177.422 246.629 -882.449,
				-177.422 246.629 -882.449,
			]
		}
		coordIndex [
			0, 1, -1
		]
	}
}
#---------- POLYLINE
Shape {
	appearance Appearance {
		material Material {
			diffuseColor 1 0 0
			emissiveColor 1 0 0
		}
	}
	geometry IndexedLineSet {
		coord Coordinate {
			point [
				-177.422 246.629 -882.449,
				-177.422 246.629 -882.449,
			]
		}
		coordIndex [
			0, 1, -1
		]
	}
}
#---------- POLYLINE
Shape {
	appearance Appearance {
		material Material {
			diffuseColor 1 0 0
			emissiveColor 1 0 0
		}
	}
	geometry IndexedLineSet {
		coord Coordinate {
			point [
				-177.422 246.629 -882.449,
				-177.422 246.629 -882.449,
			]
		}
		coordIndex [
			0, 1, -1
		]
	}
}
#---------- POLYLINE
Shape {
	appearance Appearance {
		material Material {
			diffuseColor 1 0 0
			emissiveColor 1 0 0
		}
	}
	geometry IndexedLineSet {
		coord Coordinate {
			point [
				-177.422 246.629 -882.449,
				-177.422 246.629 -882.449,
			]
		}
		coordIndex [
			0, 1, -1
		]
	}
}
#---------- POLYLINE
Shape {
	appearance Appearance {
		material Material {
			diffuseColor 1 0 0
			emissiveColor 1 0 0
		}
	}
	geometry IndexedLineSet {
		coord Coordinate {
			point [
				-177.422 246.629 -882.449,
				-177.422 246.629 -882.449,
			]
		}
		coordIndex [
			0, 1, -1
		]
	}
}
#---------- POLYLINE
Shape {
	appearance Appearance {
		material Material {
			diffuseColor 1 0 0
			emissiveColor 1 0 0
		}
	}
	geometry IndexedLineSet {
		coord Coordinate {
			point [
				-177.422 246.629 -882.449,
				-177.422 246.629 -882.449,
			]
		}
		coordIndex [
			0, 1, -1
		]
	}
}
#---------- POLYLINE
Shape {
	appearance Appearance {
		material Material {
			diffuseColor 1 0 0
			emissiveColor 1 0 0
		}
	}
	geometry IndexedLineSet {
		coord Coordinate {
			point [
				-177.422 246.629 -882.449,
				-177.422 246.629 -882.449,
			]
		}
		coordIndex [
			0, 1, -1
		]
	}
}
#---------- POLYLINE
Shape {
	appearance Appearance {
		material Material {
			diffuseColor 1 0 0
			emissiveColor 1 0 0
		}
	}
	geometry IndexedLineSet {
		coord Coordinate {
			point [
				-177.422 246.629 -882.449,
				-177.422 246.629 -882.449,
			]
		}
		coordIndex [
			0, 1, -1
		]
	}
}
#---------- POLYLINE
Shape {
	appearance Appearance {
		material Material {
			diffuseColor 1 0 0
			emissiveColor 1 0 0
		}
	}
	geometry IndexedLineSet {
		coord Coordinate {
			point [
				-177.422 246.629 -882.449,
				-177.422 246.629 -882.449,
			]
		}
		coordIndex [
			0, 1, -1
		]
	}
}
#---------- POLYLINE
Shape {
	appearance Appearance {
		material Material {
			diffuseColor 1 0 0
			emissiveColor 1 0 0
		}
	}
	geometry IndexedLineSet {
		coord Coordinate {
			point [
				-177.422 246.629 -882.449,
				-177.422 246.629 -882.449,
			]
		}
		coordIndex [
			0, 1, -1
		]
	}
}
#---------- POLYLINE
Shape {
	appearance Appearance {
		material Material {
			diffuseColor 1 0 0
			emissiveColor 1 0 0
		}
	}
	geometry IndexedLineSet {
		coord Coordinate {
			point [
				-177.422 246.629 -882.449,
				-177.422 246.629 -882.449,
			]
		}
		coordIndex [
			0, 1, -1
		]
	}
}
#---------- POLYLINE
Shape {
	appearance Appearance {
		material Material {
			diffuseColor 1 0 0
			emissiveColor 1 0 0
		}
	}
	geometry IndexedLineSet {
		coord Coordinate {
			point [
				-177.422 246.629 -882.449,
				-177.422 246.629 -882.449,
			]
		}
		coordIndex [
			0, 1, -1
		]
	}
}
#---------- POLYLINE
Shape {
	appearance Appearance {
		material Material {
			diffuseColor 1 0 0
			emissiveColor 1 0 0
		}
	}
	geometry IndexedLineSet {
		coord Coordinate {
			point [
				-177.422 246.629 -882.449,
				-177.424 246.647 -882.438,
			]
		}
		coordIndex [
			0, 1, -1
		]
	}
}
#---------- POLYLINE
Shape {
	appearance Appearance {
		material Material {
			diffuseColor 0 1 0
			emissiveColor 0 1 0
		}
	}
	geometry IndexedLineSet {
		coord Coordinate {
			point [
				-170.594 235.286 -889.002,
				-170.247 235.657 -890.087,
				-170.448 235.932 -890.94,
			]
		}
		coordIndex [
			0, 1, 2, -1
		]
	}
}
#---------- POLYLINE
Shape {
	appearance Appearance {
		material Material {
			diffuseColor 1 0 0
			emissiveColor 1 0 0
		}
	}
	geometry IndexedLineSet {
		coord Coordinate {
			point [
				-170.448 235.932 -890.94,
				-170.448 235.932 -890.94,
			]
		}
		coordIndex [
			0, 1, -1
		]
	}
}
#---------- POLYLINE
Shape {
	appearance Appearance {
		material Material {
			diffuseColor 1 0 0
			emissiveColor 1 0 0
		}
	}
	geometry IndexedLineSet {
		coord Coordinate {
			point [
				-170.448 235.932 -890.94,
				-170.448 235.932 -890.94,
			]
		}
		coordIndex [
			0, 1, -1
		]
	}
}
#---------- POLYLINE
Shape {
	appearance Appearance {
		material Material {
			diffuseColor 1 0 0
			emissiveColor 1 0 0
		}
	}
	geometry IndexedLineSet {
		coord Coordinate {
			point [
				-170.448 235.932 -890.94,
				-170.448 235.932 -890.94,
			]
		}
		coordIndex [
			0, 1, -1
		]
	}
}
#---------- POLYLINE
Shape {
	appearance Appearance {
		material Material {
			diffuseColor 1 0 0
			emissiveColor 1 0 0
		}
	}
	geometry IndexedLineSet {
		coord Coordinate {
			point [
				-170.448 235.932 -890.94,
				-170.448 235.932 -890.94,
			]
		}
		coordIndex [
			0, 1, -1
		]
	}
}
#---------- POLYLINE
Shape {
	appearance Appearance {
		material Material {
			diffuseColor 1 0 0
			emissiveColor 1 0 0
		}
	}
	geometry IndexedLineSet {
		coord Coordinate {
			point [
				-170.448 235.932 -890.94,
				-170.448 235.932 -890.94,
			]
		}
		coordIndex [
			0, 1, -1
		]
	}
}
#---------- POLYLINE
Shape {
	appearance Appearance {
		material Material {
			diffuseColor 1 0 0
			emissiveColor 1 0 0
		}
	}
	geometry IndexedLineSet {
		coord Coordinate {
			point [
				-170.448 235.932 -890.94,
				-170.448 235.932 -890.94,
			]
		}
		coordIndex [
			0, 1, -1
		]
	}
}
#---------- POLYLINE
Shape {
	appearance Appearance {
		material Material {
			diffuseColor 1 0 0
			emissiveColor 1 0 0
		}
	}
	geometry IndexedLineSet {
		coord Coordinate {
			point [
				-170.448 235.932 -890.94,
				-170.448 235.932 -890.94,
			]
		}
		coordIndex [
			0, 1, -1
		]
	}
}
#---------- POLYLINE
Shape {
	appearance Appearance {
		material Material {
			diffuseColor 1 0 0
			emissiveColor 1 0 0
		}
	}
	geometry IndexedLineSet {
		coord Coordinate {
			point [
				-170.448 235.932 -890.94,
				-170.448 235.932 -890.94,
			]
		}
		coordIndex [
			0, 1, -1
		]
	}
}
#---------- POLYLINE
Shape {
	appearance Appearance {
		material Material {
			diffuseColor 1 0 0
			emissiveColor 1 0 0
		}
	}
	geometry IndexedLineSet {
		coord Coordinate {
			point [
				-170.448 235.932 -890.94,
				-170.448 235.932 -890.94,
			]
		}
		coordIndex [
			0, 1, -1
		]
	}
}
#---------- POLYLINE
Shape {
	appearance Appearance {
		material Material {
			diffuseColor 1 0 0
			emissiveColor 1 0 0
		}
	}
	geometry IndexedLineSet {
		coord Coordinate {
			point [
				-170.448 235.932 -890.94,
				-170.448 235.932 -890.94,
			]
		}
		coordIndex [
			0, 1, -1
		]
	}
}
#---------- POLYLINE
Shape {
	appearance Appearance {
		material Material {
			diffuseColor 1 0 0
			emissiveColor 1 0 0
		}
	}
	geometry IndexedLineSet {
		coord Coordinate {
			point [
				-170.448 235.932 -890.94,
				-170.448 235.932 -890.94,
			]
		}
		coordIndex [
			0, 1, -1
		]
	}
}
#---------- POLYLINE
Shape {
	appearance Appearance {
		material Material {
			diffuseColor 1 0 0
			emissiveColor 1 0 0
		}
	}
	geometry IndexedLineSet {
		coord Coordinate {
			point [
				-170.448 235.932 -890.94,
				-170.448 235.932 -890.94,
			]
		}
		coordIndex [
			0, 1, -1
		]
	}
}
#---------- POLYLINE
Shape {
	appearance Appearance {
		material Material {
			diffuseColor 1 0 0
			emissiveColor 1 0 0
		}
	}
	geometry IndexedLineSet {
		coord Coordinate {
			point [
				-170.448 235.932 -890.94,
				-170.448 235.932 -890.94,
			]
		}
		coordIndex [
			0, 1, -1
		]
	}
}
#---------- POLYLINE
Shape {
	appearance Appearance {
		material Material {
			diffuseColor 1 0 0
			emissiveColor 1 0 0
		}
	}
	geometry IndexedLineSet {
		coord Coordinate {
			point [
				-170.448 235.932 -890.94,
				-170.448 235.932 -890.94,
			]
		}
		coordIndex [
			0, 1, -1
		]
	}
}
#---------- POLYLINE
Shape {
	appearance Appearance {
		material Material {
			diffuseColor 1 0 0
			emissiveColor 1 0 0
		}
	}
	geometry IndexedLineSet {
		coord Coordinate {
			point [
				-170.448 235.932 -890.94,
				-170.449 235.932 -890.94,
			]
		}
		coordIndex [
			0, 1, -1
		]
	}
}
#---------- POLYLINE
Shape {
	appearance Appearance {
		material Material {
			diffuseColor 0 1 0
			emissiveColor 0 1 0
		}
	}
	geometry IndexedLineSet {
		coord Coordinate {
			point [
				-170.448 235.932 -890.94,
				-170.441 236.028 -890.928,
			]
		}
		coordIndex [
			0, 1, -1
		]
	}
}
#---------- POLYLINE
Shape {
	appearance Appearance {
		material Material {
			diffuseColor 1 0 0
			emissiveColor 1 0 0
		}
	}
	geometry IndexedLineSet {
		coord Coordinate {
			point [
				-170.441 236.028 -890.928,
				-170.441 236.028 -890.928,
			]
		}
		coordIndex [
			0, 1, -1
		]
	}
}
#---------- POLYLINE
Shape {
	appearance Appearance {
		material Material {
			diffuseColor 1 0 0
			emissiveColor 1 0 0
		}
	}
	geometry IndexedLineSet {
		coord Coordinate {
			point [
				-170.441 236.028 -890.928,
				-170.441 236.028 -890.928,
			]
		}
		coordIndex [
			0, 1, -1
		]
	}
}
#---------- POLYLINE
Shape {
	appearance Appearance {
		material Material {
			diffuseColor 1 0 0
			emissiveColor 1 0 0
		}
	}
	geometry IndexedLineSet {
		coord Coordinate {
			point [
				-170.441 236.028 -890.928,
				-170.441 236.028 -890.928,
			]
		}
		coordIndex [
			0, 1, -1
		]
	}
}
#---------- POLYLINE
Shape {
	appearance Appearance {
		material Material {
			diffuseColor 1 0 0
			emissiveColor 1 0 0
		}
	}
	geometry IndexedLineSet {
		coord Coordinate {
			point [
				-170.441 236.028 -890.928,
				-170.441 236.028 -890.928,
			]
		}
		coordIndex [
			0, 1, -1
		]
	}
}
#---------- POLYLINE
Shape {
	appearance Appearance {
		material Material {
			diffuseColor 1 0 0
			emissiveColor 1 0 0
		}
	}
	geometry IndexedLineSet {
		coord Coordinate {
			point [
				-170.441 236.028 -890.928,
				-170.441 236.028 -890.928,
			]
		}
		coordIndex [
			0, 1, -1
		]
	}
}
#---------- POLYLINE
Shape {
	appearance Appearance {
		material Material {
			diffuseColor 1 0 0
			emissiveColor 1 0 0
		}
	}
	geometry IndexedLineSet {
		coord Coordinate {
			point [
				-170.441 236.028 -890.928,
				-170.441 236.028 -890.928,
			]
		}
		coordIndex [
			0, 1, -1
		]
	}
}
#---------- POLYLINE
Shape {
	appearance Appearance {
		material Material {
			diffuseColor 1 0 0
			emissiveColor 1 0 0
		}
	}
	geometry IndexedLineSet {
		coord Coordinate {
			point [
				-170.441 236.028 -890.928,
				-170.441 236.028 -890.928,
			]
		}
		coordIndex [
			0, 1, -1
		]
	}
}
#---------- POLYLINE
Shape {
	appearance Appearance {
		material Material {
			diffuseColor 1 0 0
			emissiveColor 1 0 0
		}
	}
	geometry IndexedLineSet {
		coord Coordinate {
			point [
				-170.441 236.028 -890.928,
				-170.441 236.028 -890.928,
			]
		}
		coordIndex [
			0, 1, -1
		]
	}
}
#---------- POLYLINE
Shape {
	appearance Appearance {
		material Material {
			diffuseColor 1 0 0
			emissiveColor 1 0 0
		}
	}
	geometry IndexedLineSet {
		coord Coordinate {
			point [
				-170.441 236.028 -890.928,
				-170.441 236.028 -890.928,
			]
		}
		coordIndex [
			0, 1, -1
		]
	}
}
#---------- POLYLINE
Shape {
	appearance Appearance {
		material Material {
			diffuseColor 1 0 0
			emissiveColor 1 0 0
		}
	}
	geometry IndexedLineSet {
		coord Coordinate {
			point [
				-170.441 236.028 -890.928,
				-170.441 236.028 -890.928,
			]
		}
		coordIndex [
			0, 1, -1
		]
	}
}
#---------- POLYLINE
Shape {
	appearance Appearance {
		material Material {
			diffuseColor 1 0 0
			emissiveColor 1 0 0
		}
	}
	geometry IndexedLineSet {
		coord Coordinate {
			point [
				-170.441 236.028 -890.928,
				-170.441 236.028 -890.928,
			]
		}
		coordIndex [
			0, 1, -1
		]
	}
}
#---------- POLYLINE
Shape {
	appearance Appearance {
		material Material {
			diffuseColor 1 0 0
			emissiveColor 1 0 0
		}
	}
	geometry IndexedLineSet {
		coord Coordinate {
			point [
				-170.441 236.028 -890.928,
				-170.441 236.028 -890.928,
			]
		}
		coordIndex [
			0, 1, -1
		]
	}
}
#---------- POLYLINE
Shape {
	appearance Appearance {
		material Material {
			diffuseColor 1 0 0
			emissiveColor 1 0 0
		}
	}
	geometry IndexedLineSet {
		coord Coordinate {
			point [
				-170.441 236.028 -890.928,
				-170.441 236.028 -890.928,
			]
		}
		coordIndex [
			0, 1, -1
		]
	}
}
#---------- POLYLINE
Shape {
	appearance Appearance {
		material Material {
			diffuseColor 0 1 0
			emissiveColor 0 1 0
		}
	}
	geometry IndexedLineSet {
		coord Coordinate {
			point [
				-170.441 236.028 -890.928,
				-170.441 236.029 -890.93,
			]
		}
		coordIndex [
			0, 1, -1
		]
	}
}
#---------- POLYLINE
Shape {
	appearance Appearance {
		material Material {
			diffuseColor 1 0 0
			emissiveColor 1 0 0
		}
	}
	geometry IndexedLineSet {
		coord Coordinate {
			point [
				-170.441 236.029 -890.93,
				-170.441 236.029 -890.93,
			]
		}
		coordIndex [
			0, 1, -1
		]
	}
}
#---------- POLYLINE
Shape {
	appearance Appearance {
		material Material {
			diffuseColor 1 0 0
			emissiveColor 1 0 0
		}
	}
	geometry IndexedLineSet {
		coord Coordinate {
			point [
				-170.441 236.029 -890.93,
				-170.441 236.029 -890.93,
			]
		}
		coordIndex [
			0, 1, -1
		]
	}
}
#---------- POLYLINE
Shape {
	appearance Appearance {
		material Material {
			diffuseColor 1 0 0
			emissiveColor 1 0 0
		}
	}
	geometry IndexedLineSet {
		coord Coordinate {
			point [
				-170.441 236.029 -890.93,
				-170.441 236.029 -890.93,
			]
		}
		coordIndex [
			0, 1, -1
		]
	}
}
#---------- POLYLINE
Shape {
	appearance Appearance {
		material Material {
			diffuseColor 1 0 0
			emissiveColor 1 0 0
		}
	}
	geometry IndexedLineSet {
		coord Coordinate {
			point [
				-170.441 236.029 -890.93,
				-170.441 236.029 -890.93,
			]
		}
		coordIndex [
			0, 1, -1
		]
	}
}
#---------- POLYLINE
Shape {
	appearance Appearance {
		material Material {
			diffuseColor 1 0 0
			emissiveColor 1 0 0
		}
	}
	geometry IndexedLineSet {
		coord Coordinate {
			point [
				-170.441 236.029 -890.93,
				-170.441 236.029 -890.93,
			]
		}
		coordIndex [
			0, 1, -1
		]
	}
}
#---------- POLYLINE
Shape {
	appearance Appearance {
		material Material {
			diffuseColor 1 0 0
			emissiveColor 1 0 0
		}
	}
	geometry IndexedLineSet {
		coord Coordinate {
			point [
				-170.441 236.029 -890.93,
				-170.441 236.029 -890.93,
			]
		}
		coordIndex [
			0, 1, -1
		]
	}
}
#---------- POLYLINE
Shape {
	appearance Appearance {
		material Material {
			diffuseColor 1 0 0
			emissiveColor 1 0 0
		}
	}
	geometry IndexedLineSet {
		coord Coordinate {
			point [
				-170.441 236.029 -890.93,
				-170.441 236.029 -890.93,
			]
		}
		coordIndex [
			0, 1, -1
		]
	}
}
#---------- POLYLINE
Shape {
	appearance Appearance {
		material Material {
			diffuseColor 1 0 0
			emissiveColor 1 0 0
		}
	}
	geometry IndexedLineSet {
		coord Coordinate {
			point [
				-170.441 236.029 -890.93,
				-170.441 236.029 -890.93,
			]
		}
		coordIndex [
			0, 1, -1
		]
	}
}
#---------- POLYLINE
Shape {
	appearance Appearance {
		material Material {
			diffuseColor 1 0 0
			emissiveColor 1 0 0
		}
	}
	geometry IndexedLineSet {
		coord Coordinate {
			point [
				-170.441 236.028 -890.928,
				-170.441 236.028 -890.928,
			]
		}
		coordIndex [
			0, 1, -1
		]
	}
}
#---------- POLYLINE
Shape {
	appearance Appearance {
		material Material {
			diffuseColor 1 0 0
			emissiveColor 1 0 0
		}
	}
	geometry IndexedLineSet {
		coord Coordinate {
			point [
				-170.441 236.028 -890.928,
				-170.442 236.028 -890.928,
			]
		}
		coordIndex [
			0, 1, -1
		]
	}
}
#---------- POLYLINE
Shape {
	appearance Appearance {
		material Material {
			diffuseColor 1 0 0
			emissiveColor 1 0 0
		}
	}
	geometry IndexedLineSet {
		coord Coordinate {
			point [
				-170.448 235.932 -890.94,
				-170.45 235.939 -890.943,
				-170.452 235.939 -890.943,
			]
		}
		coordIndex [
			0, 1, 2, -1
		]
	}
}
#---------- POLYLINE
Shape {
	appearance Appearance {
		material Material {
			diffuseColor 1 0 0
			emissiveColor 1 0 0
		}
	}
	geometry IndexedLineSet {
		coord Coordinate {
			point [
				-170.247 235.657 -890.087,
				-170.247 235.657 -890.087,
			]
		}
		coordIndex [
			0, 1, -1
		]
	}
}
#---------- POLYLINE
Shape {
	appearance Appearance {
		material Material {
			diffuseColor 0 1 0
			emissiveColor 0 1 0
		}
	}
	geometry IndexedLineSet {
		coord Coordinate {
			point [
				-170.696 234.613 -888.595,
				-170.44 238.467 -889.885,
			]
		}
		coordIndex [
			0, 1, -1
		]
	}
}
#---------- POLYLINE
Shape {
	appearance Appearance {
		material Material {
			diffuseColor 0 0 1
			emissiveColor 0 0 1
		}
	}
	geometry IndexedLineSet {
		coord Coordinate {
			point [
				-170.44 238.467 -889.885,
				-170.433 238.526 -889.927,
				-170.421 238.51 -889.919,
			]
		}
		coordIndex [
			0, 1, 2, -1
		]
	}
}
#---------- POLYLINE
Shape {
	appearance Appearance {
		material Material {
			diffuseColor 0 1 0
			emissiveColor 0 1 0
		}
	}
	geometry IndexedLineSet {
		coord Coordinate {
			point [
				-170.421 238.51 -889.919,
				-169.722 234.918 -890.249,
				-167.243 234.742 -889.663,
				-167.157 234.717 -889.591,
			]
		}
		coordIndex [
			0, 1, 2, 3, -1
		]
	}
}
#---------- POLYLINE
Shape {
	appearance Appearance {
		material Material {
			diffuseColor 1 0 0
			emissiveColor 1 0 0
		}
	}
	geometry IndexedLineSet {
		coord Coordinate {
			point [
				-167.157 234.717 -889.591,
				-167.157 234.717 -889.591,
			]
		}
		coordIndex [
			0, 1, -1
		]
	}
}
#---------- POLYLINE
Shape {
	appearance Appearance {
		material Material {
			diffuseColor 1 0 0
			emissiveColor 1 0 0
		}
	}
	geometry IndexedLineSet {
		coord Coordinate {
			point [
				-167.157 234.717 -889.591,
				-167.157 234.717 -889.591,
			]
		}
		coordIndex [
			0, 1, -1
		]
	}
}
#---------- POLYLINE
Shape {
	appearance Appearance {
		material Material {
			diffuseColor 1 0 0
			emissiveColor 1 0 0
		}
	}
	geometry IndexedLineSet {
		coord Coordinate {
			point [
				-167.157 234.717 -889.591,
				-167.157 234.717 -889.591,
			]
		}
		coordIndex [
			0, 1, -1
		]
	}
}
#---------- POLYLINE
Shape {
	appearance Appearance {
		material Material {
			diffuseColor 1 0 0
			emissiveColor 1 0 0
		}
	}
	geometry IndexedLineSet {
		coord Coordinate {
			point [
				-167.157 234.717 -889.591,
				-167.157 234.717 -889.591,
			]
		}
		coordIndex [
			0, 1, -1
		]
	}
}
#---------- POLYLINE
Shape {
	appearance Appearance {
		material Material {
			diffuseColor 1 0 0
			emissiveColor 1 0 0
		}
	}
	geometry IndexedLineSet {
		coord Coordinate {
			point [
				-167.157 234.717 -889.591,
				-167.157 234.717 -889.591,
			]
		}
		coordIndex [
			0, 1, -1
		]
	}
}
#---------- POLYLINE
Shape {
	appearance Appearance {
		material Material {
			diffuseColor 1 0 0
			emissiveColor 1 0 0
		}
	}
	geometry IndexedLineSet {
		coord Coordinate {
			point [
				-167.157 234.717 -889.591,
				-167.157 234.717 -889.591,
			]
		}
		coordIndex [
			0, 1, -1
		]
	}
}
#---------- POLYLINE
Shape {
	appearance Appearance {
		material Material {
			diffuseColor 1 0 0
			emissiveColor 1 0 0
		}
	}
	geometry IndexedLineSet {
		coord Coordinate {
			point [
				-167.157 234.717 -889.591,
				-167.157 234.717 -889.591,
			]
		}
		coordIndex [
			0, 1, -1
		]
	}
}
#---------- POLYLINE
Shape {
	appearance Appearance {
		material Material {
			diffuseColor 1 0 0
			emissiveColor 1 0 0
		}
	}
	geometry IndexedLineSet {
		coord Coordinate {
			point [
				-167.157 234.717 -889.591,
				-167.157 234.717 -889.591,
			]
		}
		coordIndex [
			0, 1, -1
		]
	}
}
#---------- POLYLINE
Shape {
	appearance Appearance {
		material Material {
			diffuseColor 1 0 0
			emissiveColor 1 0 0
		}
	}
	geometry IndexedLineSet {
		coord Coordinate {
			point [
				-167.157 234.717 -889.591,
				-167.157 234.717 -889.591,
			]
		}
		coordIndex [
			0, 1, -1
		]
	}
}
#---------- POLYLINE
Shape {
	appearance Appearance {
		material Material {
			diffuseColor 1 0 0
			emissiveColor 1 0 0
		}
	}
	geometry IndexedLineSet {
		coord Coordinate {
			point [
				-167.157 234.717 -889.591,
				-167.157 234.717 -889.591,
			]
		}
		coordIndex [
			0, 1, -1
		]
	}
}
#---------- POLYLINE
Shape {
	appearance Appearance {
		material Material {
			diffuseColor 1 0 0
			emissiveColor 1 0 0
		}
	}
	geometry IndexedLineSet {
		coord Coordinate {
			point [
				-167.157 234.717 -889.591,
				-167.157 234.717 -889.591,
			]
		}
		coordIndex [
			0, 1, -1
		]
	}
}
#---------- POLYLINE
Shape {
	appearance Appearance {
		material Material {
			diffuseColor 0 1 0
			emissiveColor 0 1 0
		}
	}
	geometry IndexedLineSet {
		coord Coordinate {
			point [
				-167.157 234.717 -889.591,
				-167.161 234.722 -889.595,
			]
		}
		coordIndex [
			0, 1, -1
		]
	}
}
#---------- POLYLINE
Shape {
	appearance Appearance {
		material Material {
			diffuseColor 1 0 0
			emissiveColor 1 0 0
		}
	}
	geometry IndexedLineSet {
		coord Coordinate {
			point [
				-167.161 234.722 -889.595,
				-167.161 234.722 -889.595,
			]
		}
		coordIndex [
			0, 1, -1
		]
	}
}
#---------- POLYLINE
Shape {
	appearance Appearance {
		material Material {
			diffuseColor 1 0 0
			emissiveColor 1 0 0
		}
	}
	geometry IndexedLineSet {
		coord Coordinate {
			point [
				-167.161 234.722 -889.595,
				-167.161 234.722 -889.595,
			]
		}
		coordIndex [
			0, 1, -1
		]
	}
}
#---------- POLYLINE
Shape {
	appearance Appearance {
		material Material {
			diffuseColor 1 0 0
			emissiveColor 1 0 0
		}
	}
	geometry IndexedLineSet {
		coord Coordinate {
			point [
				-167.161 234.722 -889.595,
				-167.161 234.722 -889.595,
			]
		}
		coordIndex [
			0, 1, -1
		]
	}
}
#---------- POLYLINE
Shape {
	appearance Appearance {
		material Material {
			diffuseColor 1 0 0
			emissiveColor 1 0 0
		}
	}
	geometry IndexedLineSet {
		coord Coordinate {
			point [
				-167.161 234.722 -889.595,
				-167.161 234.722 -889.595,
			]
		}
		coordIndex [
			0, 1, -1
		]
	}
}
#---------- POLYLINE
Shape {
	appearance Appearance {
		material Material {
			diffuseColor 1 0 0
			emissiveColor 1 0 0
		}
	}
	geometry IndexedLineSet {
		coord Coordinate {
			point [
				-167.161 234.722 -889.595,
				-167.161 234.722 -889.595,
			]
		}
		coordIndex [
			0, 1, -1
		]
	}
}
#---------- POLYLINE
Shape {
	appearance Appearance {
		material Material {
			diffuseColor 1 0 0
			emissiveColor 1 0 0
		}
	}
	geometry IndexedLineSet {
		coord Coordinate {
			point [
				-167.161 234.722 -889.595,
				-167.161 234.722 -889.595,
			]
		}
		coordIndex [
			0, 1, -1
		]
	}
}
#---------- POLYLINE
Shape {
	appearance Appearance {
		material Material {
			diffuseColor 1 0 0
			emissiveColor 1 0 0
		}
	}
	geometry IndexedLineSet {
		coord Coordinate {
			point [
				-167.161 234.722 -889.595,
				-167.161 234.722 -889.595,
			]
		}
		coordIndex [
			0, 1, -1
		]
	}
}
#---------- POLYLINE
Shape {
	appearance Appearance {
		material Material {
			diffuseColor 1 0 0
			emissiveColor 1 0 0
		}
	}
	geometry IndexedLineSet {
		coord Coordinate {
			point [
				-167.161 234.722 -889.595,
				-167.161 234.722 -889.595,
			]
		}
		coordIndex [
			0, 1, -1
		]
	}
}
#---------- POLYLINE
Shape {
	appearance Appearance {
		material Material {
			diffuseColor 1 0 0
			emissiveColor 1 0 0
		}
	}
	geometry IndexedLineSet {
		coord Coordinate {
			point [
				-167.161 234.722 -889.595,
				-167.161 234.722 -889.595,
			]
		}
		coordIndex [
			0, 1, -1
		]
	}
}
#---------- POLYLINE
Shape {
	appearance Appearance {
		material Material {
			diffuseColor 1 0 0
			emissiveColor 1 0 0
		}
	}
	geometry IndexedLineSet {
		coord Coordinate {
			point [
				-167.161 234.722 -889.595,
				-167.161 234.722 -889.595,
			]
		}
		coordIndex [
			0, 1, -1
		]
	}
}
#---------- POLYLINE
Shape {
	appearance Appearance {
		material Material {
			diffuseColor 0 1 0
			emissiveColor 0 1 0
		}
	}
	geometry IndexedLineSet {
		coord Coordinate {
			point [
				-167.157 234.717 -889.591,
				-166.64 234.713 -889.781,
			]
		}
		coordIndex [
			0, 1, -1
		]
	}
}
#---------- POLYLINE
Shape {
	appearance Appearance {
		material Material {
			diffuseColor 1 0 0
			emissiveColor 1 0 0
		}
	}
	geometry IndexedLineSet {
		coord Coordinate {
			point [
				-166.64 234.713 -889.781,
				-166.64 234.713 -889.781,
			]
		}
		coordIndex [
			0, 1, -1
		]
	}
}
#---------- POLYLINE
Shape {
	appearance Appearance {
		material Material {
			diffuseColor 1 0 0
			emissiveColor 1 0 0
		}
	}
	geometry IndexedLineSet {
		coord Coordinate {
			point [
				-166.64 234.713 -889.781,
				-166.64 234.713 -889.781,
			]
		}
		coordIndex [
			0, 1, -1
		]
	}
}
#---------- POLYLINE
Shape {
	appearance Appearance {
		material Material {
			diffuseColor 1 0 0
			emissiveColor 1 0 0
		}
	}
	geometry IndexedLineSet {
		coord Coordinate {
			point [
				-166.64 234.713 -889.781,
				-166.64 234.713 -889.781,
			]
		}
		coordIndex [
			0, 1, -1
		]
	}
}
#---------- POLYLINE
Shape {
	appearance Appearance {
		material Material {
			diffuseColor 1 0 0
			emissiveColor 1 0 0
		}
	}
	geometry IndexedLineSet {
		coord Coordinate {
			point [
				-166.64 234.713 -889.781,
				-166.64 234.713 -889.781,
			]
		}
		coordIndex [
			0, 1, -1
		]
	}
}
#---------- POLYLINE
Shape {
	appearance Appearance {
		material Material {
			diffuseColor 1 0 0
			emissiveColor 1 0 0
		}
	}
	geometry IndexedLineSet {
		coord Coordinate {
			point [
				-166.64 234.713 -889.781,
				-166.64 234.713 -889.781,
			]
		}
		coordIndex [
			0, 1, -1
		]
	}
}
#---------- POLYLINE
Shape {
	appearance Appearance {
		material Material {
			diffuseColor 1 0 0
			emissiveColor 1 0 0
		}
	}
	geometry IndexedLineSet {
		coord Coordinate {
			point [
				-166.64 234.713 -889.781,
				-166.64 234.713 -889.781,
			]
		}
		coordIndex [
			0, 1, -1
		]
	}
}
#---------- POLYLINE
Shape {
	appearance Appearance {
		material Material {
			diffuseColor 1 0 0
			emissiveColor 1 0 0
		}
	}
	geometry IndexedLineSet {
		coord Coordinate {
			point [
				-166.64 234.713 -889.781,
				-166.64 234.713 -889.781,
			]
		}
		coordIndex [
			0, 1, -1
		]
	}
}
#---------- POLYLINE
Shape {
	appearance Appearance {
		material Material {
			diffuseColor 1 0 0
			emissiveColor 1 0 0
		}
	}
	geometry IndexedLineSet {
		coord Coordinate {
			point [
				-166.64 234.713 -889.781,
			]
		}
		coordIndex [
			0, -1
		]
	}
}
#---------- POLYLINE
Shape {
	appearance Appearance {
		material Material {
			diffuseColor 1 0 0
			emissiveColor 1 0 0
		}
	}
	geometry IndexedLineSet {
		coord Coordinate {
			point [
				-166.64 234.713 -889.781,
				-166.64 234.713 -889.781,
			]
		}
		coordIndex [
			0, 1, -1
		]
	}
}
#---------- POLYLINE
Shape {
	appearance Appearance {
		material Material {
			diffuseColor 1 0 0
			emissiveColor 1 0 0
		}
	}
	geometry IndexedLineSet {
		coord Coordinate {
			point [
				-166.64 234.713 -889.781,
				-166.64 234.713 -889.781,
			]
		}
		coordIndex [
			0, 1, -1
		]
	}
}
#---------- POLYLINE
Shape {
	appearance Appearance {
		material Material {
			diffuseColor 1 0 0
			emissiveColor 1 0 0
		}
	}
	geometry IndexedLineSet {
		coord Coordinate {
			point [
				-166.64 234.713 -889.781,
				-166.64 234.713 -889.781,
			]
		}
		coordIndex [
			0, 1, -1
		]
	}
}
#---------- POLYLINE
Shape {
	appearance Appearance {
		material Material {
			diffuseColor 1 0 0
			emissiveColor 1 0 0
		}
	}
	geometry IndexedLineSet {
		coord Coordinate {
			point [
				-166.64 234.713 -889.781,
				-166.64 234.713 -889.781,
			]
		}
		coordIndex [
			0, 1, -1
		]
	}
}
#---------- POLYLINE
Shape {
	appearance Appearance {
		material Material {
			diffuseColor 1 0 0
			emissiveColor 1 0 0
		}
	}
	geometry IndexedLineSet {
		coord Coordinate {
			point [
				-166.64 234.713 -889.781,
				-166.64 234.713 -889.781,
			]
		}
		coordIndex [
			0, 1, -1
		]
	}
}
#---------- POLYLINE
Shape {
	appearance Appearance {
		material Material {
			diffuseColor 1 0 0
			emissiveColor 1 0 0
		}
	}
	geometry IndexedLineSet {
		coord Coordinate {
			point [
				-166.64 234.713 -889.781,
				-166.64 234.713 -889.781,
			]
		}
		coordIndex [
			0, 1, -1
		]
	}
}
#---------- POLYLINE
Shape {
	appearance Appearance {
		material Material {
			diffuseColor 1 0 0
			emissiveColor 1 0 0
		}
	}
	geometry IndexedLineSet {
		coord Coordinate {
			point [
				-166.64 234.713 -889.781,
				-166.639 234.712 -889.781,
			]
		}
		coordIndex [
			0, 1, -1
		]
	}
}
#---------- POLYLINE
Shape {
	appearance Appearance {
		material Material {
			diffuseColor 1 0 0
			emissiveColor 1 0 0
		}
	}
	geometry IndexedLineSet {
		coord Coordinate {
			point [
				-167.157 234.717 -889.591,
				-167.155 234.713 -889.589,
			]
		}
		coordIndex [
			0, 1, -1
		]
	}
}
#---------- POLYLINE
Shape {
	appearance Appearance {
		material Material {
			diffuseColor 1 0 0
			emissiveColor 1 0 0
		}
	}
	geometry IndexedLineSet {
		coord Coordinate {
			point [
				-167.243 234.742 -889.663,
				-167.243 234.742 -889.663,
			]
		}
		coordIndex [
			0, 1, -1
		]
	}
}
#---------- POLYLINE
Shape {
	appearance Appearance {
		material Material {
			diffuseColor 1 0 0
			emissiveColor 1 0 0
		}
	}
	geometry IndexedLineSet {
		coord Coordinate {
			point [
				-169.722 234.918 -890.249,
				-169.724 234.912 -890.25,
			]
		}
		coordIndex [
			0, 1, -1
		]
	}
}
#---------- POLYLINE
Shape {
	appearance Appearance {
		material Material {
			diffuseColor 0 1 0
			emissiveColor 0 1 0
		}
	}
	geometry IndexedLineSet {
		coord Coordinate {
			point [
				-170.421 238.51 -889.919,
				-170.721 240.053 -889.777,
			]
		}
		coordIndex [
			0, 1, -1
		]
	}
}
#---------- POLYLINE
Shape {
	appearance Appearance {
		material Material {
			diffuseColor 1 0 0
			emissiveColor 1 0 0
		}
	}
	geometry IndexedLineSet {
		coord Coordinate {
			point [
				-170.721 240.053 -889.777,
				-170.721 240.053 -889.777,
			]
		}
		coordIndex [
			0, 1, -1
		]
	}
}
#---------- POLYLINE
Shape {
	appearance Appearance {
		material Material {
			diffuseColor 1 0 0
			emissiveColor 1 0 0
		}
	}
	geometry IndexedLineSet {
		coord Coordinate {
			point [
				-170.721 240.053 -889.777,
				-170.721 240.053 -889.777,
			]
		}
		coordIndex [
			0, 1, -1
		]
	}
}
#---------- POLYLINE
Shape {
	appearance Appearance {
		material Material {
			diffuseColor 1 0 0
			emissiveColor 1 0 0
		}
	}
	geometry IndexedLineSet {
		coord Coordinate {
			point [
				-170.721 240.053 -889.777,
				-170.721 240.053 -889.777,
			]
		}
		coordIndex [
			0, 1, -1
		]
	}
}
#---------- POLYLINE
Shape {
	appearance Appearance {
		material Material {
			diffuseColor 1 0 0
			emissiveColor 1 0 0
		}
	}
	geometry IndexedLineSet {
		coord Coordinate {
			point [
				-170.721 240.053 -889.777,
				-170.721 240.053 -889.777,
			]
		}
		coordIndex [
			0, 1, -1
		]
	}
}
#---------- POLYLINE
Shape {
	appearance Appearance {
		material Material {
			diffuseColor 1 0 0
			emissiveColor 1 0 0
		}
	}
	geometry IndexedLineSet {
		coord Coordinate {
			point [
				-170.721 240.053 -889.777,
				-170.721 240.053 -889.777,
			]
		}
		coordIndex [
			0, 1, -1
		]
	}
}
#---------- POLYLINE
Shape {
	appearance Appearance {
		material Material {
			diffuseColor 1 0 0
			emissiveColor 1 0 0
		}
	}
	geometry IndexedLineSet {
		coord Coordinate {
			point [
				-170.721 240.053 -889.777,
				-170.721 240.053 -889.777,
			]
		}
		coordIndex [
			0, 1, -1
		]
	}
}
#---------- POLYLINE
Shape {
	appearance Appearance {
		material Material {
			diffuseColor 1 0 0
			emissiveColor 1 0 0
		}
	}
	geometry IndexedLineSet {
		coord Coordinate {
			point [
				-170.721 240.053 -889.777,
				-170.721 240.053 -889.777,
			]
		}
		coordIndex [
			0, 1, -1
		]
	}
}
#---------- POLYLINE
Shape {
	appearance Appearance {
		material Material {
			diffuseColor 1 0 0
			emissiveColor 1 0 0
		}
	}
	geometry IndexedLineSet {
		coord Coordinate {
			point [
				-170.721 240.053 -889.777,
				-170.721 240.053 -889.777,
			]
		}
		coordIndex [
			0, 1, -1
		]
	}
}
#---------- POLYLINE
Shape {
	appearance Appearance {
		material Material {
			diffuseColor 1 0 0
			emissiveColor 1 0 0
		}
	}
	geometry IndexedLineSet {
		coord Coordinate {
			point [
				-170.721 240.053 -889.777,
				-170.721 240.053 -889.777,
			]
		}
		coordIndex [
			0, 1, -1
		]
	}
}
#---------- POLYLINE
Shape {
	appearance Appearance {
		material Material {
			diffuseColor 1 0 0
			emissiveColor 1 0 0
		}
	}
	geometry IndexedLineSet {
		coord Coordinate {
			point [
				-170.721 240.053 -889.777,
				-170.721 240.053 -889.777,
			]
		}
		coordIndex [
			0, 1, -1
		]
	}
}
#---------- POLYLINE
Shape {
	appearance Appearance {
		material Material {
			diffuseColor 1 0 0
			emissiveColor 1 0 0
		}
	}
	geometry IndexedLineSet {
		coord Coordinate {
			point [
				-170.721 240.053 -889.777,
				-170.721 240.053 -889.777,
			]
		}
		coordIndex [
			0, 1, -1
		]
	}
}
#---------- POLYLINE
Shape {
	appearance Appearance {
		material Material {
			diffuseColor 0 1 0
			emissiveColor 0 1 0
		}
	}
	geometry IndexedLineSet {
		coord Coordinate {
			point [
				-170.721 240.053 -889.777,
				-171.049 239.993 -890.365,
				-171.18 240.008 -890.571,
			]
		}
		coordIndex [
			0, 1, 2, -1
		]
	}
}
#---------- POLYLINE
Shape {
	appearance Appearance {
		material Material {
			diffuseColor 1 0 0
			emissiveColor 1 0 0
		}
	}
	geometry IndexedLineSet {
		coord Coordinate {
			point [
				-171.18 240.008 -890.571,
				-171.18 240.008 -890.571,
			]
		}
		coordIndex [
			0, 1, -1
		]
	}
}
#---------- POLYLINE
Shape {
	appearance Appearance {
		material Material {
			diffuseColor 1 0 0
			emissiveColor 1 0 0
		}
	}
	geometry IndexedLineSet {
		coord Coordinate {
			point [
				-171.18 240.008 -890.571,
				-171.18 240.008 -890.571,
			]
		}
		coordIndex [
			0, 1, -1
		]
	}
}
#---------- POLYLINE
Shape {
	appearance Appearance {
		material Material {
			diffuseColor 1 0 0
			emissiveColor 1 0 0
		}
	}
	geometry IndexedLineSet {
		coord Coordinate {
			point [
				-171.18 240.008 -890.571,
				-171.18 240.008 -890.571,
			]
		}
		coordIndex [
			0, 1, -1
		]
	}
}
#---------- POLYLINE
Shape {
	appearance Appearance {
		material Material {
			diffuseColor 1 0 0
			emissiveColor 1 0 0
		}
	}
	geometry IndexedLineSet {
		coord Coordinate {
			point [
				-171.18 240.008 -890.571,
				-171.18 240.008 -890.571,
			]
		}
		coordIndex [
			0, 1, -1
		]
	}
}
#---------- POLYLINE
Shape {
	appearance Appearance {
		material Material {
			diffuseColor 1 0 0
			emissiveColor 1 0 0
		}
	}
	geometry IndexedLineSet {
		coord Coordinate {
			point [
				-171.18 240.008 -890.571,
				-171.18 240.008 -890.571,
			]
		}
		coordIndex [
			0, 1, -1
		]
	}
}
#---------- POLYLINE
Shape {
	appearance Appearance {
		material Material {
			diffuseColor 1 0 0
			emissiveColor 1 0 0
		}
	}
	geometry IndexedLineSet {
		coord Coordinate {
			point [
				-171.18 240.008 -890.571,
				-171.18 240.008 -890.571,
			]
		}
		coordIndex [
			0, 1, -1
		]
	}
}
#---------- POLYLINE
Shape {
	appearance Appearance {
		material Material {
			diffuseColor 1 0 0
			emissiveColor 1 0 0
		}
	}
	geometry IndexedLineSet {
		coord Coordinate {
			point [
				-171.18 240.008 -890.571,
				-171.18 240.008 -890.571,
			]
		}
		coordIndex [
			0, 1, -1
		]
	}
}
#---------- POLYLINE
Shape {
	appearance Appearance {
		material Material {
			diffuseColor 1 0 0
			emissiveColor 1 0 0
		}
	}
	geometry IndexedLineSet {
		coord Coordinate {
			point [
				-171.18 240.008 -890.571,
				-171.18 240.008 -890.571,
			]
		}
		coordIndex [
			0, 1, -1
		]
	}
}
#---------- POLYLINE
Shape {
	appearance Appearance {
		material Material {
			diffuseColor 1 0 0
			emissiveColor 1 0 0
		}
	}
	geometry IndexedLineSet {
		coord Coordinate {
			point [
				-171.18 240.008 -890.571,
				-171.18 240.008 -890.571,
			]
		}
		coordIndex [
			0, 1, -1
		]
	}
}
#---------- POLYLINE
Shape {
	appearance Appearance {
		material Material {
			diffuseColor 1 0 0
			emissiveColor 1 0 0
		}
	}
	geometry IndexedLineSet {
		coord Coordinate {
			point [
				-171.18 240.008 -890.571,
				-171.18 240.008 -890.571,
			]
		}
		coordIndex [
			0, 1, -1
		]
	}
}
#---------- POLYLINE
Shape {
	appearance Appearance {
		material Material {
			diffuseColor 1 0 0
			emissiveColor 1 0 0
		}
	}
	geometry IndexedLineSet {
		coord Coordinate {
			point [
				-171.18 240.008 -890.571,
				-171.18 240.008 -890.571,
			]
		}
		coordIndex [
			0, 1, -1
		]
	}
}
#---------- POLYLINE
Shape {
	appearance Appearance {
		material Material {
			diffuseColor 1 0 0
			emissiveColor 1 0 0
		}
	}
	geometry IndexedLineSet {
		coord Coordinate {
			point [
				-171.18 240.008 -890.571,
				-171.18 240.008 -890.571,
			]
		}
		coordIndex [
			0, 1, -1
		]
	}
}
#---------- POLYLINE
Shape {
	appearance Appearance {
		material Material {
			diffuseColor 1 0 0
			emissiveColor 1 0 0
		}
	}
	geometry IndexedLineSet {
		coord Coordinate {
			point [
				-171.18 240.008 -890.571,
				-171.18 240.008 -890.571,
			]
		}
		coordIndex [
			0, 1, -1
		]
	}
}
#---------- POLYLINE
Shape {
	appearance Appearance {
		material Material {
			diffuseColor 1 0 0
			emissiveColor 1 0 0
		}
	}
	geometry IndexedLineSet {
		coord Coordinate {
			point [
				-171.18 240.008 -890.571,
				-171.18 240.008 -890.571,
			]
		}
		coordIndex [
			0, 1, -1
		]
	}
}
#---------- POLYLINE
Shape {
	appearance Appearance {
		material Material {
			diffuseColor 1 0 0
			emissiveColor 1 0 0
		}
	}
	geometry IndexedLineSet {
		coord Coordinate {
			point [
				-171.18 240.008 -890.571,
				-171.18 240.008 -890.571,
			]
		}
		coordIndex [
			0, 1, -1
		]
	}
}
#---------- POLYLINE
Shape {
	appearance Appearance {
		material Material {
			diffuseColor 1 0 0
			emissiveColor 1 0 0
		}
	}
	geometry IndexedLineSet {
		coord Coordinate {
			point [
				-171.18 240.008 -890.571,
				-171.18 240.008 -890.571,
			]
		}
		coordIndex [
			0, 1, -1
		]
	}
}
#---------- POLYLINE
Shape {
	appearance Appearance {
		material Material {
			diffuseColor 1 0 0
			emissiveColor 1 0 0
		}
	}
	geometry IndexedLineSet {
		coord Coordinate {
			point [
				-171.18 240.008 -890.571,
				-171.181 240.008 -890.572,
			]
		}
		coordIndex [
			0, 1, -1
		]
	}
}
#---------- POLYLINE
Shape {
	appearance Appearance {
		material Material {
			diffuseColor 1 0 0
			emissiveColor 1 0 0
		}
	}
	geometry IndexedLineSet {
		coord Coordinate {
			point [
				-170.721 240.053 -889.777,
				-170.72 240.063 -889.765,
			]
		}
		coordIndex [
			0, 1, -1
		]
	}
}
#---------- POLYLINE
Shape {
	appearance Appearance {
		material Material {
			diffuseColor 0 1 0
			emissiveColor 0 1 0
		}
	}
	geometry IndexedLineSet {
		coord Coordinate {
			point [
				-170.433 238.526 -889.927,
				-170.387 238.435 -889.915,
				-170.132 238.066 -889.419,
				-169.172 237.34 -889.14,
			]
		}
		coordIndex [
			0, 1, 2, 3, -1
		]
	}
}
#---------- POLYLINE
Shape {
	appearance Appearance {
		material Material {
			diffuseColor 1 0 0
			emissiveColor 1 0 0
		}
	}
	geometry IndexedLineSet {
		coord Coordinate {
			point [
				-169.172 237.34 -889.14,
				-169.172 237.34 -889.14,
			]
		}
		coordIndex [
			0, 1, -1
		]
	}
}
#---------- POLYLINE
Shape {
	appearance Appearance {
		material Material {
			diffuseColor 1 0 0
			emissiveColor 1 0 0
		}
	}
	geometry IndexedLineSet {
		coord Coordinate {
			point [
				-169.172 237.34 -889.14,
				-169.172 237.34 -889.14,
			]
		}
		coordIndex [
			0, 1, -1
		]
	}
}
#---------- POLYLINE
Shape {
	appearance Appearance {
		material Material {
			diffuseColor 1 0 0
			emissiveColor 1 0 0
		}
	}
	geometry IndexedLineSet {
		coord Coordinate {
			point [
				-169.172 237.34 -889.14,
				-169.172 237.34 -889.14,
			]
		}
		coordIndex [
			0, 1, -1
		]
	}
}
#---------- POLYLINE
Shape {
	appearance Appearance {
		material Material {
			diffuseColor 1 0 0
			emissiveColor 1 0 0
		}
	}
	geometry IndexedLineSet {
		coord Coordinate {
			point [
				-169.172 237.34 -889.14,
				-169.172 237.34 -889.14,
			]
		}
		coordIndex [
			0, 1, -1
		]
	}
}
#---------- POLYLINE
Shape {
	appearance Appearance {
		material Material {
			diffuseColor 1 0 0
			emissiveColor 1 0 0
		}
	}
	geometry IndexedLineSet {
		coord Coordinate {
			point [
				-169.172 237.34 -889.14,
				-169.172 237.34 -889.14,
			]
		}
		coordIndex [
			0, 1, -1
		]
	}
}
#---------- POLYLINE
Shape {
	appearance Appearance {
		material Material {
			diffuseColor 1 0 0
			emissiveColor 1 0 0
		}
	}
	geometry IndexedLineSet {
		coord Coordinate {
			point [
				-169.172 237.34 -889.14,
				-169.172 237.34 -889.14,
			]
		}
		coordIndex [
			0, 1, -1
		]
	}
}
#---------- POLYLINE
Shape {
	appearance Appearance {
		material Material {
			diffuseColor 1 0 0
			emissiveColor 1 0 0
		}
	}
	geometry IndexedLineSet {
		coord Coordinate {
			point [
				-169.172 237.34 -889.14,
				-169.172 237.34 -889.14,
			]
		}
		coordIndex [
			0, 1, -1
		]
	}
}
#---------- POLYLINE
Shape {
	appearance Appearance {
		material Material {
			diffuseColor 1 0 0
			emissiveColor 1 0 0
		}
	}
	geometry IndexedLineSet {
		coord Coordinate {
			point [
				-169.172 237.34 -889.14,
				-169.172 237.34 -889.14,
			]
		}
		coordIndex [
			0, 1, -1
		]
	}
}
#---------- POLYLINE
Shape {
	appearance Appearance {
		material Material {
			diffuseColor 1 0 0
			emissiveColor 1 0 0
		}
	}
	geometry IndexedLineSet {
		coord Coordinate {
			point [
				-169.172 237.34 -889.14,
				-169.172 237.34 -889.14,
			]
		}
		coordIndex [
			0, 1, -1
		]
	}
}
#---------- POLYLINE
Shape {
	appearance Appearance {
		material Material {
			diffuseColor 0 1 0
			emissiveColor 0 1 0
		}
	}
	geometry IndexedLineSet {
		coord Coordinate {
			point [
				-169.172 237.34 -889.14,
				-169.153 237.336 -889.16,
			]
		}
		coordIndex [
			0, 1, -1
		]
	}
}
#---------- POLYLINE
Shape {
	appearance Appearance {
		material Material {
			diffuseColor 1 0 0
			emissiveColor 1 0 0
		}
	}
	geometry IndexedLineSet {
		coord Coordinate {
			point [
				-169.153 237.336 -889.16,
				-169.153 237.336 -889.16,
			]
		}
		coordIndex [
			0, 1, -1
		]
	}
}
#---------- POLYLINE
Shape {
	appearance Appearance {
		material Material {
			diffuseColor 1 0 0
			emissiveColor 1 0 0
		}
	}
	geometry IndexedLineSet {
		coord Coordinate {
			point [
				-169.153 237.336 -889.16,
				-169.153 237.336 -889.16,
			]
		}
		coordIndex [
			0, 1, -1
		]
	}
}
#---------- POLYLINE
Shape {
	appearance Appearance {
		material Material {
			diffuseColor 1 0 0
			emissiveColor 1 0 0
		}
	}
	geometry IndexedLineSet {
		coord Coordinate {
			point [
				-169.153 237.336 -889.16,
				-169.153 237.336 -889.16,
			]
		}
		coordIndex [
			0, 1, -1
		]
	}
}
#---------- POLYLINE
Shape {
	appearance Appearance {
		material Material {
			diffuseColor 1 0 0
			emissiveColor 1 0 0
		}
	}
	geometry IndexedLineSet {
		coord Coordinate {
			point [
				-169.153 237.336 -889.16,
				-169.153 237.336 -889.16,
			]
		}
		coordIndex [
			0, 1, -1
		]
	}
}
#---------- POLYLINE
Shape {
	appearance Appearance {
		material Material {
			diffuseColor 1 0 0
			emissiveColor 1 0 0
		}
	}
	geometry IndexedLineSet {
		coord Coordinate {
			point [
				-169.153 237.336 -889.16,
				-169.153 237.336 -889.16,
			]
		}
		coordIndex [
			0, 1, -1
		]
	}
}
#---------- POLYLINE
Shape {
	appearance Appearance {
		material Material {
			diffuseColor 1 0 0
			emissiveColor 1 0 0
		}
	}
	geometry IndexedLineSet {
		coord Coordinate {
			point [
				-169.153 237.336 -889.16,
				-169.153 237.336 -889.16,
			]
		}
		coordIndex [
			0, 1, -1
		]
	}
}
#---------- POLYLINE
Shape {
	appearance Appearance {
		material Material {
			diffuseColor 1 0 0
			emissiveColor 1 0 0
		}
	}
	geometry IndexedLineSet {
		coord Coordinate {
			point [
				-169.172 237.34 -889.14,
				-169.169 237.339 -889.142,
			]
		}
		coordIndex [
			0, 1, -1
		]
	}
}
#---------- POLYLINE
Shape {
	appearance Appearance {
		material Material {
			diffuseColor 1 0 0
			emissiveColor 1 0 0
		}
	}
	geometry IndexedLineSet {
		coord Coordinate {
			point [
				-170.132 238.066 -889.419,
				-170.132 238.066 -889.419,
			]
		}
		coordIndex [
			0, 1, -1
		]
	}
}
#---------- POLYLINE
Shape {
	appearance Appearance {
		material Material {
			diffuseColor 1 0 0
			emissiveColor 1 0 0
		}
	}
	geometry IndexedLineSet {
		coord Coordinate {
			point [
				-170.387 238.435 -889.915,
				-170.387 238.435 -889.915,
			]
		}
		coordIndex [
			0, 1, -1
		]
	}
}
#---------- POLYLINE
Shape {
	appearance Appearance {
		material Material {
			diffuseColor 1 0 0
			emissiveColor 1 0 0
		}
	}
	geometry IndexedLineSet {
		coord Coordinate {
			point [
				-170.44 238.467 -889.885,
				-170.439 238.472 -889.884,
			]
		}
		coordIndex [
			0, 1, -1
		]
	}
}
#---------- POLYLINE
Shape {
	appearance Appearance {
		material Material {
			diffuseColor 1 0 0
			emissiveColor 1 0 0
		}
	}
	geometry IndexedLineSet {
		coord Coordinate {
			point [
				-170.699 234.573 -888.57,
				-170.699 234.567 -888.57,
			]
		}
		coordIndex [
			0, 1, -1
		]
	}
}
#---------- POLYLINE
Shape {
	appearance Appearance {
		material Material {
			diffuseColor 0 1 0
			emissiveColor 0 1 0
		}
	}
	geometry IndexedLineSet {
		coord Coordinate {
			point [
				-171.745 223.33 -881.158,
				-169.564 245.787 -895.739,
			]
		}
		coordIndex [
			0, 1, -1
		]
	}
}
#---------- POLYLINE
Shape {
	appearance Appearance {
		material Material {
			diffuseColor 0 0 1
			emissiveColor 0 0 1
		}
	}
	geometry IndexedLineSet {
		coord Coordinate {
			point [
				-169.564 245.787 -895.739,
				-169.422 246.046 -896.035,
				-169.441 245.874 -896.557,
				-169.594 245.88 -896.491,
			]
		}
		coordIndex [
			0, 1, 2, 3, -1
		]
	}
}
#---------- POLYLINE
Shape {
	appearance Appearance {
		material Material {
			diffuseColor 0 1 0
			emissiveColor 0 1 0
		}
	}
	geometry IndexedLineSet {
		coord Coordinate {
			point [
				-169.594 245.88 -896.491,
				-170.325 253.866 -895.542,
			]
		}
		coordIndex [
			0, 1, -1
		]
	}
}
#---------- POLYLINE
Shape {
	appearance Appearance {
		material Material {
			diffuseColor 1 0 0
			emissiveColor 1 0 0
		}
	}
	geometry IndexedLineSet {
		coord Coordinate {
			point [
				-170.325 253.866 -895.542,
				-170.325 253.866 -895.542,
			]
		}
		coordIndex [
			0, 1, -1
		]
	}
}
#---------- POLYLINE
Shape {
	appearance Appearance {
		material Material {
			diffuseColor 1 0 0
			emissiveColor 1 0 0
		}
	}
	geometry IndexedLineSet {
		coord Coordinate {
			point [
				-170.325 253.866 -895.542,
				-170.325 253.866 -895.542,
			]
		}
		coordIndex [
			0, 1, -1
		]
	}
}
#---------- POLYLINE
Shape {
	appearance Appearance {
		material Material {
			diffuseColor 1 0 0
			emissiveColor 1 0 0
		}
	}
	geometry IndexedLineSet {
		coord Coordinate {
			point [
				-170.325 253.866 -895.542,
				-170.325 253.866 -895.542,
			]
		}
		coordIndex [
			0, 1, -1
		]
	}
}
#---------- POLYLINE
Shape {
	appearance Appearance {
		material Material {
			diffuseColor 1 0 0
			emissiveColor 1 0 0
		}
	}
	geometry IndexedLineSet {
		coord Coordinate {
			point [
				-170.325 253.866 -895.542,
				-170.325 253.866 -895.542,
			]
		}
		coordIndex [
			0, 1, -1
		]
	}
}
#---------- POLYLINE
Shape {
	appearance Appearance {
		material Material {
			diffuseColor 1 0 0
			emissiveColor 1 0 0
		}
	}
	geometry IndexedLineSet {
		coord Coordinate {
			point [
				-170.325 253.866 -895.542,
				-170.325 253.866 -895.542,
			]
		}
		coordIndex [
			0, 1, -1
		]
	}
}
#---------- POLYLINE
Shape {
	appearance Appearance {
		material Material {
			diffuseColor 1 0 0
			emissiveColor 1 0 0
		}
	}
	geometry IndexedLineSet {
		coord Coordinate {
			point [
				-170.325 253.866 -895.542,
				-170.325 253.866 -895.542,
			]
		}
		coordIndex [
			0, 1, -1
		]
	}
}
#---------- POLYLINE
Shape {
	appearance Appearance {
		material Material {
			diffuseColor 1 0 0
			emissiveColor 1 0 0
		}
	}
	geometry IndexedLineSet {
		coord Coordinate {
			point [
				-170.325 253.866 -895.542,
				-170.325 253.866 -895.542,
			]
		}
		coordIndex [
			0, 1, -1
		]
	}
}
#---------- POLYLINE
Shape {
	appearance Appearance {
		material Material {
			diffuseColor 1 0 0
			emissiveColor 1 0 0
		}
	}
	geometry IndexedLineSet {
		coord Coordinate {
			point [
				-170.325 253.866 -895.542,
				-170.325 253.866 -895.542,
			]
		}
		coordIndex [
			0, 1, -1
		]
	}
}
#---------- POLYLINE
Shape {
	appearance Appearance {
		material Material {
			diffuseColor 1 0 0
			emissiveColor 1 0 0
		}
	}
	geometry IndexedLineSet {
		coord Coordinate {
			point [
				-170.325 253.866 -895.542,
				-170.325 253.866 -895.542,
			]
		}
		coordIndex [
			0, 1, -1
		]
	}
}
#---------- POLYLINE
Shape {
	appearance Appearance {
		material Material {
			diffuseColor 1 0 0
			emissiveColor 1 0 0
		}
	}
	geometry IndexedLineSet {
		coord Coordinate {
			point [
				-170.325 253.866 -895.542,
				-170.325 253.866 -895.542,
			]
		}
		coordIndex [
			0, 1, -1
		]
	}
}
#---------- POLYLINE
Shape {
	appearance Appearance {
		material Material {
			diffuseColor 1 0 0
			emissiveColor 1 0 0
		}
	}
	geometry IndexedLineSet {
		coord Coordinate {
			point [
				-170.325 253.866 -895.542,
				-170.325 253.866 -895.542,
			]
		}
		coordIndex [
			0, 1, -1
		]
	}
}
#---------- POLYLINE
Shape {
	appearance Appearance {
		material Material {
			diffuseColor 1 0 0
			emissiveColor 1 0 0
		}
	}
	geometry IndexedLineSet {
		coord Coordinate {
			point [
				-170.325 253.866 -895.542,
				-170.319 253.886 -895.544,
			]
		}
		coordIndex [
			0, 1, -1
		]
	}
}
#---------- POLYLINE
Shape {
	appearance Appearance {
		material Material {
			diffuseColor 0 1 0
			emissiveColor 0 1 0
		}
	}
	geometry IndexedLineSet {
		coord Coordinate {
			point [
				-169.594 245.88 -896.491,
				-169.528 245.165 -896.577,
				-169.657 245.242 -896.405,
				-169.649 245.221 -896.451,
			]
		}
		coordIndex [
			0, 1, 2, 3, -1
		]
	}
}
#---------- POLYLINE
Shape {
	appearance Appearance {
		material Material {
			diffuseColor 1 0 0
			emissiveColor 1 0 0
		}
	}
	geometry IndexedLineSet {
		coord Coordinate {
			point [
				-169.649 245.221 -896.451,
				-169.649 245.221 -896.451,
			]
		}
		coordIndex [
			0, 1, -1
		]
	}
}
#---------- POLYLINE
Shape {
	appearance Appearance {
		material Material {
			diffuseColor 1 0 0
			emissiveColor 1 0 0
		}
	}
	geometry IndexedLineSet {
		coord Coordinate {
			point [
				-169.649 245.221 -896.451,
				-169.649 245.221 -896.451,
			]
		}
		coordIndex [
			0, 1, -1
		]
	}
}
#---------- POLYLINE
Shape {
	appearance Appearance {
		material Material {
			diffuseColor 1 0 0
			emissiveColor 1 0 0
		}
	}
	geometry IndexedLineSet {
		coord Coordinate {
			point [
				-169.649 245.221 -896.451,
				-169.649 245.221 -896.451,
			]
		}
		coordIndex [
			0, 1, -1
		]
	}
}
#---------- POLYLINE
Shape {
	appearance Appearance {
		material Material {
			diffuseColor 0 1 0
			emissiveColor 0 1 0
		}
	}
	geometry IndexedLineSet {
		coord Coordinate {
			point [
				-169.649 245.221 -896.451,
				-169.672 245.227 -896.47,
			]
		}
		coordIndex [
			0, 1, -1
		]
	}
}
#---------- POLYLINE
Shape {
	appearance Appearance {
		material Material {
			diffuseColor 1 0 0
			emissiveColor 1 0 0
		}
	}
	geometry IndexedLineSet {
		coord Coordinate {
			point [
				-169.672 245.227 -896.47,
				-169.672 245.227 -896.47,
			]
		}
		coordIndex [
			0, 1, -1
		]
	}
}
#---------- POLYLINE
Shape {
	appearance Appearance {
		material Material {
			diffuseColor 1 0 0
			emissiveColor 1 0 0
		}
	}
	geometry IndexedLineSet {
		coord Coordinate {
			point [
				-169.672 245.227 -896.47,
				-169.672 245.227 -896.47,
			]
		}
		coordIndex [
			0, 1, -1
		]
	}
}
#---------- POLYLINE
Shape {
	appearance Appearance {
		material Material {
			diffuseColor 1 0 0
			emissiveColor 1 0 0
		}
	}
	geometry IndexedLineSet {
		coord Coordinate {
			point [
				-169.672 245.227 -896.47,
				-169.672 245.227 -896.47,
			]
		}
		coordIndex [
			0, 1, -1
		]
	}
}
#---------- POLYLINE
Shape {
	appearance Appearance {
		material Material {
			diffuseColor 1 0 0
			emissiveColor 1 0 0
		}
	}
	geometry IndexedLineSet {
		coord Coordinate {
			point [
				-169.672 245.227 -896.47,
			]
		}
		coordIndex [
			0, -1
		]
	}
}
#---------- POLYLINE
Shape {
	appearance Appearance {
		material Material {
			diffuseColor 1 0 0
			emissiveColor 1 0 0
		}
	}
	geometry IndexedLineSet {
		coord Coordinate {
			point [
				-169.672 245.227 -896.47,
				-169.672 245.227 -896.47,
			]
		}
		coordIndex [
			0, 1, -1
		]
	}
}
#---------- POLYLINE
Shape {
	appearance Appearance {
		material Material {
			diffuseColor 1 0 0
			emissiveColor 1 0 0
		}
	}
	geometry IndexedLineSet {
		coord Coordinate {
			point [
				-169.672 245.227 -896.47,
				-169.672 245.227 -896.47,
			]
		}
		coordIndex [
			0, 1, -1
		]
	}
}
#---------- POLYLINE
Shape {
	appearance Appearance {
		material Material {
			diffuseColor 1 0 0
			emissiveColor 1 0 0
		}
	}
	geometry IndexedLineSet {
		coord Coordinate {
			point [
				-169.672 245.227 -896.47,
				-169.672 245.227 -896.47,
			]
		}
		coordIndex [
			0, 1, -1
		]
	}
}
#---------- POLYLINE
Shape {
	appearance Appearance {
		material Material {
			diffuseColor 1 0 0
			emissiveColor 1 0 0
		}
	}
	geometry IndexedLineSet {
		coord Coordinate {
			point [
				-169.672 245.227 -896.47,
				-169.672 245.227 -896.47,
			]
		}
		coordIndex [
			0, 1, -1
		]
	}
}
#---------- POLYLINE
Shape {
	appearance Appearance {
		material Material {
			diffuseColor 1 0 0
			emissiveColor 1 0 0
		}
	}
	geometry IndexedLineSet {
		coord Coordinate {
			point [
				-169.672 245.227 -896.47,
				-169.672 245.227 -896.47,
			]
		}
		coordIndex [
			0, 1, -1
		]
	}
}
#---------- POLYLINE
Shape {
	appearance Appearance {
		material Material {
			diffuseColor 1 0 0
			emissiveColor 1 0 0
		}
	}
	geometry IndexedLineSet {
		coord Coordinate {
			point [
				-169.672 245.227 -896.47,
				-169.672 245.227 -896.47,
			]
		}
		coordIndex [
			0, 1, -1
		]
	}
}
#---------- POLYLINE
Shape {
	appearance Appearance {
		material Material {
			diffuseColor 1 0 0
			emissiveColor 1 0 0
		}
	}
	geometry IndexedLineSet {
		coord Coordinate {
			point [
				-169.672 245.227 -896.47,
				-169.672 245.227 -896.47,
			]
		}
		coordIndex [
			0, 1, -1
		]
	}
}
#---------- POLYLINE
Shape {
	appearance Appearance {
		material Material {
			diffuseColor 1 0 0
			emissiveColor 1 0 0
		}
	}
	geometry IndexedLineSet {
		coord Coordinate {
			point [
				-169.672 245.227 -896.47,
				-169.672 245.227 -896.47,
			]
		}
		coordIndex [
			0, 1, -1
		]
	}
}
#---------- POLYLINE
Shape {
	appearance Appearance {
		material Material {
			diffuseColor 1 0 0
			emissiveColor 1 0 0
		}
	}
	geometry IndexedLineSet {
		coord Coordinate {
			point [
				-169.672 245.227 -896.47,
				-169.672 245.227 -896.47,
			]
		}
		coordIndex [
			0, 1, -1
		]
	}
}
#---------- POLYLINE
Shape {
	appearance Appearance {
		material Material {
			diffuseColor 1 0 0
			emissiveColor 1 0 0
		}
	}
	geometry IndexedLineSet {
		coord Coordinate {
			point [
				-169.672 245.227 -896.47,
				-169.672 245.227 -896.47,
			]
		}
		coordIndex [
			0, 1, -1
		]
	}
}
#---------- POLYLINE
Shape {
	appearance Appearance {
		material Material {
			diffuseColor 1 0 0
			emissiveColor 1 0 0
		}
	}
	geometry IndexedLineSet {
		coord Coordinate {
			point [
				-169.672 245.227 -896.47,
				-169.672 245.227 -896.47,
			]
		}
		coordIndex [
			0, 1, -1
		]
	}
}
#---------- POLYLINE
Shape {
	appearance Appearance {
		material Material {
			diffuseColor 1 0 0
			emissiveColor 1 0 0
		}
	}
	geometry IndexedLineSet {
		coord Coordinate {
			point [
				-169.672 245.227 -896.47,
				-169.672 245.227 -896.47,
			]
		}
		coordIndex [
			0, 1, -1
		]
	}
}
#---------- POLYLINE
Shape {
	appearance Appearance {
		material Material {
			diffuseColor 1 0 0
			emissiveColor 1 0 0
		}
	}
	geometry IndexedLineSet {
		coord Coordinate {
			point [
				-169.672 245.227 -896.47,
				-169.672 245.227 -896.47,
			]
		}
		coordIndex [
			0, 1, -1
		]
	}
}
#---------- POLYLINE
Shape {
	appearance Appearance {
		material Material {
			diffuseColor 1 0 0
			emissiveColor 1 0 0
		}
	}
	geometry IndexedLineSet {
		coord Coordinate {
			point [
				-169.672 245.227 -896.47,
				-169.672 245.227 -896.47,
			]
		}
		coordIndex [
			0, 1, -1
		]
	}
}
#---------- POLYLINE
Shape {
	appearance Appearance {
		material Material {
			diffuseColor 1 0 0
			emissiveColor 1 0 0
		}
	}
	geometry IndexedLineSet {
		coord Coordinate {
			point [
				-169.672 245.227 -896.47,
				-169.672 245.227 -896.47,
			]
		}
		coordIndex [
			0, 1, -1
		]
	}
}
#---------- POLYLINE
Shape {
	appearance Appearance {
		material Material {
			diffuseColor 1 0 0
			emissiveColor 1 0 0
		}
	}
	geometry IndexedLineSet {
		coord Coordinate {
			point [
				-169.672 245.227 -896.47,
				-169.672 245.227 -896.47,
			]
		}
		coordIndex [
			0, 1, -1
		]
	}
}
#---------- POLYLINE
Shape {
	appearance Appearance {
		material Material {
			diffuseColor 1 0 0
			emissiveColor 1 0 0
		}
	}
	geometry IndexedLineSet {
		coord Coordinate {
			point [
				-169.672 245.227 -896.47,
				-169.672 245.227 -896.47,
			]
		}
		coordIndex [
			0, 1, -1
		]
	}
}
#---------- POLYLINE
Shape {
	appearance Appearance {
		material Material {
			diffuseColor 1 0 0
			emissiveColor 1 0 0
		}
	}
	geometry IndexedLineSet {
		coord Coordinate {
			point [
				-169.672 245.227 -896.47,
				-169.672 245.227 -896.47,
			]
		}
		coordIndex [
			0, 1, -1
		]
	}
}
#---------- POLYLINE
Shape {
	appearance Appearance {
		material Material {
			diffuseColor 0 1 0
			emissiveColor 0 1 0
		}
	}
	geometry IndexedLineSet {
		coord Coordinate {
			point [
				-169.649 245.221 -896.451,
				-169.567 245.205 -896.471,
			]
		}
		coordIndex [
			0, 1, -1
		]
	}
}
#---------- POLYLINE
Shape {
	appearance Appearance {
		material Material {
			diffuseColor 1 0 0
			emissiveColor 1 0 0
		}
	}
	geometry IndexedLineSet {
		coord Coordinate {
			point [
				-169.567 245.205 -896.471,
				-169.567 245.205 -896.471,
			]
		}
		coordIndex [
			0, 1, -1
		]
	}
}
#---------- POLYLINE
Shape {
	appearance Appearance {
		material Material {
			diffuseColor 1 0 0
			emissiveColor 1 0 0
		}
	}
	geometry IndexedLineSet {
		coord Coordinate {
			point [
				-169.567 245.205 -896.471,
				-169.567 245.205 -896.471,
			]
		}
		coordIndex [
			0, 1, -1
		]
	}
}
#---------- POLYLINE
Shape {
	appearance Appearance {
		material Material {
			diffuseColor 1 0 0
			emissiveColor 1 0 0
		}
	}
	geometry IndexedLineSet {
		coord Coordinate {
			point [
				-169.567 245.205 -896.471,
				-169.567 245.205 -896.471,
			]
		}
		coordIndex [
			0, 1, -1
		]
	}
}
#---------- POLYLINE
Shape {
	appearance Appearance {
		material Material {
			diffuseColor 1 0 0
			emissiveColor 1 0 0
		}
	}
	geometry IndexedLineSet {
		coord Coordinate {
			point [
				-169.567 245.205 -896.471,
				-169.567 245.205 -896.471,
			]
		}
		coordIndex [
			0, 1, -1
		]
	}
}
#---------- POLYLINE
Shape {
	appearance Appearance {
		material Material {
			diffuseColor 1 0 0
			emissiveColor 1 0 0
		}
	}
	geometry IndexedLineSet {
		coord Coordinate {
			point [
				-169.567 245.205 -896.471,
				-169.567 245.205 -896.471,
			]
		}
		coordIndex [
			0, 1, -1
		]
	}
}
#---------- POLYLINE
Shape {
	appearance Appearance {
		material Material {
			diffuseColor 1 0 0
			emissiveColor 1 0 0
		}
	}
	geometry IndexedLineSet {
		coord Coordinate {
			point [
				-169.567 245.205 -896.471,
				-169.567 245.205 -896.471,
			]
		}
		coordIndex [
			0, 1, -1
		]
	}
}
#---------- POLYLINE
Shape {
	appearance Appearance {
		material Material {
			diffuseColor 1 0 0
			emissiveColor 1 0 0
		}
	}
	geometry IndexedLineSet {
		coord Coordinate {
			point [
				-169.567 245.205 -896.471,
				-169.567 245.205 -896.471,
			]
		}
		coordIndex [
			0, 1, -1
		]
	}
}
#---------- POLYLINE
Shape {
	appearance Appearance {
		material Material {
			diffuseColor 1 0 0
			emissiveColor 1 0 0
		}
	}
	geometry IndexedLineSet {
		coord Coordinate {
			point [
				-169.567 245.205 -896.471,
				-169.567 245.205 -896.471,
			]
		}
		coordIndex [
			0, 1, -1
		]
	}
}
#---------- POLYLINE
Shape {
	appearance Appearance {
		material Material {
			diffuseColor 1 0 0
			emissiveColor 1 0 0
		}
	}
	geometry IndexedLineSet {
		coord Coordinate {
			point [
				-169.567 245.205 -896.471,
				-169.567 245.205 -896.471,
			]
		}
		coordIndex [
			0, 1, -1
		]
	}
}
#---------- POLYLINE
Shape {
	appearance Appearance {
		material Material {
			diffuseColor 1 0 0
			emissiveColor 1 0 0
		}
	}
	geometry IndexedLineSet {
		coord Coordinate {
			point [
				-169.567 245.205 -896.471,
				-169.567 245.205 -896.471,
			]
		}
		coordIndex [
			0, 1, -1
		]
	}
}
#---------- POLYLINE
Shape {
	appearance Appearance {
		material Material {
			diffuseColor 1 0 0
			emissiveColor 1 0 0
		}
	}
	geometry IndexedLineSet {
		coord Coordinate {
			point [
				-169.567 245.205 -896.471,
				-169.567 245.205 -896.471,
			]
		}
		coordIndex [
			0, 1, -1
		]
	}
}
#---------- POLYLINE
Shape {
	appearance Appearance {
		material Material {
			diffuseColor 1 0 0
			emissiveColor 1 0 0
		}
	}
	geometry IndexedLineSet {
		coord Coordinate {
			point [
				-169.567 245.205 -896.471,
				-169.567 245.205 -896.471,
			]
		}
		coordIndex [
			0, 1, -1
		]
	}
}
#---------- POLYLINE
Shape {
	appearance Appearance {
		material Material {
			diffuseColor 1 0 0
			emissiveColor 1 0 0
		}
	}
	geometry IndexedLineSet {
		coord Coordinate {
			point [
				-169.567 245.205 -896.471,
				-169.567 245.205 -896.471,
			]
		}
		coordIndex [
			0, 1, -1
		]
	}
}
#---------- POLYLINE
Shape {
	appearance Appearance {
		material Material {
			diffuseColor 1 0 0
			emissiveColor 1 0 0
		}
	}
	geometry IndexedLineSet {
		coord Coordinate {
			point [
				-169.567 245.205 -896.471,
				-169.567 245.205 -896.471,
			]
		}
		coordIndex [
			0, 1, -1
		]
	}
}
#---------- POLYLINE
Shape {
	appearance Appearance {
		material Material {
			diffuseColor 1 0 0
			emissiveColor 1 0 0
		}
	}
	geometry IndexedLineSet {
		coord Coordinate {
			point [
				-169.567 245.205 -896.471,
				-169.567 245.205 -896.471,
			]
		}
		coordIndex [
			0, 1, -1
		]
	}
}
#---------- POLYLINE
Shape {
	appearance Appearance {
		material Material {
			diffuseColor 1 0 0
			emissiveColor 1 0 0
		}
	}
	geometry IndexedLineSet {
		coord Coordinate {
			point [
				-169.567 245.205 -896.471,
				-169.567 245.205 -896.471,
			]
		}
		coordIndex [
			0, 1, -1
		]
	}
}
#---------- POLYLINE
Shape {
	appearance Appearance {
		material Material {
			diffuseColor 1 0 0
			emissiveColor 1 0 0
		}
	}
	geometry IndexedLineSet {
		coord Coordinate {
			point [
				-169.567 245.205 -896.471,
				-169.567 245.205 -896.471,
			]
		}
		coordIndex [
			0, 1, -1
		]
	}
}
#---------- POLYLINE
Shape {
	appearance Appearance {
		material Material {
			diffuseColor 1 0 0
			emissiveColor 1 0 0
		}
	}
	geometry IndexedLineSet {
		coord Coordinate {
			point [
				-169.567 245.205 -896.471,
				-169.567 245.205 -896.471,
			]
		}
		coordIndex [
			0, 1, -1
		]
	}
}
#---------- POLYLINE
Shape {
	appearance Appearance {
		material Material {
			diffuseColor 1 0 0
			emissiveColor 1 0 0
		}
	}
	geometry IndexedLineSet {
		coord Coordinate {
			point [
				-169.567 245.205 -896.471,
				-169.567 245.204 -896.471,
			]
		}
		coordIndex [
			0, 1, -1
		]
	}
}
#---------- POLYLINE
Shape {
	appearance Appearance {
		material Material {
			diffuseColor 1 0 0
			emissiveColor 1 0 0
		}
	}
	geometry IndexedLineSet {
		coord Coordinate {
			point [
				-169.649 245.221 -896.451,
				-169.649 245.221 -896.451,
			]
		}
		coordIndex [
			0, 1, -1
		]
	}
}
#---------- POLYLINE
Shape {
	appearance Appearance {
		material Material {
			diffuseColor 1 0 0
			emissiveColor 1 0 0
		}
	}
	geometry IndexedLineSet {
		coord Coordinate {
			point [
				-169.657 245.242 -896.405,
				-169.658 245.242 -896.404,
			]
		}
		coordIndex [
			0, 1, -1
		]
	}
}
#---------- POLYLINE
Shape {
	appearance Appearance {
		material Material {
			diffuseColor 1 0 0
			emissiveColor 1 0 0
		}
	}
	geometry IndexedLineSet {
		coord Coordinate {
			point [
				-169.528 245.165 -896.577,
				-169.526 245.156 -896.58,
			]
		}
		coordIndex [
			0, 1, -1
		]
	}
}
#---------- POLYLINE
Shape {
	appearance Appearance {
		material Material {
			diffuseColor 0 1 0
			emissiveColor 0 1 0
		}
	}
	geometry IndexedLineSet {
		coord Coordinate {
			point [
				-169.422 246.046 -896.035,
				-169.422 244.586 -898.585,
			]
		}
		coordIndex [
			0, 1, -1
		]
	}
}
#---------- POLYLINE
Shape {
	appearance Appearance {
		material Material {
			diffuseColor 1 0 0
			emissiveColor 1 0 0
		}
	}
	geometry IndexedLineSet {
		coord Coordinate {
			point [
				-169.422 244.586 -898.585,
				-169.422 244.586 -898.585,
			]
		}
		coordIndex [
			0, 1, -1
		]
	}
}
#---------- POLYLINE
Shape {
	appearance Appearance {
		material Material {
			diffuseColor 1 0 0
			emissiveColor 1 0 0
		}
	}
	geometry IndexedLineSet {
		coord Coordinate {
			point [
				-169.422 244.586 -898.585,
				-169.422 244.586 -898.585,
			]
		}
		coordIndex [
			0, 1, -1
		]
	}
}
#---------- POLYLINE
Shape {
	appearance Appearance {
		material Material {
			diffuseColor 1 0 0
			emissiveColor 1 0 0
		}
	}
	geometry IndexedLineSet {
		coord Coordinate {
			point [
				-169.422 244.586 -898.585,
				-169.422 244.586 -898.585,
			]
		}
		coordIndex [
			0, 1, -1
		]
	}
}
#---------- POLYLINE
Shape {
	appearance Appearance {
		material Material {
			diffuseColor 1 0 0
			emissiveColor 1 0 0
		}
	}
	geometry IndexedLineSet {
		coord Coordinate {
			point [
				-169.422 244.586 -898.585,
				-169.422 244.586 -898.585,
			]
		}
		coordIndex [
			0, 1, -1
		]
	}
}
#---------- POLYLINE
Shape {
	appearance Appearance {
		material Material {
			diffuseColor 1 0 0
			emissiveColor 1 0 0
		}
	}
	geometry IndexedLineSet {
		coord Coordinate {
			point [
				-169.422 244.586 -898.585,
				-169.422 244.586 -898.585,
			]
		}
		coordIndex [
			0, 1, -1
		]
	}
}
#---------- POLYLINE
Shape {
	appearance Appearance {
		material Material {
			diffuseColor 1 0 0
			emissiveColor 1 0 0
		}
	}
	geometry IndexedLineSet {
		coord Coordinate {
			point [
				-169.422 244.586 -898.585,
				-169.422 244.586 -898.585,
			]
		}
		coordIndex [
			0, 1, -1
		]
	}
}
#---------- POLYLINE
Shape {
	appearance Appearance {
		material Material {
			diffuseColor 1 0 0
			emissiveColor 1 0 0
		}
	}
	geometry IndexedLineSet {
		coord Coordinate {
			point [
				-169.422 244.586 -898.585,
				-169.422 244.586 -898.585,
			]
		}
		coordIndex [
			0, 1, -1
		]
	}
}
#---------- POLYLINE
Shape {
	appearance Appearance {
		material Material {
			diffuseColor 1 0 0
			emissiveColor 1 0 0
		}
	}
	geometry IndexedLineSet {
		coord Coordinate {
			point [
				-169.422 244.586 -898.585,
				-169.422 244.586 -898.585,
			]
		}
		coordIndex [
			0, 1, -1
		]
	}
}
#---------- POLYLINE
Shape {
	appearance Appearance {
		material Material {
			diffuseColor 1 0 0
			emissiveColor 1 0 0
		}
	}
	geometry IndexedLineSet {
		coord Coordinate {
			point [
				-169.422 244.586 -898.585,
				-169.422 244.586 -898.585,
			]
		}
		coordIndex [
			0, 1, -1
		]
	}
}
#---------- POLYLINE
Shape {
	appearance Appearance {
		material Material {
			diffuseColor 1 0 0
			emissiveColor 1 0 0
		}
	}
	geometry IndexedLineSet {
		coord Coordinate {
			point [
				-169.422 244.586 -898.585,
				-169.422 244.586 -898.585,
			]
		}
		coordIndex [
			0, 1, -1
		]
	}
}
#---------- POLYLINE
Shape {
	appearance Appearance {
		material Material {
			diffuseColor 1 0 0
			emissiveColor 1 0 0
		}
	}
	geometry IndexedLineSet {
		coord Coordinate {
			point [
				-169.422 244.586 -898.585,
				-169.422 244.586 -898.585,
			]
		}
		coordIndex [
			0, 1, -1
		]
	}
}
#---------- POLYLINE
Shape {
	appearance Appearance {
		material Material {
			diffuseColor 1 0 0
			emissiveColor 1 0 0
		}
	}
	geometry IndexedLineSet {
		coord Coordinate {
			point [
				-169.422 244.586 -898.585,
				-169.422 244.586 -898.585,
			]
		}
		coordIndex [
			0, 1, -1
		]
	}
}
#---------- POLYLINE
Shape {
	appearance Appearance {
		material Material {
			diffuseColor 1 0 0
			emissiveColor 1 0 0
		}
	}
	geometry IndexedLineSet {
		coord Coordinate {
			point [
				-169.422 244.586 -898.585,
				-169.422 244.586 -898.585,
			]
		}
		coordIndex [
			0, 1, -1
		]
	}
}
#---------- POLYLINE
Shape {
	appearance Appearance {
		material Material {
			diffuseColor 1 0 0
			emissiveColor 1 0 0
		}
	}
	geometry IndexedLineSet {
		coord Coordinate {
			point [
				-169.422 244.586 -898.585,
				-169.422 244.586 -898.585,
			]
		}
		coordIndex [
			0, 1, -1
		]
	}
}
#---------- POLYLINE
Shape {
	appearance Appearance {
		material Material {
			diffuseColor 1 0 0
			emissiveColor 1 0 0
		}
	}
	geometry IndexedLineSet {
		coord Coordinate {
			point [
				-169.422 244.586 -898.585,
				-169.422 244.586 -898.585,
			]
		}
		coordIndex [
			0, 1, -1
		]
	}
}
#---------- POLYLINE
Shape {
	appearance Appearance {
		material Material {
			diffuseColor 1 0 0
			emissiveColor 1 0 0
		}
	}
	geometry IndexedLineSet {
		coord Coordinate {
			point [
				-169.422 244.586 -898.585,
				-169.422 244.586 -898.585,
			]
		}
		coordIndex [
			0, 1, -1
		]
	}
}
#---------- POLYLINE
Shape {
	appearance Appearance {
		material Material {
			diffuseColor 1 0 0
			emissiveColor 1 0 0
		}
	}
	geometry IndexedLineSet {
		coord Coordinate {
			point [
				-169.422 244.586 -898.585,
				-169.422 244.586 -898.585,
			]
		}
		coordIndex [
			0, 1, -1
		]
	}
}
#---------- POLYLINE
Shape {
	appearance Appearance {
		material Material {
			diffuseColor 1 0 0
			emissiveColor 1 0 0
		}
	}
	geometry IndexedLineSet {
		coord Coordinate {
			point [
				-169.422 244.586 -898.585,
				-169.422 244.586 -898.585,
			]
		}
		coordIndex [
			0, 1, -1
		]
	}
}
#---------- POLYLINE
Shape {
	appearance Appearance {
		material Material {
			diffuseColor 0 1 0
			emissiveColor 0 1 0
		}
	}
	geometry IndexedLineSet {
		coord Coordinate {
			point [
				-169.422 244.586 -898.585,
				-169.42 244.59 -898.581,
			]
		}
		coordIndex [
			0, 1, -1
		]
	}
}
#---------- POLYLINE
Shape {
	appearance Appearance {
		material Material {
			diffuseColor 1 0 0
			emissiveColor 1 0 0
		}
	}
	geometry IndexedLineSet {
		coord Coordinate {
			point [
				-169.42 244.59 -898.581,
				-169.42 244.59 -898.581,
			]
		}
		coordIndex [
			0, 1, -1
		]
	}
}
#---------- POLYLINE
Shape {
	appearance Appearance {
		material Material {
			diffuseColor 1 0 0
			emissiveColor 1 0 0
		}
	}
	geometry IndexedLineSet {
		coord Coordinate {
			point [
				-169.42 244.59 -898.581,
				-169.42 244.59 -898.581,
			]
		}
		coordIndex [
			0, 1, -1
		]
	}
}
#---------- POLYLINE
Shape {
	appearance Appearance {
		material Material {
			diffuseColor 1 0 0
			emissiveColor 1 0 0
		}
	}
	geometry IndexedLineSet {
		coord Coordinate {
			point [
				-169.42 244.59 -898.581,
				-169.42 244.59 -898.581,
			]
		}
		coordIndex [
			0, 1, -1
		]
	}
}
#---------- POLYLINE
Shape {
	appearance Appearance {
		material Material {
			diffuseColor 1 0 0
			emissiveColor 1 0 0
		}
	}
	geometry IndexedLineSet {
		coord Coordinate {
			point [
				-169.42 244.59 -898.581,
				-169.42 244.59 -898.581,
			]
		}
		coordIndex [
			0, 1, -1
		]
	}
}
#---------- POLYLINE
Shape {
	appearance Appearance {
		material Material {
			diffuseColor 1 0 0
			emissiveColor 1 0 0
		}
	}
	geometry IndexedLineSet {
		coord Coordinate {
			point [
				-169.42 244.59 -898.581,
				-169.42 244.59 -898.581,
			]
		}
		coordIndex [
			0, 1, -1
		]
	}
}
#---------- POLYLINE
Shape {
	appearance Appearance {
		material Material {
			diffuseColor 1 0 0
			emissiveColor 1 0 0
		}
	}
	geometry IndexedLineSet {
		coord Coordinate {
			point [
				-169.422 244.586 -898.585,
				-169.422 244.586 -898.585,
			]
		}
		coordIndex [
			0, 1, -1
		]
	}
}
#---------- POLYLINE
Shape {
	appearance Appearance {
		material Material {
			diffuseColor 0 1 0
			emissiveColor 0 1 0
		}
	}
	geometry IndexedLineSet {
		coord Coordinate {
			point [
				-169.422 244.586 -898.585,
				-170.539 244.924 -898.484,
			]
		}
		coordIndex [
			0, 1, -1
		]
	}
}
#---------- POLYLINE
Shape {
	appearance Appearance {
		material Material {
			diffuseColor 1 0 0
			emissiveColor 1 0 0
		}
	}
	geometry IndexedLineSet {
		coord Coordinate {
			point [
				-170.539 244.924 -898.484,
				-170.539 244.924 -898.484,
			]
		}
		coordIndex [
			0, 1, -1
		]
	}
}
#---------- POLYLINE
Shape {
	appearance Appearance {
		material Material {
			diffuseColor 1 0 0
			emissiveColor 1 0 0
		}
	}
	geometry IndexedLineSet {
		coord Coordinate {
			point [
				-170.539 244.924 -898.484,
				-170.539 244.924 -898.484,
			]
		}
		coordIndex [
			0, 1, -1
		]
	}
}
#---------- POLYLINE
Shape {
	appearance Appearance {
		material Material {
			diffuseColor 1 0 0
			emissiveColor 1 0 0
		}
	}
	geometry IndexedLineSet {
		coord Coordinate {
			point [
				-170.539 244.924 -898.484,
				-170.539 244.924 -898.484,
			]
		}
		coordIndex [
			0, 1, -1
		]
	}
}
#---------- POLYLINE
Shape {
	appearance Appearance {
		material Material {
			diffuseColor 1 0 0
			emissiveColor 1 0 0
		}
	}
	geometry IndexedLineSet {
		coord Coordinate {
			point [
				-170.539 244.924 -898.484,
				-170.539 244.924 -898.484,
			]
		}
		coordIndex [
			0, 1, -1
		]
	}
}
#---------- POLYLINE
Shape {
	appearance Appearance {
		material Material {
			diffuseColor 1 0 0
			emissiveColor 1 0 0
		}
	}
	geometry IndexedLineSet {
		coord Coordinate {
			point [
				-170.539 244.924 -898.484,
				-170.539 244.924 -898.484,
			]
		}
		coordIndex [
			0, 1, -1
		]
	}
}
#---------- POLYLINE
Shape {
	appearance Appearance {
		material Material {
			diffuseColor 1 0 0
			emissiveColor 1 0 0
		}
	}
	geometry IndexedLineSet {
		coord Coordinate {
			point [
				-170.539 244.924 -898.484,
				-170.539 244.924 -898.484,
			]
		}
		coordIndex [
			0, 1, -1
		]
	}
}
#---------- POLYLINE
Shape {
	appearance Appearance {
		material Material {
			diffuseColor 1 0 0
			emissiveColor 1 0 0
		}
	}
	geometry IndexedLineSet {
		coord Coordinate {
			point [
				-170.539 244.924 -898.484,
				-170.539 244.924 -898.484,
			]
		}
		coordIndex [
			0, 1, -1
		]
	}
}
#---------- POLYLINE
Shape {
	appearance Appearance {
		material Material {
			diffuseColor 1 0 0
			emissiveColor 1 0 0
		}
	}
	geometry IndexedLineSet {
		coord Coordinate {
			point [
				-170.539 244.924 -898.484,
				-170.539 244.924 -898.484,
			]
		}
		coordIndex [
			0, 1, -1
		]
	}
}
#---------- POLYLINE
Shape {
	appearance Appearance {
		material Material {
			diffuseColor 1 0 0
			emissiveColor 1 0 0
		}
	}
	geometry IndexedLineSet {
		coord Coordinate {
			point [
				-170.539 244.924 -898.484,
				-170.539 244.924 -898.484,
			]
		}
		coordIndex [
			0, 1, -1
		]
	}
}
#---------- POLYLINE
Shape {
	appearance Appearance {
		material Material {
			diffuseColor 1 0 0
			emissiveColor 1 0 0
		}
	}
	geometry IndexedLineSet {
		coord Coordinate {
			point [
				-170.539 244.924 -898.484,
				-170.539 244.924 -898.484,
			]
		}
		coordIndex [
			0, 1, -1
		]
	}
}
#---------- POLYLINE
Shape {
	appearance Appearance {
		material Material {
			diffuseColor 1 0 0
			emissiveColor 1 0 0
		}
	}
	geometry IndexedLineSet {
		coord Coordinate {
			point [
				-169.422 244.586 -898.585,
				-169.42 244.581 -898.596,
			]
		}
		coordIndex [
			0, 1, -1
		]
	}
}
#---------- POLYLINE
Shape {
	appearance Appearance {
		material Material {
			diffuseColor 1 0 0
			emissiveColor 1 0 0
		}
	}
	geometry IndexedLineSet {
		coord Coordinate {
			point [
				-169.564 245.787 -895.739,
				-169.527 246.823 -896.342,
				-169.58 247.192 -896.374,
				-169.608 247.499 -896.522,
				-169.64 247.437 -896.527,
			]
		}
		coordIndex [
			0, 1, 2, 3, 4, -1
		]
	}
}
#---------- POLYLINE
Shape {
	appearance Appearance {
		material Material {
			diffuseColor 0 1 0
			emissiveColor 0 1 0
		}
	}
	geometry IndexedLineSet {
		coord Coordinate {
			point [
				-169.58 247.192 -896.374,
				-169.586 247.509 -896.514,
			]
		}
		coordIndex [
			0, 1, -1
		]
	}
}
#---------- POLYLINE
Shape {
	appearance Appearance {
		material Material {
			diffuseColor 1 0 0
			emissiveColor 1 0 0
		}
	}
	geometry IndexedLineSet {
		coord Coordinate {
			point [
				-169.586 247.509 -896.514,
				-169.586 247.509 -896.514,
			]
		}
		coordIndex [
			0, 1, -1
		]
	}
}
#---------- POLYLINE
Shape {
	appearance Appearance {
		material Material {
			diffuseColor 1 0 0
			emissiveColor 1 0 0
		}
	}
	geometry IndexedLineSet {
		coord Coordinate {
			point [
				-169.586 247.509 -896.514,
				-169.586 247.509 -896.514,
			]
		}
		coordIndex [
			0, 1, -1
		]
	}
}
#---------- POLYLINE
Shape {
	appearance Appearance {
		material Material {
			diffuseColor 1 0 0
			emissiveColor 1 0 0
		}
	}
	geometry IndexedLineSet {
		coord Coordinate {
			point [
				-169.586 247.509 -896.514,
				-169.586 247.509 -896.514,
			]
		}
		coordIndex [
			0, 1, -1
		]
	}
}
#---------- POLYLINE
Shape {
	appearance Appearance {
		material Material {
			diffuseColor 1 0 0
			emissiveColor 1 0 0
		}
	}
	geometry IndexedLineSet {
		coord Coordinate {
			point [
				-169.586 247.509 -896.514,
				-169.586 247.509 -896.514,
			]
		}
		coordIndex [
			0, 1, -1
		]
	}
}
#---------- POLYLINE
Shape {
	appearance Appearance {
		material Material {
			diffuseColor 1 0 0
			emissiveColor 1 0 0
		}
	}
	geometry IndexedLineSet {
		coord Coordinate {
			point [
				-169.586 247.509 -896.514,
				-169.586 247.509 -896.514,
			]
		}
		coordIndex [
			0, 1, -1
		]
	}
}
#---------- POLYLINE
Shape {
	appearance Appearance {
		material Material {
			diffuseColor 1 0 0
			emissiveColor 1 0 0
		}
	}
	geometry IndexedLineSet {
		coord Coordinate {
			point [
				-169.586 247.509 -896.514,
				-169.586 247.509 -896.514,
			]
		}
		coordIndex [
			0, 1, -1
		]
	}
}
#---------- POLYLINE
Shape {
	appearance Appearance {
		material Material {
			diffuseColor 1 0 0
			emissiveColor 1 0 0
		}
	}
	geometry IndexedLineSet {
		coord Coordinate {
			point [
				-169.586 247.509 -896.514,
				-169.586 247.509 -896.514,
			]
		}
		coordIndex [
			0, 1, -1
		]
	}
}
#---------- POLYLINE
Shape {
	appearance Appearance {
		material Material {
			diffuseColor 1 0 0
			emissiveColor 1 0 0
		}
	}
	geometry IndexedLineSet {
		coord Coordinate {
			point [
				-169.586 247.509 -896.514,
				-169.586 247.509 -896.514,
			]
		}
		coordIndex [
			0, 1, -1
		]
	}
}
#---------- POLYLINE
Shape {
	appearance Appearance {
		material Material {
			diffuseColor 1 0 0
			emissiveColor 1 0 0
		}
	}
	geometry IndexedLineSet {
		coord Coordinate {
			point [
				-169.586 247.509 -896.514,
				-169.586 247.509 -896.514,
			]
		}
		coordIndex [
			0, 1, -1
		]
	}
}
#---------- POLYLINE
Shape {
	appearance Appearance {
		material Material {
			diffuseColor 1 0 0
			emissiveColor 1 0 0
		}
	}
	geometry IndexedLineSet {
		coord Coordinate {
			point [
				-169.586 247.509 -896.514,
				-169.586 247.509 -896.514,
			]
		}
		coordIndex [
			0, 1, -1
		]
	}
}
#---------- POLYLINE
Shape {
	appearance Appearance {
		material Material {
			diffuseColor 1 0 0
			emissiveColor 1 0 0
		}
	}
	geometry IndexedLineSet {
		coord Coordinate {
			point [
				-169.586 247.509 -896.514,
				-169.586 247.509 -896.514,
			]
		}
		coordIndex [
			0, 1, -1
		]
	}
}
#---------- POLYLINE
Shape {
	appearance Appearance {
		material Material {
			diffuseColor 1 0 0
			emissiveColor 1 0 0
		}
	}
	geometry IndexedLineSet {
		coord Coordinate {
			point [
				-169.586 247.509 -896.514,
				-169.586 247.509 -896.514,
			]
		}
		coordIndex [
			0, 1, -1
		]
	}
}
#---------- POLYLINE
Shape {
	appearance Appearance {
		material Material {
			diffuseColor 1 0 0
			emissiveColor 1 0 0
		}
	}
	geometry IndexedLineSet {
		coord Coordinate {
			point [
				-169.586 247.509 -896.514,
				-169.586 247.509 -896.514,
			]
		}
		coordIndex [
			0, 1, -1
		]
	}
}
#---------- POLYLINE
Shape {
	appearance Appearance {
		material Material {
			diffuseColor 1 0 0
			emissiveColor 1 0 0
		}
	}
	geometry IndexedLineSet {
		coord Coordinate {
			point [
				-169.586 247.509 -896.514,
				-169.586 247.509 -896.514,
			]
		}
		coordIndex [
			0, 1, -1
		]
	}
}
#---------- POLYLINE
Shape {
	appearance Appearance {
		material Material {
			diffuseColor 1 0 0
			emissiveColor 1 0 0
		}
	}
	geometry IndexedLineSet {
		coord Coordinate {
			point [
				-169.586 247.509 -896.514,
				-169.586 247.509 -896.514,
			]
		}
		coordIndex [
			0, 1, -1
		]
	}
}
#---------- POLYLINE
Shape {
	appearance Appearance {
		material Material {
			diffuseColor 1 0 0
			emissiveColor 1 0 0
		}
	}
	geometry IndexedLineSet {
		coord Coordinate {
			point [
				-169.586 247.509 -896.514,
				-169.586 247.509 -896.514,
			]
		}
		coordIndex [
			0, 1, -1
		]
	}
}
#---------- POLYLINE
Shape {
	appearance Appearance {
		material Material {
			diffuseColor 1 0 0
			emissiveColor 1 0 0
		}
	}
	geometry IndexedLineSet {
		coord Coordinate {
			point [
				-169.586 247.509 -896.514,
				-169.586 247.509 -896.514,
			]
		}
		coordIndex [
			0, 1, -1
		]
	}
}
#---------- POLYLINE
Shape {
	appearance Appearance {
		material Material {
			diffuseColor 1 0 0
			emissiveColor 1 0 0
		}
	}
	geometry IndexedLineSet {
		coord Coordinate {
			point [
				-169.586 247.509 -896.514,
				-169.586 247.509 -896.514,
			]
		}
		coordIndex [
			0, 1, -1
		]
	}
}
#---------- POLYLINE
Shape {
	appearance Appearance {
		material Material {
			diffuseColor 1 0 0
			emissiveColor 1 0 0
		}
	}
	geometry IndexedLineSet {
		coord Coordinate {
			point [
				-169.586 247.509 -896.514,
				-169.586 247.509 -896.514,
			]
		}
		coordIndex [
			0, 1, -1
		]
	}
}
#---------- POLYLINE
Shape {
	appearance Appearance {
		material Material {
			diffuseColor 0 1 0
			emissiveColor 0 1 0
		}
	}
	geometry IndexedLineSet {
		coord Coordinate {
			point [
				-169.586 247.509 -896.514,
				-169.582 247.522 -896.531,
			]
		}
		coordIndex [
			0, 1, -1
		]
	}
}
#---------- POLYLINE
Shape {
	appearance Appearance {
		material Material {
			diffuseColor 1 0 0
			emissiveColor 1 0 0
		}
	}
	geometry IndexedLineSet {
		coord Coordinate {
			point [
				-169.582 247.522 -896.531,
				-169.582 247.522 -896.531,
			]
		}
		coordIndex [
			0, 1, -1
		]
	}
}
#---------- POLYLINE
Shape {
	appearance Appearance {
		material Material {
			diffuseColor 1 0 0
			emissiveColor 1 0 0
		}
	}
	geometry IndexedLineSet {
		coord Coordinate {
			point [
				-169.582 247.522 -896.531,
				-169.582 247.522 -896.531,
			]
		}
		coordIndex [
			0, 1, -1
		]
	}
}
#---------- POLYLINE
Shape {
	appearance Appearance {
		material Material {
			diffuseColor 1 0 0
			emissiveColor 1 0 0
		}
	}
	geometry IndexedLineSet {
		coord Coordinate {
			point [
				-169.582 247.522 -896.531,
				-169.582 247.522 -896.531,
			]
		}
		coordIndex [
			0, 1, -1
		]
	}
}
#---------- POLYLINE
Shape {
	appearance Appearance {
		material Material {
			diffuseColor 1 0 0
			emissiveColor 1 0 0
		}
	}
	geometry IndexedLineSet {
		coord Coordinate {
			point [
				-169.582 247.522 -896.531,
				-169.582 247.522 -896.531,
			]
		}
		coordIndex [
			0, 1, -1
		]
	}
}
#---------- POLYLINE
Shape {
	appearance Appearance {
		material Material {
			diffuseColor 1 0 0
			emissiveColor 1 0 0
		}
	}
	geometry IndexedLineSet {
		coord Coordinate {
			point [
				-169.582 247.522 -896.531,
				-169.582 247.522 -896.531,
			]
		}
		coordIndex [
			0, 1, -1
		]
	}
}
#---------- POLYLINE
Shape {
	appearance Appearance {
		material Material {
			diffuseColor 1 0 0
			emissiveColor 1 0 0
		}
	}
	geometry IndexedLineSet {
		coord Coordinate {
			point [
				-169.582 247.522 -896.531,
				-169.582 247.522 -896.531,
			]
		}
		coordIndex [
			0, 1, -1
		]
	}
}
#---------- POLYLINE
Shape {
	appearance Appearance {
		material Material {
			diffuseColor 1 0 0
			emissiveColor 1 0 0
		}
	}
	geometry IndexedLineSet {
		coord Coordinate {
			point [
				-169.582 247.522 -896.531,
				-169.582 247.522 -896.531,
			]
		}
		coordIndex [
			0, 1, -1
		]
	}
}
#---------- POLYLINE
Shape {
	appearance Appearance {
		material Material {
			diffuseColor 1 0 0
			emissiveColor 1 0 0
		}
	}
	geometry IndexedLineSet {
		coord Coordinate {
			point [
				-169.582 247.522 -896.531,
				-169.582 247.522 -896.531,
			]
		}
		coordIndex [
			0, 1, -1
		]
	}
}
#---------- POLYLINE
Shape {
	appearance Appearance {
		material Material {
			diffuseColor 1 0 0
			emissiveColor 1 0 0
		}
	}
	geometry IndexedLineSet {
		coord Coordinate {
			point [
				-169.582 247.522 -896.531,
				-169.582 247.522 -896.531,
			]
		}
		coordIndex [
			0, 1, -1
		]
	}
}
#---------- POLYLINE
Shape {
	appearance Appearance {
		material Material {
			diffuseColor 1 0 0
			emissiveColor 1 0 0
		}
	}
	geometry IndexedLineSet {
		coord Coordinate {
			point [
				-169.582 247.522 -896.531,
				-169.582 247.522 -896.531,
			]
		}
		coordIndex [
			0, 1, -1
		]
	}
}
#---------- POLYLINE
Shape {
	appearance Appearance {
		material Material {
			diffuseColor 1 0 0
			emissiveColor 1 0 0
		}
	}
	geometry IndexedLineSet {
		coord Coordinate {
			point [
				-169.582 247.522 -896.531,
				-169.582 247.522 -896.531,
			]
		}
		coordIndex [
			0, 1, -1
		]
	}
}
#---------- POLYLINE
Shape {
	appearance Appearance {
		material Material {
			diffuseColor 1 0 0
			emissiveColor 1 0 0
		}
	}
	geometry IndexedLineSet {
		coord Coordinate {
			point [
				-169.582 247.522 -896.531,
				-169.582 247.522 -896.531,
			]
		}
		coordIndex [
			0, 1, -1
		]
	}
}
#---------- POLYLINE
Shape {
	appearance Appearance {
		material Material {
			diffuseColor 1 0 0
			emissiveColor 1 0 0
		}
	}
	geometry IndexedLineSet {
		coord Coordinate {
			point [
				-169.582 247.522 -896.531,
				-169.582 247.522 -896.531,
			]
		}
		coordIndex [
			0, 1, -1
		]
	}
}
#---------- POLYLINE
Shape {
	appearance Appearance {
		material Material {
			diffuseColor 1 0 0
			emissiveColor 1 0 0
		}
	}
	geometry IndexedLineSet {
		coord Coordinate {
			point [
				-169.582 247.522 -896.531,
				-169.582 247.522 -896.531,
			]
		}
		coordIndex [
			0, 1, -1
		]
	}
}
#---------- POLYLINE
Shape {
	appearance Appearance {
		material Material {
			diffuseColor 1 0 0
			emissiveColor 1 0 0
		}
	}
	geometry IndexedLineSet {
		coord Coordinate {
			point [
				-169.582 247.522 -896.531,
				-169.582 247.522 -896.531,
			]
		}
		coordIndex [
			0, 1, -1
		]
	}
}
#---------- POLYLINE
Shape {
	appearance Appearance {
		material Material {
			diffuseColor 1 0 0
			emissiveColor 1 0 0
		}
	}
	geometry IndexedLineSet {
		coord Coordinate {
			point [
				-169.582 247.522 -896.531,
				-169.582 247.522 -896.531,
			]
		}
		coordIndex [
			0, 1, -1
		]
	}
}
#---------- POLYLINE
Shape {
	appearance Appearance {
		material Material {
			diffuseColor 1 0 0
			emissiveColor 1 0 0
		}
	}
	geometry IndexedLineSet {
		coord Coordinate {
			point [
				-169.582 247.522 -896.531,
				-169.582 247.522 -896.531,
			]
		}
		coordIndex [
			0, 1, -1
		]
	}
}
#---------- POLYLINE
Shape {
	appearance Appearance {
		material Material {
			diffuseColor 1 0 0
			emissiveColor 1 0 0
		}
	}
	geometry IndexedLineSet {
		coord Coordinate {
			point [
				-169.582 247.522 -896.531,
				-169.582 247.522 -896.531,
			]
		}
		coordIndex [
			0, 1, -1
		]
	}
}
#---------- POLYLINE
Shape {
	appearance Appearance {
		material Material {
			diffuseColor 1 0 0
			emissiveColor 1 0 0
		}
	}
	geometry IndexedLineSet {
		coord Coordinate {
			point [
				-169.582 247.522 -896.531,
				-169.582 247.522 -896.531,
			]
		}
		coordIndex [
			0, 1, -1
		]
	}
}
#---------- POLYLINE
Shape {
	appearance Appearance {
		material Material {
			diffuseColor 1 0 0
			emissiveColor 1 0 0
		}
	}
	geometry IndexedLineSet {
		coord Coordinate {
			point [
				-169.582 247.522 -896.531,
				-169.582 247.522 -896.531,
			]
		}
		coordIndex [
			0, 1, -1
		]
	}
}
#---------- POLYLINE
Shape {
	appearance Appearance {
		material Material {
			diffuseColor 1 0 0
			emissiveColor 1 0 0
		}
	}
	geometry IndexedLineSet {
		coord Coordinate {
			point [
				-169.582 247.522 -896.531,
				-169.582 247.522 -896.531,
			]
		}
		coordIndex [
			0, 1, -1
		]
	}
}
#---------- POLYLINE
Shape {
	appearance Appearance {
		material Material {
			diffuseColor 1 0 0
			emissiveColor 1 0 0
		}
	}
	geometry IndexedLineSet {
		coord Coordinate {
			point [
				-169.582 247.522 -896.531,
				-169.582 247.522 -896.531,
			]
		}
		coordIndex [
			0, 1, -1
		]
	}
}
#---------- POLYLINE
Shape {
	appearance Appearance {
		material Material {
			diffuseColor 1 0 0
			emissiveColor 1 0 0
		}
	}
	geometry IndexedLineSet {
		coord Coordinate {
			point [
				-169.582 247.522 -896.531,
				-169.582 247.522 -896.531,
			]
		}
		coordIndex [
			0, 1, -1
		]
	}
}
#---------- POLYLINE
Shape {
	appearance Appearance {
		material Material {
			diffuseColor 1 0 0
			emissiveColor 1 0 0
		}
	}
	geometry IndexedLineSet {
		coord Coordinate {
			point [
				-169.582 247.522 -896.531,
				-169.582 247.522 -896.531,
			]
		}
		coordIndex [
			0, 1, -1
		]
	}
}
#---------- POLYLINE
Shape {
	appearance Appearance {
		material Material {
			diffuseColor 1 0 0
			emissiveColor 1 0 0
		}
	}
	geometry IndexedLineSet {
		coord Coordinate {
			point [
				-169.582 247.522 -896.531,
				-169.582 247.522 -896.532,
			]
		}
		coordIndex [
			0, 1, -1
		]
	}
}
#---------- POLYLINE
Shape {
	appearance Appearance {
		material Material {
			diffuseColor 1 0 0
			emissiveColor 1 0 0
		}
	}
	geometry IndexedLineSet {
		coord Coordinate {
			point [
				-169.586 247.509 -896.514,
				-169.585 247.509 -896.515,
			]
		}
		coordIndex [
			0, 1, -1
		]
	}
}
#---------- POLYLINE
Shape {
	appearance Appearance {
		material Material {
			diffuseColor 0 1 0
			emissiveColor 0 1 0
		}
	}
	geometry IndexedLineSet {
		coord Coordinate {
			point [
				-169.527 246.823 -896.342,
				-172.787 273.343 -901.169,
				-172.795 273.342 -901.17,
				-172.153 274.953 -900.96,
				-172.126 275.003 -900.95,
			]
		}
		coordIndex [
			0, 1, 2, 3, 4, -1
		]
	}
}
#---------- POLYLINE
Shape {
	appearance Appearance {
		material Material {
			diffuseColor 1 0 0
			emissiveColor 1 0 0
		}
	}
	geometry IndexedLineSet {
		coord Coordinate {
			point [
				-172.126 275.003 -900.95,
				-172.126 275.003 -900.95,
			]
		}
		coordIndex [
			0, 1, -1
		]
	}
}
#---------- POLYLINE
Shape {
	appearance Appearance {
		material Material {
			diffuseColor 1 0 0
			emissiveColor 1 0 0
		}
	}
	geometry IndexedLineSet {
		coord Coordinate {
			point [
				-172.126 275.003 -900.95,
				-172.126 275.003 -900.95,
			]
		}
		coordIndex [
			0, 1, -1
		]
	}
}
#---------- POLYLINE
Shape {
	appearance Appearance {
		material Material {
			diffuseColor 1 0 0
			emissiveColor 1 0 0
		}
	}
	geometry IndexedLineSet {
		coord Coordinate {
			point [
				-172.126 275.003 -900.95,
				-172.126 275.003 -900.95,
			]
		}
		coordIndex [
			0, 1, -1
		]
	}
}
#---------- POLYLINE
Shape {
	appearance Appearance {
		material Material {
			diffuseColor 1 0 0
			emissiveColor 1 0 0
		}
	}
	geometry IndexedLineSet {
		coord Coordinate {
			point [
				-172.126 275.003 -900.95,
				-172.126 275.003 -900.95,
			]
		}
		coordIndex [
			0, 1, -1
		]
	}
}
#---------- POLYLINE
Shape {
	appearance Appearance {
		material Material {
			diffuseColor 1 0 0
			emissiveColor 1 0 0
		}
	}
	geometry IndexedLineSet {
		coord Coordinate {
			point [
				-172.126 275.003 -900.95,
				-172.126 275.003 -900.95,
			]
		}
		coordIndex [
			0, 1, -1
		]
	}
}
#---------- POLYLINE
Shape {
	appearance Appearance {
		material Material {
			diffuseColor 1 0 0
			emissiveColor 1 0 0
		}
	}
	geometry IndexedLineSet {
		coord Coordinate {
			point [
				-172.126 275.003 -900.95,
				-172.126 275.003 -900.95,
			]
		}
		coordIndex [
			0, 1, -1
		]
	}
}
#---------- POLYLINE
Shape {
	appearance Appearance {
		material Material {
			diffuseColor 1 0 0
			emissiveColor 1 0 0
		}
	}
	geometry IndexedLineSet {
		coord Coordinate {
			point [
				-172.126 275.003 -900.95,
				-172.126 275.003 -900.95,
			]
		}
		coordIndex [
			0, 1, -1
		]
	}
}
#---------- POLYLINE
Shape {
	appearance Appearance {
		material Material {
			diffuseColor 1 0 0
			emissiveColor 1 0 0
		}
	}
	geometry IndexedLineSet {
		coord Coordinate {
			point [
				-172.126 275.003 -900.95,
				-172.126 275.003 -900.95,
			]
		}
		coordIndex [
			0, 1, -1
		]
	}
}
#---------- POLYLINE
Shape {
	appearance Appearance {
		material Material {
			diffuseColor 1 0 0
			emissiveColor 1 0 0
		}
	}
	geometry IndexedLineSet {
		coord Coordinate {
			point [
				-172.126 275.003 -900.95,
				-172.126 275.003 -900.95,
			]
		}
		coordIndex [
			0, 1, -1
		]
	}
}
#---------- POLYLINE
Shape {
	appearance Appearance {
		material Material {
			diffuseColor 1 0 0
			emissiveColor 1 0 0
		}
	}
	geometry IndexedLineSet {
		coord Coordinate {
			point [
				-172.126 275.003 -900.95,
				-172.126 275.003 -900.95,
			]
		}
		coordIndex [
			0, 1, -1
		]
	}
}
#---------- POLYLINE
Shape {
	appearance Appearance {
		material Material {
			diffuseColor 1 0 0
			emissiveColor 1 0 0
		}
	}
	geometry IndexedLineSet {
		coord Coordinate {
			point [
				-172.126 275.003 -900.95,
				-172.126 275.003 -900.95,
			]
		}
		coordIndex [
			0, 1, -1
		]
	}
}
#---------- POLYLINE
Shape {
	appearance Appearance {
		material Material {
			diffuseColor 1 0 0
			emissiveColor 1 0 0
		}
	}
	geometry IndexedLineSet {
		coord Coordinate {
			point [
				-172.126 275.003 -900.95,
				-172.126 275.003 -900.95,
			]
		}
		coordIndex [
			0, 1, -1
		]
	}
}
#---------- POLYLINE
Shape {
	appearance Appearance {
		material Material {
			diffuseColor 1 0 0
			emissiveColor 1 0 0
		}
	}
	geometry IndexedLineSet {
		coord Coordinate {
			point [
				-172.126 275.003 -900.95,
				-172.126 275.003 -900.95,
			]
		}
		coordIndex [
			0, 1, -1
		]
	}
}
#---------- POLYLINE
Shape {
	appearance Appearance {
		material Material {
			diffuseColor 1 0 0
			emissiveColor 1 0 0
		}
	}
	geometry IndexedLineSet {
		coord Coordinate {
			point [
				-172.126 275.003 -900.95,
				-172.126 275.003 -900.95,
			]
		}
		coordIndex [
			0, 1, -1
		]
	}
}
#---------- POLYLINE
Shape {
	appearance Appearance {
		material Material {
			diffuseColor 1 0 0
			emissiveColor 1 0 0
		}
	}
	geometry IndexedLineSet {
		coord Coordinate {
			point [
				-172.126 275.003 -900.95,
				-172.126 275.003 -900.95,
			]
		}
		coordIndex [
			0, 1, -1
		]
	}
}
#---------- POLYLINE
Shape {
	appearance Appearance {
		material Material {
			diffuseColor 1 0 0
			emissiveColor 1 0 0
		}
	}
	geometry IndexedLineSet {
		coord Coordinate {
			point [
				-172.126 275.003 -900.95,
				-172.126 275.003 -900.95,
			]
		}
		coordIndex [
			0, 1, -1
		]
	}
}
#---------- POLYLINE
Shape {
	appearance Appearance {
		material Material {
			diffuseColor 1 0 0
			emissiveColor 1 0 0
		}
	}
	geometry IndexedLineSet {
		coord Coordinate {
			point [
				-172.126 275.003 -900.95,
				-172.126 275.003 -900.95,
			]
		}
		coordIndex [
			0, 1, -1
		]
	}
}
#---------- POLYLINE
Shape {
	appearance Appearance {
		material Material {
			diffuseColor 1 0 0
			emissiveColor 1 0 0
		}
	}
	geometry IndexedLineSet {
		coord Coordinate {
			point [
				-172.126 275.003 -900.95,
				-172.126 275.003 -900.95,
			]
		}
		coordIndex [
			0, 1, -1
		]
	}
}
#---------- POLYLINE
Shape {
	appearance Appearance {
		material Material {
			diffuseColor 1 0 0
			emissiveColor 1 0 0
		}
	}
	geometry IndexedLineSet {
		coord Coordinate {
			point [
				-172.126 275.003 -900.95,
				-172.126 275.003 -900.95,
			]
		}
		coordIndex [
			0, 1, -1
		]
	}
}
#---------- POLYLINE
Shape {
	appearance Appearance {
		material Material {
			diffuseColor 1 0 0
			emissiveColor 1 0 0
		}
	}
	geometry IndexedLineSet {
		coord Coordinate {
			point [
				-172.126 275.003 -900.95,
				-172.126 275.003 -900.95,
			]
		}
		coordIndex [
			0, 1, -1
		]
	}
}
#---------- POLYLINE
Shape {
	appearance Appearance {
		material Material {
			diffuseColor 1 0 0
			emissiveColor 1 0 0
		}
	}
	geometry IndexedLineSet {
		coord Coordinate {
			point [
				-172.126 275.003 -900.95,
				-172.126 275.003 -900.95,
			]
		}
		coordIndex [
			0, 1, -1
		]
	}
}
#---------- POLYLINE
Shape {
	appearance Appearance {
		material Material {
			diffuseColor 1 0 0
			emissiveColor 1 0 0
		}
	}
	geometry IndexedLineSet {
		coord Coordinate {
			point [
				-172.126 275.003 -900.95,
				-172.126 275.003 -900.95,
			]
		}
		coordIndex [
			0, 1, -1
		]
	}
}
#---------- POLYLINE
Shape {
	appearance Appearance {
		material Material {
			diffuseColor 1 0 0
			emissiveColor 1 0 0
		}
	}
	geometry IndexedLineSet {
		coord Coordinate {
			point [
				-172.126 275.003 -900.95,
				-172.126 275.003 -900.95,
			]
		}
		coordIndex [
			0, 1, -1
		]
	}
}
#---------- POLYLINE
Shape {
	appearance Appearance {
		material Material {
			diffuseColor 1 0 0
			emissiveColor 1 0 0
		}
	}
	geometry IndexedLineSet {
		coord Coordinate {
			point [
				-172.126 275.003 -900.95,
				-172.126 275.003 -900.95,
			]
		}
		coordIndex [
			0, 1, -1
		]
	}
}
#---------- POLYLINE
Shape {
	appearance Appearance {
		material Material {
			diffuseColor 1 0 0
			emissiveColor 1 0 0
		}
	}
	geometry IndexedLineSet {
		coord Coordinate {
			point [
				-172.126 275.003 -900.95,
				-172.126 275.003 -900.95,
			]
		}
		coordIndex [
			0, 1, -1
		]
	}
}
#---------- POLYLINE
Shape {
	appearance Appearance {
		material Material {
			diffuseColor 1 0 0
			emissiveColor 1 0 0
		}
	}
	geometry IndexedLineSet {
		coord Coordinate {
			point [
				-172.126 275.003 -900.95,
				-172.126 275.003 -900.95,
			]
		}
		coordIndex [
			0, 1, -1
		]
	}
}
#---------- POLYLINE
Shape {
	appearance Appearance {
		material Material {
			diffuseColor 0 1 0
			emissiveColor 0 1 0
		}
	}
	geometry IndexedLineSet {
		coord Coordinate {
			point [
				-172.126 275.003 -900.95,
				-172.126 275.003 -900.95,
			]
		}
		coordIndex [
			0, 1, -1
		]
	}
}
#---------- POLYLINE
Shape {
	appearance Appearance {
		material Material {
			diffuseColor 1 0 0
			emissiveColor 1 0 0
		}
	}
	geometry IndexedLineSet {
		coord Coordinate {
			point [
				-172.126 275.003 -900.95,
				-172.126 275.003 -900.951,
			]
		}
		coordIndex [
			0, 1, -1
		]
	}
}
#---------- POLYLINE
Shape {
	appearance Appearance {
		material Material {
			diffuseColor 1 0 0
			emissiveColor 1 0 0
		}
	}
	geometry IndexedLineSet {
		coord Coordinate {
			point [
				-172.126 275.003 -900.95,
				-172.126 275.003 -900.951,
			]
		}
		coordIndex [
			0, 1, -1
		]
	}
}
#---------- POLYLINE
Shape {
	appearance Appearance {
		material Material {
			diffuseColor 1 0 0
			emissiveColor 1 0 0
		}
	}
	geometry IndexedLineSet {
		coord Coordinate {
			point [
				-172.126 275.003 -900.95,
				-172.126 275.003 -900.95,
			]
		}
		coordIndex [
			0, 1, -1
		]
	}
}
#---------- POLYLINE
Shape {
	appearance Appearance {
		material Material {
			diffuseColor 1 0 0
			emissiveColor 1 0 0
		}
	}
	geometry IndexedLineSet {
		coord Coordinate {
			point [
				-172.126 275.003 -900.95,
				-172.126 275.003 -900.951,
			]
		}
		coordIndex [
			0, 1, -1
		]
	}
}
#---------- POLYLINE
Shape {
	appearance Appearance {
		material Material {
			diffuseColor 1 0 0
			emissiveColor 1 0 0
		}
	}
	geometry IndexedLineSet {
		coord Coordinate {
			point [
				-172.126 275.003 -900.95,
				-172.126 275.003 -900.95,
			]
		}
		coordIndex [
			0, 1, -1
		]
	}
}
#---------- POLYLINE
Shape {
	appearance Appearance {
		material Material {
			diffuseColor 1 0 0
			emissiveColor 1 0 0
		}
	}
	geometry IndexedLineSet {
		coord Coordinate {
			point [
				-172.126 275.003 -900.95,
				-172.126 275.003 -900.95,
			]
		}
		coordIndex [
			0, 1, -1
		]
	}
}
#---------- POLYLINE
Shape {
	appearance Appearance {
		material Material {
			diffuseColor 1 0 0
			emissiveColor 1 0 0
		}
	}
	geometry IndexedLineSet {
		coord Coordinate {
			point [
				-172.126 275.003 -900.95,
				-172.126 275.003 -900.95,
			]
		}
		coordIndex [
			0, 1, -1
		]
	}
}
#---------- POLYLINE
Shape {
	appearance Appearance {
		material Material {
			diffuseColor 1 0 0
			emissiveColor 1 0 0
		}
	}
	geometry IndexedLineSet {
		coord Coordinate {
			point [
				-172.126 275.003 -900.95,
				-172.126 275.003 -900.951,
			]
		}
		coordIndex [
			0, 1, -1
		]
	}
}
#---------- POLYLINE
Shape {
	appearance Appearance {
		material Material {
			diffuseColor 1 0 0
			emissiveColor 1 0 0
		}
	}
	geometry IndexedLineSet {
		coord Coordinate {
			point [
				-172.126 275.003 -900.95,
				-172.126 275.003 -900.95,
			]
		}
		coordIndex [
			0, 1, -1
		]
	}
}
#---------- POLYLINE
Shape {
	appearance Appearance {
		material Material {
			diffuseColor 1 0 0
			emissiveColor 1 0 0
		}
	}
	geometry IndexedLineSet {
		coord Coordinate {
			point [
				-172.126 275.003 -900.95,
				-172.126 275.003 -900.95,
			]
		}
		coordIndex [
			0, 1, -1
		]
	}
}
#---------- POLYLINE
Shape {
	appearance Appearance {
		material Material {
			diffuseColor 1 0 0
			emissiveColor 1 0 0
		}
	}
	geometry IndexedLineSet {
		coord Coordinate {
			point [
				-172.126 275.003 -900.95,
				-172.126 275.005 -900.951,
			]
		}
		coordIndex [
			0, 1, -1
		]
	}
}
#---------- POLYLINE
Shape {
	appearance Appearance {
		material Material {
			diffuseColor 1 0 0
			emissiveColor 1 0 0
		}
	}
	geometry IndexedLineSet {
		coord Coordinate {
			point [
				-172.795 273.342 -901.17,
				-172.802 273.339 -901.172,
			]
		}
		coordIndex [
			0, 1, -1
		]
	}
}
#---------- POLYLINE
Shape {
	appearance Appearance {
		material Material {
			diffuseColor 1 0 0
			emissiveColor 1 0 0
		}
	}
	geometry IndexedLineSet {
		coord Coordinate {
			point [
				-172.787 273.343 -901.169,
				-172.781 273.566 -901.203,
				-172.745 273.55 -901.215,
			]
		}
		coordIndex [
			0, 1, 2, -1
		]
	}
}
#---------- POLYLINE
Shape {
	appearance Appearance {
		material Material {
			diffuseColor 1 0 0
			emissiveColor 1 0 0
		}
	}
	geometry IndexedLineSet {
		coord Coordinate {
			point [
				-171.755 223.244 -881.103,
				-171.715 223.437 -881.101,
				-171.72 223.429 -881.101,
			]
		}
		coordIndex [
			0, 1, 2, -1
		]
	}
}
#---------- POLYLINE
Shape {
	appearance Appearance {
		material Material {
			diffuseColor 0 1 0
			emissiveColor 0 1 0
		}
	}
	geometry IndexedLineSet {
		coord Coordinate {
			point [
				-171.775 223.082 -880.996,
				-171.388 225.81 -882.831,
			]
		}
		coordIndex [
			0, 1, -1
		]
	}
}
#---------- POLYLINE
Shape {
	appearance Appearance {
		material Material {
			diffuseColor 1 0 0
			emissiveColor 1 0 0
		}
	}
	geometry IndexedLineSet {
		coord Coordinate {
			point [
				-171.388 225.81 -882.831,
				-171.388 225.81 -882.831,
			]
		}
		coordIndex [
			0, 1, -1
		]
	}
}
#---------- POLYLINE
Shape {
	appearance Appearance {
		material Material {
			diffuseColor 1 0 0
			emissiveColor 1 0 0
		}
	}
	geometry IndexedLineSet {
		coord Coordinate {
			point [
				-171.388 225.81 -882.831,
				-171.388 225.81 -882.831,
			]
		}
		coordIndex [
			0, 1, -1
		]
	}
}
#---------- POLYLINE
Shape {
	appearance Appearance {
		material Material {
			diffuseColor 1 0 0
			emissiveColor 1 0 0
		}
	}
	geometry IndexedLineSet {
		coord Coordinate {
			point [
				-171.388 225.81 -882.831,
				-171.388 225.81 -882.831,
			]
		}
		coordIndex [
			0, 1, -1
		]
	}
}
#---------- POLYLINE
Shape {
	appearance Appearance {
		material Material {
			diffuseColor 1 0 0
			emissiveColor 1 0 0
		}
	}
	geometry IndexedLineSet {
		coord Coordinate {
			point [
				-171.388 225.81 -882.831,
				-171.388 225.81 -882.831,
			]
		}
		coordIndex [
			0, 1, -1
		]
	}
}
#---------- POLYLINE
Shape {
	appearance Appearance {
		material Material {
			diffuseColor 1 0 0
			emissiveColor 1 0 0
		}
	}
	geometry IndexedLineSet {
		coord Coordinate {
			point [
				-171.388 225.81 -882.831,
				-171.388 225.81 -882.831,
			]
		}
		coordIndex [
			0, 1, -1
		]
	}
}
#---------- POLYLINE
Shape {
	appearance Appearance {
		material Material {
			diffuseColor 1 0 0
			emissiveColor 1 0 0
		}
	}
	geometry IndexedLineSet {
		coord Coordinate {
			point [
				-171.388 225.81 -882.831,
				-171.388 225.81 -882.831,
			]
		}
		coordIndex [
			0, 1, -1
		]
	}
}
#---------- POLYLINE
Shape {
	appearance Appearance {
		material Material {
			diffuseColor 1 0 0
			emissiveColor 1 0 0
		}
	}
	geometry IndexedLineSet {
		coord Coordinate {
			point [
				-171.388 225.81 -882.831,
				-171.388 225.81 -882.831,
			]
		}
		coordIndex [
			0, 1, -1
		]
	}
}
#---------- POLYLINE
Shape {
	appearance Appearance {
		material Material {
			diffuseColor 1 0 0
			emissiveColor 1 0 0
		}
	}
	geometry IndexedLineSet {
		coord Coordinate {
			point [
				-171.388 225.81 -882.831,
				-171.388 225.81 -882.831,
			]
		}
		coordIndex [
			0, 1, -1
		]
	}
}
#---------- POLYLINE
Shape {
	appearance Appearance {
		material Material {
			diffuseColor 1 0 0
			emissiveColor 1 0 0
		}
	}
	geometry IndexedLineSet {
		coord Coordinate {
			point [
				-171.388 225.81 -882.831,
				-171.388 225.81 -882.831,
			]
		}
		coordIndex [
			0, 1, -1
		]
	}
}
#---------- POLYLINE
Shape {
	appearance Appearance {
		material Material {
			diffuseColor 1 0 0
			emissiveColor 1 0 0
		}
	}
	geometry IndexedLineSet {
		coord Coordinate {
			point [
				-171.388 225.81 -882.831,
				-171.388 225.81 -882.831,
			]
		}
		coordIndex [
			0, 1, -1
		]
	}
}
#---------- POLYLINE
Shape {
	appearance Appearance {
		material Material {
			diffuseColor 1 0 0
			emissiveColor 1 0 0
		}
	}
	geometry IndexedLineSet {
		coord Coordinate {
			point [
				-171.388 225.81 -882.831,
				-171.388 225.81 -882.831,
			]
		}
		coordIndex [
			0, 1, -1
		]
	}
}
#---------- POLYLINE
Shape {
	appearance Appearance {
		material Material {
			diffuseColor 1 0 0
			emissiveColor 1 0 0
		}
	}
	geometry IndexedLineSet {
		coord Coordinate {
			point [
				-171.388 225.81 -882.831,
				-171.388 225.81 -882.831,
			]
		}
		coordIndex [
			0, 1, -1
		]
	}
}
#---------- POLYLINE
Shape {
	appearance Appearance {
		material Material {
			diffuseColor 0 1 0
			emissiveColor 0 1 0
		}
	}
	geometry IndexedLineSet {
		coord Coordinate {
			point [
				-171.388 225.81 -882.831,
				-171.559 226.05 -882.866,
				-171.598 226.145 -882.884,
			]
		}
		coordIndex [
			0, 1, 2, -1
		]
	}
}
#---------- POLYLINE
Shape {
	appearance Appearance {
		material Material {
			diffuseColor 1 0 0
			emissiveColor 1 0 0
		}
	}
	geometry IndexedLineSet {
		coord Coordinate {
			point [
				-171.598 226.145 -882.884,
				-171.598 226.145 -882.884,
			]
		}
		coordIndex [
			0, 1, -1
		]
	}
}
#---------- POLYLINE
Shape {
	appearance Appearance {
		material Material {
			diffuseColor 1 0 0
			emissiveColor 1 0 0
		}
	}
	geometry IndexedLineSet {
		coord Coordinate {
			point [
				-171.598 226.145 -882.884,
				-171.598 226.145 -882.884,
			]
		}
		coordIndex [
			0, 1, -1
		]
	}
}
#---------- POLYLINE
Shape {
	appearance Appearance {
		material Material {
			diffuseColor 1 0 0
			emissiveColor 1 0 0
		}
	}
	geometry IndexedLineSet {
		coord Coordinate {
			point [
				-171.598 226.145 -882.884,
				-171.598 226.145 -882.884,
			]
		}
		coordIndex [
			0, 1, -1
		]
	}
}
#---------- POLYLINE
Shape {
	appearance Appearance {
		material Material {
			diffuseColor 1 0 0
			emissiveColor 1 0 0
		}
	}
	geometry IndexedLineSet {
		coord Coordinate {
			point [
				-171.598 226.145 -882.884,
				-171.598 226.145 -882.884,
			]
		}
		coordIndex [
			0, 1, -1
		]
	}
}
#---------- POLYLINE
Shape {
	appearance Appearance {
		material Material {
			diffuseColor 1 0 0
			emissiveColor 1 0 0
		}
	}
	geometry IndexedLineSet {
		coord Coordinate {
			point [
				-171.598 226.145 -882.884,
				-171.598 226.145 -882.884,
			]
		}
		coordIndex [
			0, 1, -1
		]
	}
}
#---------- POLYLINE
Shape {
	appearance Appearance {
		material Material {
			diffuseColor 1 0 0
			emissiveColor 1 0 0
		}
	}
	geometry IndexedLineSet {
		coord Coordinate {
			point [
				-171.598 226.145 -882.884,
				-171.598 226.145 -882.884,
			]
		}
		coordIndex [
			0, 1, -1
		]
	}
}
#---------- POLYLINE
Shape {
	appearance Appearance {
		material Material {
			diffuseColor 1 0 0
			emissiveColor 1 0 0
		}
	}
	geometry IndexedLineSet {
		coord Coordinate {
			point [
				-171.598 226.145 -882.884,
				-171.598 226.145 -882.884,
			]
		}
		coordIndex [
			0, 1, -1
		]
	}
}
#---------- POLYLINE
Shape {
	appearance Appearance {
		material Material {
			diffuseColor 1 0 0
			emissiveColor 1 0 0
		}
	}
	geometry IndexedLineSet {
		coord Coordinate {
			point [
				-171.598 226.145 -882.884,
				-171.598 226.145 -882.884,
			]
		}
		coordIndex [
			0, 1, -1
		]
	}
}
#---------- POLYLINE
Shape {
	appearance Appearance {
		material Material {
			diffuseColor 1 0 0
			emissiveColor 1 0 0
		}
	}
	geometry IndexedLineSet {
		coord Coordinate {
			point [
				-171.598 226.145 -882.884,
				-171.598 226.145 -882.884,
			]
		}
		coordIndex [
			0, 1, -1
		]
	}
}
#---------- POLYLINE
Shape {
	appearance Appearance {
		material Material {
			diffuseColor 1 0 0
			emissiveColor 1 0 0
		}
	}
	geometry IndexedLineSet {
		coord Coordinate {
			point [
				-171.598 226.145 -882.884,
				-171.598 226.145 -882.884,
			]
		}
		coordIndex [
			0, 1, -1
		]
	}
}
#---------- POLYLINE
Shape {
	appearance Appearance {
		material Material {
			diffuseColor 1 0 0
			emissiveColor 1 0 0
		}
	}
	geometry IndexedLineSet {
		coord Coordinate {
			point [
				-171.598 226.145 -882.884,
				-171.598 226.145 -882.884,
			]
		}
		coordIndex [
			0, 1, -1
		]
	}
}
#---------- POLYLINE
Shape {
	appearance Appearance {
		material Material {
			diffuseColor 1 0 0
			emissiveColor 1 0 0
		}
	}
	geometry IndexedLineSet {
		coord Coordinate {
			point [
				-171.598 226.145 -882.884,
				-171.598 226.145 -882.884,
			]
		}
		coordIndex [
			0, 1, -1
		]
	}
}
#---------- POLYLINE
Shape {
	appearance Appearance {
		material Material {
			diffuseColor 1 0 0
			emissiveColor 1 0 0
		}
	}
	geometry IndexedLineSet {
		coord Coordinate {
			point [
				-171.598 226.145 -882.884,
				-171.598 226.145 -882.884,
			]
		}
		coordIndex [
			0, 1, -1
		]
	}
}
#---------- POLYLINE
Shape {
	appearance Appearance {
		material Material {
			diffuseColor 1 0 0
			emissiveColor 1 0 0
		}
	}
	geometry IndexedLineSet {
		coord Coordinate {
			point [
				-171.598 226.145 -882.884,
				-171.598 226.145 -882.884,
			]
		}
		coordIndex [
			0, 1, -1
		]
	}
}
#---------- POLYLINE
Shape {
	appearance Appearance {
		material Material {
			diffuseColor 1 0 0
			emissiveColor 1 0 0
		}
	}
	geometry IndexedLineSet {
		coord Coordinate {
			point [
				-171.598 226.145 -882.884,
				-171.598 226.145 -882.884,
			]
		}
		coordIndex [
			0, 1, -1
		]
	}
}
#---------- POLYLINE
Shape {
	appearance Appearance {
		material Material {
			diffuseColor 1 0 0
			emissiveColor 1 0 0
		}
	}
	geometry IndexedLineSet {
		coord Coordinate {
			point [
				-171.598 226.145 -882.884,
				-171.598 226.145 -882.884,
			]
		}
		coordIndex [
			0, 1, -1
		]
	}
}
#---------- POLYLINE
Shape {
	appearance Appearance {
		material Material {
			diffuseColor 1 0 0
			emissiveColor 1 0 0
		}
	}
	geometry IndexedLineSet {
		coord Coordinate {
			point [
				-171.598 226.145 -882.884,
				-171.598 226.145 -882.884,
			]
		}
		coordIndex [
			0, 1, -1
		]
	}
}
#---------- POLYLINE
Shape {
	appearance Appearance {
		material Material {
			diffuseColor 1 0 0
			emissiveColor 1 0 0
		}
	}
	geometry IndexedLineSet {
		coord Coordinate {
			point [
				-171.598 226.145 -882.884,
				-171.598 226.145 -882.884,
			]
		}
		coordIndex [
			0, 1, -1
		]
	}
}
#---------- POLYLINE
Shape {
	appearance Appearance {
		material Material {
			diffuseColor 1 0 0
			emissiveColor 1 0 0
		}
	}
	geometry IndexedLineSet {
		coord Coordinate {
			point [
				-171.598 226.145 -882.884,
				-171.598 226.145 -882.884,
			]
		}
		coordIndex [
			0, 1, -1
		]
	}
}
#---------- POLYLINE
Shape {
	appearance Appearance {
		material Material {
			diffuseColor 1 0 0
			emissiveColor 1 0 0
		}
	}
	geometry IndexedLineSet {
		coord Coordinate {
			point [
				-171.598 226.145 -882.884,
				-171.598 226.145 -882.884,
			]
		}
		coordIndex [
			0, 1, -1
		]
	}
}
#---------- POLYLINE
Shape {
	appearance Appearance {
		material Material {
			diffuseColor 1 0 0
			emissiveColor 1 0 0
		}
	}
	geometry IndexedLineSet {
		coord Coordinate {
			point [
				-171.598 226.145 -882.884,
				-171.598 226.145 -882.884,
			]
		}
		coordIndex [
			0, 1, -1
		]
	}
}
#---------- POLYLINE
Shape {
	appearance Appearance {
		material Material {
			diffuseColor 1 0 0
			emissiveColor 1 0 0
		}
	}
	geometry IndexedLineSet {
		coord Coordinate {
			point [
				-171.598 226.145 -882.884,
				-171.598 226.145 -882.884,
			]
		}
		coordIndex [
			0, 1, -1
		]
	}
}
#---------- POLYLINE
Shape {
	appearance Appearance {
		material Material {
			diffuseColor 1 0 0
			emissiveColor 1 0 0
		}
	}
	geometry IndexedLineSet {
		coord Coordinate {
			point [
				-171.598 226.145 -882.884,
				-171.598 226.145 -882.884,
			]
		}
		coordIndex [
			0, 1, -1
		]
	}
}
#---------- POLYLINE
Shape {
	appearance Appearance {
		material Material {
			diffuseColor 1 0 0
			emissiveColor 1 0 0
		}
	}
	geometry IndexedLineSet {
		coord Coordinate {
			point [
				-171.598 226.145 -882.884,
				-171.599 226.145 -882.884,
			]
		}
		coordIndex [
			0, 1, -1
		]
	}
}
#---------- POLYLINE
Shape {
	appearance Appearance {
		material Material {
			diffuseColor 1 0 0
			emissiveColor 1 0 0
		}
	}
	geometry IndexedLineSet {
		coord Coordinate {
			point [
				-171.388 225.81 -882.831,
				-171.387 225.813 -882.832,
			]
		}
		coordIndex [
			0, 1, -1
		]
	}
}
#---------- POLYLINE
Shape {
	appearance Appearance {
		material Material {
			diffuseColor 0 1 0
			emissiveColor 0 1 0
		}
	}
	geometry IndexedLineSet {
		coord Coordinate {
			point [
				-171.78 223.046 -880.973,
				-170.778 230.265 -885.574,
			]
		}
		coordIndex [
			0, 1, -1
		]
	}
}
#---------- POLYLINE
Shape {
	appearance Appearance {
		material Material {
			diffuseColor 0 0 1
			emissiveColor 0 0 1
		}
	}
	geometry IndexedLineSet {
		coord Coordinate {
			point [
				-170.778 230.265 -885.574,
				-170.673 231.469 -886.293,
				-170.573 231.512 -886.761,
				-169.863 231.541 -887.617,
				-170.117 231.435 -887.986,
				-169.917 231.313 -887.888,
				-169.902 231.334 -887.908,
			]
		}
		coordIndex [
			0, 1, 2, 3, 4, 5, 6, -1
		]
	}
}
#---------- POLYLINE
Shape {
	appearance Appearance {
		material Material {
			diffuseColor 0 1 0
			emissiveColor 0 1 0
		}
	}
	geometry IndexedLineSet {
		coord Coordinate {
			point [
				-169.902 231.334 -887.908,
				-166.26 234.854 -889.464,
			]
		}
		coordIndex [
			0, 1, -1
		]
	}
}
#---------- POLYLINE
Shape {
	appearance Appearance {
		material Material {
			diffuseColor 1 0 0
			emissiveColor 1 0 0
		}
	}
	geometry IndexedLineSet {
		coord Coordinate {
			point [
				-166.26 234.854 -889.464,
				-166.26 234.854 -889.464,
			]
		}
		coordIndex [
			0, 1, -1
		]
	}
}
#---------- POLYLINE
Shape {
	appearance Appearance {
		material Material {
			diffuseColor 1 0 0
			emissiveColor 1 0 0
		}
	}
	geometry IndexedLineSet {
		coord Coordinate {
			point [
				-166.26 234.854 -889.464,
				-166.26 234.854 -889.464,
			]
		}
		coordIndex [
			0, 1, -1
		]
	}
}
#---------- POLYLINE
Shape {
	appearance Appearance {
		material Material {
			diffuseColor 1 0 0
			emissiveColor 1 0 0
		}
	}
	geometry IndexedLineSet {
		coord Coordinate {
			point [
				-166.26 234.854 -889.464,
				-166.26 234.854 -889.464,
			]
		}
		coordIndex [
			0, 1, -1
		]
	}
}
#---------- POLYLINE
Shape {
	appearance Appearance {
		material Material {
			diffuseColor 1 0 0
			emissiveColor 1 0 0
		}
	}
	geometry IndexedLineSet {
		coord Coordinate {
			point [
				-166.26 234.854 -889.464,
				-166.26 234.854 -889.464,
			]
		}
		coordIndex [
			0, 1, -1
		]
	}
}
#---------- POLYLINE
Shape {
	appearance Appearance {
		material Material {
			diffuseColor 1 0 0
			emissiveColor 1 0 0
		}
	}
	geometry IndexedLineSet {
		coord Coordinate {
			point [
				-166.26 234.854 -889.464,
				-166.26 234.854 -889.464,
			]
		}
		coordIndex [
			0, 1, -1
		]
	}
}
#---------- POLYLINE
Shape {
	appearance Appearance {
		material Material {
			diffuseColor 1 0 0
			emissiveColor 1 0 0
		}
	}
	geometry IndexedLineSet {
		coord Coordinate {
			point [
				-166.26 234.854 -889.464,
				-166.26 234.854 -889.464,
			]
		}
		coordIndex [
			0, 1, -1
		]
	}
}
#---------- POLYLINE
Shape {
	appearance Appearance {
		material Material {
			diffuseColor 1 0 0
			emissiveColor 1 0 0
		}
	}
	geometry IndexedLineSet {
		coord Coordinate {
			point [
				-166.26 234.854 -889.464,
				-166.26 234.854 -889.464,
			]
		}
		coordIndex [
			0, 1, -1
		]
	}
}
#---------- POLYLINE
Shape {
	appearance Appearance {
		material Material {
			diffuseColor 1 0 0
			emissiveColor 1 0 0
		}
	}
	geometry IndexedLineSet {
		coord Coordinate {
			point [
				-166.26 234.854 -889.464,
				-166.26 234.854 -889.464,
			]
		}
		coordIndex [
			0, 1, -1
		]
	}
}
#---------- POLYLINE
Shape {
	appearance Appearance {
		material Material {
			diffuseColor 1 0 0
			emissiveColor 1 0 0
		}
	}
	geometry IndexedLineSet {
		coord Coordinate {
			point [
				-166.26 234.854 -889.464,
				-166.26 234.854 -889.464,
			]
		}
		coordIndex [
			0, 1, -1
		]
	}
}
#---------- POLYLINE
Shape {
	appearance Appearance {
		material Material {
			diffuseColor 1 0 0
			emissiveColor 1 0 0
		}
	}
	geometry IndexedLineSet {
		coord Coordinate {
			point [
				-166.26 234.854 -889.464,
				-166.26 234.854 -889.464,
			]
		}
		coordIndex [
			0, 1, -1
		]
	}
}
#---------- POLYLINE
Shape {
	appearance Appearance {
		material Material {
			diffuseColor 1 0 0
			emissiveColor 1 0 0
		}
	}
	geometry IndexedLineSet {
		coord Coordinate {
			point [
				-166.26 234.854 -889.464,
				-166.26 234.854 -889.464,
			]
		}
		coordIndex [
			0, 1, -1
		]
	}
}
#---------- POLYLINE
Shape {
	appearance Appearance {
		material Material {
			diffuseColor 1 0 0
			emissiveColor 1 0 0
		}
	}
	geometry IndexedLineSet {
		coord Coordinate {
			point [
				-166.26 234.854 -889.464,
				-166.26 234.854 -889.464,
			]
		}
		coordIndex [
			0, 1, -1
		]
	}
}
#---------- POLYLINE
Shape {
	appearance Appearance {
		material Material {
			diffuseColor 1 0 0
			emissiveColor 1 0 0
		}
	}
	geometry IndexedLineSet {
		coord Coordinate {
			point [
				-166.26 234.854 -889.464,
				-166.26 234.854 -889.464,
			]
		}
		coordIndex [
			0, 1, -1
		]
	}
}
#---------- POLYLINE
Shape {
	appearance Appearance {
		material Material {
			diffuseColor 1 0 0
			emissiveColor 1 0 0
		}
	}
	geometry IndexedLineSet {
		coord Coordinate {
			point [
				-166.26 234.854 -889.464,
				-166.26 234.854 -889.464,
			]
		}
		coordIndex [
			0, 1, -1
		]
	}
}
#---------- POLYLINE
Shape {
	appearance Appearance {
		material Material {
			diffuseColor 1 0 0
			emissiveColor 1 0 0
		}
	}
	geometry IndexedLineSet {
		coord Coordinate {
			point [
				-166.26 234.854 -889.464,
				-166.26 234.854 -889.464,
			]
		}
		coordIndex [
			0, 1, -1
		]
	}
}
#---------- POLYLINE
Shape {
	appearance Appearance {
		material Material {
			diffuseColor 1 0 0
			emissiveColor 1 0 0
		}
	}
	geometry IndexedLineSet {
		coord Coordinate {
			point [
				-166.26 234.854 -889.464,
				-166.26 234.854 -889.464,
			]
		}
		coordIndex [
			0, 1, -1
		]
	}
}
#---------- POLYLINE
Shape {
	appearance Appearance {
		material Material {
			diffuseColor 1 0 0
			emissiveColor 1 0 0
		}
	}
	geometry IndexedLineSet {
		coord Coordinate {
			point [
				-166.26 234.854 -889.464,
				-166.26 234.854 -889.464,
			]
		}
		coordIndex [
			0, 1, -1
		]
	}
}
#---------- POLYLINE
Shape {
	appearance Appearance {
		material Material {
			diffuseColor 1 0 0
			emissiveColor 1 0 0
		}
	}
	geometry IndexedLineSet {
		coord Coordinate {
			point [
				-166.26 234.854 -889.464,
				-166.26 234.854 -889.464,
			]
		}
		coordIndex [
			0, 1, -1
		]
	}
}
#---------- POLYLINE
Shape {
	appearance Appearance {
		material Material {
			diffuseColor 1 0 0
			emissiveColor 1 0 0
		}
	}
	geometry IndexedLineSet {
		coord Coordinate {
			point [
				-166.26 234.854 -889.464,
				-166.26 234.854 -889.464,
			]
		}
		coordIndex [
			0, 1, -1
		]
	}
}
#---------- POLYLINE
Shape {
	appearance Appearance {
		material Material {
			diffuseColor 1 0 0
			emissiveColor 1 0 0
		}
	}
	geometry IndexedLineSet {
		coord Coordinate {
			point [
				-166.26 234.854 -889.464,
				-166.26 234.854 -889.464,
			]
		}
		coordIndex [
			0, 1, -1
		]
	}
}
#---------- POLYLINE
Shape {
	appearance Appearance {
		material Material {
			diffuseColor 1 0 0
			emissiveColor 1 0 0
		}
	}
	geometry IndexedLineSet {
		coord Coordinate {
			point [
				-166.26 234.854 -889.464,
				-166.259 234.854 -889.464,
			]
		}
		coordIndex [
			0, 1, -1
		]
	}
}
#---------- POLYLINE
Shape {
	appearance Appearance {
		material Material {
			diffuseColor 1 0 0
			emissiveColor 1 0 0
		}
	}
	geometry IndexedLineSet {
		coord Coordinate {
			point [
				-166.26 234.854 -889.464,
				-166.26 234.854 -889.464,
			]
		}
		coordIndex [
			0, 1, -1
		]
	}
}
#---------- POLYLINE
Shape {
	appearance Appearance {
		material Material {
			diffuseColor 1 0 0
			emissiveColor 1 0 0
		}
	}
	geometry IndexedLineSet {
		coord Coordinate {
			point [
				-166.26 234.854 -889.464,
				-166.26 234.854 -889.464,
			]
		}
		coordIndex [
			0, 1, -1
		]
	}
}
#---------- POLYLINE
Shape {
	appearance Appearance {
		material Material {
			diffuseColor 1 0 0
			emissiveColor 1 0 0
		}
	}
	geometry IndexedLineSet {
		coord Coordinate {
			point [
				-166.26 234.854 -889.464,
				-166.26 234.854 -889.464,
			]
		}
		coordIndex [
			0, 1, -1
		]
	}
}
#---------- POLYLINE
Shape {
	appearance Appearance {
		material Material {
			diffuseColor 1 0 0
			emissiveColor 1 0 0
		}
	}
	geometry IndexedLineSet {
		coord Coordinate {
			point [
				-166.26 234.854 -889.464,
				-166.26 234.854 -889.464,
			]
		}
		coordIndex [
			0, 1, -1
		]
	}
}
#---------- POLYLINE
Shape {
	appearance Appearance {
		material Material {
			diffuseColor 1 0 0
			emissiveColor 1 0 0
		}
	}
	geometry IndexedLineSet {
		coord Coordinate {
			point [
				-166.26 234.854 -889.464,
				-166.259 234.854 -889.464,
			]
		}
		coordIndex [
			0, 1, -1
		]
	}
}
#---------- POLYLINE
Shape {
	appearance Appearance {
		material Material {
			diffuseColor 0 1 0
			emissiveColor 0 1 0
		}
	}
	geometry IndexedLineSet {
		coord Coordinate {
			point [
				-166.26 234.854 -889.464,
				-166.259 234.85 -889.463,
			]
		}
		coordIndex [
			0, 1, -1
		]
	}
}
#---------- POLYLINE
Shape {
	appearance Appearance {
		material Material {
			diffuseColor 1 0 0
			emissiveColor 1 0 0
		}
	}
	geometry IndexedLineSet {
		coord Coordinate {
			point [
				-166.259 234.85 -889.463,
				-166.259 234.85 -889.463,
			]
		}
		coordIndex [
			0, 1, -1
		]
	}
}
#---------- POLYLINE
Shape {
	appearance Appearance {
		material Material {
			diffuseColor 1 0 0
			emissiveColor 1 0 0
		}
	}
	geometry IndexedLineSet {
		coord Coordinate {
			point [
				-166.259 234.85 -889.463,
				-166.259 234.85 -889.463,
			]
		}
		coordIndex [
			0, 1, -1
		]
	}
}
#---------- POLYLINE
Shape {
	appearance Appearance {
		material Material {
			diffuseColor 1 0 0
			emissiveColor 1 0 0
		}
	}
	geometry IndexedLineSet {
		coord Coordinate {
			point [
				-166.259 234.85 -889.463,
				-166.259 234.85 -889.463,
			]
		}
		coordIndex [
			0, 1, -1
		]
	}
}
#---------- POLYLINE
Shape {
	appearance Appearance {
		material Material {
			diffuseColor 1 0 0
			emissiveColor 1 0 0
		}
	}
	geometry IndexedLineSet {
		coord Coordinate {
			point [
				-166.259 234.85 -889.463,
				-166.259 234.85 -889.463,
			]
		}
		coordIndex [
			0, 1, -1
		]
	}
}
#---------- POLYLINE
Shape {
	appearance Appearance {
		material Material {
			diffuseColor 1 0 0
			emissiveColor 1 0 0
		}
	}
	geometry IndexedLineSet {
		coord Coordinate {
			point [
				-166.259 234.85 -889.463,
				-166.259 234.85 -889.463,
			]
		}
		coordIndex [
			0, 1, -1
		]
	}
}
#---------- POLYLINE
Shape {
	appearance Appearance {
		material Material {
			diffuseColor 1 0 0
			emissiveColor 1 0 0
		}
	}
	geometry IndexedLineSet {
		coord Coordinate {
			point [
				-166.259 234.85 -889.463,
				-166.259 234.85 -889.463,
			]
		}
		coordIndex [
			0, 1, -1
		]
	}
}
#---------- POLYLINE
Shape {
	appearance Appearance {
		material Material {
			diffuseColor 1 0 0
			emissiveColor 1 0 0
		}
	}
	geometry IndexedLineSet {
		coord Coordinate {
			point [
				-166.259 234.85 -889.463,
				-166.259 234.85 -889.463,
			]
		}
		coordIndex [
			0, 1, -1
		]
	}
}
#---------- POLYLINE
Shape {
	appearance Appearance {
		material Material {
			diffuseColor 1 0 0
			emissiveColor 1 0 0
		}
	}
	geometry IndexedLineSet {
		coord Coordinate {
			point [
				-166.259 234.85 -889.463,
				-166.259 234.85 -889.463,
			]
		}
		coordIndex [
			0, 1, -1
		]
	}
}
#---------- POLYLINE
Shape {
	appearance Appearance {
		material Material {
			diffuseColor 1 0 0
			emissiveColor 1 0 0
		}
	}
	geometry IndexedLineSet {
		coord Coordinate {
			point [
				-166.259 234.85 -889.463,
				-166.259 234.85 -889.463,
			]
		}
		coordIndex [
			0, 1, -1
		]
	}
}
#---------- POLYLINE
Shape {
	appearance Appearance {
		material Material {
			diffuseColor 0 1 0
			emissiveColor 0 1 0
		}
	}
	geometry IndexedLineSet {
		coord Coordinate {
			point [
				-166.259 234.85 -889.463,
				-166.261 234.851 -889.461,
			]
		}
		coordIndex [
			0, 1, -1
		]
	}
}
#---------- POLYLINE
Shape {
	appearance Appearance {
		material Material {
			diffuseColor 1 0 0
			emissiveColor 1 0 0
		}
	}
	geometry IndexedLineSet {
		coord Coordinate {
			point [
				-166.261 234.851 -889.461,
				-166.261 234.851 -889.461,
			]
		}
		coordIndex [
			0, 1, -1
		]
	}
}
#---------- POLYLINE
Shape {
	appearance Appearance {
		material Material {
			diffuseColor 1 0 0
			emissiveColor 1 0 0
		}
	}
	geometry IndexedLineSet {
		coord Coordinate {
			point [
				-166.261 234.851 -889.461,
				-166.261 234.851 -889.461,
			]
		}
		coordIndex [
			0, 1, -1
		]
	}
}
#---------- POLYLINE
Shape {
	appearance Appearance {
		material Material {
			diffuseColor 1 0 0
			emissiveColor 1 0 0
		}
	}
	geometry IndexedLineSet {
		coord Coordinate {
			point [
				-166.261 234.851 -889.461,
				-166.261 234.851 -889.461,
			]
		}
		coordIndex [
			0, 1, -1
		]
	}
}
#---------- POLYLINE
Shape {
	appearance Appearance {
		material Material {
			diffuseColor 1 0 0
			emissiveColor 1 0 0
		}
	}
	geometry IndexedLineSet {
		coord Coordinate {
			point [
				-166.261 234.851 -889.461,
				-166.261 234.851 -889.461,
			]
		}
		coordIndex [
			0, 1, -1
		]
	}
}
#---------- POLYLINE
Shape {
	appearance Appearance {
		material Material {
			diffuseColor 1 0 0
			emissiveColor 1 0 0
		}
	}
	geometry IndexedLineSet {
		coord Coordinate {
			point [
				-166.261 234.851 -889.461,
				-166.261 234.851 -889.461,
			]
		}
		coordIndex [
			0, 1, -1
		]
	}
}
#---------- POLYLINE
Shape {
	appearance Appearance {
		material Material {
			diffuseColor 1 0 0
			emissiveColor 1 0 0
		}
	}
	geometry IndexedLineSet {
		coord Coordinate {
			point [
				-166.261 234.851 -889.461,
				-166.261 234.851 -889.461,
			]
		}
		coordIndex [
			0, 1, -1
		]
	}
}
#---------- POLYLINE
Shape {
	appearance Appearance {
		material Material {
			diffuseColor 1 0 0
			emissiveColor 1 0 0
		}
	}
	geometry IndexedLineSet {
		coord Coordinate {
			point [
				-166.261 234.851 -889.461,
				-166.261 234.851 -889.461,
			]
		}
		coordIndex [
			0, 1, -1
		]
	}
}
#---------- POLYLINE
Shape {
	appearance Appearance {
		material Material {
			diffuseColor 1 0 0
			emissiveColor 1 0 0
		}
	}
	geometry IndexedLineSet {
		coord Coordinate {
			point [
				-166.261 234.851 -889.461,
				-166.261 234.851 -889.461,
			]
		}
		coordIndex [
			0, 1, -1
		]
	}
}
#---------- POLYLINE
Shape {
	appearance Appearance {
		material Material {
			diffuseColor 1 0 0
			emissiveColor 1 0 0
		}
	}
	geometry IndexedLineSet {
		coord Coordinate {
			point [
				-166.261 234.851 -889.461,
				-166.261 234.851 -889.461,
			]
		}
		coordIndex [
			0, 1, -1
		]
	}
}
#---------- POLYLINE
Shape {
	appearance Appearance {
		material Material {
			diffuseColor 1 0 0
			emissiveColor 1 0 0
		}
	}
	geometry IndexedLineSet {
		coord Coordinate {
			point [
				-166.261 234.851 -889.461,
				-166.261 234.851 -889.461,
			]
		}
		coordIndex [
			0, 1, -1
		]
	}
}
#---------- POLYLINE
Shape {
	appearance Appearance {
		material Material {
			diffuseColor 1 0 0
			emissiveColor 1 0 0
		}
	}
	geometry IndexedLineSet {
		coord Coordinate {
			point [
				-166.261 234.851 -889.461,
				-166.261 234.851 -889.461,
			]
		}
		coordIndex [
			0, 1, -1
		]
	}
}
#---------- POLYLINE
Shape {
	appearance Appearance {
		material Material {
			diffuseColor 1 0 0
			emissiveColor 1 0 0
		}
	}
	geometry IndexedLineSet {
		coord Coordinate {
			point [
				-166.261 234.851 -889.461,
				-166.261 234.851 -889.461,
			]
		}
		coordIndex [
			0, 1, -1
		]
	}
}
#---------- POLYLINE
Shape {
	appearance Appearance {
		material Material {
			diffuseColor 1 0 0
			emissiveColor 1 0 0
		}
	}
	geometry IndexedLineSet {
		coord Coordinate {
			point [
				-166.261 234.851 -889.461,
				-166.261 234.851 -889.461,
			]
		}
		coordIndex [
			0, 1, -1
		]
	}
}
#---------- POLYLINE
Shape {
	appearance Appearance {
		material Material {
			diffuseColor 1 0 0
			emissiveColor 1 0 0
		}
	}
	geometry IndexedLineSet {
		coord Coordinate {
			point [
				-166.259 234.85 -889.463,
				-166.259 234.85 -889.463,
			]
		}
		coordIndex [
			0, 1, -1
		]
	}
}
#---------- POLYLINE
Shape {
	appearance Appearance {
		material Material {
			diffuseColor 1 0 0
			emissiveColor 1 0 0
		}
	}
	geometry IndexedLineSet {
		coord Coordinate {
			point [
				-166.26 234.854 -889.464,
				-166.259 234.854 -889.464,
			]
		}
		coordIndex [
			0, 1, -1
		]
	}
}
#---------- POLYLINE
Shape {
	appearance Appearance {
		material Material {
			diffuseColor 1 0 0
			emissiveColor 1 0 0
		}
	}
	geometry IndexedLineSet {
		coord Coordinate {
			point [
				-166.26 234.854 -889.464,
				-166.26 234.853 -889.465,
			]
		}
		coordIndex [
			0, 1, -1
		]
	}
}
#---------- POLYLINE
Shape {
	appearance Appearance {
		material Material {
			diffuseColor 1 0 0
			emissiveColor 1 0 0
		}
	}
	geometry IndexedLineSet {
		coord Coordinate {
			point [
				-166.26 234.854 -889.464,
				-166.258 234.869 -889.469,
			]
		}
		coordIndex [
			0, 1, -1
		]
	}
}
#---------- POLYLINE
Shape {
	appearance Appearance {
		material Material {
			diffuseColor 0 1 0
			emissiveColor 0 1 0
		}
	}
	geometry IndexedLineSet {
		coord Coordinate {
			point [
				-169.902 231.334 -887.908,
				-170.026 231.214 -887.855,
				-172.353 227.109 -883.741,
			]
		}
		coordIndex [
			0, 1, 2, -1
		]
	}
}
#---------- POLYLINE
Shape {
	appearance Appearance {
		material Material {
			diffuseColor 1 0 0
			emissiveColor 1 0 0
		}
	}
	geometry IndexedLineSet {
		coord Coordinate {
			point [
				-172.353 227.109 -883.741,
				-172.353 227.109 -883.741,
			]
		}
		coordIndex [
			0, 1, -1
		]
	}
}
#---------- POLYLINE
Shape {
	appearance Appearance {
		material Material {
			diffuseColor 1 0 0
			emissiveColor 1 0 0
		}
	}
	geometry IndexedLineSet {
		coord Coordinate {
			point [
				-172.353 227.109 -883.741,
				-172.353 227.109 -883.741,
			]
		}
		coordIndex [
			0, 1, -1
		]
	}
}
#---------- POLYLINE
Shape {
	appearance Appearance {
		material Material {
			diffuseColor 1 0 0
			emissiveColor 1 0 0
		}
	}
	geometry IndexedLineSet {
		coord Coordinate {
			point [
				-172.353 227.109 -883.741,
				-172.353 227.109 -883.741,
			]
		}
		coordIndex [
			0, 1, -1
		]
	}
}
#---------- POLYLINE
Shape {
	appearance Appearance {
		material Material {
			diffuseColor 1 0 0
			emissiveColor 1 0 0
		}
	}
	geometry IndexedLineSet {
		coord Coordinate {
			point [
				-172.353 227.109 -883.741,
				-172.353 227.109 -883.741,
			]
		}
		coordIndex [
			0, 1, -1
		]
	}
}
#---------- POLYLINE
Shape {
	appearance Appearance {
		material Material {
			diffuseColor 1 0 0
			emissiveColor 1 0 0
		}
	}
	geometry IndexedLineSet {
		coord Coordinate {
			point [
				-172.353 227.109 -883.741,
				-172.353 227.109 -883.741,
			]
		}
		coordIndex [
			0, 1, -1
		]
	}
}
#---------- POLYLINE
Shape {
	appearance Appearance {
		material Material {
			diffuseColor 1 0 0
			emissiveColor 1 0 0
		}
	}
	geometry IndexedLineSet {
		coord Coordinate {
			point [
				-172.353 227.109 -883.741,
				-172.353 227.109 -883.741,
			]
		}
		coordIndex [
			0, 1, -1
		]
	}
}
#---------- POLYLINE
Shape {
	appearance Appearance {
		material Material {
			diffuseColor 1 0 0
			emissiveColor 1 0 0
		}
	}
	geometry IndexedLineSet {
		coord Coordinate {
			point [
				-172.353 227.109 -883.741,
				-172.353 227.109 -883.741,
			]
		}
		coordIndex [
			0, 1, -1
		]
	}
}
#---------- POLYLINE
Shape {
	appearance Appearance {
		material Material {
			diffuseColor 1 0 0
			emissiveColor 1 0 0
		}
	}
	geometry IndexedLineSet {
		coord Coordinate {
			point [
				-172.353 227.109 -883.741,
				-172.353 227.109 -883.741,
			]
		}
		coordIndex [
			0, 1, -1
		]
	}
}
#---------- POLYLINE
Shape {
	appearance Appearance {
		material Material {
			diffuseColor 0 1 0
			emissiveColor 0 1 0
		}
	}
	geometry IndexedLineSet {
		coord Coordinate {
			point [
				-172.353 227.109 -883.741,
				-172.355 227.108 -883.741,
			]
		}
		coordIndex [
			0, 1, -1
		]
	}
}
#---------- POLYLINE
Shape {
	appearance Appearance {
		material Material {
			diffuseColor 1 0 0
			emissiveColor 1 0 0
		}
	}
	geometry IndexedLineSet {
		coord Coordinate {
			point [
				-172.355 227.108 -883.741,
				-172.355 227.108 -883.741,
			]
		}
		coordIndex [
			0, 1, -1
		]
	}
}
#---------- POLYLINE
Shape {
	appearance Appearance {
		material Material {
			diffuseColor 1 0 0
			emissiveColor 1 0 0
		}
	}
	geometry IndexedLineSet {
		coord Coordinate {
			point [
				-172.355 227.108 -883.741,
				-172.355 227.108 -883.741,
			]
		}
		coordIndex [
			0, 1, -1
		]
	}
}
#---------- POLYLINE
Shape {
	appearance Appearance {
		material Material {
			diffuseColor 1 0 0
			emissiveColor 1 0 0
		}
	}
	geometry IndexedLineSet {
		coord Coordinate {
			point [
				-172.355 227.108 -883.741,
				-172.355 227.108 -883.741,
			]
		}
		coordIndex [
			0, 1, -1
		]
	}
}
#---------- POLYLINE
Shape {
	appearance Appearance {
		material Material {
			diffuseColor 1 0 0
			emissiveColor 1 0 0
		}
	}
	geometry IndexedLineSet {
		coord Coordinate {
			point [
				-172.355 227.108 -883.741,
				-172.355 227.108 -883.741,
			]
		}
		coordIndex [
			0, 1, -1
		]
	}
}
#---------- POLYLINE
Shape {
	appearance Appearance {
		material Material {
			diffuseColor 1 0 0
			emissiveColor 1 0 0
		}
	}
	geometry IndexedLineSet {
		coord Coordinate {
			point [
				-172.355 227.108 -883.741,
			]
		}
		coordIndex [
			0, -1
		]
	}
}
#---------- POLYLINE
Shape {
	appearance Appearance {
		material Material {
			diffuseColor 1 0 0
			emissiveColor 1 0 0
		}
	}
	geometry IndexedLineSet {
		coord Coordinate {
			point [
				-172.355 227.108 -883.741,
				-172.355 227.108 -883.741,
			]
		}
		coordIndex [
			0, 1, -1
		]
	}
}
#---------- POLYLINE
Shape {
	appearance Appearance {
		material Material {
			diffuseColor 1 0 0
			emissiveColor 1 0 0
		}
	}
	geometry IndexedLineSet {
		coord Coordinate {
			point [
				-172.355 227.108 -883.741,
				-172.355 227.108 -883.741,
			]
		}
		coordIndex [
			0, 1, -1
		]
	}
}
#---------- POLYLINE
Shape {
	appearance Appearance {
		material Material {
			diffuseColor 1 0 0
			emissiveColor 1 0 0
		}
	}
	geometry IndexedLineSet {
		coord Coordinate {
			point [
				-172.355 227.108 -883.741,
				-172.355 227.108 -883.741,
			]
		}
		coordIndex [
			0, 1, -1
		]
	}
}
#---------- POLYLINE
Shape {
	appearance Appearance {
		material Material {
			diffuseColor 1 0 0
			emissiveColor 1 0 0
		}
	}
	geometry IndexedLineSet {
		coord Coordinate {
			point [
				-172.355 227.108 -883.741,
				-172.355 227.108 -883.741,
			]
		}
		coordIndex [
			0, 1, -1
		]
	}
}
#---------- POLYLINE
Shape {
	appearance Appearance {
		material Material {
			diffuseColor 1 0 0
			emissiveColor 1 0 0
		}
	}
	geometry IndexedLineSet {
		coord Coordinate {
			point [
				-172.355 227.108 -883.741,
				-172.355 227.108 -883.741,
			]
		}
		coordIndex [
			0, 1, -1
		]
	}
}
#---------- POLYLINE
Shape {
	appearance Appearance {
		material Material {
			diffuseColor 1 0 0
			emissiveColor 1 0 0
		}
	}
	geometry IndexedLineSet {
		coord Coordinate {
			point [
				-172.355 227.108 -883.741,
				-172.355 227.108 -883.741,
			]
		}
		coordIndex [
			0, 1, -1
		]
	}
}
#---------- POLYLINE
Shape {
	appearance Appearance {
		material Material {
			diffuseColor 1 0 0
			emissiveColor 1 0 0
		}
	}
	geometry IndexedLineSet {
		coord Coordinate {
			point [
				-172.355 227.108 -883.741,
				-172.355 227.108 -883.741,
			]
		}
		coordIndex [
			0, 1, -1
		]
	}
}
#---------- POLYLINE
Shape {
	appearance Appearance {
		material Material {
			diffuseColor 1 0 0
			emissiveColor 1 0 0
		}
	}
	geometry IndexedLineSet {
		coord Coordinate {
			point [
				-172.355 227.108 -883.741,
				-172.355 227.108 -883.741,
			]
		}
		coordIndex [
			0, 1, -1
		]
	}
}
#---------- POLYLINE
Shape {
	appearance Appearance {
		material Material {
			diffuseColor 1 0 0
			emissiveColor 1 0 0
		}
	}
	geometry IndexedLineSet {
		coord Coordinate {
			point [
				-172.355 227.108 -883.741,
				-172.355 227.108 -883.741,
			]
		}
		coordIndex [
			0, 1, -1
		]
	}
}
#---------- POLYLINE
Shape {
	appearance Appearance {
		material Material {
			diffuseColor 1 0 0
			emissiveColor 1 0 0
		}
	}
	geometry IndexedLineSet {
		coord Coordinate {
			point [
				-172.355 227.108 -883.741,
				-172.355 227.108 -883.741,
			]
		}
		coordIndex [
			0, 1, -1
		]
	}
}
#---------- POLYLINE
Shape {
	appearance Appearance {
		material Material {
			diffuseColor 1 0 0
			emissiveColor 1 0 0
		}
	}
	geometry IndexedLineSet {
		coord Coordinate {
			point [
				-172.355 227.108 -883.741,
				-172.355 227.108 -883.741,
			]
		}
		coordIndex [
			0, 1, -1
		]
	}
}
#---------- POLYLINE
Shape {
	appearance Appearance {
		material Material {
			diffuseColor 1 0 0
			emissiveColor 1 0 0
		}
	}
	geometry IndexedLineSet {
		coord Coordinate {
			point [
				-172.355 227.108 -883.741,
				-172.355 227.108 -883.741,
			]
		}
		coordIndex [
			0, 1, -1
		]
	}
}
#---------- POLYLINE
Shape {
	appearance Appearance {
		material Material {
			diffuseColor 1 0 0
			emissiveColor 1 0 0
		}
	}
	geometry IndexedLineSet {
		coord Coordinate {
			point [
				-172.355 227.108 -883.741,
				-172.355 227.108 -883.741,
			]
		}
		coordIndex [
			0, 1, -1
		]
	}
}
#---------- POLYLINE
Shape {
	appearance Appearance {
		material Material {
			diffuseColor 1 0 0
			emissiveColor 1 0 0
		}
	}
	geometry IndexedLineSet {
		coord Coordinate {
			point [
				-172.355 227.108 -883.741,
				-172.355 227.108 -883.741,
			]
		}
		coordIndex [
			0, 1, -1
		]
	}
}
#---------- POLYLINE
Shape {
	appearance Appearance {
		material Material {
			diffuseColor 0 1 0
			emissiveColor 0 1 0
		}
	}
	geometry IndexedLineSet {
		coord Coordinate {
			point [
				-172.353 227.109 -883.741,
				-172.717 227.385 -883.221,
			]
		}
		coordIndex [
			0, 1, -1
		]
	}
}
#---------- POLYLINE
Shape {
	appearance Appearance {
		material Material {
			diffuseColor 1 0 0
			emissiveColor 1 0 0
		}
	}
	geometry IndexedLineSet {
		coord Coordinate {
			point [
				-172.717 227.385 -883.221,
				-172.717 227.385 -883.221,
			]
		}
		coordIndex [
			0, 1, -1
		]
	}
}
#---------- POLYLINE
Shape {
	appearance Appearance {
		material Material {
			diffuseColor 1 0 0
			emissiveColor 1 0 0
		}
	}
	geometry IndexedLineSet {
		coord Coordinate {
			point [
				-172.717 227.385 -883.221,
				-172.717 227.385 -883.221,
			]
		}
		coordIndex [
			0, 1, -1
		]
	}
}
#---------- POLYLINE
Shape {
	appearance Appearance {
		material Material {
			diffuseColor 1 0 0
			emissiveColor 1 0 0
		}
	}
	geometry IndexedLineSet {
		coord Coordinate {
			point [
				-172.717 227.385 -883.221,
				-172.717 227.385 -883.221,
			]
		}
		coordIndex [
			0, 1, -1
		]
	}
}
#---------- POLYLINE
Shape {
	appearance Appearance {
		material Material {
			diffuseColor 1 0 0
			emissiveColor 1 0 0
		}
	}
	geometry IndexedLineSet {
		coord Coordinate {
			point [
				-172.717 227.385 -883.221,
				-172.717 227.385 -883.221,
			]
		}
		coordIndex [
			0, 1, -1
		]
	}
}
#---------- POLYLINE
Shape {
	appearance Appearance {
		material Material {
			diffuseColor 1 0 0
			emissiveColor 1 0 0
		}
	}
	geometry IndexedLineSet {
		coord Coordinate {
			point [
				-172.717 227.385 -883.221,
				-172.717 227.385 -883.221,
			]
		}
		coordIndex [
			0, 1, -1
		]
	}
}
#---------- POLYLINE
Shape {
	appearance Appearance {
		material Material {
			diffuseColor 1 0 0
			emissiveColor 1 0 0
		}
	}
	geometry IndexedLineSet {
		coord Coordinate {
			point [
				-172.717 227.385 -883.221,
				-172.717 227.385 -883.221,
			]
		}
		coordIndex [
			0, 1, -1
		]
	}
}
#---------- POLYLINE
Shape {
	appearance Appearance {
		material Material {
			diffuseColor 1 0 0
			emissiveColor 1 0 0
		}
	}
	geometry IndexedLineSet {
		coord Coordinate {
			point [
				-172.717 227.385 -883.221,
				-172.717 227.385 -883.221,
			]
		}
		coordIndex [
			0, 1, -1
		]
	}
}
#---------- POLYLINE
Shape {
	appearance Appearance {
		material Material {
			diffuseColor 1 0 0
			emissiveColor 1 0 0
		}
	}
	geometry IndexedLineSet {
		coord Coordinate {
			point [
				-172.717 227.385 -883.221,
				-172.717 227.385 -883.221,
			]
		}
		coordIndex [
			0, 1, -1
		]
	}
}
#---------- POLYLINE
Shape {
	appearance Appearance {
		material Material {
			diffuseColor 1 0 0
			emissiveColor 1 0 0
		}
	}
	geometry IndexedLineSet {
		coord Coordinate {
			point [
				-172.717 227.385 -883.221,
				-172.717 227.385 -883.221,
			]
		}
		coordIndex [
			0, 1, -1
		]
	}
}
#---------- POLYLINE
Shape {
	appearance Appearance {
		material Material {
			diffuseColor 1 0 0
			emissiveColor 1 0 0
		}
	}
	geometry IndexedLineSet {
		coord Coordinate {
			point [
				-172.717 227.385 -883.221,
				-172.717 227.386 -883.22,
			]
		}
		coordIndex [
			0, 1, -1
		]
	}
}
#---------- POLYLINE
Shape {
	appearance Appearance {
		material Material {
			diffuseColor 1 0 0
			emissiveColor 1 0 0
		}
	}
	geometry IndexedLineSet {
		coord Coordinate {
			point [
				-172.353 227.109 -883.741,
				-172.348 227.097 -883.736,
			]
		}
		coordIndex [
			0, 1, -1
		]
	}
}
#---------- POLYLINE
Shape {
	appearance Appearance {
		material Material {
			diffuseColor 1 0 0
			emissiveColor 1 0 0
		}
	}
	geometry IndexedLineSet {
		coord Coordinate {
			point [
				-170.026 231.214 -887.855,
				-170.027 231.214 -887.855,
			]
		}
		coordIndex [
			0, 1, -1
		]
	}
}
#---------- POLYLINE
Shape {
	appearance Appearance {
		material Material {
			diffuseColor 0 1 0
			emissiveColor 0 1 0
		}
	}
	geometry IndexedLineSet {
		coord Coordinate {
			point [
				-170.117 231.435 -887.986,
				-167.547 230.423 -888.151,
			]
		}
		coordIndex [
			0, 1, -1
		]
	}
}
#---------- POLYLINE
Shape {
	appearance Appearance {
		material Material {
			diffuseColor 1 0 0
			emissiveColor 1 0 0
		}
	}
	geometry IndexedLineSet {
		coord Coordinate {
			point [
				-167.547 230.423 -888.151,
				-167.547 230.423 -888.151,
			]
		}
		coordIndex [
			0, 1, -1
		]
	}
}
#---------- POLYLINE
Shape {
	appearance Appearance {
		material Material {
			diffuseColor 1 0 0
			emissiveColor 1 0 0
		}
	}
	geometry IndexedLineSet {
		coord Coordinate {
			point [
				-167.547 230.423 -888.151,
				-167.547 230.423 -888.151,
			]
		}
		coordIndex [
			0, 1, -1
		]
	}
}
#---------- POLYLINE
Shape {
	appearance Appearance {
		material Material {
			diffuseColor 1 0 0
			emissiveColor 1 0 0
		}
	}
	geometry IndexedLineSet {
		coord Coordinate {
			point [
				-167.547 230.423 -888.151,
				-167.547 230.423 -888.151,
			]
		}
		coordIndex [
			0, 1, -1
		]
	}
}
#---------- POLYLINE
Shape {
	appearance Appearance {
		material Material {
			diffuseColor 1 0 0
			emissiveColor 1 0 0
		}
	}
	geometry IndexedLineSet {
		coord Coordinate {
			point [
				-167.547 230.423 -888.151,
				-167.547 230.423 -888.151,
			]
		}
		coordIndex [
			0, 1, -1
		]
	}
}
#---------- POLYLINE
Shape {
	appearance Appearance {
		material Material {
			diffuseColor 0 1 0
			emissiveColor 0 1 0
		}
	}
	geometry IndexedLineSet {
		coord Coordinate {
			point [
				-167.547 230.423 -888.151,
				-167.888 230.743 -888.09,
			]
		}
		coordIndex [
			0, 1, -1
		]
	}
}
#---------- POLYLINE
Shape {
	appearance Appearance {
		material Material {
			diffuseColor 1 0 0
			emissiveColor 1 0 0
		}
	}
	geometry IndexedLineSet {
		coord Coordinate {
			point [
				-167.888 230.743 -888.09,
				-167.888 230.743 -888.09,
			]
		}
		coordIndex [
			0, 1, -1
		]
	}
}
#---------- POLYLINE
Shape {
	appearance Appearance {
		material Material {
			diffuseColor 1 0 0
			emissiveColor 1 0 0
		}
	}
	geometry IndexedLineSet {
		coord Coordinate {
			point [
				-167.888 230.743 -888.09,
				-167.888 230.743 -888.09,
			]
		}
		coordIndex [
			0, 1, -1
		]
	}
}
#---------- POLYLINE
Shape {
	appearance Appearance {
		material Material {
			diffuseColor 1 0 0
			emissiveColor 1 0 0
		}
	}
	geometry IndexedLineSet {
		coord Coordinate {
			point [
				-167.888 230.743 -888.09,
				-167.888 230.743 -888.09,
			]
		}
		coordIndex [
			0, 1, -1
		]
	}
}
#---------- POLYLINE
Shape {
	appearance Appearance {
		material Material {
			diffuseColor 1 0 0
			emissiveColor 1 0 0
		}
	}
	geometry IndexedLineSet {
		coord Coordinate {
			point [
				-167.888 230.743 -888.09,
				-167.888 230.743 -888.09,
			]
		}
		coordIndex [
			0, 1, -1
		]
	}
}
#---------- POLYLINE
Shape {
	appearance Appearance {
		material Material {
			diffuseColor 1 0 0
			emissiveColor 1 0 0
		}
	}
	geometry IndexedLineSet {
		coord Coordinate {
			point [
				-167.888 230.743 -888.09,
				-167.888 230.743 -888.09,
			]
		}
		coordIndex [
			0, 1, -1
		]
	}
}
#---------- POLYLINE
Shape {
	appearance Appearance {
		material Material {
			diffuseColor 1 0 0
			emissiveColor 1 0 0
		}
	}
	geometry IndexedLineSet {
		coord Coordinate {
			point [
				-167.888 230.743 -888.09,
				-167.888 230.743 -888.09,
			]
		}
		coordIndex [
			0, 1, -1
		]
	}
}
#---------- POLYLINE
Shape {
	appearance Appearance {
		material Material {
			diffuseColor 1 0 0
			emissiveColor 1 0 0
		}
	}
	geometry IndexedLineSet {
		coord Coordinate {
			point [
				-167.888 230.743 -888.09,
				-167.888 230.743 -888.09,
			]
		}
		coordIndex [
			0, 1, -1
		]
	}
}
#---------- POLYLINE
Shape {
	appearance Appearance {
		material Material {
			diffuseColor 1 0 0
			emissiveColor 1 0 0
		}
	}
	geometry IndexedLineSet {
		coord Coordinate {
			point [
				-167.888 230.743 -888.09,
				-167.888 230.743 -888.09,
			]
		}
		coordIndex [
			0, 1, -1
		]
	}
}
#---------- POLYLINE
Shape {
	appearance Appearance {
		material Material {
			diffuseColor 1 0 0
			emissiveColor 1 0 0
		}
	}
	geometry IndexedLineSet {
		coord Coordinate {
			point [
				-167.888 230.743 -888.09,
				-167.888 230.743 -888.09,
			]
		}
		coordIndex [
			0, 1, -1
		]
	}
}
#---------- POLYLINE
Shape {
	appearance Appearance {
		material Material {
			diffuseColor 1 0 0
			emissiveColor 1 0 0
		}
	}
	geometry IndexedLineSet {
		coord Coordinate {
			point [
				-167.888 230.743 -888.09,
				-167.888 230.743 -888.09,
			]
		}
		coordIndex [
			0, 1, -1
		]
	}
}
#---------- POLYLINE
Shape {
	appearance Appearance {
		material Material {
			diffuseColor 0 1 0
			emissiveColor 0 1 0
		}
	}
	geometry IndexedLineSet {
		coord Coordinate {
			point [
				-167.888 230.743 -888.09,
				-167.871 230.732 -888.071,
			]
		}
		coordIndex [
			0, 1, -1
		]
	}
}
#---------- POLYLINE
Shape {
	appearance Appearance {
		material Material {
			diffuseColor 1 0 0
			emissiveColor 1 0 0
		}
	}
	geometry IndexedLineSet {
		coord Coordinate {
			point [
				-167.871 230.732 -888.071,
				-167.871 230.732 -888.071,
			]
		}
		coordIndex [
			0, 1, -1
		]
	}
}
#---------- POLYLINE
Shape {
	appearance Appearance {
		material Material {
			diffuseColor 1 0 0
			emissiveColor 1 0 0
		}
	}
	geometry IndexedLineSet {
		coord Coordinate {
			point [
				-167.871 230.732 -888.071,
				-167.871 230.732 -888.071,
			]
		}
		coordIndex [
			0, 1, -1
		]
	}
}
#---------- POLYLINE
Shape {
	appearance Appearance {
		material Material {
			diffuseColor 1 0 0
			emissiveColor 1 0 0
		}
	}
	geometry IndexedLineSet {
		coord Coordinate {
			point [
				-167.871 230.732 -888.071,
				-167.871 230.732 -888.071,
			]
		}
		coordIndex [
			0, 1, -1
		]
	}
}
#---------- POLYLINE
Shape {
	appearance Appearance {
		material Material {
			diffuseColor 1 0 0
			emissiveColor 1 0 0
		}
	}
	geometry IndexedLineSet {
		coord Coordinate {
			point [
				-167.871 230.732 -888.071,
				-167.871 230.732 -888.071,
			]
		}
		coordIndex [
			0, 1, -1
		]
	}
}
#---------- POLYLINE
Shape {
	appearance Appearance {
		material Material {
			diffuseColor 1 0 0
			emissiveColor 1 0 0
		}
	}
	geometry IndexedLineSet {
		coord Coordinate {
			point [
				-167.871 230.732 -888.071,
				-167.871 230.732 -888.071,
			]
		}
		coordIndex [
			0, 1, -1
		]
	}
}
#---------- POLYLINE
Shape {
	appearance Appearance {
		material Material {
			diffuseColor 1 0 0
			emissiveColor 1 0 0
		}
	}
	geometry IndexedLineSet {
		coord Coordinate {
			point [
				-167.871 230.732 -888.071,
				-167.871 230.732 -888.071,
			]
		}
		coordIndex [
			0, 1, -1
		]
	}
}
#---------- POLYLINE
Shape {
	appearance Appearance {
		material Material {
			diffuseColor 1 0 0
			emissiveColor 1 0 0
		}
	}
	geometry IndexedLineSet {
		coord Coordinate {
			point [
				-167.871 230.732 -888.071,
				-167.871 230.732 -888.071,
			]
		}
		coordIndex [
			0, 1, -1
		]
	}
}
#---------- POLYLINE
Shape {
	appearance Appearance {
		material Material {
			diffuseColor 1 0 0
			emissiveColor 1 0 0
		}
	}
	geometry IndexedLineSet {
		coord Coordinate {
			point [
				-167.871 230.732 -888.071,
				-167.871 230.732 -888.071,
			]
		}
		coordIndex [
			0, 1, -1
		]
	}
}
#---------- POLYLINE
Shape {
	appearance Appearance {
		material Material {
			diffuseColor 1 0 0
			emissiveColor 1 0 0
		}
	}
	geometry IndexedLineSet {
		coord Coordinate {
			point [
				-167.871 230.732 -888.071,
				-167.871 230.732 -888.071,
			]
		}
		coordIndex [
			0, 1, -1
		]
	}
}
#---------- POLYLINE
Shape {
	appearance Appearance {
		material Material {
			diffuseColor 1 0 0
			emissiveColor 1 0 0
		}
	}
	geometry IndexedLineSet {
		coord Coordinate {
			point [
				-167.871 230.732 -888.071,
				-167.871 230.732 -888.071,
			]
		}
		coordIndex [
			0, 1, -1
		]
	}
}
#---------- POLYLINE
Shape {
	appearance Appearance {
		material Material {
			diffuseColor 1 0 0
			emissiveColor 1 0 0
		}
	}
	geometry IndexedLineSet {
		coord Coordinate {
			point [
				-167.871 230.732 -888.071,
				-167.871 230.732 -888.071,
			]
		}
		coordIndex [
			0, 1, -1
		]
	}
}
#---------- POLYLINE
Shape {
	appearance Appearance {
		material Material {
			diffuseColor 1 0 0
			emissiveColor 1 0 0
		}
	}
	geometry IndexedLineSet {
		coord Coordinate {
			point [
				-167.871 230.732 -888.071,
				-167.871 230.732 -888.071,
			]
		}
		coordIndex [
			0, 1, -1
		]
	}
}
#---------- POLYLINE
Shape {
	appearance Appearance {
		material Material {
			diffuseColor 1 0 0
			emissiveColor 1 0 0
		}
	}
	geometry IndexedLineSet {
		coord Coordinate {
			point [
				-167.888 230.743 -888.09,
				-167.888 230.743 -888.09,
			]
		}
		coordIndex [
			0, 1, -1
		]
	}
}
#---------- POLYLINE
Shape {
	appearance Appearance {
		material Material {
			diffuseColor 1 0 0
			emissiveColor 1 0 0
		}
	}
	geometry IndexedLineSet {
		coord Coordinate {
			point [
				-167.888 230.743 -888.09,
				-167.889 230.744 -888.09,
			]
		}
		coordIndex [
			0, 1, -1
		]
	}
}
#---------- POLYLINE
Shape {
	appearance Appearance {
		material Material {
			diffuseColor 1 0 0
			emissiveColor 1 0 0
		}
	}
	geometry IndexedLineSet {
		coord Coordinate {
			point [
				-167.547 230.423 -888.151,
				-167.536 230.413 -888.151,
			]
		}
		coordIndex [
			0, 1, -1
		]
	}
}
#---------- POLYLINE
Shape {
	appearance Appearance {
		material Material {
			diffuseColor 0 1 0
			emissiveColor 0 1 0
		}
	}
	geometry IndexedLineSet {
		coord Coordinate {
			point [
				-170.573 231.512 -886.761,
				-168.667 231.292 -905.722,
			]
		}
		coordIndex [
			0, 1, -1
		]
	}
}
#---------- POLYLINE
Shape {
	appearance Appearance {
		material Material {
			diffuseColor 1 0 0
			emissiveColor 1 0 0
		}
	}
	geometry IndexedLineSet {
		coord Coordinate {
			point [
				-168.667 231.292 -905.722,
				-168.667 231.292 -905.722,
			]
		}
		coordIndex [
			0, 1, -1
		]
	}
}
#---------- POLYLINE
Shape {
	appearance Appearance {
		material Material {
			diffuseColor 1 0 0
			emissiveColor 1 0 0
		}
	}
	geometry IndexedLineSet {
		coord Coordinate {
			point [
				-168.667 231.292 -905.722,
				-168.667 231.292 -905.722,
			]
		}
		coordIndex [
			0, 1, -1
		]
	}
}
#---------- POLYLINE
Shape {
	appearance Appearance {
		material Material {
			diffuseColor 1 0 0
			emissiveColor 1 0 0
		}
	}
	geometry IndexedLineSet {
		coord Coordinate {
			point [
				-168.667 231.292 -905.722,
				-168.667 231.292 -905.722,
			]
		}
		coordIndex [
			0, 1, -1
		]
	}
}
#---------- POLYLINE
Shape {
	appearance Appearance {
		material Material {
			diffuseColor 1 0 0
			emissiveColor 1 0 0
		}
	}
	geometry IndexedLineSet {
		coord Coordinate {
			point [
				-168.667 231.292 -905.722,
				-168.667 231.292 -905.722,
			]
		}
		coordIndex [
			0, 1, -1
		]
	}
}
#---------- POLYLINE
Shape {
	appearance Appearance {
		material Material {
			diffuseColor 1 0 0
			emissiveColor 1 0 0
		}
	}
	geometry IndexedLineSet {
		coord Coordinate {
			point [
				-168.667 231.292 -905.722,
				-168.667 231.292 -905.722,
			]
		}
		coordIndex [
			0, 1, -1
		]
	}
}
#---------- POLYLINE
Shape {
	appearance Appearance {
		material Material {
			diffuseColor 1 0 0
			emissiveColor 1 0 0
		}
	}
	geometry IndexedLineSet {
		coord Coordinate {
			point [
				-168.667 231.292 -905.722,
				-168.667 231.292 -905.722,
			]
		}
		coordIndex [
			0, 1, -1
		]
	}
}
#---------- POLYLINE
Shape {
	appearance Appearance {
		material Material {
			diffuseColor 1 0 0
			emissiveColor 1 0 0
		}
	}
	geometry IndexedLineSet {
		coord Coordinate {
			point [
				-168.667 231.292 -905.722,
				-168.667 231.292 -905.722,
			]
		}
		coordIndex [
			0, 1, -1
		]
	}
}
#---------- POLYLINE
Shape {
	appearance Appearance {
		material Material {
			diffuseColor 1 0 0
			emissiveColor 1 0 0
		}
	}
	geometry IndexedLineSet {
		coord Coordinate {
			point [
				-168.667 231.292 -905.722,
				-168.667 231.292 -905.722,
			]
		}
		coordIndex [
			0, 1, -1
		]
	}
}
#---------- POLYLINE
Shape {
	appearance Appearance {
		material Material {
			diffuseColor 1 0 0
			emissiveColor 1 0 0
		}
	}
	geometry IndexedLineSet {
		coord Coordinate {
			point [
				-168.667 231.292 -905.722,
				-168.667 231.292 -905.722,
			]
		}
		coordIndex [
			0, 1, -1
		]
	}
}
#---------- POLYLINE
Shape {
	appearance Appearance {
		material Material {
			diffuseColor 1 0 0
			emissiveColor 1 0 0
		}
	}
	geometry IndexedLineSet {
		coord Coordinate {
			point [
				-168.667 231.292 -905.722,
				-168.667 231.292 -905.722,
			]
		}
		coordIndex [
			0, 1, -1
		]
	}
}
#---------- POLYLINE
Shape {
	appearance Appearance {
		material Material {
			diffuseColor 1 0 0
			emissiveColor 1 0 0
		}
	}
	geometry IndexedLineSet {
		coord Coordinate {
			point [
				-168.667 231.292 -905.722,
				-168.667 231.292 -905.722,
			]
		}
		coordIndex [
			0, 1, -1
		]
	}
}
#---------- POLYLINE
Shape {
	appearance Appearance {
		material Material {
			diffuseColor 1 0 0
			emissiveColor 1 0 0
		}
	}
	geometry IndexedLineSet {
		coord Coordinate {
			point [
				-168.667 231.292 -905.722,
				-168.667 231.292 -905.722,
			]
		}
		coordIndex [
			0, 1, -1
		]
	}
}
#---------- POLYLINE
Shape {
	appearance Appearance {
		material Material {
			diffuseColor 1 0 0
			emissiveColor 1 0 0
		}
	}
	geometry IndexedLineSet {
		coord Coordinate {
			point [
				-168.667 231.292 -905.722,
				-168.667 231.292 -905.722,
			]
		}
		coordIndex [
			0, 1, -1
		]
	}
}
#---------- POLYLINE
Shape {
	appearance Appearance {
		material Material {
			diffuseColor 0 1 0
			emissiveColor 0 1 0
		}
	}
	geometry IndexedLineSet {
		coord Coordinate {
			point [
				-168.667 231.292 -905.722,
				-168.667 231.292 -905.722,
			]
		}
		coordIndex [
			0, 1, -1
		]
	}
}
#---------- POLYLINE
Shape {
	appearance Appearance {
		material Material {
			diffuseColor 1 0 0
			emissiveColor 1 0 0
		}
	}
	geometry IndexedLineSet {
		coord Coordinate {
			point [
				-168.667 231.292 -905.722,
				-168.667 231.292 -905.722,
			]
		}
		coordIndex [
			0, 1, -1
		]
	}
}
#---------- POLYLINE
Shape {
	appearance Appearance {
		material Material {
			diffuseColor 1 0 0
			emissiveColor 1 0 0
		}
	}
	geometry IndexedLineSet {
		coord Coordinate {
			point [
				-168.667 231.292 -905.722,
				-168.667 231.292 -905.722,
			]
		}
		coordIndex [
			0, 1, -1
		]
	}
}
#---------- POLYLINE
Shape {
	appearance Appearance {
		material Material {
			diffuseColor 1 0 0
			emissiveColor 1 0 0
		}
	}
	geometry IndexedLineSet {
		coord Coordinate {
			point [
				-168.667 231.292 -905.722,
				-168.667 231.292 -905.722,
			]
		}
		coordIndex [
			0, 1, -1
		]
	}
}
#---------- POLYLINE
Shape {
	appearance Appearance {
		material Material {
			diffuseColor 1 0 0
			emissiveColor 1 0 0
		}
	}
	geometry IndexedLineSet {
		coord Coordinate {
			point [
				-168.667 231.292 -905.722,
				-168.667 231.292 -905.722,
			]
		}
		coordIndex [
			0, 1, -1
		]
	}
}
#---------- POLYLINE
Shape {
	appearance Appearance {
		material Material {
			diffuseColor 1 0 0
			emissiveColor 1 0 0
		}
	}
	geometry IndexedLineSet {
		coord Coordinate {
			point [
				-168.667 231.292 -905.722,
				-168.667 231.292 -905.722,
			]
		}
		coordIndex [
			0, 1, -1
		]
	}
}
#---------- POLYLINE
Shape {
	appearance Appearance {
		material Material {
			diffuseColor 1 0 0
			emissiveColor 1 0 0
		}
	}
	geometry IndexedLineSet {
		coord Coordinate {
			point [
				-168.667 231.292 -905.722,
				-168.667 231.292 -905.722,
			]
		}
		coordIndex [
			0, 1, -1
		]
	}
}
#---------- POLYLINE
Shape {
	appearance Appearance {
		material Material {
			diffuseColor 1 0 0
			emissiveColor 1 0 0
		}
	}
	geometry IndexedLineSet {
		coord Coordinate {
			point [
				-168.667 231.292 -905.722,
				-168.667 231.292 -905.722,
			]
		}
		coordIndex [
			0, 1, -1
		]
	}
}
#---------- POLYLINE
Shape {
	appearance Appearance {
		material Material {
			diffuseColor 1 0 0
			emissiveColor 1 0 0
		}
	}
	geometry IndexedLineSet {
		coord Coordinate {
			point [
				-168.667 231.292 -905.722,
				-168.74 231.292 -905.773,
				-168.745 231.31 -905.771,
			]
		}
		coordIndex [
			0, 1, 2, -1
		]
	}
}
#---------- POLYLINE
Shape {
	appearance Appearance {
		material Material {
			diffuseColor 0 1 0
			emissiveColor 0 1 0
		}
	}
	geometry IndexedLineSet {
		coord Coordinate {
			point [
				-170.673 231.469 -886.293,
				-170.482 231.619 -887.691,
			]
		}
		coordIndex [
			0, 1, -1
		]
	}
}
#---------- POLYLINE
Shape {
	appearance Appearance {
		material Material {
			diffuseColor 1 0 0
			emissiveColor 1 0 0
		}
	}
	geometry IndexedLineSet {
		coord Coordinate {
			point [
				-170.482 231.619 -887.691,
				-170.482 231.619 -887.691,
			]
		}
		coordIndex [
			0, 1, -1
		]
	}
}
#---------- POLYLINE
Shape {
	appearance Appearance {
		material Material {
			diffuseColor 1 0 0
			emissiveColor 1 0 0
		}
	}
	geometry IndexedLineSet {
		coord Coordinate {
			point [
				-170.482 231.619 -887.691,
				-170.482 231.619 -887.691,
			]
		}
		coordIndex [
			0, 1, -1
		]
	}
}
#---------- POLYLINE
Shape {
	appearance Appearance {
		material Material {
			diffuseColor 1 0 0
			emissiveColor 1 0 0
		}
	}
	geometry IndexedLineSet {
		coord Coordinate {
			point [
				-170.482 231.619 -887.691,
				-170.482 231.619 -887.691,
			]
		}
		coordIndex [
			0, 1, -1
		]
	}
}
#---------- POLYLINE
Shape {
	appearance Appearance {
		material Material {
			diffuseColor 1 0 0
			emissiveColor 1 0 0
		}
	}
	geometry IndexedLineSet {
		coord Coordinate {
			point [
				-170.482 231.619 -887.691,
				-170.482 231.619 -887.691,
			]
		}
		coordIndex [
			0, 1, -1
		]
	}
}
#---------- POLYLINE
Shape {
	appearance Appearance {
		material Material {
			diffuseColor 1 0 0
			emissiveColor 1 0 0
		}
	}
	geometry IndexedLineSet {
		coord Coordinate {
			point [
				-170.482 231.619 -887.691,
				-170.482 231.619 -887.691,
			]
		}
		coordIndex [
			0, 1, -1
		]
	}
}
#---------- POLYLINE
Shape {
	appearance Appearance {
		material Material {
			diffuseColor 1 0 0
			emissiveColor 1 0 0
		}
	}
	geometry IndexedLineSet {
		coord Coordinate {
			point [
				-170.482 231.619 -887.691,
				-170.482 231.619 -887.691,
			]
		}
		coordIndex [
			0, 1, -1
		]
	}
}
#---------- POLYLINE
Shape {
	appearance Appearance {
		material Material {
			diffuseColor 1 0 0
			emissiveColor 1 0 0
		}
	}
	geometry IndexedLineSet {
		coord Coordinate {
			point [
				-170.482 231.619 -887.691,
				-170.482 231.619 -887.691,
			]
		}
		coordIndex [
			0, 1, -1
		]
	}
}
#---------- POLYLINE
Shape {
	appearance Appearance {
		material Material {
			diffuseColor 0 1 0
			emissiveColor 0 1 0
		}
	}
	geometry IndexedLineSet {
		coord Coordinate {
			point [
				-170.482 231.619 -887.691,
				-170.411 233.535 -888.616,
			]
		}
		coordIndex [
			0, 1, -1
		]
	}
}
#---------- POLYLINE
Shape {
	appearance Appearance {
		material Material {
			diffuseColor 1 0 0
			emissiveColor 1 0 0
		}
	}
	geometry IndexedLineSet {
		coord Coordinate {
			point [
				-170.411 233.535 -888.616,
				-170.411 233.535 -888.616,
			]
		}
		coordIndex [
			0, 1, -1
		]
	}
}
#---------- POLYLINE
Shape {
	appearance Appearance {
		material Material {
			diffuseColor 1 0 0
			emissiveColor 1 0 0
		}
	}
	geometry IndexedLineSet {
		coord Coordinate {
			point [
				-170.411 233.535 -888.616,
				-170.411 233.535 -888.616,
			]
		}
		coordIndex [
			0, 1, -1
		]
	}
}
#---------- POLYLINE
Shape {
	appearance Appearance {
		material Material {
			diffuseColor 1 0 0
			emissiveColor 1 0 0
		}
	}
	geometry IndexedLineSet {
		coord Coordinate {
			point [
				-170.411 233.535 -888.616,
				-170.411 233.535 -888.616,
			]
		}
		coordIndex [
			0, 1, -1
		]
	}
}
#---------- POLYLINE
Shape {
	appearance Appearance {
		material Material {
			diffuseColor 1 0 0
			emissiveColor 1 0 0
		}
	}
	geometry IndexedLineSet {
		coord Coordinate {
			point [
				-170.411 233.535 -888.616,
				-170.411 233.535 -888.616,
			]
		}
		coordIndex [
			0, 1, -1
		]
	}
}
#---------- POLYLINE
Shape {
	appearance Appearance {
		material Material {
			diffuseColor 1 0 0
			emissiveColor 1 0 0
		}
	}
	geometry IndexedLineSet {
		coord Coordinate {
			point [
				-170.411 233.535 -888.616,
				-170.411 233.535 -888.616,
			]
		}
		coordIndex [
			0, 1, -1
		]
	}
}
#---------- POLYLINE
Shape {
	appearance Appearance {
		material Material {
			diffuseColor 1 0 0
			emissiveColor 1 0 0
		}
	}
	geometry IndexedLineSet {
		coord Coordinate {
			point [
				-170.411 233.535 -888.616,
				-170.411 233.535 -888.616,
			]
		}
		coordIndex [
			0, 1, -1
		]
	}
}
#---------- POLYLINE
Shape {
	appearance Appearance {
		material Material {
			diffuseColor 1 0 0
			emissiveColor 1 0 0
		}
	}
	geometry IndexedLineSet {
		coord Coordinate {
			point [
				-170.411 233.535 -888.616,
				-170.411 233.535 -888.616,
			]
		}
		coordIndex [
			0, 1, -1
		]
	}
}
#---------- POLYLINE
Shape {
	appearance Appearance {
		material Material {
			diffuseColor 1 0 0
			emissiveColor 1 0 0
		}
	}
	geometry IndexedLineSet {
		coord Coordinate {
			point [
				-170.411 233.535 -888.616,
				-170.411 233.535 -888.616,
			]
		}
		coordIndex [
			0, 1, -1
		]
	}
}
#---------- POLYLINE
Shape {
	appearance Appearance {
		material Material {
			diffuseColor 1 0 0
			emissiveColor 1 0 0
		}
	}
	geometry IndexedLineSet {
		coord Coordinate {
			point [
				-170.411 233.535 -888.616,
				-170.411 233.535 -888.616,
			]
		}
		coordIndex [
			0, 1, -1
		]
	}
}
#---------- POLYLINE
Shape {
	appearance Appearance {
		material Material {
			diffuseColor 1 0 0
			emissiveColor 1 0 0
		}
	}
	geometry IndexedLineSet {
		coord Coordinate {
			point [
				-170.411 233.535 -888.616,
				-170.411 233.535 -888.616,
			]
		}
		coordIndex [
			0, 1, -1
		]
	}
}
#---------- POLYLINE
Shape {
	appearance Appearance {
		material Material {
			diffuseColor 1 0 0
			emissiveColor 1 0 0
		}
	}
	geometry IndexedLineSet {
		coord Coordinate {
			point [
				-170.411 233.535 -888.616,
				-170.411 233.535 -888.616,
			]
		}
		coordIndex [
			0, 1, -1
		]
	}
}
#---------- POLYLINE
Shape {
	appearance Appearance {
		material Material {
			diffuseColor 1 0 0
			emissiveColor 1 0 0
		}
	}
	geometry IndexedLineSet {
		coord Coordinate {
			point [
				-170.411 233.535 -888.616,
				-170.411 233.535 -888.616,
			]
		}
		coordIndex [
			0, 1, -1
		]
	}
}
#---------- POLYLINE
Shape {
	appearance Appearance {
		material Material {
			diffuseColor 1 0 0
			emissiveColor 1 0 0
		}
	}
	geometry IndexedLineSet {
		coord Coordinate {
			point [
				-170.411 233.535 -888.616,
				-170.411 233.535 -888.616,
			]
		}
		coordIndex [
			0, 1, -1
		]
	}
}
#---------- POLYLINE
Shape {
	appearance Appearance {
		material Material {
			diffuseColor 1 0 0
			emissiveColor 1 0 0
		}
	}
	geometry IndexedLineSet {
		coord Coordinate {
			point [
				-170.411 233.535 -888.616,
				-170.411 233.535 -888.616,
			]
		}
		coordIndex [
			0, 1, -1
		]
	}
}
#---------- POLYLINE
Shape {
	appearance Appearance {
		material Material {
			diffuseColor 1 0 0
			emissiveColor 1 0 0
		}
	}
	geometry IndexedLineSet {
		coord Coordinate {
			point [
				-170.411 233.535 -888.616,
				-170.411 233.535 -888.616,
			]
		}
		coordIndex [
			0, 1, -1
		]
	}
}
#---------- POLYLINE
Shape {
	appearance Appearance {
		material Material {
			diffuseColor 1 0 0
			emissiveColor 1 0 0
		}
	}
	geometry IndexedLineSet {
		coord Coordinate {
			point [
				-170.411 233.535 -888.616,
				-170.411 233.535 -888.616,
			]
		}
		coordIndex [
			0, 1, -1
		]
	}
}
#---------- POLYLINE
Shape {
	appearance Appearance {
		material Material {
			diffuseColor 1 0 0
			emissiveColor 1 0 0
		}
	}
	geometry IndexedLineSet {
		coord Coordinate {
			point [
				-170.411 233.535 -888.616,
				-170.411 233.535 -888.616,
			]
		}
		coordIndex [
			0, 1, -1
		]
	}
}
#---------- POLYLINE
Shape {
	appearance Appearance {
		material Material {
			diffuseColor 1 0 0
			emissiveColor 1 0 0
		}
	}
	geometry IndexedLineSet {
		coord Coordinate {
			point [
				-170.411 233.535 -888.616,
				-170.411 233.535 -888.616,
			]
		}
		coordIndex [
			0, 1, -1
		]
	}
}
#---------- POLYLINE
Shape {
	appearance Appearance {
		material Material {
			diffuseColor 1 0 0
			emissiveColor 1 0 0
		}
	}
	geometry IndexedLineSet {
		coord Coordinate {
			point [
				-170.411 233.535 -888.616,
				-170.411 233.535 -888.617,
			]
		}
		coordIndex [
			0, 1, -1
		]
	}
}
#---------- POLYLINE
Shape {
	appearance Appearance {
		material Material {
			diffuseColor 1 0 0
			emissiveColor 1 0 0
		}
	}
	geometry IndexedLineSet {
		coord Coordinate {
			point [
				-170.482 231.619 -887.691,
				-170.484 231.619 -887.692,
			]
		}
		coordIndex [
			0, 1, -1
		]
	}
}
#---------- POLYLINE
Shape {
	appearance Appearance {
		material Material {
			diffuseColor 1 0 0
			emissiveColor 1 0 0
		}
	}
	geometry IndexedLineSet {
		coord Coordinate {
			point [
				-170.778 230.265 -885.574,
				-170.644 230.832 -885.979,
				-170.553 230.746 -885.542,
				-170.624 230.728 -885.554,
			]
		}
		coordIndex [
			0, 1, 2, 3, -1
		]
	}
}
#---------- POLYLINE
Shape {
	appearance Appearance {
		material Material {
			diffuseColor 0 1 0
			emissiveColor 0 1 0
		}
	}
	geometry IndexedLineSet {
		coord Coordinate {
			point [
				-170.644 230.832 -885.979,
				-170.242 230.48 -884.055,
				-169.922 229.936 -880,
				98.517 -226.233 2524.64,
				-978.397 5000 2211.61,
			]
		}
		coordIndex [
			0, 1, 2, 3, 4, -1
		]
	}
}
#---------- POLYLINE
Shape {
	appearance Appearance {
		material Material {
			diffuseColor 1 0 0
			emissiveColor 1 0 0
		}
	}
	geometry IndexedLineSet {
		coord Coordinate {
			point [
				98.517 -226.233 2524.64,
				102.075 -238.562 2545.08,
				102.354 -239.782 2547.56,
				115.881 -290.633 2634.79,
				115.207 -295.755 2637.8,
				86.4032 -361.766 2672,
				89.3547 -364.968 2675.06,
				92.641 -367.856 2678.44,
				130.977 -385.191 2700.6,
				138.291 -388.986 2707.02,
				171.034 -406.703 2736.83,
				170.735 -408.038 2736.31,
				164.83 -426.22 2726.32,
				163.096 -427.967 2724.57,
				155.403 -432.502 2720.03,
				139.953 -444.969 2703.87,
				129.965 -446.396 2701.54,
				120.476 -440.117 2703.36,
				117.545 -440.68 2704.63,
				115.609 -443.391 2708.87,
				116.268 -441.134 2718.45,
				116.675 -440.624 2720.83,
				114.321 -439.239 2725.83,
				113.892 -439.472 2728.31,
				114.821 -439.091 2732.59,
				114.826 -439.037 2732.63,
				114.481 -436.425 2733.74,
				114.42 -436.369 2733.77,
				113.778 -436.02 2733.94,
				112.533 -435.512 2734.22,
				113.153 -434.957 2734.4,
				113.1 -434.937 2734.56,
				113.083 -434.967 2734.59,
			]
		}
		coordIndex [
			0, 1, 2, 3, 4, 5, 6, 7, 8, 9, 
			10, 11, 12, 13, 14, 15, 16, 17, 18, 19, 
			20, 21, 22, 23, 24, 25, 26, 27, 28, 29, 
			30, 31, 32, -1
		]
	}
}
#---------- POLYLINE
Shape {
	appearance Appearance {
		material Material {
			diffuseColor 1 0 0
			emissiveColor 1 0 0
		}
	}
	geometry IndexedLineSet {
		coord Coordinate {
			point [
				113.778 -436.02 2733.94,
				113.8 -435.989 2733.98,
			]
		}
		coordIndex [
			0, 1, -1
		]
	}
}
#---------- POLYLINE
Shape {
	appearance Appearance {
		material Material {
			diffuseColor 1 0 0
			emissiveColor 1 0 0
		}
	}
	geometry IndexedLineSet {
		coord Coordinate {
			point [
				114.42 -436.369 2733.77,
				114.433 -436.353 2733.79,
			]
		}
		coordIndex [
			0, 1, -1
		]
	}
}
#---------- POLYLINE
Shape {
	appearance Appearance {
		material Material {
			diffuseColor 1 0 0
			emissiveColor 1 0 0
		}
	}
	geometry IndexedLineSet {
		coord Coordinate {
			point [
				114.826 -439.037 2732.63,
				114.868 -439.06 2732.7,
			]
		}
		coordIndex [
			0, 1, -1
		]
	}
}
#---------- POLYLINE
Shape {
	appearance Appearance {
		material Material {
			diffuseColor 1 0 0
			emissiveColor 1 0 0
		}
	}
	geometry IndexedLineSet {
		coord Coordinate {
			point [
				114.321 -439.239 2725.83,
				114.348 -439.245 2725.84,
			]
		}
		coordIndex [
			0, 1, -1
		]
	}
}
#---------- POLYLINE
Shape {
	appearance Appearance {
		material Material {
			diffuseColor 1 0 0
			emissiveColor 1 0 0
		}
	}
	geometry IndexedLineSet {
		coord Coordinate {
			point [
				116.675 -440.624 2720.83,
				116.695 -440.617 2720.84,
			]
		}
		coordIndex [
			0, 1, -1
		]
	}
}
#---------- POLYLINE
Shape {
	appearance Appearance {
		material Material {
			diffuseColor 1 0 0
			emissiveColor 1 0 0
		}
	}
	geometry IndexedLineSet {
		coord Coordinate {
			point [
				115.609 -443.391 2708.87,
				115.47 -443.581 2708.93,
				115.406 -443.59 2708.89,
			]
		}
		coordIndex [
			0, 1, 2, -1
		]
	}
}
#---------- POLYLINE
Shape {
	appearance Appearance {
		material Material {
			diffuseColor 1 0 0
			emissiveColor 1 0 0
		}
	}
	geometry IndexedLineSet {
		coord Coordinate {
			point [
				117.545 -440.68 2704.63,
				117.34 -440.485 2704.66,
			]
		}
		coordIndex [
			0, 1, -1
		]
	}
}
#---------- POLYLINE
Shape {
	appearance Appearance {
		material Material {
			diffuseColor 1 0 0
			emissiveColor 1 0 0
		}
	}
	geometry IndexedLineSet {
		coord Coordinate {
			point [
				120.476 -440.117 2703.36,
				120.443 -440.001 2703.34,
			]
		}
		coordIndex [
			0, 1, -1
		]
	}
}
#---------- POLYLINE
Shape {
	appearance Appearance {
		material Material {
			diffuseColor 1 0 0
			emissiveColor 1 0 0
		}
	}
	geometry IndexedLineSet {
		coord Coordinate {
			point [
				129.965 -446.396 2701.54,
				129.947 -446.42 2701.53,
			]
		}
		coordIndex [
			0, 1, -1
		]
	}
}
#---------- POLYLINE
Shape {
	appearance Appearance {
		material Material {
			diffuseColor 1 0 0
			emissiveColor 1 0 0
		}
	}
	geometry IndexedLineSet {
		coord Coordinate {
			point [
				155.403 -432.502 2720.03,
				155.39 -432.545 2720.07,
			]
		}
		coordIndex [
			0, 1, -1
		]
	}
}
#---------- POLYLINE
Shape {
	appearance Appearance {
		material Material {
			diffuseColor 1 0 0
			emissiveColor 1 0 0
		}
	}
	geometry IndexedLineSet {
		coord Coordinate {
			point [
				164.83 -426.22 2726.32,
				164.854 -426.232 2726.31,
			]
		}
		coordIndex [
			0, 1, -1
		]
	}
}
#---------- POLYLINE
Shape {
	appearance Appearance {
		material Material {
			diffuseColor 1 0 0
			emissiveColor 1 0 0
		}
	}
	geometry IndexedLineSet {
		coord Coordinate {
			point [
				170.735 -408.038 2736.31,
				170.819 -408.087 2736.35,
			]
		}
		coordIndex [
			0, 1, -1
		]
	}
}
#---------- POLYLINE
Shape {
	appearance Appearance {
		material Material {
			diffuseColor 1 0 0
			emissiveColor 1 0 0
		}
	}
	geometry IndexedLineSet {
		coord Coordinate {
			point [
				130.977 -385.191 2700.6,
				130.871 -385.18 2700.73,
			]
		}
		coordIndex [
			0, 1, -1
		]
	}
}
#---------- POLYLINE
Shape {
	appearance Appearance {
		material Material {
			diffuseColor 1 0 0
			emissiveColor 1 0 0
		}
	}
	geometry IndexedLineSet {
		coord Coordinate {
			point [
				92.641 -367.856 2678.44,
				92.6342 -368.048 2678.31,
			]
		}
		coordIndex [
			0, 1, -1
		]
	}
}
#---------- POLYLINE
Shape {
	appearance Appearance {
		material Material {
			diffuseColor 1 0 0
			emissiveColor 1 0 0
		}
	}
	geometry IndexedLineSet {
		coord Coordinate {
			point [
				89.3547 -364.968 2675.06,
				89.3426 -364.958 2675.08,
			]
		}
		coordIndex [
			0, 1, -1
		]
	}
}
#---------- POLYLINE
Shape {
	appearance Appearance {
		material Material {
			diffuseColor 1 0 0
			emissiveColor 1 0 0
		}
	}
	geometry IndexedLineSet {
		coord Coordinate {
			point [
				86.4032 -361.766 2672,
				86.4286 -361.777 2671.96,
			]
		}
		coordIndex [
			0, 1, -1
		]
	}
}
#---------- POLYLINE
Shape {
	appearance Appearance {
		material Material {
			diffuseColor 1 0 0
			emissiveColor 1 0 0
		}
	}
	geometry IndexedLineSet {
		coord Coordinate {
			point [
				102.075 -238.562 2545.08,
				102.08 -238.606 2545.06,
			]
		}
		coordIndex [
			0, 1, -1
		]
	}
}
#---------- POLYLINE
Shape {
	appearance Appearance {
		material Material {
			diffuseColor 0 1 0
			emissiveColor 0 1 0
		}
	}
	geometry IndexedLineSet {
		coord Coordinate {
			point [
				-171.795 222.936 -880.901,
				-171.318 226.551 -883.297,
				-177.268 229.832 -895.853,
			]
		}
		coordIndex [
			0, 1, 2, -1
		]
	}
}
#---------- POLYLINE
Shape {
	appearance Appearance {
		material Material {
			diffuseColor 1 0 0
			emissiveColor 1 0 0
		}
	}
	geometry IndexedLineSet {
		coord Coordinate {
			point [
				-177.268 229.832 -895.853,
				-177.268 229.832 -895.853,
			]
		}
		coordIndex [
			0, 1, -1
		]
	}
}
#---------- POLYLINE
Shape {
	appearance Appearance {
		material Material {
			diffuseColor 1 0 0
			emissiveColor 1 0 0
		}
	}
	geometry IndexedLineSet {
		coord Coordinate {
			point [
				-177.268 229.832 -895.853,
				-177.268 229.832 -895.853,
			]
		}
		coordIndex [
			0, 1, -1
		]
	}
}
#---------- POLYLINE
Shape {
	appearance Appearance {
		material Material {
			diffuseColor 1 0 0
			emissiveColor 1 0 0
		}
	}
	geometry IndexedLineSet {
		coord Coordinate {
			point [
				-177.268 229.832 -895.853,
				-177.268 229.832 -895.853,
			]
		}
		coordIndex [
			0, 1, -1
		]
	}
}
#---------- POLYLINE
Shape {
	appearance Appearance {
		material Material {
			diffuseColor 1 0 0
			emissiveColor 1 0 0
		}
	}
	geometry IndexedLineSet {
		coord Coordinate {
			point [
				-177.268 229.832 -895.853,
				-177.268 229.832 -895.853,
			]
		}
		coordIndex [
			0, 1, -1
		]
	}
}
#---------- POLYLINE
Shape {
	appearance Appearance {
		material Material {
			diffuseColor 1 0 0
			emissiveColor 1 0 0
		}
	}
	geometry IndexedLineSet {
		coord Coordinate {
			point [
				-177.268 229.832 -895.853,
				-177.268 229.832 -895.853,
			]
		}
		coordIndex [
			0, 1, -1
		]
	}
}
#---------- POLYLINE
Shape {
	appearance Appearance {
		material Material {
			diffuseColor 1 0 0
			emissiveColor 1 0 0
		}
	}
	geometry IndexedLineSet {
		coord Coordinate {
			point [
				-177.268 229.832 -895.853,
				-177.268 229.832 -895.853,
			]
		}
		coordIndex [
			0, 1, -1
		]
	}
}
#---------- POLYLINE
Shape {
	appearance Appearance {
		material Material {
			diffuseColor 1 0 0
			emissiveColor 1 0 0
		}
	}
	geometry IndexedLineSet {
		coord Coordinate {
			point [
				-177.268 229.832 -895.853,
				-177.268 229.832 -895.853,
			]
		}
		coordIndex [
			0, 1, -1
		]
	}
}
#---------- POLYLINE
Shape {
	appearance Appearance {
		material Material {
			diffuseColor 1 0 0
			emissiveColor 1 0 0
		}
	}
	geometry IndexedLineSet {
		coord Coordinate {
			point [
				-177.268 229.832 -895.853,
				-177.268 229.832 -895.853,
			]
		}
		coordIndex [
			0, 1, -1
		]
	}
}
#---------- POLYLINE
Shape {
	appearance Appearance {
		material Material {
			diffuseColor 1 0 0
			emissiveColor 1 0 0
		}
	}
	geometry IndexedLineSet {
		coord Coordinate {
			point [
				-177.268 229.832 -895.853,
				-177.268 229.832 -895.853,
			]
		}
		coordIndex [
			0, 1, -1
		]
	}
}
#---------- POLYLINE
Shape {
	appearance Appearance {
		material Material {
			diffuseColor 1 0 0
			emissiveColor 1 0 0
		}
	}
	geometry IndexedLineSet {
		coord Coordinate {
			point [
				-177.268 229.832 -895.853,
				-177.268 229.832 -895.853,
			]
		}
		coordIndex [
			0, 1, -1
		]
	}
}
#---------- POLYLINE
Shape {
	appearance Appearance {
		material Material {
			diffuseColor 1 0 0
			emissiveColor 1 0 0
		}
	}
	geometry IndexedLineSet {
		coord Coordinate {
			point [
				-177.268 229.832 -895.853,
				-177.268 229.832 -895.853,
			]
		}
		coordIndex [
			0, 1, -1
		]
	}
}
#---------- POLYLINE
Shape {
	appearance Appearance {
		material Material {
			diffuseColor 1 0 0
			emissiveColor 1 0 0
		}
	}
	geometry IndexedLineSet {
		coord Coordinate {
			point [
				-177.268 229.832 -895.853,
				-177.268 229.832 -895.853,
			]
		}
		coordIndex [
			0, 1, -1
		]
	}
}
#---------- POLYLINE
Shape {
	appearance Appearance {
		material Material {
			diffuseColor 1 0 0
			emissiveColor 1 0 0
		}
	}
	geometry IndexedLineSet {
		coord Coordinate {
			point [
				-177.268 229.832 -895.853,
				-177.268 229.832 -895.853,
			]
		}
		coordIndex [
			0, 1, -1
		]
	}
}
#---------- POLYLINE
Shape {
	appearance Appearance {
		material Material {
			diffuseColor 1 0 0
			emissiveColor 1 0 0
		}
	}
	geometry IndexedLineSet {
		coord Coordinate {
			point [
				-177.268 229.832 -895.853,
				-177.268 229.832 -895.853,
			]
		}
		coordIndex [
			0, 1, -1
		]
	}
}
#---------- POLYLINE
Shape {
	appearance Appearance {
		material Material {
			diffuseColor 1 0 0
			emissiveColor 1 0 0
		}
	}
	geometry IndexedLineSet {
		coord Coordinate {
			point [
				-177.268 229.832 -895.853,
				-177.268 229.832 -895.853,
			]
		}
		coordIndex [
			0, 1, -1
		]
	}
}
#---------- POLYLINE
Shape {
	appearance Appearance {
		material Material {
			diffuseColor 1 0 0
			emissiveColor 1 0 0
		}
	}
	geometry IndexedLineSet {
		coord Coordinate {
			point [
				-177.268 229.832 -895.853,
				-177.268 229.832 -895.853,
			]
		}
		coordIndex [
			0, 1, -1
		]
	}
}
#---------- POLYLINE
Shape {
	appearance Appearance {
		material Material {
			diffuseColor 1 0 0
			emissiveColor 1 0 0
		}
	}
	geometry IndexedLineSet {
		coord Coordinate {
			point [
				-177.268 229.832 -895.853,
				-177.268 229.832 -895.853,
			]
		}
		coordIndex [
			0, 1, -1
		]
	}
}
#---------- POLYLINE
Shape {
	appearance Appearance {
		material Material {
			diffuseColor 1 0 0
			emissiveColor 1 0 0
		}
	}
	geometry IndexedLineSet {
		coord Coordinate {
			point [
				-177.268 229.832 -895.853,
				-177.268 229.832 -895.853,
			]
		}
		coordIndex [
			0, 1, -1
		]
	}
}
#---------- POLYLINE
Shape {
	appearance Appearance {
		material Material {
			diffuseColor 1 0 0
			emissiveColor 1 0 0
		}
	}
	geometry IndexedLineSet {
		coord Coordinate {
			point [
				-177.268 229.832 -895.853,
				-177.268 229.832 -895.853,
			]
		}
		coordIndex [
			0, 1, -1
		]
	}
}
#---------- POLYLINE
Shape {
	appearance Appearance {
		material Material {
			diffuseColor 1 0 0
			emissiveColor 1 0 0
		}
	}
	geometry IndexedLineSet {
		coord Coordinate {
			point [
				-177.268 229.832 -895.853,
				-177.268 229.832 -895.853,
			]
		}
		coordIndex [
			0, 1, -1
		]
	}
}
#---------- POLYLINE
Shape {
	appearance Appearance {
		material Material {
			diffuseColor 1 0 0
			emissiveColor 1 0 0
		}
	}
	geometry IndexedLineSet {
		coord Coordinate {
			point [
				-177.268 229.832 -895.853,
				-177.268 229.832 -895.853,
			]
		}
		coordIndex [
			0, 1, -1
		]
	}
}
#---------- POLYLINE
Shape {
	appearance Appearance {
		material Material {
			diffuseColor 1 0 0
			emissiveColor 1 0 0
		}
	}
	geometry IndexedLineSet {
		coord Coordinate {
			point [
				-177.268 229.832 -895.853,
				-177.268 229.832 -895.853,
			]
		}
		coordIndex [
			0, 1, -1
		]
	}
}
#---------- POLYLINE
Shape {
	appearance Appearance {
		material Material {
			diffuseColor 1 0 0
			emissiveColor 1 0 0
		}
	}
	geometry IndexedLineSet {
		coord Coordinate {
			point [
				-177.268 229.832 -895.853,
				-177.268 229.832 -895.853,
			]
		}
		coordIndex [
			0, 1, -1
		]
	}
}
#---------- POLYLINE
Shape {
	appearance Appearance {
		material Material {
			diffuseColor 1 0 0
			emissiveColor 1 0 0
		}
	}
	geometry IndexedLineSet {
		coord Coordinate {
			point [
				-177.268 229.832 -895.853,
				-177.268 229.832 -895.853,
			]
		}
		coordIndex [
			0, 1, -1
		]
	}
}
#---------- POLYLINE
Shape {
	appearance Appearance {
		material Material {
			diffuseColor 1 0 0
			emissiveColor 1 0 0
		}
	}
	geometry IndexedLineSet {
		coord Coordinate {
			point [
				-177.268 229.832 -895.853,
				-177.268 229.832 -895.853,
			]
		}
		coordIndex [
			0, 1, -1
		]
	}
}
#---------- POLYLINE
Shape {
	appearance Appearance {
		material Material {
			diffuseColor 1 0 0
			emissiveColor 1 0 0
		}
	}
	geometry IndexedLineSet {
		coord Coordinate {
			point [
				-177.268 229.832 -895.853,
				-177.268 229.832 -895.853,
			]
		}
		coordIndex [
			0, 1, -1
		]
	}
}
#---------- POLYLINE
Shape {
	appearance Appearance {
		material Material {
			diffuseColor 1 0 0
			emissiveColor 1 0 0
		}
	}
	geometry IndexedLineSet {
		coord Coordinate {
			point [
				-177.268 229.832 -895.853,
				-177.268 229.832 -895.853,
			]
		}
		coordIndex [
			0, 1, -1
		]
	}
}
#---------- POLYLINE
Shape {
	appearance Appearance {
		material Material {
			diffuseColor 1 0 0
			emissiveColor 1 0 0
		}
	}
	geometry IndexedLineSet {
		coord Coordinate {
			point [
				-177.268 229.832 -895.853,
				-177.268 229.832 -895.853,
			]
		}
		coordIndex [
			0, 1, -1
		]
	}
}
#---------- POLYLINE
Shape {
	appearance Appearance {
		material Material {
			diffuseColor 1 0 0
			emissiveColor 1 0 0
		}
	}
	geometry IndexedLineSet {
		coord Coordinate {
			point [
				-177.268 229.832 -895.853,
				-177.306 229.885 -895.897,
			]
		}
		coordIndex [
			0, 1, -1
		]
	}
}
#---------- POLYLINE
Shape {
	appearance Appearance {
		material Material {
			diffuseColor 1 0 0
			emissiveColor 1 0 0
		}
	}
	geometry IndexedLineSet {
		coord Coordinate {
			point [
				-171.318 226.551 -883.297,
				-170.978 228.288 -883.436,
				-170.922 228.328 -883.384,
				-170.547 228.637 -882.707,
				-169.97 228.624 -882.876,
				-169.964 228.471 -882.906,
				-169.947 228.471 -882.903,
			]
		}
		coordIndex [
			0, 1, 2, 3, 4, 5, 6, -1
		]
	}
}
#---------- POLYLINE
Shape {
	appearance Appearance {
		material Material {
			diffuseColor 0 1 0
			emissiveColor 0 1 0
		}
	}
	geometry IndexedLineSet {
		coord Coordinate {
			point [
				-169.97 228.624 -882.876,
				-170.04 228.154 -882.897,
			]
		}
		coordIndex [
			0, 1, -1
		]
	}
}
#---------- POLYLINE
Shape {
	appearance Appearance {
		material Material {
			diffuseColor 1 0 0
			emissiveColor 1 0 0
		}
	}
	geometry IndexedLineSet {
		coord Coordinate {
			point [
				-170.04 228.154 -882.897,
				-170.04 228.154 -882.897,
			]
		}
		coordIndex [
			0, 1, -1
		]
	}
}
#---------- POLYLINE
Shape {
	appearance Appearance {
		material Material {
			diffuseColor 1 0 0
			emissiveColor 1 0 0
		}
	}
	geometry IndexedLineSet {
		coord Coordinate {
			point [
				-170.04 228.154 -882.897,
				-170.04 228.154 -882.897,
			]
		}
		coordIndex [
			0, 1, -1
		]
	}
}
#---------- POLYLINE
Shape {
	appearance Appearance {
		material Material {
			diffuseColor 1 0 0
			emissiveColor 1 0 0
		}
	}
	geometry IndexedLineSet {
		coord Coordinate {
			point [
				-170.04 228.154 -882.897,
				-170.04 228.154 -882.897,
			]
		}
		coordIndex [
			0, 1, -1
		]
	}
}
#---------- POLYLINE
Shape {
	appearance Appearance {
		material Material {
			diffuseColor 1 0 0
			emissiveColor 1 0 0
		}
	}
	geometry IndexedLineSet {
		coord Coordinate {
			point [
				-170.04 228.154 -882.897,
				-170.04 228.154 -882.897,
			]
		}
		coordIndex [
			0, 1, -1
		]
	}
}
#---------- POLYLINE
Shape {
	appearance Appearance {
		material Material {
			diffuseColor 1 0 0
			emissiveColor 1 0 0
		}
	}
	geometry IndexedLineSet {
		coord Coordinate {
			point [
				-170.04 228.154 -882.897,
				-170.04 228.154 -882.897,
			]
		}
		coordIndex [
			0, 1, -1
		]
	}
}
#---------- POLYLINE
Shape {
	appearance Appearance {
		material Material {
			diffuseColor 0 1 0
			emissiveColor 0 1 0
		}
	}
	geometry IndexedLineSet {
		coord Coordinate {
			point [
				-170.04 228.154 -882.897,
				-170.194 228.315 -883.105,
			]
		}
		coordIndex [
			0, 1, -1
		]
	}
}
#---------- POLYLINE
Shape {
	appearance Appearance {
		material Material {
			diffuseColor 1 0 0
			emissiveColor 1 0 0
		}
	}
	geometry IndexedLineSet {
		coord Coordinate {
			point [
				-170.194 228.315 -883.105,
				-170.194 228.315 -883.105,
			]
		}
		coordIndex [
			0, 1, -1
		]
	}
}
#---------- POLYLINE
Shape {
	appearance Appearance {
		material Material {
			diffuseColor 1 0 0
			emissiveColor 1 0 0
		}
	}
	geometry IndexedLineSet {
		coord Coordinate {
			point [
				-170.194 228.315 -883.105,
				-170.194 228.315 -883.105,
			]
		}
		coordIndex [
			0, 1, -1
		]
	}
}
#---------- POLYLINE
Shape {
	appearance Appearance {
		material Material {
			diffuseColor 1 0 0
			emissiveColor 1 0 0
		}
	}
	geometry IndexedLineSet {
		coord Coordinate {
			point [
				-170.194 228.315 -883.105,
				-170.194 228.315 -883.105,
			]
		}
		coordIndex [
			0, 1, -1
		]
	}
}
#---------- POLYLINE
Shape {
	appearance Appearance {
		material Material {
			diffuseColor 1 0 0
			emissiveColor 1 0 0
		}
	}
	geometry IndexedLineSet {
		coord Coordinate {
			point [
				-170.194 228.315 -883.105,
				-170.194 228.315 -883.105,
			]
		}
		coordIndex [
			0, 1, -1
		]
	}
}
#---------- POLYLINE
Shape {
	appearance Appearance {
		material Material {
			diffuseColor 1 0 0
			emissiveColor 1 0 0
		}
	}
	geometry IndexedLineSet {
		coord Coordinate {
			point [
				-170.194 228.315 -883.105,
				-170.194 228.315 -883.105,
			]
		}
		coordIndex [
			0, 1, -1
		]
	}
}
#---------- POLYLINE
Shape {
	appearance Appearance {
		material Material {
			diffuseColor 1 0 0
			emissiveColor 1 0 0
		}
	}
	geometry IndexedLineSet {
		coord Coordinate {
			point [
				-170.194 228.315 -883.105,
				-170.194 228.315 -883.105,
			]
		}
		coordIndex [
			0, 1, -1
		]
	}
}
#---------- POLYLINE
Shape {
	appearance Appearance {
		material Material {
			diffuseColor 1 0 0
			emissiveColor 1 0 0
		}
	}
	geometry IndexedLineSet {
		coord Coordinate {
			point [
				-170.194 228.315 -883.105,
				-170.194 228.315 -883.105,
			]
		}
		coordIndex [
			0, 1, -1
		]
	}
}
#---------- POLYLINE
Shape {
	appearance Appearance {
		material Material {
			diffuseColor 1 0 0
			emissiveColor 1 0 0
		}
	}
	geometry IndexedLineSet {
		coord Coordinate {
			point [
				-170.194 228.315 -883.105,
				-170.194 228.315 -883.105,
			]
		}
		coordIndex [
			0, 1, -1
		]
	}
}
#---------- POLYLINE
Shape {
	appearance Appearance {
		material Material {
			diffuseColor 1 0 0
			emissiveColor 1 0 0
		}
	}
	geometry IndexedLineSet {
		coord Coordinate {
			point [
				-170.194 228.315 -883.105,
				-170.194 228.315 -883.105,
			]
		}
		coordIndex [
			0, 1, -1
		]
	}
}
#---------- POLYLINE
Shape {
	appearance Appearance {
		material Material {
			diffuseColor 1 0 0
			emissiveColor 1 0 0
		}
	}
	geometry IndexedLineSet {
		coord Coordinate {
			point [
				-170.194 228.315 -883.105,
				-170.194 228.315 -883.105,
			]
		}
		coordIndex [
			0, 1, -1
		]
	}
}
#---------- POLYLINE
Shape {
	appearance Appearance {
		material Material {
			diffuseColor 1 0 0
			emissiveColor 1 0 0
		}
	}
	geometry IndexedLineSet {
		coord Coordinate {
			point [
				-170.194 228.315 -883.105,
				-170.194 228.315 -883.105,
			]
		}
		coordIndex [
			0, 1, -1
		]
	}
}
#---------- POLYLINE
Shape {
	appearance Appearance {
		material Material {
			diffuseColor 1 0 0
			emissiveColor 1 0 0
		}
	}
	geometry IndexedLineSet {
		coord Coordinate {
			point [
				-170.194 228.315 -883.105,
				-170.195 228.315 -883.106,
			]
		}
		coordIndex [
			0, 1, -1
		]
	}
}
#---------- POLYLINE
Shape {
	appearance Appearance {
		material Material {
			diffuseColor 1 0 0
			emissiveColor 1 0 0
		}
	}
	geometry IndexedLineSet {
		coord Coordinate {
			point [
				-170.04 228.154 -882.897,
				-170.04 228.154 -882.896,
			]
		}
		coordIndex [
			0, 1, -1
		]
	}
}
#---------- POLYLINE
Shape {
	appearance Appearance {
		material Material {
			diffuseColor 1 0 0
			emissiveColor 1 0 0
		}
	}
	geometry IndexedLineSet {
		coord Coordinate {
			point [
				-170.922 228.328 -883.384,
				-170.899 228.331 -883.369,
				-170.429 228.337 -883.185,
				-170.353 228.473 -883.346,
				-170.421 228.469 -883.415,
			]
		}
		coordIndex [
			0, 1, 2, 3, 4, -1
		]
	}
}
#---------- POLYLINE
Shape {
	appearance Appearance {
		material Material {
			diffuseColor 0 1 0
			emissiveColor 0 1 0
		}
	}
	geometry IndexedLineSet {
		coord Coordinate {
			point [
				-170.353 228.473 -883.346,
				-170.482 228.449 -883.476,
			]
		}
		coordIndex [
			0, 1, -1
		]
	}
}
#---------- POLYLINE
Shape {
	appearance Appearance {
		material Material {
			diffuseColor 1 0 0
			emissiveColor 1 0 0
		}
	}
	geometry IndexedLineSet {
		coord Coordinate {
			point [
				-170.482 228.449 -883.476,
				-170.482 228.449 -883.476,
			]
		}
		coordIndex [
			0, 1, -1
		]
	}
}
#---------- POLYLINE
Shape {
	appearance Appearance {
		material Material {
			diffuseColor 1 0 0
			emissiveColor 1 0 0
		}
	}
	geometry IndexedLineSet {
		coord Coordinate {
			point [
				-170.482 228.449 -883.476,
				-170.482 228.449 -883.476,
			]
		}
		coordIndex [
			0, 1, -1
		]
	}
}
#---------- POLYLINE
Shape {
	appearance Appearance {
		material Material {
			diffuseColor 1 0 0
			emissiveColor 1 0 0
		}
	}
	geometry IndexedLineSet {
		coord Coordinate {
			point [
				-170.482 228.449 -883.476,
				-170.482 228.449 -883.476,
			]
		}
		coordIndex [
			0, 1, -1
		]
	}
}
#---------- POLYLINE
Shape {
	appearance Appearance {
		material Material {
			diffuseColor 1 0 0
			emissiveColor 1 0 0
		}
	}
	geometry IndexedLineSet {
		coord Coordinate {
			point [
				-170.482 228.449 -883.476,
				-170.482 228.449 -883.476,
			]
		}
		coordIndex [
			0, 1, -1
		]
	}
}
#---------- POLYLINE
Shape {
	appearance Appearance {
		material Material {
			diffuseColor 1 0 0
			emissiveColor 1 0 0
		}
	}
	geometry IndexedLineSet {
		coord Coordinate {
			point [
				-170.482 228.449 -883.476,
				-170.482 228.449 -883.476,
			]
		}
		coordIndex [
			0, 1, -1
		]
	}
}
#---------- POLYLINE
Shape {
	appearance Appearance {
		material Material {
			diffuseColor 1 0 0
			emissiveColor 1 0 0
		}
	}
	geometry IndexedLineSet {
		coord Coordinate {
			point [
				-170.482 228.449 -883.476,
				-170.482 228.449 -883.476,
			]
		}
		coordIndex [
			0, 1, -1
		]
	}
}
#---------- POLYLINE
Shape {
	appearance Appearance {
		material Material {
			diffuseColor 1 0 0
			emissiveColor 1 0 0
		}
	}
	geometry IndexedLineSet {
		coord Coordinate {
			point [
				-170.482 228.449 -883.476,
				-170.482 228.449 -883.476,
			]
		}
		coordIndex [
			0, 1, -1
		]
	}
}
#---------- POLYLINE
Shape {
	appearance Appearance {
		material Material {
			diffuseColor 1 0 0
			emissiveColor 1 0 0
		}
	}
	geometry IndexedLineSet {
		coord Coordinate {
			point [
				-170.482 228.449 -883.476,
				-170.482 228.449 -883.476,
			]
		}
		coordIndex [
			0, 1, -1
		]
	}
}
#---------- POLYLINE
Shape {
	appearance Appearance {
		material Material {
			diffuseColor 0 1 0
			emissiveColor 0 1 0
		}
	}
	geometry IndexedLineSet {
		coord Coordinate {
			point [
				-170.482 228.449 -883.476,
				-170.561 228.45 -883.662,
			]
		}
		coordIndex [
			0, 1, -1
		]
	}
}
#---------- POLYLINE
Shape {
	appearance Appearance {
		material Material {
			diffuseColor 1 0 0
			emissiveColor 1 0 0
		}
	}
	geometry IndexedLineSet {
		coord Coordinate {
			point [
				-170.561 228.45 -883.662,
				-170.561 228.45 -883.662,
			]
		}
		coordIndex [
			0, 1, -1
		]
	}
}
#---------- POLYLINE
Shape {
	appearance Appearance {
		material Material {
			diffuseColor 1 0 0
			emissiveColor 1 0 0
		}
	}
	geometry IndexedLineSet {
		coord Coordinate {
			point [
				-170.561 228.45 -883.662,
				-170.561 228.45 -883.662,
			]
		}
		coordIndex [
			0, 1, -1
		]
	}
}
#---------- POLYLINE
Shape {
	appearance Appearance {
		material Material {
			diffuseColor 1 0 0
			emissiveColor 1 0 0
		}
	}
	geometry IndexedLineSet {
		coord Coordinate {
			point [
				-170.561 228.45 -883.662,
				-170.561 228.45 -883.662,
			]
		}
		coordIndex [
			0, 1, -1
		]
	}
}
#---------- POLYLINE
Shape {
	appearance Appearance {
		material Material {
			diffuseColor 1 0 0
			emissiveColor 1 0 0
		}
	}
	geometry IndexedLineSet {
		coord Coordinate {
			point [
				-170.561 228.45 -883.662,
				-170.561 228.45 -883.662,
			]
		}
		coordIndex [
			0, 1, -1
		]
	}
}
#---------- POLYLINE
Shape {
	appearance Appearance {
		material Material {
			diffuseColor 1 0 0
			emissiveColor 1 0 0
		}
	}
	geometry IndexedLineSet {
		coord Coordinate {
			point [
				-170.561 228.45 -883.662,
				-170.561 228.45 -883.662,
			]
		}
		coordIndex [
			0, 1, -1
		]
	}
}
#---------- POLYLINE
Shape {
	appearance Appearance {
		material Material {
			diffuseColor 1 0 0
			emissiveColor 1 0 0
		}
	}
	geometry IndexedLineSet {
		coord Coordinate {
			point [
				-170.561 228.45 -883.662,
				-170.561 228.45 -883.662,
			]
		}
		coordIndex [
			0, 1, -1
		]
	}
}
#---------- POLYLINE
Shape {
	appearance Appearance {
		material Material {
			diffuseColor 0 1 0
			emissiveColor 0 1 0
		}
	}
	geometry IndexedLineSet {
		coord Coordinate {
			point [
				-170.561 228.45 -883.662,
				-170.558 228.458 -883.66,
			]
		}
		coordIndex [
			0, 1, -1
		]
	}
}
#---------- POLYLINE
Shape {
	appearance Appearance {
		material Material {
			diffuseColor 1 0 0
			emissiveColor 1 0 0
		}
	}
	geometry IndexedLineSet {
		coord Coordinate {
			point [
				-170.558 228.458 -883.66,
				-170.558 228.458 -883.66,
			]
		}
		coordIndex [
			0, 1, -1
		]
	}
}
#---------- POLYLINE
Shape {
	appearance Appearance {
		material Material {
			diffuseColor 1 0 0
			emissiveColor 1 0 0
		}
	}
	geometry IndexedLineSet {
		coord Coordinate {
			point [
				-170.558 228.458 -883.66,
				-170.558 228.458 -883.66,
			]
		}
		coordIndex [
			0, 1, -1
		]
	}
}
#---------- POLYLINE
Shape {
	appearance Appearance {
		material Material {
			diffuseColor 1 0 0
			emissiveColor 1 0 0
		}
	}
	geometry IndexedLineSet {
		coord Coordinate {
			point [
				-170.558 228.458 -883.66,
				-170.558 228.458 -883.66,
			]
		}
		coordIndex [
			0, 1, -1
		]
	}
}
#---------- POLYLINE
Shape {
	appearance Appearance {
		material Material {
			diffuseColor 1 0 0
			emissiveColor 1 0 0
		}
	}
	geometry IndexedLineSet {
		coord Coordinate {
			point [
				-170.558 228.458 -883.66,
				-170.558 228.458 -883.66,
			]
		}
		coordIndex [
			0, 1, -1
		]
	}
}
#---------- POLYLINE
Shape {
	appearance Appearance {
		material Material {
			diffuseColor 1 0 0
			emissiveColor 1 0 0
		}
	}
	geometry IndexedLineSet {
		coord Coordinate {
			point [
				-170.558 228.458 -883.66,
				-170.558 228.458 -883.66,
			]
		}
		coordIndex [
			0, 1, -1
		]
	}
}
#---------- POLYLINE
Shape {
	appearance Appearance {
		material Material {
			diffuseColor 1 0 0
			emissiveColor 1 0 0
		}
	}
	geometry IndexedLineSet {
		coord Coordinate {
			point [
				-170.558 228.458 -883.66,
				-170.558 228.458 -883.66,
			]
		}
		coordIndex [
			0, 1, -1
		]
	}
}
#---------- POLYLINE
Shape {
	appearance Appearance {
		material Material {
			diffuseColor 1 0 0
			emissiveColor 1 0 0
		}
	}
	geometry IndexedLineSet {
		coord Coordinate {
			point [
				-170.558 228.458 -883.66,
				-170.558 228.458 -883.66,
			]
		}
		coordIndex [
			0, 1, -1
		]
	}
}
#---------- POLYLINE
Shape {
	appearance Appearance {
		material Material {
			diffuseColor 1 0 0
			emissiveColor 1 0 0
		}
	}
	geometry IndexedLineSet {
		coord Coordinate {
			point [
				-170.558 228.458 -883.66,
				-170.558 228.458 -883.66,
			]
		}
		coordIndex [
			0, 1, -1
		]
	}
}
#---------- POLYLINE
Shape {
	appearance Appearance {
		material Material {
			diffuseColor 1 0 0
			emissiveColor 1 0 0
		}
	}
	geometry IndexedLineSet {
		coord Coordinate {
			point [
				-170.558 228.458 -883.66,
				-170.558 228.458 -883.66,
			]
		}
		coordIndex [
			0, 1, -1
		]
	}
}
#---------- POLYLINE
Shape {
	appearance Appearance {
		material Material {
			diffuseColor 1 0 0
			emissiveColor 1 0 0
		}
	}
	geometry IndexedLineSet {
		coord Coordinate {
			point [
				-170.558 228.458 -883.66,
				-170.558 228.458 -883.66,
			]
		}
		coordIndex [
			0, 1, -1
		]
	}
}
#---------- POLYLINE
Shape {
	appearance Appearance {
		material Material {
			diffuseColor 1 0 0
			emissiveColor 1 0 0
		}
	}
	geometry IndexedLineSet {
		coord Coordinate {
			point [
				-170.561 228.45 -883.662,
				-170.562 228.449 -883.662,
			]
		}
		coordIndex [
			0, 1, -1
		]
	}
}
#---------- POLYLINE
Shape {
	appearance Appearance {
		material Material {
			diffuseColor 1 0 0
			emissiveColor 1 0 0
		}
	}
	geometry IndexedLineSet {
		coord Coordinate {
			point [
				-170.482 228.449 -883.476,
				-170.483 228.447 -883.478,
			]
		}
		coordIndex [
			0, 1, -1
		]
	}
}
#---------- POLYLINE
Shape {
	appearance Appearance {
		material Material {
			diffuseColor 0 1 0
			emissiveColor 0 1 0
		}
	}
	geometry IndexedLineSet {
		coord Coordinate {
			point [
				-170.429 228.337 -883.185,
				-168.262 232.515 -892.171,
				-168.729 233.578 -892.439,
			]
		}
		coordIndex [
			0, 1, 2, -1
		]
	}
}
#---------- POLYLINE
Shape {
	appearance Appearance {
		material Material {
			diffuseColor 1 0 0
			emissiveColor 1 0 0
		}
	}
	geometry IndexedLineSet {
		coord Coordinate {
			point [
				-168.729 233.578 -892.439,
				-168.729 233.578 -892.439,
			]
		}
		coordIndex [
			0, 1, -1
		]
	}
}
#---------- POLYLINE
Shape {
	appearance Appearance {
		material Material {
			diffuseColor 1 0 0
			emissiveColor 1 0 0
		}
	}
	geometry IndexedLineSet {
		coord Coordinate {
			point [
				-168.729 233.578 -892.439,
				-168.729 233.578 -892.439,
			]
		}
		coordIndex [
			0, 1, -1
		]
	}
}
#---------- POLYLINE
Shape {
	appearance Appearance {
		material Material {
			diffuseColor 1 0 0
			emissiveColor 1 0 0
		}
	}
	geometry IndexedLineSet {
		coord Coordinate {
			point [
				-168.729 233.578 -892.439,
				-168.729 233.578 -892.439,
			]
		}
		coordIndex [
			0, 1, -1
		]
	}
}
#---------- POLYLINE
Shape {
	appearance Appearance {
		material Material {
			diffuseColor 1 0 0
			emissiveColor 1 0 0
		}
	}
	geometry IndexedLineSet {
		coord Coordinate {
			point [
				-168.729 233.578 -892.439,
				-168.729 233.578 -892.439,
			]
		}
		coordIndex [
			0, 1, -1
		]
	}
}
#---------- POLYLINE
Shape {
	appearance Appearance {
		material Material {
			diffuseColor 1 0 0
			emissiveColor 1 0 0
		}
	}
	geometry IndexedLineSet {
		coord Coordinate {
			point [
				-168.729 233.578 -892.439,
				-168.729 233.578 -892.439,
			]
		}
		coordIndex [
			0, 1, -1
		]
	}
}
#---------- POLYLINE
Shape {
	appearance Appearance {
		material Material {
			diffuseColor 1 0 0
			emissiveColor 1 0 0
		}
	}
	geometry IndexedLineSet {
		coord Coordinate {
			point [
				-168.729 233.578 -892.439,
				-168.729 233.578 -892.439,
			]
		}
		coordIndex [
			0, 1, -1
		]
	}
}
#---------- POLYLINE
Shape {
	appearance Appearance {
		material Material {
			diffuseColor 1 0 0
			emissiveColor 1 0 0
		}
	}
	geometry IndexedLineSet {
		coord Coordinate {
			point [
				-168.729 233.578 -892.439,
				-168.729 233.578 -892.439,
			]
		}
		coordIndex [
			0, 1, -1
		]
	}
}
#---------- POLYLINE
Shape {
	appearance Appearance {
		material Material {
			diffuseColor 1 0 0
			emissiveColor 1 0 0
		}
	}
	geometry IndexedLineSet {
		coord Coordinate {
			point [
				-168.729 233.578 -892.439,
				-168.729 233.578 -892.439,
			]
		}
		coordIndex [
			0, 1, -1
		]
	}
}
#---------- POLYLINE
Shape {
	appearance Appearance {
		material Material {
			diffuseColor 1 0 0
			emissiveColor 1 0 0
		}
	}
	geometry IndexedLineSet {
		coord Coordinate {
			point [
				-168.729 233.578 -892.439,
				-168.729 233.578 -892.439,
			]
		}
		coordIndex [
			0, 1, -1
		]
	}
}
#---------- POLYLINE
Shape {
	appearance Appearance {
		material Material {
			diffuseColor 1 0 0
			emissiveColor 1 0 0
		}
	}
	geometry IndexedLineSet {
		coord Coordinate {
			point [
				-168.729 233.578 -892.439,
				-168.729 233.578 -892.439,
			]
		}
		coordIndex [
			0, 1, -1
		]
	}
}
#---------- POLYLINE
Shape {
	appearance Appearance {
		material Material {
			diffuseColor 1 0 0
			emissiveColor 1 0 0
		}
	}
	geometry IndexedLineSet {
		coord Coordinate {
			point [
				-168.729 233.578 -892.439,
				-168.729 233.578 -892.439,
			]
		}
		coordIndex [
			0, 1, -1
		]
	}
}
#---------- POLYLINE
Shape {
	appearance Appearance {
		material Material {
			diffuseColor 1 0 0
			emissiveColor 1 0 0
		}
	}
	geometry IndexedLineSet {
		coord Coordinate {
			point [
				-168.729 233.578 -892.439,
				-168.729 233.578 -892.439,
			]
		}
		coordIndex [
			0, 1, -1
		]
	}
}
#---------- POLYLINE
Shape {
	appearance Appearance {
		material Material {
			diffuseColor 1 0 0
			emissiveColor 1 0 0
		}
	}
	geometry IndexedLineSet {
		coord Coordinate {
			point [
				-168.729 233.578 -892.439,
				-168.729 233.578 -892.439,
			]
		}
		coordIndex [
			0, 1, -1
		]
	}
}
#---------- POLYLINE
Shape {
	appearance Appearance {
		material Material {
			diffuseColor 1 0 0
			emissiveColor 1 0 0
		}
	}
	geometry IndexedLineSet {
		coord Coordinate {
			point [
				-168.729 233.578 -892.439,
				-168.729 233.578 -892.439,
			]
		}
		coordIndex [
			0, 1, -1
		]
	}
}
#---------- POLYLINE
Shape {
	appearance Appearance {
		material Material {
			diffuseColor 1 0 0
			emissiveColor 1 0 0
		}
	}
	geometry IndexedLineSet {
		coord Coordinate {
			point [
				-168.729 233.578 -892.439,
				-168.729 233.578 -892.439,
			]
		}
		coordIndex [
			0, 1, -1
		]
	}
}
#---------- POLYLINE
Shape {
	appearance Appearance {
		material Material {
			diffuseColor 1 0 0
			emissiveColor 1 0 0
		}
	}
	geometry IndexedLineSet {
		coord Coordinate {
			point [
				-168.729 233.578 -892.439,
				-168.729 233.578 -892.439,
			]
		}
		coordIndex [
			0, 1, -1
		]
	}
}
#---------- POLYLINE
Shape {
	appearance Appearance {
		material Material {
			diffuseColor 0 1 0
			emissiveColor 0 1 0
		}
	}
	geometry IndexedLineSet {
		coord Coordinate {
			point [
				-168.729 233.578 -892.439,
				-168.74 233.452 -892.497,
			]
		}
		coordIndex [
			0, 1, -1
		]
	}
}
#---------- POLYLINE
Shape {
	appearance Appearance {
		material Material {
			diffuseColor 1 0 0
			emissiveColor 1 0 0
		}
	}
	geometry IndexedLineSet {
		coord Coordinate {
			point [
				-168.74 233.452 -892.497,
				-168.74 233.452 -892.497,
			]
		}
		coordIndex [
			0, 1, -1
		]
	}
}
#---------- POLYLINE
Shape {
	appearance Appearance {
		material Material {
			diffuseColor 1 0 0
			emissiveColor 1 0 0
		}
	}
	geometry IndexedLineSet {
		coord Coordinate {
			point [
				-168.74 233.452 -892.497,
				-168.74 233.452 -892.497,
			]
		}
		coordIndex [
			0, 1, -1
		]
	}
}
#---------- POLYLINE
Shape {
	appearance Appearance {
		material Material {
			diffuseColor 1 0 0
			emissiveColor 1 0 0
		}
	}
	geometry IndexedLineSet {
		coord Coordinate {
			point [
				-168.74 233.452 -892.497,
				-168.74 233.452 -892.497,
			]
		}
		coordIndex [
			0, 1, -1
		]
	}
}
#---------- POLYLINE
Shape {
	appearance Appearance {
		material Material {
			diffuseColor 1 0 0
			emissiveColor 1 0 0
		}
	}
	geometry IndexedLineSet {
		coord Coordinate {
			point [
				-168.74 233.452 -892.497,
				-168.74 233.452 -892.497,
			]
		}
		coordIndex [
			0, 1, -1
		]
	}
}
#---------- POLYLINE
Shape {
	appearance Appearance {
		material Material {
			diffuseColor 1 0 0
			emissiveColor 1 0 0
		}
	}
	geometry IndexedLineSet {
		coord Coordinate {
			point [
				-168.74 233.452 -892.497,
				-168.74 233.452 -892.497,
			]
		}
		coordIndex [
			0, 1, -1
		]
	}
}
#---------- POLYLINE
Shape {
	appearance Appearance {
		material Material {
			diffuseColor 1 0 0
			emissiveColor 1 0 0
		}
	}
	geometry IndexedLineSet {
		coord Coordinate {
			point [
				-168.74 233.452 -892.497,
				-168.74 233.452 -892.497,
			]
		}
		coordIndex [
			0, 1, -1
		]
	}
}
#---------- POLYLINE
Shape {
	appearance Appearance {
		material Material {
			diffuseColor 1 0 0
			emissiveColor 1 0 0
		}
	}
	geometry IndexedLineSet {
		coord Coordinate {
			point [
				-168.74 233.452 -892.497,
				-168.74 233.452 -892.497,
			]
		}
		coordIndex [
			0, 1, -1
		]
	}
}
#---------- POLYLINE
Shape {
	appearance Appearance {
		material Material {
			diffuseColor 1 0 0
			emissiveColor 1 0 0
		}
	}
	geometry IndexedLineSet {
		coord Coordinate {
			point [
				-168.74 233.452 -892.497,
				-168.74 233.452 -892.497,
			]
		}
		coordIndex [
			0, 1, -1
		]
	}
}
#---------- POLYLINE
Shape {
	appearance Appearance {
		material Material {
			diffuseColor 1 0 0
			emissiveColor 1 0 0
		}
	}
	geometry IndexedLineSet {
		coord Coordinate {
			point [
				-168.74 233.452 -892.497,
				-168.74 233.452 -892.497,
			]
		}
		coordIndex [
			0, 1, -1
		]
	}
}
#---------- POLYLINE
Shape {
	appearance Appearance {
		material Material {
			diffuseColor 1 0 0
			emissiveColor 1 0 0
		}
	}
	geometry IndexedLineSet {
		coord Coordinate {
			point [
				-168.74 233.452 -892.497,
				-168.74 233.452 -892.497,
			]
		}
		coordIndex [
			0, 1, -1
		]
	}
}
#---------- POLYLINE
Shape {
	appearance Appearance {
		material Material {
			diffuseColor 1 0 0
			emissiveColor 1 0 0
		}
	}
	geometry IndexedLineSet {
		coord Coordinate {
			point [
				-168.74 233.452 -892.497,
				-168.74 233.452 -892.497,
			]
		}
		coordIndex [
			0, 1, -1
		]
	}
}
#---------- POLYLINE
Shape {
	appearance Appearance {
		material Material {
			diffuseColor 1 0 0
			emissiveColor 1 0 0
		}
	}
	geometry IndexedLineSet {
		coord Coordinate {
			point [
				-168.74 233.452 -892.497,
				-168.74 233.452 -892.497,
			]
		}
		coordIndex [
			0, 1, -1
		]
	}
}
#---------- POLYLINE
Shape {
	appearance Appearance {
		material Material {
			diffuseColor 1 0 0
			emissiveColor 1 0 0
		}
	}
	geometry IndexedLineSet {
		coord Coordinate {
			point [
				-168.74 233.452 -892.497,
				-168.74 233.452 -892.497,
			]
		}
		coordIndex [
			0, 1, -1
		]
	}
}
#---------- POLYLINE
Shape {
	appearance Appearance {
		material Material {
			diffuseColor 1 0 0
			emissiveColor 1 0 0
		}
	}
	geometry IndexedLineSet {
		coord Coordinate {
			point [
				-168.74 233.452 -892.497,
				-168.74 233.452 -892.497,
			]
		}
		coordIndex [
			0, 1, -1
		]
	}
}
#---------- POLYLINE
Shape {
	appearance Appearance {
		material Material {
			diffuseColor 1 0 0
			emissiveColor 1 0 0
		}
	}
	geometry IndexedLineSet {
		coord Coordinate {
			point [
				-168.74 233.452 -892.497,
				-168.74 233.452 -892.497,
			]
		}
		coordIndex [
			0, 1, -1
		]
	}
}
#---------- POLYLINE
Shape {
	appearance Appearance {
		material Material {
			diffuseColor 1 0 0
			emissiveColor 1 0 0
		}
	}
	geometry IndexedLineSet {
		coord Coordinate {
			point [
				-168.74 233.452 -892.497,
				-168.74 233.452 -892.496,
			]
		}
		coordIndex [
			0, 1, -1
		]
	}
}
#---------- POLYLINE
Shape {
	appearance Appearance {
		material Material {
			diffuseColor 1 0 0
			emissiveColor 1 0 0
		}
	}
	geometry IndexedLineSet {
		coord Coordinate {
			point [
				-168.729 233.578 -892.439,
				-168.731 233.595 -892.437,
			]
		}
		coordIndex [
			0, 1, -1
		]
	}
}
#---------- POLYLINE
Shape {
	appearance Appearance {
		material Material {
			diffuseColor 1 0 0
			emissiveColor 1 0 0
		}
	}
	geometry IndexedLineSet {
		coord Coordinate {
			point [
				-168.262 232.515 -892.171,
				-168.249 232.515 -892.196,
			]
		}
		coordIndex [
			0, 1, -1
		]
	}
}
#---------- POLYLINE
Shape {
	appearance Appearance {
		material Material {
			diffuseColor 0 1 0
			emissiveColor 0 1 0
		}
	}
	geometry IndexedLineSet {
		coord Coordinate {
			point [
				-170.899 228.331 -883.369,
				-169.232 228.455 -882.874,
			]
		}
		coordIndex [
			0, 1, -1
		]
	}
}
#---------- POLYLINE
Shape {
	appearance Appearance {
		material Material {
			diffuseColor 1 0 0
			emissiveColor 1 0 0
		}
	}
	geometry IndexedLineSet {
		coord Coordinate {
			point [
				-169.232 228.455 -882.874,
				-169.232 228.455 -882.874,
			]
		}
		coordIndex [
			0, 1, -1
		]
	}
}
#---------- POLYLINE
Shape {
	appearance Appearance {
		material Material {
			diffuseColor 1 0 0
			emissiveColor 1 0 0
		}
	}
	geometry IndexedLineSet {
		coord Coordinate {
			point [
				-169.232 228.455 -882.874,
				-169.232 228.455 -882.874,
			]
		}
		coordIndex [
			0, 1, -1
		]
	}
}
#---------- POLYLINE
Shape {
	appearance Appearance {
		material Material {
			diffuseColor 1 0 0
			emissiveColor 1 0 0
		}
	}
	geometry IndexedLineSet {
		coord Coordinate {
			point [
				-169.232 228.455 -882.874,
				-169.232 228.455 -882.874,
			]
		}
		coordIndex [
			0, 1, -1
		]
	}
}
#---------- POLYLINE
Shape {
	appearance Appearance {
		material Material {
			diffuseColor 1 0 0
			emissiveColor 1 0 0
		}
	}
	geometry IndexedLineSet {
		coord Coordinate {
			point [
				-169.232 228.455 -882.874,
				-169.232 228.455 -882.874,
			]
		}
		coordIndex [
			0, 1, -1
		]
	}
}
#---------- POLYLINE
Shape {
	appearance Appearance {
		material Material {
			diffuseColor 1 0 0
			emissiveColor 1 0 0
		}
	}
	geometry IndexedLineSet {
		coord Coordinate {
			point [
				-169.232 228.455 -882.874,
				-169.232 228.455 -882.874,
			]
		}
		coordIndex [
			0, 1, -1
		]
	}
}
#---------- POLYLINE
Shape {
	appearance Appearance {
		material Material {
			diffuseColor 1 0 0
			emissiveColor 1 0 0
		}
	}
	geometry IndexedLineSet {
		coord Coordinate {
			point [
				-169.232 228.455 -882.874,
				-169.232 228.455 -882.874,
			]
		}
		coordIndex [
			0, 1, -1
		]
	}
}
#---------- POLYLINE
Shape {
	appearance Appearance {
		material Material {
			diffuseColor 1 0 0
			emissiveColor 1 0 0
		}
	}
	geometry IndexedLineSet {
		coord Coordinate {
			point [
				-169.232 228.455 -882.874,
				-169.232 228.456 -882.874,
			]
		}
		coordIndex [
			0, 1, -1
		]
	}
}
#---------- POLYLINE
Shape {
	appearance Appearance {
		material Material {
			diffuseColor 1 0 0
			emissiveColor 1 0 0
		}
	}
	geometry IndexedLineSet {
		coord Coordinate {
			point [
				-169.232 228.455 -882.874,
				-169.209 228.46 -882.876,
			]
		}
		coordIndex [
			0, 1, -1
		]
	}
}
#---------- POLYLINE
Shape {
	appearance Appearance {
		material Material {
			diffuseColor 0 1 0
			emissiveColor 0 1 0
		}
	}
	geometry IndexedLineSet {
		coord Coordinate {
			point [
				-170.978 228.288 -883.436,
				-170.267 228.942 -882.709,
			]
		}
		coordIndex [
			0, 1, -1
		]
	}
}
#---------- POLYLINE
Shape {
	appearance Appearance {
		material Material {
			diffuseColor 1 0 0
			emissiveColor 1 0 0
		}
	}
	geometry IndexedLineSet {
		coord Coordinate {
			point [
				-170.267 228.942 -882.709,
				-170.267 228.942 -882.709,
			]
		}
		coordIndex [
			0, 1, -1
		]
	}
}
#---------- POLYLINE
Shape {
	appearance Appearance {
		material Material {
			diffuseColor 1 0 0
			emissiveColor 1 0 0
		}
	}
	geometry IndexedLineSet {
		coord Coordinate {
			point [
				-170.267 228.942 -882.709,
				-170.267 228.942 -882.709,
			]
		}
		coordIndex [
			0, 1, -1
		]
	}
}
#---------- POLYLINE
Shape {
	appearance Appearance {
		material Material {
			diffuseColor 1 0 0
			emissiveColor 1 0 0
		}
	}
	geometry IndexedLineSet {
		coord Coordinate {
			point [
				-170.267 228.942 -882.709,
				-170.267 228.942 -882.709,
			]
		}
		coordIndex [
			0, 1, -1
		]
	}
}
#---------- POLYLINE
Shape {
	appearance Appearance {
		material Material {
			diffuseColor 1 0 0
			emissiveColor 1 0 0
		}
	}
	geometry IndexedLineSet {
		coord Coordinate {
			point [
				-170.267 228.942 -882.709,
				-170.267 228.942 -882.709,
			]
		}
		coordIndex [
			0, 1, -1
		]
	}
}
#---------- POLYLINE
Shape {
	appearance Appearance {
		material Material {
			diffuseColor 1 0 0
			emissiveColor 1 0 0
		}
	}
	geometry IndexedLineSet {
		coord Coordinate {
			point [
				-170.267 228.942 -882.709,
				-170.267 228.942 -882.709,
			]
		}
		coordIndex [
			0, 1, -1
		]
	}
}
#---------- POLYLINE
Shape {
	appearance Appearance {
		material Material {
			diffuseColor 1 0 0
			emissiveColor 1 0 0
		}
	}
	geometry IndexedLineSet {
		coord Coordinate {
			point [
				-170.267 228.942 -882.709,
				-170.267 228.942 -882.709,
			]
		}
		coordIndex [
			0, 1, -1
		]
	}
}
#---------- POLYLINE
Shape {
	appearance Appearance {
		material Material {
			diffuseColor 1 0 0
			emissiveColor 1 0 0
		}
	}
	geometry IndexedLineSet {
		coord Coordinate {
			point [
				-170.267 228.942 -882.709,
				-170.267 228.942 -882.709,
			]
		}
		coordIndex [
			0, 1, -1
		]
	}
}
#---------- POLYLINE
Shape {
	appearance Appearance {
		material Material {
			diffuseColor 1 0 0
			emissiveColor 1 0 0
		}
	}
	geometry IndexedLineSet {
		coord Coordinate {
			point [
				-170.267 228.942 -882.709,
				-170.267 228.942 -882.709,
			]
		}
		coordIndex [
			0, 1, -1
		]
	}
}
#---------- POLYLINE
Shape {
	appearance Appearance {
		material Material {
			diffuseColor 1 0 0
			emissiveColor 1 0 0
		}
	}
	geometry IndexedLineSet {
		coord Coordinate {
			point [
				-170.267 228.942 -882.709,
				-170.267 228.942 -882.709,
			]
		}
		coordIndex [
			0, 1, -1
		]
	}
}
#---------- POLYLINE
Shape {
	appearance Appearance {
		material Material {
			diffuseColor 0 1 0
			emissiveColor 0 1 0
		}
	}
	geometry IndexedLineSet {
		coord Coordinate {
			point [
				-170.267 228.942 -882.709,
				-170.224 229.054 -882.528,
			]
		}
		coordIndex [
			0, 1, -1
		]
	}
}
#---------- POLYLINE
Shape {
	appearance Appearance {
		material Material {
			diffuseColor 1 0 0
			emissiveColor 1 0 0
		}
	}
	geometry IndexedLineSet {
		coord Coordinate {
			point [
				-170.224 229.054 -882.528,
				-170.224 229.054 -882.528,
			]
		}
		coordIndex [
			0, 1, -1
		]
	}
}
#---------- POLYLINE
Shape {
	appearance Appearance {
		material Material {
			diffuseColor 1 0 0
			emissiveColor 1 0 0
		}
	}
	geometry IndexedLineSet {
		coord Coordinate {
			point [
				-170.224 229.054 -882.528,
				-170.224 229.054 -882.528,
			]
		}
		coordIndex [
			0, 1, -1
		]
	}
}
#---------- POLYLINE
Shape {
	appearance Appearance {
		material Material {
			diffuseColor 1 0 0
			emissiveColor 1 0 0
		}
	}
	geometry IndexedLineSet {
		coord Coordinate {
			point [
				-170.224 229.054 -882.528,
				-170.224 229.054 -882.528,
			]
		}
		coordIndex [
			0, 1, -1
		]
	}
}
#---------- POLYLINE
Shape {
	appearance Appearance {
		material Material {
			diffuseColor 1 0 0
			emissiveColor 1 0 0
		}
	}
	geometry IndexedLineSet {
		coord Coordinate {
			point [
				-170.224 229.054 -882.528,
				-170.224 229.054 -882.528,
			]
		}
		coordIndex [
			0, 1, -1
		]
	}
}
#---------- POLYLINE
Shape {
	appearance Appearance {
		material Material {
			diffuseColor 1 0 0
			emissiveColor 1 0 0
		}
	}
	geometry IndexedLineSet {
		coord Coordinate {
			point [
				-170.224 229.054 -882.528,
				-170.224 229.054 -882.528,
			]
		}
		coordIndex [
			0, 1, -1
		]
	}
}
#---------- POLYLINE
Shape {
	appearance Appearance {
		material Material {
			diffuseColor 1 0 0
			emissiveColor 1 0 0
		}
	}
	geometry IndexedLineSet {
		coord Coordinate {
			point [
				-170.224 229.054 -882.528,
				-170.224 229.054 -882.528,
			]
		}
		coordIndex [
			0, 1, -1
		]
	}
}
#---------- POLYLINE
Shape {
	appearance Appearance {
		material Material {
			diffuseColor 1 0 0
			emissiveColor 1 0 0
		}
	}
	geometry IndexedLineSet {
		coord Coordinate {
			point [
				-170.224 229.054 -882.528,
				-170.224 229.054 -882.528,
			]
		}
		coordIndex [
			0, 1, -1
		]
	}
}
#---------- POLYLINE
Shape {
	appearance Appearance {
		material Material {
			diffuseColor 1 0 0
			emissiveColor 1 0 0
		}
	}
	geometry IndexedLineSet {
		coord Coordinate {
			point [
				-170.224 229.054 -882.528,
				-170.224 229.054 -882.528,
			]
		}
		coordIndex [
			0, 1, -1
		]
	}
}
#---------- POLYLINE
Shape {
	appearance Appearance {
		material Material {
			diffuseColor 1 0 0
			emissiveColor 1 0 0
		}
	}
	geometry IndexedLineSet {
		coord Coordinate {
			point [
				-170.224 229.054 -882.528,
				-170.224 229.054 -882.528,
			]
		}
		coordIndex [
			0, 1, -1
		]
	}
}
#---------- POLYLINE
Shape {
	appearance Appearance {
		material Material {
			diffuseColor 1 0 0
			emissiveColor 1 0 0
		}
	}
	geometry IndexedLineSet {
		coord Coordinate {
			point [
				-170.224 229.054 -882.528,
				-170.224 229.055 -882.528,
			]
		}
		coordIndex [
			0, 1, -1
		]
	}
}
#---------- POLYLINE
Shape {
	appearance Appearance {
		material Material {
			diffuseColor 1 0 0
			emissiveColor 1 0 0
		}
	}
	geometry IndexedLineSet {
		coord Coordinate {
			point [
				-170.267 228.942 -882.709,
				-170.266 228.942 -882.709,
			]
		}
		coordIndex [
			0, 1, -1
		]
	}
}
#---------- POLYLINE
Shape {
	appearance Appearance {
		material Material {
			diffuseColor 0 1 0
			emissiveColor 0 1 0
		}
	}
	geometry IndexedLineSet {
		coord Coordinate {
			point [
				-171.85 222.554 -880.639,
				-171.498 224.949 -882.362,
				-171.249 226.769 -883.695,
			]
		}
		coordIndex [
			0, 1, 2, -1
		]
	}
}
#---------- POLYLINE
Shape {
	appearance Appearance {
		material Material {
			diffuseColor 1 0 0
			emissiveColor 1 0 0
		}
	}
	geometry IndexedLineSet {
		coord Coordinate {
			point [
				-171.249 226.769 -883.695,
				-171.249 226.769 -883.695,
			]
		}
		coordIndex [
			0, 1, -1
		]
	}
}
#---------- POLYLINE
Shape {
	appearance Appearance {
		material Material {
			diffuseColor 1 0 0
			emissiveColor 1 0 0
		}
	}
	geometry IndexedLineSet {
		coord Coordinate {
			point [
				-171.249 226.769 -883.695,
				-171.249 226.769 -883.695,
			]
		}
		coordIndex [
			0, 1, -1
		]
	}
}
#---------- POLYLINE
Shape {
	appearance Appearance {
		material Material {
			diffuseColor 1 0 0
			emissiveColor 1 0 0
		}
	}
	geometry IndexedLineSet {
		coord Coordinate {
			point [
				-171.249 226.769 -883.695,
				-171.249 226.769 -883.695,
			]
		}
		coordIndex [
			0, 1, -1
		]
	}
}
#---------- POLYLINE
Shape {
	appearance Appearance {
		material Material {
			diffuseColor 1 0 0
			emissiveColor 1 0 0
		}
	}
	geometry IndexedLineSet {
		coord Coordinate {
			point [
				-171.249 226.769 -883.695,
				-171.249 226.769 -883.695,
			]
		}
		coordIndex [
			0, 1, -1
		]
	}
}
#---------- POLYLINE
Shape {
	appearance Appearance {
		material Material {
			diffuseColor 1 0 0
			emissiveColor 1 0 0
		}
	}
	geometry IndexedLineSet {
		coord Coordinate {
			point [
				-171.249 226.769 -883.695,
				-171.249 226.769 -883.695,
			]
		}
		coordIndex [
			0, 1, -1
		]
	}
}
#---------- POLYLINE
Shape {
	appearance Appearance {
		material Material {
			diffuseColor 1 0 0
			emissiveColor 1 0 0
		}
	}
	geometry IndexedLineSet {
		coord Coordinate {
			point [
				-171.249 226.769 -883.695,
				-171.249 226.769 -883.695,
			]
		}
		coordIndex [
			0, 1, -1
		]
	}
}
#---------- POLYLINE
Shape {
	appearance Appearance {
		material Material {
			diffuseColor 1 0 0
			emissiveColor 1 0 0
		}
	}
	geometry IndexedLineSet {
		coord Coordinate {
			point [
				-171.249 226.769 -883.695,
				-171.249 226.769 -883.695,
			]
		}
		coordIndex [
			0, 1, -1
		]
	}
}
#---------- POLYLINE
Shape {
	appearance Appearance {
		material Material {
			diffuseColor 1 0 0
			emissiveColor 1 0 0
		}
	}
	geometry IndexedLineSet {
		coord Coordinate {
			point [
				-171.249 226.769 -883.695,
				-171.249 226.769 -883.695,
			]
		}
		coordIndex [
			0, 1, -1
		]
	}
}
#---------- POLYLINE
Shape {
	appearance Appearance {
		material Material {
			diffuseColor 1 0 0
			emissiveColor 1 0 0
		}
	}
	geometry IndexedLineSet {
		coord Coordinate {
			point [
				-171.249 226.769 -883.695,
				-171.249 226.769 -883.695,
			]
		}
		coordIndex [
			0, 1, -1
		]
	}
}
#---------- POLYLINE
Shape {
	appearance Appearance {
		material Material {
			diffuseColor 1 0 0
			emissiveColor 1 0 0
		}
	}
	geometry IndexedLineSet {
		coord Coordinate {
			point [
				-171.249 226.769 -883.695,
				-171.249 226.769 -883.695,
			]
		}
		coordIndex [
			0, 1, -1
		]
	}
}
#---------- POLYLINE
Shape {
	appearance Appearance {
		material Material {
			diffuseColor 1 0 0
			emissiveColor 1 0 0
		}
	}
	geometry IndexedLineSet {
		coord Coordinate {
			point [
				-171.249 226.769 -883.695,
				-171.249 226.769 -883.695,
			]
		}
		coordIndex [
			0, 1, -1
		]
	}
}
#---------- POLYLINE
Shape {
	appearance Appearance {
		material Material {
			diffuseColor 1 0 0
			emissiveColor 1 0 0
		}
	}
	geometry IndexedLineSet {
		coord Coordinate {
			point [
				-171.249 226.769 -883.695,
				-171.249 226.769 -883.695,
			]
		}
		coordIndex [
			0, 1, -1
		]
	}
}
#---------- POLYLINE
Shape {
	appearance Appearance {
		material Material {
			diffuseColor 1 0 0
			emissiveColor 1 0 0
		}
	}
	geometry IndexedLineSet {
		coord Coordinate {
			point [
				-171.249 226.769 -883.695,
				-171.249 226.769 -883.695,
			]
		}
		coordIndex [
			0, 1, -1
		]
	}
}
#---------- POLYLINE
Shape {
	appearance Appearance {
		material Material {
			diffuseColor 0 1 0
			emissiveColor 0 1 0
		}
	}
	geometry IndexedLineSet {
		coord Coordinate {
			point [
				-171.249 226.769 -883.695,
				-171.231 226.838 -883.588,
			]
		}
		coordIndex [
			0, 1, -1
		]
	}
}
#---------- POLYLINE
Shape {
	appearance Appearance {
		material Material {
			diffuseColor 1 0 0
			emissiveColor 1 0 0
		}
	}
	geometry IndexedLineSet {
		coord Coordinate {
			point [
				-171.231 226.838 -883.588,
				-171.231 226.838 -883.588,
			]
		}
		coordIndex [
			0, 1, -1
		]
	}
}
#---------- POLYLINE
Shape {
	appearance Appearance {
		material Material {
			diffuseColor 1 0 0
			emissiveColor 1 0 0
		}
	}
	geometry IndexedLineSet {
		coord Coordinate {
			point [
				-171.231 226.838 -883.588,
				-171.231 226.838 -883.588,
			]
		}
		coordIndex [
			0, 1, -1
		]
	}
}
#---------- POLYLINE
Shape {
	appearance Appearance {
		material Material {
			diffuseColor 1 0 0
			emissiveColor 1 0 0
		}
	}
	geometry IndexedLineSet {
		coord Coordinate {
			point [
				-171.231 226.838 -883.588,
				-171.231 226.838 -883.588,
			]
		}
		coordIndex [
			0, 1, -1
		]
	}
}
#---------- POLYLINE
Shape {
	appearance Appearance {
		material Material {
			diffuseColor 1 0 0
			emissiveColor 1 0 0
		}
	}
	geometry IndexedLineSet {
		coord Coordinate {
			point [
				-171.231 226.838 -883.588,
				-171.231 226.838 -883.588,
			]
		}
		coordIndex [
			0, 1, -1
		]
	}
}
#---------- POLYLINE
Shape {
	appearance Appearance {
		material Material {
			diffuseColor 1 0 0
			emissiveColor 1 0 0
		}
	}
	geometry IndexedLineSet {
		coord Coordinate {
			point [
				-171.231 226.838 -883.588,
				-171.231 226.838 -883.588,
			]
		}
		coordIndex [
			0, 1, -1
		]
	}
}
#---------- POLYLINE
Shape {
	appearance Appearance {
		material Material {
			diffuseColor 0 1 0
			emissiveColor 0 1 0
		}
	}
	geometry IndexedLineSet {
		coord Coordinate {
			point [
				-171.231 226.838 -883.588,
				-171.234 226.842 -883.592,
			]
		}
		coordIndex [
			0, 1, -1
		]
	}
}
#---------- POLYLINE
Shape {
	appearance Appearance {
		material Material {
			diffuseColor 1 0 0
			emissiveColor 1 0 0
		}
	}
	geometry IndexedLineSet {
		coord Coordinate {
			point [
				-171.234 226.842 -883.592,
				-171.234 226.842 -883.592,
			]
		}
		coordIndex [
			0, 1, -1
		]
	}
}
#---------- POLYLINE
Shape {
	appearance Appearance {
		material Material {
			diffuseColor 1 0 0
			emissiveColor 1 0 0
		}
	}
	geometry IndexedLineSet {
		coord Coordinate {
			point [
				-171.234 226.842 -883.592,
				-171.234 226.842 -883.592,
			]
		}
		coordIndex [
			0, 1, -1
		]
	}
}
#---------- POLYLINE
Shape {
	appearance Appearance {
		material Material {
			diffuseColor 1 0 0
			emissiveColor 1 0 0
		}
	}
	geometry IndexedLineSet {
		coord Coordinate {
			point [
				-171.234 226.842 -883.592,
				-171.234 226.842 -883.592,
			]
		}
		coordIndex [
			0, 1, -1
		]
	}
}
#---------- POLYLINE
Shape {
	appearance Appearance {
		material Material {
			diffuseColor 1 0 0
			emissiveColor 1 0 0
		}
	}
	geometry IndexedLineSet {
		coord Coordinate {
			point [
				-171.234 226.842 -883.592,
				-171.234 226.842 -883.592,
			]
		}
		coordIndex [
			0, 1, -1
		]
	}
}
#---------- POLYLINE
Shape {
	appearance Appearance {
		material Material {
			diffuseColor 1 0 0
			emissiveColor 1 0 0
		}
	}
	geometry IndexedLineSet {
		coord Coordinate {
			point [
				-171.234 226.842 -883.592,
				-171.234 226.842 -883.592,
			]
		}
		coordIndex [
			0, 1, -1
		]
	}
}
#---------- POLYLINE
Shape {
	appearance Appearance {
		material Material {
			diffuseColor 1 0 0
			emissiveColor 1 0 0
		}
	}
	geometry IndexedLineSet {
		coord Coordinate {
			point [
				-171.234 226.842 -883.592,
				-171.234 226.842 -883.592,
			]
		}
		coordIndex [
			0, 1, -1
		]
	}
}
#---------- POLYLINE
Shape {
	appearance Appearance {
		material Material {
			diffuseColor 1 0 0
			emissiveColor 1 0 0
		}
	}
	geometry IndexedLineSet {
		coord Coordinate {
			point [
				-171.234 226.842 -883.592,
				-171.234 226.842 -883.592,
			]
		}
		coordIndex [
			0, 1, -1
		]
	}
}
#---------- POLYLINE
Shape {
	appearance Appearance {
		material Material {
			diffuseColor 1 0 0
			emissiveColor 1 0 0
		}
	}
	geometry IndexedLineSet {
		coord Coordinate {
			point [
				-171.234 226.842 -883.592,
				-171.234 226.842 -883.592,
			]
		}
		coordIndex [
			0, 1, -1
		]
	}
}
#---------- POLYLINE
Shape {
	appearance Appearance {
		material Material {
			diffuseColor 1 0 0
			emissiveColor 1 0 0
		}
	}
	geometry IndexedLineSet {
		coord Coordinate {
			point [
				-171.234 226.842 -883.592,
				-171.234 226.842 -883.592,
			]
		}
		coordIndex [
			0, 1, -1
		]
	}
}
#---------- POLYLINE
Shape {
	appearance Appearance {
		material Material {
			diffuseColor 1 0 0
			emissiveColor 1 0 0
		}
	}
	geometry IndexedLineSet {
		coord Coordinate {
			point [
				-171.231 226.838 -883.588,
				-171.231 226.839 -883.588,
			]
		}
		coordIndex [
			0, 1, -1
		]
	}
}
#---------- POLYLINE
Shape {
	appearance Appearance {
		material Material {
			diffuseColor 1 0 0
			emissiveColor 1 0 0
		}
	}
	geometry IndexedLineSet {
		coord Coordinate {
			point [
				-171.249 226.769 -883.695,
				-171.257 226.786 -883.702,
			]
		}
		coordIndex [
			0, 1, -1
		]
	}
}
#---------- POLYLINE
Shape {
	appearance Appearance {
		material Material {
			diffuseColor 0 1 0
			emissiveColor 0 1 0
		}
	}
	geometry IndexedLineSet {
		coord Coordinate {
			point [
				-171.91 222.158 -880.366,
				-169.161 241.753 -893.356,
			]
		}
		coordIndex [
			0, 1, -1
		]
	}
}
#---------- POLYLINE
Shape {
	appearance Appearance {
		material Material {
			diffuseColor 0 0 1
			emissiveColor 0 0 1
		}
	}
	geometry IndexedLineSet {
		coord Coordinate {
			point [
				-169.161 241.753 -893.356,
				-169.146 241.878 -893.437,
				-169.159 241.932 -893.465,
			]
		}
		coordIndex [
			0, 1, 2, -1
		]
	}
}
#---------- POLYLINE
Shape {
	appearance Appearance {
		material Material {
			diffuseColor 0 1 0
			emissiveColor 0 1 0
		}
	}
	geometry IndexedLineSet {
		coord Coordinate {
			point [
				-169.159 241.932 -893.465,
				-159.267 234.472 -894.417,
			]
		}
		coordIndex [
			0, 1, -1
		]
	}
}
#---------- POLYLINE
Shape {
	appearance Appearance {
		material Material {
			diffuseColor 1 0 0
			emissiveColor 1 0 0
		}
	}
	geometry IndexedLineSet {
		coord Coordinate {
			point [
				-159.267 234.472 -894.417,
				-159.267 234.472 -894.417,
			]
		}
		coordIndex [
			0, 1, -1
		]
	}
}
#---------- POLYLINE
Shape {
	appearance Appearance {
		material Material {
			diffuseColor 1 0 0
			emissiveColor 1 0 0
		}
	}
	geometry IndexedLineSet {
		coord Coordinate {
			point [
				-159.267 234.472 -894.417,
				-159.267 234.472 -894.417,
			]
		}
		coordIndex [
			0, 1, -1
		]
	}
}
#---------- POLYLINE
Shape {
	appearance Appearance {
		material Material {
			diffuseColor 1 0 0
			emissiveColor 1 0 0
		}
	}
	geometry IndexedLineSet {
		coord Coordinate {
			point [
				-159.267 234.472 -894.417,
				-159.267 234.472 -894.417,
			]
		}
		coordIndex [
			0, 1, -1
		]
	}
}
#---------- POLYLINE
Shape {
	appearance Appearance {
		material Material {
			diffuseColor 1 0 0
			emissiveColor 1 0 0
		}
	}
	geometry IndexedLineSet {
		coord Coordinate {
			point [
				-159.267 234.472 -894.417,
				-159.267 234.472 -894.417,
			]
		}
		coordIndex [
			0, 1, -1
		]
	}
}
#---------- POLYLINE
Shape {
	appearance Appearance {
		material Material {
			diffuseColor 1 0 0
			emissiveColor 1 0 0
		}
	}
	geometry IndexedLineSet {
		coord Coordinate {
			point [
				-159.267 234.472 -894.417,
				-159.267 234.472 -894.417,
			]
		}
		coordIndex [
			0, 1, -1
		]
	}
}
#---------- POLYLINE
Shape {
	appearance Appearance {
		material Material {
			diffuseColor 0 1 0
			emissiveColor 0 1 0
		}
	}
	geometry IndexedLineSet {
		coord Coordinate {
			point [
				-159.267 234.472 -894.417,
				-159.27 234.465 -894.445,
			]
		}
		coordIndex [
			0, 1, -1
		]
	}
}
#---------- POLYLINE
Shape {
	appearance Appearance {
		material Material {
			diffuseColor 1 0 0
			emissiveColor 1 0 0
		}
	}
	geometry IndexedLineSet {
		coord Coordinate {
			point [
				-159.27 234.465 -894.445,
				-159.27 234.465 -894.445,
			]
		}
		coordIndex [
			0, 1, -1
		]
	}
}
#---------- POLYLINE
Shape {
	appearance Appearance {
		material Material {
			diffuseColor 1 0 0
			emissiveColor 1 0 0
		}
	}
	geometry IndexedLineSet {
		coord Coordinate {
			point [
				-159.27 234.465 -894.445,
				-159.27 234.465 -894.445,
			]
		}
		coordIndex [
			0, 1, -1
		]
	}
}
#---------- POLYLINE
Shape {
	appearance Appearance {
		material Material {
			diffuseColor 1 0 0
			emissiveColor 1 0 0
		}
	}
	geometry IndexedLineSet {
		coord Coordinate {
			point [
				-159.27 234.465 -894.445,
				-159.27 234.465 -894.445,
			]
		}
		coordIndex [
			0, 1, -1
		]
	}
}
#---------- POLYLINE
Shape {
	appearance Appearance {
		material Material {
			diffuseColor 1 0 0
			emissiveColor 1 0 0
		}
	}
	geometry IndexedLineSet {
		coord Coordinate {
			point [
				-159.27 234.465 -894.445,
				-159.27 234.465 -894.445,
			]
		}
		coordIndex [
			0, 1, -1
		]
	}
}
#---------- POLYLINE
Shape {
	appearance Appearance {
		material Material {
			diffuseColor 1 0 0
			emissiveColor 1 0 0
		}
	}
	geometry IndexedLineSet {
		coord Coordinate {
			point [
				-159.27 234.465 -894.445,
				-159.27 234.465 -894.445,
			]
		}
		coordIndex [
			0, 1, -1
		]
	}
}
#---------- POLYLINE
Shape {
	appearance Appearance {
		material Material {
			diffuseColor 1 0 0
			emissiveColor 1 0 0
		}
	}
	geometry IndexedLineSet {
		coord Coordinate {
			point [
				-159.27 234.465 -894.445,
				-159.27 234.465 -894.445,
			]
		}
		coordIndex [
			0, 1, -1
		]
	}
}
#---------- POLYLINE
Shape {
	appearance Appearance {
		material Material {
			diffuseColor 1 0 0
			emissiveColor 1 0 0
		}
	}
	geometry IndexedLineSet {
		coord Coordinate {
			point [
				-159.27 234.465 -894.445,
				-159.27 234.465 -894.445,
			]
		}
		coordIndex [
			0, 1, -1
		]
	}
}
#---------- POLYLINE
Shape {
	appearance Appearance {
		material Material {
			diffuseColor 1 0 0
			emissiveColor 1 0 0
		}
	}
	geometry IndexedLineSet {
		coord Coordinate {
			point [
				-159.27 234.465 -894.445,
				-159.27 234.465 -894.445,
			]
		}
		coordIndex [
			0, 1, -1
		]
	}
}
#---------- POLYLINE
Shape {
	appearance Appearance {
		material Material {
			diffuseColor 0 1 0
			emissiveColor 0 1 0
		}
	}
	geometry IndexedLineSet {
		coord Coordinate {
			point [
				-159.267 234.472 -894.417,
				-158.961 234.773 -894.408,
			]
		}
		coordIndex [
			0, 1, -1
		]
	}
}
#---------- POLYLINE
Shape {
	appearance Appearance {
		material Material {
			diffuseColor 1 0 0
			emissiveColor 1 0 0
		}
	}
	geometry IndexedLineSet {
		coord Coordinate {
			point [
				-158.961 234.773 -894.408,
				-158.961 234.773 -894.408,
			]
		}
		coordIndex [
			0, 1, -1
		]
	}
}
#---------- POLYLINE
Shape {
	appearance Appearance {
		material Material {
			diffuseColor 1 0 0
			emissiveColor 1 0 0
		}
	}
	geometry IndexedLineSet {
		coord Coordinate {
			point [
				-158.961 234.773 -894.408,
				-158.961 234.773 -894.408,
			]
		}
		coordIndex [
			0, 1, -1
		]
	}
}
#---------- POLYLINE
Shape {
	appearance Appearance {
		material Material {
			diffuseColor 1 0 0
			emissiveColor 1 0 0
		}
	}
	geometry IndexedLineSet {
		coord Coordinate {
			point [
				-158.961 234.773 -894.408,
				-158.961 234.773 -894.408,
			]
		}
		coordIndex [
			0, 1, -1
		]
	}
}
#---------- POLYLINE
Shape {
	appearance Appearance {
		material Material {
			diffuseColor 1 0 0
			emissiveColor 1 0 0
		}
	}
	geometry IndexedLineSet {
		coord Coordinate {
			point [
				-158.961 234.773 -894.408,
				-158.961 234.773 -894.408,
			]
		}
		coordIndex [
			0, 1, -1
		]
	}
}
#---------- POLYLINE
Shape {
	appearance Appearance {
		material Material {
			diffuseColor 1 0 0
			emissiveColor 1 0 0
		}
	}
	geometry IndexedLineSet {
		coord Coordinate {
			point [
				-158.961 234.773 -894.408,
				-158.961 234.773 -894.408,
			]
		}
		coordIndex [
			0, 1, -1
		]
	}
}
#---------- POLYLINE
Shape {
	appearance Appearance {
		material Material {
			diffuseColor 1 0 0
			emissiveColor 1 0 0
		}
	}
	geometry IndexedLineSet {
		coord Coordinate {
			point [
				-158.961 234.773 -894.408,
				-158.961 234.773 -894.408,
			]
		}
		coordIndex [
			0, 1, -1
		]
	}
}
#---------- POLYLINE
Shape {
	appearance Appearance {
		material Material {
			diffuseColor 1 0 0
			emissiveColor 1 0 0
		}
	}
	geometry IndexedLineSet {
		coord Coordinate {
			point [
				-158.961 234.773 -894.408,
				-158.961 234.773 -894.408,
			]
		}
		coordIndex [
			0, 1, -1
		]
	}
}
#---------- POLYLINE
Shape {
	appearance Appearance {
		material Material {
			diffuseColor 1 0 0
			emissiveColor 1 0 0
		}
	}
	geometry IndexedLineSet {
		coord Coordinate {
			point [
				-158.961 234.773 -894.408,
				-158.961 234.773 -894.408,
			]
		}
		coordIndex [
			0, 1, -1
		]
	}
}
#---------- POLYLINE
Shape {
	appearance Appearance {
		material Material {
			diffuseColor 1 0 0
			emissiveColor 1 0 0
		}
	}
	geometry IndexedLineSet {
		coord Coordinate {
			point [
				-158.961 234.773 -894.408,
				-158.961 234.773 -894.408,
			]
		}
		coordIndex [
			0, 1, -1
		]
	}
}
#---------- POLYLINE
Shape {
	appearance Appearance {
		material Material {
			diffuseColor 1 0 0
			emissiveColor 1 0 0
		}
	}
	geometry IndexedLineSet {
		coord Coordinate {
			point [
				-158.961 234.773 -894.408,
				-158.961 234.773 -894.408,
			]
		}
		coordIndex [
			0, 1, -1
		]
	}
}
#---------- POLYLINE
Shape {
	appearance Appearance {
		material Material {
			diffuseColor 1 0 0
			emissiveColor 1 0 0
		}
	}
	geometry IndexedLineSet {
		coord Coordinate {
			point [
				-158.961 234.773 -894.408,
				-158.961 234.773 -894.408,
			]
		}
		coordIndex [
			0, 1, -1
		]
	}
}
#---------- POLYLINE
Shape {
	appearance Appearance {
		material Material {
			diffuseColor 1 0 0
			emissiveColor 1 0 0
		}
	}
	geometry IndexedLineSet {
		coord Coordinate {
			point [
				-158.961 234.773 -894.408,
				-158.961 234.773 -894.408,
			]
		}
		coordIndex [
			0, 1, -1
		]
	}
}
#---------- POLYLINE
Shape {
	appearance Appearance {
		material Material {
			diffuseColor 1 0 0
			emissiveColor 1 0 0
		}
	}
	geometry IndexedLineSet {
		coord Coordinate {
			point [
				-158.961 234.773 -894.408,
				-158.961 234.773 -894.408,
			]
		}
		coordIndex [
			0, 1, -1
		]
	}
}
#---------- POLYLINE
Shape {
	appearance Appearance {
		material Material {
			diffuseColor 1 0 0
			emissiveColor 1 0 0
		}
	}
	geometry IndexedLineSet {
		coord Coordinate {
			point [
				-158.961 234.773 -894.408,
				-158.961 234.773 -894.408,
			]
		}
		coordIndex [
			0, 1, -1
		]
	}
}
#---------- POLYLINE
Shape {
	appearance Appearance {
		material Material {
			diffuseColor 1 0 0
			emissiveColor 1 0 0
		}
	}
	geometry IndexedLineSet {
		coord Coordinate {
			point [
				-158.961 234.773 -894.408,
				-158.961 234.773 -894.408,
			]
		}
		coordIndex [
			0, 1, -1
		]
	}
}
#---------- POLYLINE
Shape {
	appearance Appearance {
		material Material {
			diffuseColor 1 0 0
			emissiveColor 1 0 0
		}
	}
	geometry IndexedLineSet {
		coord Coordinate {
			point [
				-158.961 234.773 -894.408,
				-158.961 234.773 -894.408,
			]
		}
		coordIndex [
			0, 1, -1
		]
	}
}
#---------- POLYLINE
Shape {
	appearance Appearance {
		material Material {
			diffuseColor 1 0 0
			emissiveColor 1 0 0
		}
	}
	geometry IndexedLineSet {
		coord Coordinate {
			point [
				-158.961 234.773 -894.408,
				-158.961 234.773 -894.408,
			]
		}
		coordIndex [
			0, 1, -1
		]
	}
}
#---------- POLYLINE
Shape {
	appearance Appearance {
		material Material {
			diffuseColor 1 0 0
			emissiveColor 1 0 0
		}
	}
	geometry IndexedLineSet {
		coord Coordinate {
			point [
				-158.961 234.773 -894.408,
				-158.961 234.773 -894.408,
			]
		}
		coordIndex [
			0, 1, -1
		]
	}
}
#---------- POLYLINE
Shape {
	appearance Appearance {
		material Material {
			diffuseColor 1 0 0
			emissiveColor 1 0 0
		}
	}
	geometry IndexedLineSet {
		coord Coordinate {
			point [
				-158.961 234.773 -894.408,
				-158.961 234.773 -894.408,
			]
		}
		coordIndex [
			0, 1, -1
		]
	}
}
#---------- POLYLINE
Shape {
	appearance Appearance {
		material Material {
			diffuseColor 1 0 0
			emissiveColor 1 0 0
		}
	}
	geometry IndexedLineSet {
		coord Coordinate {
			point [
				-158.961 234.773 -894.408,
				-158.961 234.773 -894.408,
			]
		}
		coordIndex [
			0, 1, -1
		]
	}
}
#---------- POLYLINE
Shape {
	appearance Appearance {
		material Material {
			diffuseColor 1 0 0
			emissiveColor 1 0 0
		}
	}
	geometry IndexedLineSet {
		coord Coordinate {
			point [
				-158.961 234.773 -894.408,
				-158.961 234.773 -894.408,
			]
		}
		coordIndex [
			0, 1, -1
		]
	}
}
#---------- POLYLINE
Shape {
	appearance Appearance {
		material Material {
			diffuseColor 1 0 0
			emissiveColor 1 0 0
		}
	}
	geometry IndexedLineSet {
		coord Coordinate {
			point [
				-158.961 234.773 -894.408,
				-158.961 234.773 -894.408,
			]
		}
		coordIndex [
			0, 1, -1
		]
	}
}
#---------- POLYLINE
Shape {
	appearance Appearance {
		material Material {
			diffuseColor 1 0 0
			emissiveColor 1 0 0
		}
	}
	geometry IndexedLineSet {
		coord Coordinate {
			point [
				-158.961 234.773 -894.408,
				-158.961 234.773 -894.408,
			]
		}
		coordIndex [
			0, 1, -1
		]
	}
}
#---------- POLYLINE
Shape {
	appearance Appearance {
		material Material {
			diffuseColor 1 0 0
			emissiveColor 1 0 0
		}
	}
	geometry IndexedLineSet {
		coord Coordinate {
			point [
				-158.961 234.773 -894.408,
				-158.96 234.773 -894.408,
			]
		}
		coordIndex [
			0, 1, -1
		]
	}
}
#---------- POLYLINE
Shape {
	appearance Appearance {
		material Material {
			diffuseColor 1 0 0
			emissiveColor 1 0 0
		}
	}
	geometry IndexedLineSet {
		coord Coordinate {
			point [
				-159.267 234.472 -894.417,
				-159.255 234.469 -894.406,
			]
		}
		coordIndex [
			0, 1, -1
		]
	}
}
#---------- POLYLINE
Shape {
	appearance Appearance {
		material Material {
			diffuseColor 0 1 0
			emissiveColor 0 1 0
		}
	}
	geometry IndexedLineSet {
		coord Coordinate {
			point [
				-169.159 241.932 -893.465,
				-170.189 242.709 -893.366,
				-169.861 242.536 -893.149,
				-170.725 240.574 -894.36,
			]
		}
		coordIndex [
			0, 1, 2, 3, -1
		]
	}
}
#---------- POLYLINE
Shape {
	appearance Appearance {
		material Material {
			diffuseColor 1 0 0
			emissiveColor 1 0 0
		}
	}
	geometry IndexedLineSet {
		coord Coordinate {
			point [
				-170.725 240.574 -894.36,
				-170.725 240.574 -894.36,
			]
		}
		coordIndex [
			0, 1, -1
		]
	}
}
#---------- POLYLINE
Shape {
	appearance Appearance {
		material Material {
			diffuseColor 1 0 0
			emissiveColor 1 0 0
		}
	}
	geometry IndexedLineSet {
		coord Coordinate {
			point [
				-170.725 240.574 -894.36,
				-170.725 240.574 -894.36,
			]
		}
		coordIndex [
			0, 1, -1
		]
	}
}
#---------- POLYLINE
Shape {
	appearance Appearance {
		material Material {
			diffuseColor 1 0 0
			emissiveColor 1 0 0
		}
	}
	geometry IndexedLineSet {
		coord Coordinate {
			point [
				-170.725 240.574 -894.36,
				-170.725 240.574 -894.36,
			]
		}
		coordIndex [
			0, 1, -1
		]
	}
}
#---------- POLYLINE
Shape {
	appearance Appearance {
		material Material {
			diffuseColor 1 0 0
			emissiveColor 1 0 0
		}
	}
	geometry IndexedLineSet {
		coord Coordinate {
			point [
				-170.725 240.574 -894.36,
				-170.725 240.574 -894.36,
			]
		}
		coordIndex [
			0, 1, -1
		]
	}
}
#---------- POLYLINE
Shape {
	appearance Appearance {
		material Material {
			diffuseColor 1 0 0
			emissiveColor 1 0 0
		}
	}
	geometry IndexedLineSet {
		coord Coordinate {
			point [
				-170.725 240.574 -894.36,
				-170.725 240.574 -894.36,
			]
		}
		coordIndex [
			0, 1, -1
		]
	}
}
#---------- POLYLINE
Shape {
	appearance Appearance {
		material Material {
			diffuseColor 1 0 0
			emissiveColor 1 0 0
		}
	}
	geometry IndexedLineSet {
		coord Coordinate {
			point [
				-170.725 240.574 -894.36,
				-170.725 240.574 -894.36,
			]
		}
		coordIndex [
			0, 1, -1
		]
	}
}
#---------- POLYLINE
Shape {
	appearance Appearance {
		material Material {
			diffuseColor 1 0 0
			emissiveColor 1 0 0
		}
	}
	geometry IndexedLineSet {
		coord Coordinate {
			point [
				-170.725 240.574 -894.36,
				-170.725 240.574 -894.36,
			]
		}
		coordIndex [
			0, 1, -1
		]
	}
}
#---------- POLYLINE
Shape {
	appearance Appearance {
		material Material {
			diffuseColor 1 0 0
			emissiveColor 1 0 0
		}
	}
	geometry IndexedLineSet {
		coord Coordinate {
			point [
				-170.725 240.574 -894.36,
				-170.725 240.574 -894.36,
			]
		}
		coordIndex [
			0, 1, -1
		]
	}
}
#---------- POLYLINE
Shape {
	appearance Appearance {
		material Material {
			diffuseColor 1 0 0
			emissiveColor 1 0 0
		}
	}
	geometry IndexedLineSet {
		coord Coordinate {
			point [
				-170.725 240.574 -894.36,
				-170.725 240.574 -894.36,
			]
		}
		coordIndex [
			0, 1, -1
		]
	}
}
#---------- POLYLINE
Shape {
	appearance Appearance {
		material Material {
			diffuseColor 1 0 0
			emissiveColor 1 0 0
		}
	}
	geometry IndexedLineSet {
		coord Coordinate {
			point [
				-170.725 240.574 -894.36,
				-170.725 240.574 -894.36,
			]
		}
		coordIndex [
			0, 1, -1
		]
	}
}
#---------- POLYLINE
Shape {
	appearance Appearance {
		material Material {
			diffuseColor 1 0 0
			emissiveColor 1 0 0
		}
	}
	geometry IndexedLineSet {
		coord Coordinate {
			point [
				-170.725 240.574 -894.36,
				-170.725 240.574 -894.36,
			]
		}
		coordIndex [
			0, 1, -1
		]
	}
}
#---------- POLYLINE
Shape {
	appearance Appearance {
		material Material {
			diffuseColor 1 0 0
			emissiveColor 1 0 0
		}
	}
	geometry IndexedLineSet {
		coord Coordinate {
			point [
				-170.725 240.574 -894.36,
				-170.725 240.574 -894.36,
			]
		}
		coordIndex [
			0, 1, -1
		]
	}
}
#---------- POLYLINE
Shape {
	appearance Appearance {
		material Material {
			diffuseColor 1 0 0
			emissiveColor 1 0 0
		}
	}
	geometry IndexedLineSet {
		coord Coordinate {
			point [
				-170.725 240.574 -894.36,
				-170.725 240.574 -894.36,
			]
		}
		coordIndex [
			0, 1, -1
		]
	}
}
#---------- POLYLINE
Shape {
	appearance Appearance {
		material Material {
			diffuseColor 1 0 0
			emissiveColor 1 0 0
		}
	}
	geometry IndexedLineSet {
		coord Coordinate {
			point [
				-170.725 240.574 -894.36,
				-170.725 240.574 -894.36,
			]
		}
		coordIndex [
			0, 1, -1
		]
	}
}
#---------- POLYLINE
Shape {
	appearance Appearance {
		material Material {
			diffuseColor 1 0 0
			emissiveColor 1 0 0
		}
	}
	geometry IndexedLineSet {
		coord Coordinate {
			point [
				-170.725 240.574 -894.36,
				-170.725 240.574 -894.36,
			]
		}
		coordIndex [
			0, 1, -1
		]
	}
}
#---------- POLYLINE
Shape {
	appearance Appearance {
		material Material {
			diffuseColor 1 0 0
			emissiveColor 1 0 0
		}
	}
	geometry IndexedLineSet {
		coord Coordinate {
			point [
				-170.725 240.574 -894.36,
				-170.725 240.574 -894.36,
			]
		}
		coordIndex [
			0, 1, -1
		]
	}
}
#---------- POLYLINE
Shape {
	appearance Appearance {
		material Material {
			diffuseColor 1 0 0
			emissiveColor 1 0 0
		}
	}
	geometry IndexedLineSet {
		coord Coordinate {
			point [
				-170.725 240.574 -894.36,
				-170.725 240.574 -894.36,
			]
		}
		coordIndex [
			0, 1, -1
		]
	}
}
#---------- POLYLINE
Shape {
	appearance Appearance {
		material Material {
			diffuseColor 0 1 0
			emissiveColor 0 1 0
		}
	}
	geometry IndexedLineSet {
		coord Coordinate {
			point [
				-170.725 240.574 -894.36,
				-170.635 240.66 -894.223,
			]
		}
		coordIndex [
			0, 1, -1
		]
	}
}
#---------- POLYLINE
Shape {
	appearance Appearance {
		material Material {
			diffuseColor 1 0 0
			emissiveColor 1 0 0
		}
	}
	geometry IndexedLineSet {
		coord Coordinate {
			point [
				-170.635 240.66 -894.223,
				-170.635 240.66 -894.223,
			]
		}
		coordIndex [
			0, 1, -1
		]
	}
}
#---------- POLYLINE
Shape {
	appearance Appearance {
		material Material {
			diffuseColor 1 0 0
			emissiveColor 1 0 0
		}
	}
	geometry IndexedLineSet {
		coord Coordinate {
			point [
				-170.635 240.66 -894.223,
				-170.635 240.66 -894.223,
			]
		}
		coordIndex [
			0, 1, -1
		]
	}
}
#---------- POLYLINE
Shape {
	appearance Appearance {
		material Material {
			diffuseColor 1 0 0
			emissiveColor 1 0 0
		}
	}
	geometry IndexedLineSet {
		coord Coordinate {
			point [
				-170.635 240.66 -894.223,
				-170.635 240.66 -894.223,
			]
		}
		coordIndex [
			0, 1, -1
		]
	}
}
#---------- POLYLINE
Shape {
	appearance Appearance {
		material Material {
			diffuseColor 1 0 0
			emissiveColor 1 0 0
		}
	}
	geometry IndexedLineSet {
		coord Coordinate {
			point [
				-170.635 240.66 -894.223,
				-170.635 240.66 -894.223,
			]
		}
		coordIndex [
			0, 1, -1
		]
	}
}
#---------- POLYLINE
Shape {
	appearance Appearance {
		material Material {
			diffuseColor 1 0 0
			emissiveColor 1 0 0
		}
	}
	geometry IndexedLineSet {
		coord Coordinate {
			point [
				-170.635 240.66 -894.223,
				-170.635 240.66 -894.223,
			]
		}
		coordIndex [
			0, 1, -1
		]
	}
}
#---------- POLYLINE
Shape {
	appearance Appearance {
		material Material {
			diffuseColor 1 0 0
			emissiveColor 1 0 0
		}
	}
	geometry IndexedLineSet {
		coord Coordinate {
			point [
				-170.635 240.66 -894.223,
				-170.635 240.66 -894.223,
			]
		}
		coordIndex [
			0, 1, -1
		]
	}
}
#---------- POLYLINE
Shape {
	appearance Appearance {
		material Material {
			diffuseColor 1 0 0
			emissiveColor 1 0 0
		}
	}
	geometry IndexedLineSet {
		coord Coordinate {
			point [
				-170.635 240.66 -894.223,
				-170.635 240.66 -894.223,
			]
		}
		coordIndex [
			0, 1, -1
		]
	}
}
#---------- POLYLINE
Shape {
	appearance Appearance {
		material Material {
			diffuseColor 1 0 0
			emissiveColor 1 0 0
		}
	}
	geometry IndexedLineSet {
		coord Coordinate {
			point [
				-170.635 240.66 -894.223,
				-170.635 240.66 -894.223,
			]
		}
		coordIndex [
			0, 1, -1
		]
	}
}
#---------- POLYLINE
Shape {
	appearance Appearance {
		material Material {
			diffuseColor 1 0 0
			emissiveColor 1 0 0
		}
	}
	geometry IndexedLineSet {
		coord Coordinate {
			point [
				-170.635 240.66 -894.223,
				-170.635 240.66 -894.223,
			]
		}
		coordIndex [
			0, 1, -1
		]
	}
}
#---------- POLYLINE
Shape {
	appearance Appearance {
		material Material {
			diffuseColor 1 0 0
			emissiveColor 1 0 0
		}
	}
	geometry IndexedLineSet {
		coord Coordinate {
			point [
				-170.635 240.66 -894.223,
				-170.635 240.66 -894.223,
			]
		}
		coordIndex [
			0, 1, -1
		]
	}
}
#---------- POLYLINE
Shape {
	appearance Appearance {
		material Material {
			diffuseColor 1 0 0
			emissiveColor 1 0 0
		}
	}
	geometry IndexedLineSet {
		coord Coordinate {
			point [
				-170.635 240.66 -894.223,
				-170.635 240.66 -894.223,
			]
		}
		coordIndex [
			0, 1, -1
		]
	}
}
#---------- POLYLINE
Shape {
	appearance Appearance {
		material Material {
			diffuseColor 1 0 0
			emissiveColor 1 0 0
		}
	}
	geometry IndexedLineSet {
		coord Coordinate {
			point [
				-170.635 240.66 -894.223,
				-170.635 240.66 -894.223,
			]
		}
		coordIndex [
			0, 1, -1
		]
	}
}
#---------- POLYLINE
Shape {
	appearance Appearance {
		material Material {
			diffuseColor 1 0 0
			emissiveColor 1 0 0
		}
	}
	geometry IndexedLineSet {
		coord Coordinate {
			point [
				-170.635 240.66 -894.223,
				-170.635 240.66 -894.223,
			]
		}
		coordIndex [
			0, 1, -1
		]
	}
}
#---------- POLYLINE
Shape {
	appearance Appearance {
		material Material {
			diffuseColor 1 0 0
			emissiveColor 1 0 0
		}
	}
	geometry IndexedLineSet {
		coord Coordinate {
			point [
				-170.635 240.66 -894.223,
				-170.635 240.66 -894.224,
			]
		}
		coordIndex [
			0, 1, -1
		]
	}
}
#---------- POLYLINE
Shape {
	appearance Appearance {
		material Material {
			diffuseColor 1 0 0
			emissiveColor 1 0 0
		}
	}
	geometry IndexedLineSet {
		coord Coordinate {
			point [
				-170.725 240.574 -894.36,
				-170.726 240.573 -894.36,
			]
		}
		coordIndex [
			0, 1, -1
		]
	}
}
#---------- POLYLINE
Shape {
	appearance Appearance {
		material Material {
			diffuseColor 1 0 0
			emissiveColor 1 0 0
		}
	}
	geometry IndexedLineSet {
		coord Coordinate {
			point [
				-170.189 242.709 -893.366,
				-170.198 242.716 -893.367,
			]
		}
		coordIndex [
			0, 1, -1
		]
	}
}
#---------- POLYLINE
Shape {
	appearance Appearance {
		material Material {
			diffuseColor 0 1 0
			emissiveColor 0 1 0
		}
	}
	geometry IndexedLineSet {
		coord Coordinate {
			point [
				-169.146 241.878 -893.437,
				-162.54 266.717 -901.122,
			]
		}
		coordIndex [
			0, 1, -1
		]
	}
}
#---------- POLYLINE
Shape {
	appearance Appearance {
		material Material {
			diffuseColor 0 0 1
			emissiveColor 0 0 1
		}
	}
	geometry IndexedLineSet {
		coord Coordinate {
			point [
				-162.54 266.717 -901.122,
				-162.336 266.985 -901.121,
				-162.337 266.973 -901.083,
			]
		}
		coordIndex [
			0, 1, 2, -1
		]
	}
}
#---------- POLYLINE
Shape {
	appearance Appearance {
		material Material {
			diffuseColor 0 1 0
			emissiveColor 0 1 0
		}
	}
	geometry IndexedLineSet {
		coord Coordinate {
			point [
				-162.337 266.973 -901.083,
				-142.602 259.681 -894.145,
				-142.35 259.68 -894.378,
			]
		}
		coordIndex [
			0, 1, 2, -1
		]
	}
}
#---------- POLYLINE
Shape {
	appearance Appearance {
		material Material {
			diffuseColor 1 0 0
			emissiveColor 1 0 0
		}
	}
	geometry IndexedLineSet {
		coord Coordinate {
			point [
				-142.35 259.68 -894.378,
				-142.35 259.68 -894.378,
			]
		}
		coordIndex [
			0, 1, -1
		]
	}
}
#---------- POLYLINE
Shape {
	appearance Appearance {
		material Material {
			diffuseColor 1 0 0
			emissiveColor 1 0 0
		}
	}
	geometry IndexedLineSet {
		coord Coordinate {
			point [
				-142.35 259.68 -894.378,
				-142.35 259.68 -894.378,
			]
		}
		coordIndex [
			0, 1, -1
		]
	}
}
#---------- POLYLINE
Shape {
	appearance Appearance {
		material Material {
			diffuseColor 1 0 0
			emissiveColor 1 0 0
		}
	}
	geometry IndexedLineSet {
		coord Coordinate {
			point [
				-142.35 259.68 -894.378,
				-142.35 259.68 -894.378,
			]
		}
		coordIndex [
			0, 1, -1
		]
	}
}
#---------- POLYLINE
Shape {
	appearance Appearance {
		material Material {
			diffuseColor 1 0 0
			emissiveColor 1 0 0
		}
	}
	geometry IndexedLineSet {
		coord Coordinate {
			point [
				-142.35 259.68 -894.378,
			]
		}
		coordIndex [
			0, -1
		]
	}
}
#---------- POLYLINE
Shape {
	appearance Appearance {
		material Material {
			diffuseColor 1 0 0
			emissiveColor 1 0 0
		}
	}
	geometry IndexedLineSet {
		coord Coordinate {
			point [
				-142.35 259.68 -894.378,
				-142.35 259.68 -894.378,
			]
		}
		coordIndex [
			0, 1, -1
		]
	}
}
#---------- POLYLINE
Shape {
	appearance Appearance {
		material Material {
			diffuseColor 1 0 0
			emissiveColor 1 0 0
		}
	}
	geometry IndexedLineSet {
		coord Coordinate {
			point [
				-142.35 259.68 -894.378,
				-142.35 259.68 -894.378,
			]
		}
		coordIndex [
			0, 1, -1
		]
	}
}
#---------- POLYLINE
Shape {
	appearance Appearance {
		material Material {
			diffuseColor 1 0 0
			emissiveColor 1 0 0
		}
	}
	geometry IndexedLineSet {
		coord Coordinate {
			point [
				-142.35 259.68 -894.378,
				-142.35 259.68 -894.378,
			]
		}
		coordIndex [
			0, 1, -1
		]
	}
}
#---------- POLYLINE
Shape {
	appearance Appearance {
		material Material {
			diffuseColor 1 0 0
			emissiveColor 1 0 0
		}
	}
	geometry IndexedLineSet {
		coord Coordinate {
			point [
				-142.35 259.68 -894.378,
				-142.35 259.68 -894.378,
			]
		}
		coordIndex [
			0, 1, -1
		]
	}
}
#---------- POLYLINE
Shape {
	appearance Appearance {
		material Material {
			diffuseColor 1 0 0
			emissiveColor 1 0 0
		}
	}
	geometry IndexedLineSet {
		coord Coordinate {
			point [
				-142.35 259.68 -894.378,
				-142.35 259.68 -894.378,
			]
		}
		coordIndex [
			0, 1, -1
		]
	}
}
#---------- POLYLINE
Shape {
	appearance Appearance {
		material Material {
			diffuseColor 1 0 0
			emissiveColor 1 0 0
		}
	}
	geometry IndexedLineSet {
		coord Coordinate {
			point [
				-142.35 259.68 -894.378,
				-142.35 259.68 -894.378,
			]
		}
		coordIndex [
			0, 1, -1
		]
	}
}
#---------- POLYLINE
Shape {
	appearance Appearance {
		material Material {
			diffuseColor 1 0 0
			emissiveColor 1 0 0
		}
	}
	geometry IndexedLineSet {
		coord Coordinate {
			point [
				-142.35 259.68 -894.378,
				-142.35 259.68 -894.378,
			]
		}
		coordIndex [
			0, 1, -1
		]
	}
}
#---------- POLYLINE
Shape {
	appearance Appearance {
		material Material {
			diffuseColor 1 0 0
			emissiveColor 1 0 0
		}
	}
	geometry IndexedLineSet {
		coord Coordinate {
			point [
				-142.35 259.68 -894.378,
				-142.35 259.68 -894.378,
			]
		}
		coordIndex [
			0, 1, -1
		]
	}
}
#---------- POLYLINE
Shape {
	appearance Appearance {
		material Material {
			diffuseColor 1 0 0
			emissiveColor 1 0 0
		}
	}
	geometry IndexedLineSet {
		coord Coordinate {
			point [
				-142.35 259.68 -894.378,
				-142.35 259.68 -894.378,
			]
		}
		coordIndex [
			0, 1, -1
		]
	}
}
#---------- POLYLINE
Shape {
	appearance Appearance {
		material Material {
			diffuseColor 1 0 0
			emissiveColor 1 0 0
		}
	}
	geometry IndexedLineSet {
		coord Coordinate {
			point [
				-142.35 259.68 -894.378,
				-142.35 259.68 -894.378,
			]
		}
		coordIndex [
			0, 1, -1
		]
	}
}
#---------- POLYLINE
Shape {
	appearance Appearance {
		material Material {
			diffuseColor 1 0 0
			emissiveColor 1 0 0
		}
	}
	geometry IndexedLineSet {
		coord Coordinate {
			point [
				-142.35 259.68 -894.378,
				-142.35 259.68 -894.378,
			]
		}
		coordIndex [
			0, 1, -1
		]
	}
}
#---------- POLYLINE
Shape {
	appearance Appearance {
		material Material {
			diffuseColor 1 0 0
			emissiveColor 1 0 0
		}
	}
	geometry IndexedLineSet {
		coord Coordinate {
			point [
				-142.35 259.68 -894.378,
				-142.35 259.68 -894.378,
			]
		}
		coordIndex [
			0, 1, -1
		]
	}
}
#---------- POLYLINE
Shape {
	appearance Appearance {
		material Material {
			diffuseColor 1 0 0
			emissiveColor 1 0 0
		}
	}
	geometry IndexedLineSet {
		coord Coordinate {
			point [
				-142.35 259.68 -894.378,
				-142.35 259.68 -894.378,
			]
		}
		coordIndex [
			0, 1, -1
		]
	}
}
#---------- POLYLINE
Shape {
	appearance Appearance {
		material Material {
			diffuseColor 1 0 0
			emissiveColor 1 0 0
		}
	}
	geometry IndexedLineSet {
		coord Coordinate {
			point [
				-142.35 259.68 -894.378,
				-142.35 259.68 -894.378,
			]
		}
		coordIndex [
			0, 1, -1
		]
	}
}
#---------- POLYLINE
Shape {
	appearance Appearance {
		material Material {
			diffuseColor 1 0 0
			emissiveColor 1 0 0
		}
	}
	geometry IndexedLineSet {
		coord Coordinate {
			point [
				-142.35 259.68 -894.378,
				-142.35 259.68 -894.378,
			]
		}
		coordIndex [
			0, 1, -1
		]
	}
}
#---------- POLYLINE
Shape {
	appearance Appearance {
		material Material {
			diffuseColor 0 1 0
			emissiveColor 0 1 0
		}
	}
	geometry IndexedLineSet {
		coord Coordinate {
			point [
				-142.35 259.68 -894.378,
				-142.151 259.992 -894.467,
			]
		}
		coordIndex [
			0, 1, -1
		]
	}
}
#---------- POLYLINE
Shape {
	appearance Appearance {
		material Material {
			diffuseColor 1 0 0
			emissiveColor 1 0 0
		}
	}
	geometry IndexedLineSet {
		coord Coordinate {
			point [
				-142.151 259.992 -894.467,
				-142.151 259.992 -894.467,
			]
		}
		coordIndex [
			0, 1, -1
		]
	}
}
#---------- POLYLINE
Shape {
	appearance Appearance {
		material Material {
			diffuseColor 1 0 0
			emissiveColor 1 0 0
		}
	}
	geometry IndexedLineSet {
		coord Coordinate {
			point [
				-142.151 259.992 -894.467,
				-142.151 259.992 -894.467,
			]
		}
		coordIndex [
			0, 1, -1
		]
	}
}
#---------- POLYLINE
Shape {
	appearance Appearance {
		material Material {
			diffuseColor 1 0 0
			emissiveColor 1 0 0
		}
	}
	geometry IndexedLineSet {
		coord Coordinate {
			point [
				-142.151 259.992 -894.467,
				-142.151 259.992 -894.467,
			]
		}
		coordIndex [
			0, 1, -1
		]
	}
}
#---------- POLYLINE
Shape {
	appearance Appearance {
		material Material {
			diffuseColor 1 0 0
			emissiveColor 1 0 0
		}
	}
	geometry IndexedLineSet {
		coord Coordinate {
			point [
				-142.151 259.992 -894.467,
				-142.151 259.992 -894.467,
			]
		}
		coordIndex [
			0, 1, -1
		]
	}
}
#---------- POLYLINE
Shape {
	appearance Appearance {
		material Material {
			diffuseColor 1 0 0
			emissiveColor 1 0 0
		}
	}
	geometry IndexedLineSet {
		coord Coordinate {
			point [
				-142.151 259.992 -894.467,
				-142.151 259.992 -894.467,
			]
		}
		coordIndex [
			0, 1, -1
		]
	}
}
#---------- POLYLINE
Shape {
	appearance Appearance {
		material Material {
			diffuseColor 1 0 0
			emissiveColor 1 0 0
		}
	}
	geometry IndexedLineSet {
		coord Coordinate {
			point [
				-142.151 259.992 -894.467,
				-142.151 259.992 -894.467,
			]
		}
		coordIndex [
			0, 1, -1
		]
	}
}
#---------- POLYLINE
Shape {
	appearance Appearance {
		material Material {
			diffuseColor 1 0 0
			emissiveColor 1 0 0
		}
	}
	geometry IndexedLineSet {
		coord Coordinate {
			point [
				-142.151 259.992 -894.467,
				-142.151 259.992 -894.467,
			]
		}
		coordIndex [
			0, 1, -1
		]
	}
}
#---------- POLYLINE
Shape {
	appearance Appearance {
		material Material {
			diffuseColor 1 0 0
			emissiveColor 1 0 0
		}
	}
	geometry IndexedLineSet {
		coord Coordinate {
			point [
				-142.151 259.992 -894.467,
				-142.151 259.992 -894.467,
			]
		}
		coordIndex [
			0, 1, -1
		]
	}
}
#---------- POLYLINE
Shape {
	appearance Appearance {
		material Material {
			diffuseColor 1 0 0
			emissiveColor 1 0 0
		}
	}
	geometry IndexedLineSet {
		coord Coordinate {
			point [
				-142.151 259.992 -894.467,
				-142.151 259.992 -894.467,
			]
		}
		coordIndex [
			0, 1, -1
		]
	}
}
#---------- POLYLINE
Shape {
	appearance Appearance {
		material Material {
			diffuseColor 1 0 0
			emissiveColor 1 0 0
		}
	}
	geometry IndexedLineSet {
		coord Coordinate {
			point [
				-142.151 259.992 -894.467,
				-142.151 259.992 -894.467,
			]
		}
		coordIndex [
			0, 1, -1
		]
	}
}
#---------- POLYLINE
Shape {
	appearance Appearance {
		material Material {
			diffuseColor 1 0 0
			emissiveColor 1 0 0
		}
	}
	geometry IndexedLineSet {
		coord Coordinate {
			point [
				-142.151 259.992 -894.467,
				-142.151 259.992 -894.467,
			]
		}
		coordIndex [
			0, 1, -1
		]
	}
}
#---------- POLYLINE
Shape {
	appearance Appearance {
		material Material {
			diffuseColor 1 0 0
			emissiveColor 1 0 0
		}
	}
	geometry IndexedLineSet {
		coord Coordinate {
			point [
				-142.151 259.992 -894.467,
				-142.151 259.992 -894.467,
			]
		}
		coordIndex [
			0, 1, -1
		]
	}
}
#---------- POLYLINE
Shape {
	appearance Appearance {
		material Material {
			diffuseColor 1 0 0
			emissiveColor 1 0 0
		}
	}
	geometry IndexedLineSet {
		coord Coordinate {
			point [
				-142.151 259.992 -894.467,
				-142.151 259.992 -894.467,
			]
		}
		coordIndex [
			0, 1, -1
		]
	}
}
#---------- POLYLINE
Shape {
	appearance Appearance {
		material Material {
			diffuseColor 1 0 0
			emissiveColor 1 0 0
		}
	}
	geometry IndexedLineSet {
		coord Coordinate {
			point [
				-142.151 259.992 -894.467,
				-142.151 259.992 -894.467,
			]
		}
		coordIndex [
			0, 1, -1
		]
	}
}
#---------- POLYLINE
Shape {
	appearance Appearance {
		material Material {
			diffuseColor 1 0 0
			emissiveColor 1 0 0
		}
	}
	geometry IndexedLineSet {
		coord Coordinate {
			point [
				-142.151 259.992 -894.467,
				-142.151 259.992 -894.467,
			]
		}
		coordIndex [
			0, 1, -1
		]
	}
}
#---------- POLYLINE
Shape {
	appearance Appearance {
		material Material {
			diffuseColor 1 0 0
			emissiveColor 1 0 0
		}
	}
	geometry IndexedLineSet {
		coord Coordinate {
			point [
				-142.151 259.992 -894.467,
				-142.151 259.992 -894.467,
			]
		}
		coordIndex [
			0, 1, -1
		]
	}
}
#---------- POLYLINE
Shape {
	appearance Appearance {
		material Material {
			diffuseColor 1 0 0
			emissiveColor 1 0 0
		}
	}
	geometry IndexedLineSet {
		coord Coordinate {
			point [
				-142.151 259.992 -894.467,
				-142.151 259.992 -894.467,
			]
		}
		coordIndex [
			0, 1, -1
		]
	}
}
#---------- POLYLINE
Shape {
	appearance Appearance {
		material Material {
			diffuseColor 1 0 0
			emissiveColor 1 0 0
		}
	}
	geometry IndexedLineSet {
		coord Coordinate {
			point [
				-142.151 259.992 -894.467,
				-142.151 259.992 -894.467,
			]
		}
		coordIndex [
			0, 1, -1
		]
	}
}
#---------- POLYLINE
Shape {
	appearance Appearance {
		material Material {
			diffuseColor 1 0 0
			emissiveColor 1 0 0
		}
	}
	geometry IndexedLineSet {
		coord Coordinate {
			point [
				-142.35 259.68 -894.378,
				-142.346 259.675 -894.38,
			]
		}
		coordIndex [
			0, 1, -1
		]
	}
}
#---------- POLYLINE
Shape {
	appearance Appearance {
		material Material {
			diffuseColor 1 0 0
			emissiveColor 1 0 0
		}
	}
	geometry IndexedLineSet {
		coord Coordinate {
			point [
				-142.602 259.681 -894.145,
				-142.6 259.679 -894.141,
			]
		}
		coordIndex [
			0, 1, -1
		]
	}
}
#---------- POLYLINE
Shape {
	appearance Appearance {
		material Material {
			diffuseColor 0 1 0
			emissiveColor 0 1 0
		}
	}
	geometry IndexedLineSet {
		coord Coordinate {
			point [
				-162.337 266.973 -901.083,
				-166.534 268.524 -902.559,
			]
		}
		coordIndex [
			0, 1, -1
		]
	}
}
#---------- POLYLINE
Shape {
	appearance Appearance {
		material Material {
			diffuseColor 1 0 0
			emissiveColor 1 0 0
		}
	}
	geometry IndexedLineSet {
		coord Coordinate {
			point [
				-166.534 268.524 -902.559,
				-166.534 268.524 -902.559,
			]
		}
		coordIndex [
			0, 1, -1
		]
	}
}
#---------- POLYLINE
Shape {
	appearance Appearance {
		material Material {
			diffuseColor 1 0 0
			emissiveColor 1 0 0
		}
	}
	geometry IndexedLineSet {
		coord Coordinate {
			point [
				-166.534 268.524 -902.559,
				-166.534 268.524 -902.559,
			]
		}
		coordIndex [
			0, 1, -1
		]
	}
}
#---------- POLYLINE
Shape {
	appearance Appearance {
		material Material {
			diffuseColor 1 0 0
			emissiveColor 1 0 0
		}
	}
	geometry IndexedLineSet {
		coord Coordinate {
			point [
				-166.534 268.524 -902.559,
				-166.534 268.524 -902.559,
			]
		}
		coordIndex [
			0, 1, -1
		]
	}
}
#---------- POLYLINE
Shape {
	appearance Appearance {
		material Material {
			diffuseColor 1 0 0
			emissiveColor 1 0 0
		}
	}
	geometry IndexedLineSet {
		coord Coordinate {
			point [
				-166.534 268.524 -902.559,
				-166.534 268.524 -902.559,
			]
		}
		coordIndex [
			0, 1, -1
		]
	}
}
#---------- POLYLINE
Shape {
	appearance Appearance {
		material Material {
			diffuseColor 1 0 0
			emissiveColor 1 0 0
		}
	}
	geometry IndexedLineSet {
		coord Coordinate {
			point [
				-166.534 268.524 -902.559,
				-166.534 268.524 -902.559,
			]
		}
		coordIndex [
			0, 1, -1
		]
	}
}
#---------- POLYLINE
Shape {
	appearance Appearance {
		material Material {
			diffuseColor 1 0 0
			emissiveColor 1 0 0
		}
	}
	geometry IndexedLineSet {
		coord Coordinate {
			point [
				-166.534 268.524 -902.559,
				-166.534 268.524 -902.559,
			]
		}
		coordIndex [
			0, 1, -1
		]
	}
}
#---------- POLYLINE
Shape {
	appearance Appearance {
		material Material {
			diffuseColor 1 0 0
			emissiveColor 1 0 0
		}
	}
	geometry IndexedLineSet {
		coord Coordinate {
			point [
				-166.534 268.524 -902.559,
				-166.534 268.524 -902.559,
			]
		}
		coordIndex [
			0, 1, -1
		]
	}
}
#---------- POLYLINE
Shape {
	appearance Appearance {
		material Material {
			diffuseColor 1 0 0
			emissiveColor 1 0 0
		}
	}
	geometry IndexedLineSet {
		coord Coordinate {
			point [
				-166.534 268.524 -902.559,
				-166.534 268.524 -902.559,
			]
		}
		coordIndex [
			0, 1, -1
		]
	}
}
#---------- POLYLINE
Shape {
	appearance Appearance {
		material Material {
			diffuseColor 1 0 0
			emissiveColor 1 0 0
		}
	}
	geometry IndexedLineSet {
		coord Coordinate {
			point [
				-166.534 268.524 -902.559,
				-166.534 268.524 -902.559,
			]
		}
		coordIndex [
			0, 1, -1
		]
	}
}
#---------- POLYLINE
Shape {
	appearance Appearance {
		material Material {
			diffuseColor 1 0 0
			emissiveColor 1 0 0
		}
	}
	geometry IndexedLineSet {
		coord Coordinate {
			point [
				-166.534 268.524 -902.559,
				-166.534 268.524 -902.559,
			]
		}
		coordIndex [
			0, 1, -1
		]
	}
}
#---------- POLYLINE
Shape {
	appearance Appearance {
		material Material {
			diffuseColor 1 0 0
			emissiveColor 1 0 0
		}
	}
	geometry IndexedLineSet {
		coord Coordinate {
			point [
				-166.534 268.524 -902.559,
				-166.534 268.524 -902.559,
			]
		}
		coordIndex [
			0, 1, -1
		]
	}
}
#---------- POLYLINE
Shape {
	appearance Appearance {
		material Material {
			diffuseColor 0 1 0
			emissiveColor 0 1 0
		}
	}
	geometry IndexedLineSet {
		coord Coordinate {
			point [
				-166.534 268.524 -902.559,
				-166.536 268.523 -902.562,
			]
		}
		coordIndex [
			0, 1, -1
		]
	}
}
#---------- POLYLINE
Shape {
	appearance Appearance {
		material Material {
			diffuseColor 1 0 0
			emissiveColor 1 0 0
		}
	}
	geometry IndexedLineSet {
		coord Coordinate {
			point [
				-166.536 268.523 -902.562,
				-166.536 268.523 -902.562,
			]
		}
		coordIndex [
			0, 1, -1
		]
	}
}
#---------- POLYLINE
Shape {
	appearance Appearance {
		material Material {
			diffuseColor 1 0 0
			emissiveColor 1 0 0
		}
	}
	geometry IndexedLineSet {
		coord Coordinate {
			point [
				-166.536 268.523 -902.562,
				-166.536 268.523 -902.562,
			]
		}
		coordIndex [
			0, 1, -1
		]
	}
}
#---------- POLYLINE
Shape {
	appearance Appearance {
		material Material {
			diffuseColor 1 0 0
			emissiveColor 1 0 0
		}
	}
	geometry IndexedLineSet {
		coord Coordinate {
			point [
				-166.536 268.523 -902.562,
				-166.536 268.523 -902.562,
			]
		}
		coordIndex [
			0, 1, -1
		]
	}
}
#---------- POLYLINE
Shape {
	appearance Appearance {
		material Material {
			diffuseColor 1 0 0
			emissiveColor 1 0 0
		}
	}
	geometry IndexedLineSet {
		coord Coordinate {
			point [
				-166.536 268.523 -902.562,
				-166.536 268.523 -902.562,
			]
		}
		coordIndex [
			0, 1, -1
		]
	}
}
#---------- POLYLINE
Shape {
	appearance Appearance {
		material Material {
			diffuseColor 1 0 0
			emissiveColor 1 0 0
		}
	}
	geometry IndexedLineSet {
		coord Coordinate {
			point [
				-166.536 268.523 -902.562,
				-166.536 268.523 -902.562,
			]
		}
		coordIndex [
			0, 1, -1
		]
	}
}
#---------- POLYLINE
Shape {
	appearance Appearance {
		material Material {
			diffuseColor 1 0 0
			emissiveColor 1 0 0
		}
	}
	geometry IndexedLineSet {
		coord Coordinate {
			point [
				-166.536 268.523 -902.562,
				-166.536 268.523 -902.562,
			]
		}
		coordIndex [
			0, 1, -1
		]
	}
}
#---------- POLYLINE
Shape {
	appearance Appearance {
		material Material {
			diffuseColor 1 0 0
			emissiveColor 1 0 0
		}
	}
	geometry IndexedLineSet {
		coord Coordinate {
			point [
				-166.536 268.523 -902.562,
				-166.536 268.523 -902.562,
			]
		}
		coordIndex [
			0, 1, -1
		]
	}
}
#---------- POLYLINE
Shape {
	appearance Appearance {
		material Material {
			diffuseColor 1 0 0
			emissiveColor 1 0 0
		}
	}
	geometry IndexedLineSet {
		coord Coordinate {
			point [
				-166.536 268.523 -902.562,
				-166.536 268.523 -902.562,
			]
		}
		coordIndex [
			0, 1, -1
		]
	}
}
#---------- POLYLINE
Shape {
	appearance Appearance {
		material Material {
			diffuseColor 1 0 0
			emissiveColor 1 0 0
		}
	}
	geometry IndexedLineSet {
		coord Coordinate {
			point [
				-166.536 268.523 -902.562,
				-166.536 268.523 -902.562,
			]
		}
		coordIndex [
			0, 1, -1
		]
	}
}
#---------- POLYLINE
Shape {
	appearance Appearance {
		material Material {
			diffuseColor 1 0 0
			emissiveColor 1 0 0
		}
	}
	geometry IndexedLineSet {
		coord Coordinate {
			point [
				-166.536 268.523 -902.562,
				-166.536 268.523 -902.562,
			]
		}
		coordIndex [
			0, 1, -1
		]
	}
}
#---------- POLYLINE
Shape {
	appearance Appearance {
		material Material {
			diffuseColor 1 0 0
			emissiveColor 1 0 0
		}
	}
	geometry IndexedLineSet {
		coord Coordinate {
			point [
				-166.536 268.523 -902.562,
				-166.536 268.523 -902.562,
			]
		}
		coordIndex [
			0, 1, -1
		]
	}
}
#---------- POLYLINE
Shape {
	appearance Appearance {
		material Material {
			diffuseColor 1 0 0
			emissiveColor 1 0 0
		}
	}
	geometry IndexedLineSet {
		coord Coordinate {
			point [
				-166.536 268.523 -902.562,
				-166.536 268.523 -902.562,
			]
		}
		coordIndex [
			0, 1, -1
		]
	}
}
#---------- POLYLINE
Shape {
	appearance Appearance {
		material Material {
			diffuseColor 1 0 0
			emissiveColor 1 0 0
		}
	}
	geometry IndexedLineSet {
		coord Coordinate {
			point [
				-166.536 268.523 -902.562,
				-166.536 268.523 -902.562,
			]
		}
		coordIndex [
			0, 1, -1
		]
	}
}
#---------- POLYLINE
Shape {
	appearance Appearance {
		material Material {
			diffuseColor 1 0 0
			emissiveColor 1 0 0
		}
	}
	geometry IndexedLineSet {
		coord Coordinate {
			point [
				-166.536 268.523 -902.562,
				-166.536 268.523 -902.562,
			]
		}
		coordIndex [
			0, 1, -1
		]
	}
}
#---------- POLYLINE
Shape {
	appearance Appearance {
		material Material {
			diffuseColor 1 0 0
			emissiveColor 1 0 0
		}
	}
	geometry IndexedLineSet {
		coord Coordinate {
			point [
				-166.536 268.523 -902.562,
				-166.536 268.523 -902.562,
			]
		}
		coordIndex [
			0, 1, -1
		]
	}
}
#---------- POLYLINE
Shape {
	appearance Appearance {
		material Material {
			diffuseColor 1 0 0
			emissiveColor 1 0 0
		}
	}
	geometry IndexedLineSet {
		coord Coordinate {
			point [
				-166.536 268.523 -902.562,
				-166.536 268.523 -902.562,
			]
		}
		coordIndex [
			0, 1, -1
		]
	}
}
#---------- POLYLINE
Shape {
	appearance Appearance {
		material Material {
			diffuseColor 1 0 0
			emissiveColor 1 0 0
		}
	}
	geometry IndexedLineSet {
		coord Coordinate {
			point [
				-166.536 268.523 -902.562,
				-166.536 268.523 -902.562,
			]
		}
		coordIndex [
			0, 1, -1
		]
	}
}
#---------- POLYLINE
Shape {
	appearance Appearance {
		material Material {
			diffuseColor 1 0 0
			emissiveColor 1 0 0
		}
	}
	geometry IndexedLineSet {
		coord Coordinate {
			point [
				-166.536 268.523 -902.562,
				-166.536 268.523 -902.562,
			]
		}
		coordIndex [
			0, 1, -1
		]
	}
}
#---------- POLYLINE
Shape {
	appearance Appearance {
		material Material {
			diffuseColor 1 0 0
			emissiveColor 1 0 0
		}
	}
	geometry IndexedLineSet {
		coord Coordinate {
			point [
				-166.536 268.523 -902.562,
				-166.536 268.523 -902.562,
			]
		}
		coordIndex [
			0, 1, -1
		]
	}
}
#---------- POLYLINE
Shape {
	appearance Appearance {
		material Material {
			diffuseColor 1 0 0
			emissiveColor 1 0 0
		}
	}
	geometry IndexedLineSet {
		coord Coordinate {
			point [
				-166.536 268.523 -902.562,
				-166.536 268.523 -902.562,
			]
		}
		coordIndex [
			0, 1, -1
		]
	}
}
#---------- POLYLINE
Shape {
	appearance Appearance {
		material Material {
			diffuseColor 0 1 0
			emissiveColor 0 1 0
		}
	}
	geometry IndexedLineSet {
		coord Coordinate {
			point [
				-166.534 268.524 -902.559,
				-166.534 268.496 -902.508,
			]
		}
		coordIndex [
			0, 1, -1
		]
	}
}
#---------- POLYLINE
Shape {
	appearance Appearance {
		material Material {
			diffuseColor 1 0 0
			emissiveColor 1 0 0
		}
	}
	geometry IndexedLineSet {
		coord Coordinate {
			point [
				-166.534 268.496 -902.508,
				-166.534 268.496 -902.508,
			]
		}
		coordIndex [
			0, 1, -1
		]
	}
}
#---------- POLYLINE
Shape {
	appearance Appearance {
		material Material {
			diffuseColor 1 0 0
			emissiveColor 1 0 0
		}
	}
	geometry IndexedLineSet {
		coord Coordinate {
			point [
				-166.534 268.496 -902.508,
				-166.534 268.496 -902.508,
			]
		}
		coordIndex [
			0, 1, -1
		]
	}
}
#---------- POLYLINE
Shape {
	appearance Appearance {
		material Material {
			diffuseColor 1 0 0
			emissiveColor 1 0 0
		}
	}
	geometry IndexedLineSet {
		coord Coordinate {
			point [
				-166.534 268.496 -902.508,
				-166.534 268.496 -902.508,
			]
		}
		coordIndex [
			0, 1, -1
		]
	}
}
#---------- POLYLINE
Shape {
	appearance Appearance {
		material Material {
			diffuseColor 1 0 0
			emissiveColor 1 0 0
		}
	}
	geometry IndexedLineSet {
		coord Coordinate {
			point [
				-166.534 268.496 -902.508,
				-166.534 268.496 -902.508,
			]
		}
		coordIndex [
			0, 1, -1
		]
	}
}
#---------- POLYLINE
Shape {
	appearance Appearance {
		material Material {
			diffuseColor 1 0 0
			emissiveColor 1 0 0
		}
	}
	geometry IndexedLineSet {
		coord Coordinate {
			point [
				-166.534 268.496 -902.508,
				-166.534 268.496 -902.508,
			]
		}
		coordIndex [
			0, 1, -1
		]
	}
}
#---------- POLYLINE
Shape {
	appearance Appearance {
		material Material {
			diffuseColor 1 0 0
			emissiveColor 1 0 0
		}
	}
	geometry IndexedLineSet {
		coord Coordinate {
			point [
				-166.534 268.496 -902.508,
				-166.534 268.496 -902.508,
			]
		}
		coordIndex [
			0, 1, -1
		]
	}
}
#---------- POLYLINE
Shape {
	appearance Appearance {
		material Material {
			diffuseColor 1 0 0
			emissiveColor 1 0 0
		}
	}
	geometry IndexedLineSet {
		coord Coordinate {
			point [
				-166.534 268.496 -902.508,
				-166.534 268.496 -902.508,
			]
		}
		coordIndex [
			0, 1, -1
		]
	}
}
#---------- POLYLINE
Shape {
	appearance Appearance {
		material Material {
			diffuseColor 1 0 0
			emissiveColor 1 0 0
		}
	}
	geometry IndexedLineSet {
		coord Coordinate {
			point [
				-166.534 268.496 -902.508,
				-166.534 268.496 -902.508,
			]
		}
		coordIndex [
			0, 1, -1
		]
	}
}
#---------- POLYLINE
Shape {
	appearance Appearance {
		material Material {
			diffuseColor 1 0 0
			emissiveColor 1 0 0
		}
	}
	geometry IndexedLineSet {
		coord Coordinate {
			point [
				-166.534 268.496 -902.508,
				-166.534 268.495 -902.508,
			]
		}
		coordIndex [
			0, 1, -1
		]
	}
}
#---------- POLYLINE
Shape {
	appearance Appearance {
		material Material {
			diffuseColor 1 0 0
			emissiveColor 1 0 0
		}
	}
	geometry IndexedLineSet {
		coord Coordinate {
			point [
				-166.534 268.524 -902.559,
				-166.55 268.527 -902.555,
			]
		}
		coordIndex [
			0, 1, -1
		]
	}
}
#---------- POLYLINE
Shape {
	appearance Appearance {
		material Material {
			diffuseColor 1 0 0
			emissiveColor 1 0 0
		}
	}
	geometry IndexedLineSet {
		coord Coordinate {
			point [
				-162.54 266.717 -901.122,
				-162.541 266.72 -901.124,
			]
		}
		coordIndex [
			0, 1, -1
		]
	}
}
#---------- POLYLINE
Shape {
	appearance Appearance {
		material Material {
			diffuseColor 1 0 0
			emissiveColor 1 0 0
		}
	}
	geometry IndexedLineSet {
		coord Coordinate {
			point [
				-169.161 241.753 -893.356,
				-169.137 241.888 -893.45,
				-168.919 242.266 -893.915,
				-168.826 242.192 -893.835,
				-168.837 242.188 -893.83,
			]
		}
		coordIndex [
			0, 1, 2, 3, 4, -1
		]
	}
}
#---------- POLYLINE
Shape {
	appearance Appearance {
		material Material {
			diffuseColor 0 1 0
			emissiveColor 0 1 0
		}
	}
	geometry IndexedLineSet {
		coord Coordinate {
			point [
				-168.919 242.266 -893.915,
				-166.787 240.103 -889.376,
			]
		}
		coordIndex [
			0, 1, -1
		]
	}
}
#---------- POLYLINE
Shape {
	appearance Appearance {
		material Material {
			diffuseColor 1 0 0
			emissiveColor 1 0 0
		}
	}
	geometry IndexedLineSet {
		coord Coordinate {
			point [
				-166.787 240.103 -889.376,
				-166.787 240.103 -889.376,
			]
		}
		coordIndex [
			0, 1, -1
		]
	}
}
#---------- POLYLINE
Shape {
	appearance Appearance {
		material Material {
			diffuseColor 1 0 0
			emissiveColor 1 0 0
		}
	}
	geometry IndexedLineSet {
		coord Coordinate {
			point [
				-166.787 240.103 -889.376,
				-166.787 240.103 -889.376,
			]
		}
		coordIndex [
			0, 1, -1
		]
	}
}
#---------- POLYLINE
Shape {
	appearance Appearance {
		material Material {
			diffuseColor 1 0 0
			emissiveColor 1 0 0
		}
	}
	geometry IndexedLineSet {
		coord Coordinate {
			point [
				-166.787 240.103 -889.376,
				-166.787 240.103 -889.376,
			]
		}
		coordIndex [
			0, 1, -1
		]
	}
}
#---------- POLYLINE
Shape {
	appearance Appearance {
		material Material {
			diffuseColor 1 0 0
			emissiveColor 1 0 0
		}
	}
	geometry IndexedLineSet {
		coord Coordinate {
			point [
				-166.787 240.103 -889.376,
				-166.787 240.103 -889.376,
			]
		}
		coordIndex [
			0, 1, -1
		]
	}
}
#---------- POLYLINE
Shape {
	appearance Appearance {
		material Material {
			diffuseColor 1 0 0
			emissiveColor 1 0 0
		}
	}
	geometry IndexedLineSet {
		coord Coordinate {
			point [
				-166.787 240.103 -889.376,
				-166.787 240.103 -889.376,
			]
		}
		coordIndex [
			0, 1, -1
		]
	}
}
#---------- POLYLINE
Shape {
	appearance Appearance {
		material Material {
			diffuseColor 0 1 0
			emissiveColor 0 1 0
		}
	}
	geometry IndexedLineSet {
		coord Coordinate {
			point [
				-166.787 240.103 -889.376,
				-166.425 240.847 -888.622,
			]
		}
		coordIndex [
			0, 1, -1
		]
	}
}
#---------- POLYLINE
Shape {
	appearance Appearance {
		material Material {
			diffuseColor 1 0 0
			emissiveColor 1 0 0
		}
	}
	geometry IndexedLineSet {
		coord Coordinate {
			point [
				-166.425 240.847 -888.622,
				-166.425 240.847 -888.622,
			]
		}
		coordIndex [
			0, 1, -1
		]
	}
}
#---------- POLYLINE
Shape {
	appearance Appearance {
		material Material {
			diffuseColor 1 0 0
			emissiveColor 1 0 0
		}
	}
	geometry IndexedLineSet {
		coord Coordinate {
			point [
				-166.425 240.847 -888.622,
				-166.425 240.847 -888.622,
			]
		}
		coordIndex [
			0, 1, -1
		]
	}
}
#---------- POLYLINE
Shape {
	appearance Appearance {
		material Material {
			diffuseColor 1 0 0
			emissiveColor 1 0 0
		}
	}
	geometry IndexedLineSet {
		coord Coordinate {
			point [
				-166.425 240.847 -888.622,
				-166.425 240.847 -888.622,
			]
		}
		coordIndex [
			0, 1, -1
		]
	}
}
#---------- POLYLINE
Shape {
	appearance Appearance {
		material Material {
			diffuseColor 1 0 0
			emissiveColor 1 0 0
		}
	}
	geometry IndexedLineSet {
		coord Coordinate {
			point [
				-166.425 240.847 -888.622,
				-166.425 240.847 -888.622,
			]
		}
		coordIndex [
			0, 1, -1
		]
	}
}
#---------- POLYLINE
Shape {
	appearance Appearance {
		material Material {
			diffuseColor 1 0 0
			emissiveColor 1 0 0
		}
	}
	geometry IndexedLineSet {
		coord Coordinate {
			point [
				-166.425 240.847 -888.622,
				-166.425 240.847 -888.622,
			]
		}
		coordIndex [
			0, 1, -1
		]
	}
}
#---------- POLYLINE
Shape {
	appearance Appearance {
		material Material {
			diffuseColor 0 1 0
			emissiveColor 0 1 0
		}
	}
	geometry IndexedLineSet {
		coord Coordinate {
			point [
				-166.425 240.847 -888.622,
				-166.424 240.848 -888.621,
				-166.423 240.866 -888.62,
			]
		}
		coordIndex [
			0, 1, 2, -1
		]
	}
}
#---------- POLYLINE
Shape {
	appearance Appearance {
		material Material {
			diffuseColor 1 0 0
			emissiveColor 1 0 0
		}
	}
	geometry IndexedLineSet {
		coord Coordinate {
			point [
				-166.423 240.866 -888.62,
				-166.423 240.866 -888.62,
			]
		}
		coordIndex [
			0, 1, -1
		]
	}
}
#---------- POLYLINE
Shape {
	appearance Appearance {
		material Material {
			diffuseColor 1 0 0
			emissiveColor 1 0 0
		}
	}
	geometry IndexedLineSet {
		coord Coordinate {
			point [
				-166.423 240.866 -888.62,
				-166.423 240.866 -888.62,
			]
		}
		coordIndex [
			0, 1, -1
		]
	}
}
#---------- POLYLINE
Shape {
	appearance Appearance {
		material Material {
			diffuseColor 1 0 0
			emissiveColor 1 0 0
		}
	}
	geometry IndexedLineSet {
		coord Coordinate {
			point [
				-166.423 240.866 -888.62,
				-166.423 240.866 -888.62,
			]
		}
		coordIndex [
			0, 1, -1
		]
	}
}
#---------- POLYLINE
Shape {
	appearance Appearance {
		material Material {
			diffuseColor 1 0 0
			emissiveColor 1 0 0
		}
	}
	geometry IndexedLineSet {
		coord Coordinate {
			point [
				-166.423 240.866 -888.62,
				-166.423 240.866 -888.62,
			]
		}
		coordIndex [
			0, 1, -1
		]
	}
}
#---------- POLYLINE
Shape {
	appearance Appearance {
		material Material {
			diffuseColor 1 0 0
			emissiveColor 1 0 0
		}
	}
	geometry IndexedLineSet {
		coord Coordinate {
			point [
				-166.423 240.866 -888.62,
				-166.423 240.866 -888.62,
			]
		}
		coordIndex [
			0, 1, -1
		]
	}
}
#---------- POLYLINE
Shape {
	appearance Appearance {
		material Material {
			diffuseColor 1 0 0
			emissiveColor 1 0 0
		}
	}
	geometry IndexedLineSet {
		coord Coordinate {
			point [
				-166.423 240.866 -888.62,
				-166.423 240.866 -888.62,
			]
		}
		coordIndex [
			0, 1, -1
		]
	}
}
#---------- POLYLINE
Shape {
	appearance Appearance {
		material Material {
			diffuseColor 1 0 0
			emissiveColor 1 0 0
		}
	}
	geometry IndexedLineSet {
		coord Coordinate {
			point [
				-166.423 240.866 -888.62,
				-166.423 240.866 -888.62,
			]
		}
		coordIndex [
			0, 1, -1
		]
	}
}
#---------- POLYLINE
Shape {
	appearance Appearance {
		material Material {
			diffuseColor 1 0 0
			emissiveColor 1 0 0
		}
	}
	geometry IndexedLineSet {
		coord Coordinate {
			point [
				-166.423 240.866 -888.62,
				-166.423 240.866 -888.62,
			]
		}
		coordIndex [
			0, 1, -1
		]
	}
}
#---------- POLYLINE
Shape {
	appearance Appearance {
		material Material {
			diffuseColor 1 0 0
			emissiveColor 1 0 0
		}
	}
	geometry IndexedLineSet {
		coord Coordinate {
			point [
				-166.423 240.866 -888.62,
				-166.423 240.866 -888.62,
			]
		}
		coordIndex [
			0, 1, -1
		]
	}
}
#---------- POLYLINE
Shape {
	appearance Appearance {
		material Material {
			diffuseColor 1 0 0
			emissiveColor 1 0 0
		}
	}
	geometry IndexedLineSet {
		coord Coordinate {
			point [
				-166.425 240.847 -888.622,
				-166.425 240.848 -888.621,
			]
		}
		coordIndex [
			0, 1, -1
		]
	}
}
#---------- POLYLINE
Shape {
	appearance Appearance {
		material Material {
			diffuseColor 1 0 0
			emissiveColor 1 0 0
		}
	}
	geometry IndexedLineSet {
		coord Coordinate {
			point [
				-166.787 240.103 -889.376,
				-166.78 240.104 -889.368,
			]
		}
		coordIndex [
			0, 1, -1
		]
	}
}
#---------- POLYLINE
Shape {
	appearance Appearance {
		material Material {
			diffuseColor 0 1 0
			emissiveColor 0 1 0
		}
	}
	geometry IndexedLineSet {
		coord Coordinate {
			point [
				-169.137 241.888 -893.45,
				-168.953 242.194 -893.818,
			]
		}
		coordIndex [
			0, 1, -1
		]
	}
}
#---------- POLYLINE
Shape {
	appearance Appearance {
		material Material {
			diffuseColor 1 0 0
			emissiveColor 1 0 0
		}
	}
	geometry IndexedLineSet {
		coord Coordinate {
			point [
				-168.953 242.194 -893.818,
				-168.953 242.194 -893.818,
			]
		}
		coordIndex [
			0, 1, -1
		]
	}
}
#---------- POLYLINE
Shape {
	appearance Appearance {
		material Material {
			diffuseColor 1 0 0
			emissiveColor 1 0 0
		}
	}
	geometry IndexedLineSet {
		coord Coordinate {
			point [
				-168.953 242.194 -893.818,
				-168.953 242.194 -893.818,
			]
		}
		coordIndex [
			0, 1, -1
		]
	}
}
#---------- POLYLINE
Shape {
	appearance Appearance {
		material Material {
			diffuseColor 1 0 0
			emissiveColor 1 0 0
		}
	}
	geometry IndexedLineSet {
		coord Coordinate {
			point [
				-168.953 242.194 -893.818,
				-168.953 242.194 -893.818,
			]
		}
		coordIndex [
			0, 1, -1
		]
	}
}
#---------- POLYLINE
Shape {
	appearance Appearance {
		material Material {
			diffuseColor 1 0 0
			emissiveColor 1 0 0
		}
	}
	geometry IndexedLineSet {
		coord Coordinate {
			point [
				-168.953 242.194 -893.818,
				-168.953 242.194 -893.818,
			]
		}
		coordIndex [
			0, 1, -1
		]
	}
}
#---------- POLYLINE
Shape {
	appearance Appearance {
		material Material {
			diffuseColor 1 0 0
			emissiveColor 1 0 0
		}
	}
	geometry IndexedLineSet {
		coord Coordinate {
			point [
				-168.953 242.194 -893.818,
				-168.953 242.194 -893.818,
			]
		}
		coordIndex [
			0, 1, -1
		]
	}
}
#---------- POLYLINE
Shape {
	appearance Appearance {
		material Material {
			diffuseColor 1 0 0
			emissiveColor 1 0 0
		}
	}
	geometry IndexedLineSet {
		coord Coordinate {
			point [
				-168.953 242.194 -893.818,
				-168.953 242.194 -893.818,
			]
		}
		coordIndex [
			0, 1, -1
		]
	}
}
#---------- POLYLINE
Shape {
	appearance Appearance {
		material Material {
			diffuseColor 1 0 0
			emissiveColor 1 0 0
		}
	}
	geometry IndexedLineSet {
		coord Coordinate {
			point [
				-168.953 242.194 -893.818,
				-168.953 242.194 -893.818,
			]
		}
		coordIndex [
			0, 1, -1
		]
	}
}
#---------- POLYLINE
Shape {
	appearance Appearance {
		material Material {
			diffuseColor 1 0 0
			emissiveColor 1 0 0
		}
	}
	geometry IndexedLineSet {
		coord Coordinate {
			point [
				-168.953 242.194 -893.818,
				-168.953 242.194 -893.818,
			]
		}
		coordIndex [
			0, 1, -1
		]
	}
}
#---------- POLYLINE
Shape {
	appearance Appearance {
		material Material {
			diffuseColor 1 0 0
			emissiveColor 1 0 0
		}
	}
	geometry IndexedLineSet {
		coord Coordinate {
			point [
				-168.953 242.194 -893.818,
				-168.953 242.194 -893.818,
			]
		}
		coordIndex [
			0, 1, -1
		]
	}
}
#---------- POLYLINE
Shape {
	appearance Appearance {
		material Material {
			diffuseColor 1 0 0
			emissiveColor 1 0 0
		}
	}
	geometry IndexedLineSet {
		coord Coordinate {
			point [
				-168.953 242.194 -893.818,
				-168.953 242.194 -893.818,
			]
		}
		coordIndex [
			0, 1, -1
		]
	}
}
#---------- POLYLINE
Shape {
	appearance Appearance {
		material Material {
			diffuseColor 1 0 0
			emissiveColor 1 0 0
		}
	}
	geometry IndexedLineSet {
		coord Coordinate {
			point [
				-168.953 242.194 -893.818,
				-168.953 242.194 -893.818,
			]
		}
		coordIndex [
			0, 1, -1
		]
	}
}
#---------- POLYLINE
Shape {
	appearance Appearance {
		material Material {
			diffuseColor 1 0 0
			emissiveColor 1 0 0
		}
	}
	geometry IndexedLineSet {
		coord Coordinate {
			point [
				-168.953 242.194 -893.818,
				-168.953 242.194 -893.818,
			]
		}
		coordIndex [
			0, 1, -1
		]
	}
}
#---------- POLYLINE
Shape {
	appearance Appearance {
		material Material {
			diffuseColor 1 0 0
			emissiveColor 1 0 0
		}
	}
	geometry IndexedLineSet {
		coord Coordinate {
			point [
				-168.953 242.194 -893.818,
				-168.953 242.194 -893.818,
			]
		}
		coordIndex [
			0, 1, -1
		]
	}
}
#---------- POLYLINE
Shape {
	appearance Appearance {
		material Material {
			diffuseColor 1 0 0
			emissiveColor 1 0 0
		}
	}
	geometry IndexedLineSet {
		coord Coordinate {
			point [
				-168.953 242.194 -893.818,
				-168.953 242.194 -893.818,
			]
		}
		coordIndex [
			0, 1, -1
		]
	}
}
#---------- POLYLINE
Shape {
	appearance Appearance {
		material Material {
			diffuseColor 1 0 0
			emissiveColor 1 0 0
		}
	}
	geometry IndexedLineSet {
		coord Coordinate {
			point [
				-168.953 242.194 -893.818,
				-168.951 242.196 -893.818,
			]
		}
		coordIndex [
			0, 1, -1
		]
	}
}
#---------- POLYLINE
Shape {
	appearance Appearance {
		material Material {
			diffuseColor 1 0 0
			emissiveColor 1 0 0
		}
	}
	geometry IndexedLineSet {
		coord Coordinate {
			point [
				-176.059 198.978 -863.948,
				-175.933 198.996 -863.904,
			]
		}
		coordIndex [
			0, 1, -1
		]
	}
}
#---------- POLYLINE
Shape {
	appearance Appearance {
		material Material {
			diffuseColor 1 0 0
			emissiveColor 1 0 0
		}
	}
	geometry IndexedLineSet {
		coord Coordinate {
			point [
				-199.166 70.3738 -772.85,
				-199.186 70.3777 -772.851,
			]
		}
		coordIndex [
			0, 1, -1
		]
	}
}
#---------- POLYLINE
Shape {
	appearance Appearance {
		material Material {
			diffuseColor 1 0 0
			emissiveColor 1 0 0
		}
	}
	geometry IndexedLineSet {
		coord Coordinate {
			point [
				-222.686 -61.3069 -679.799,
				-222.652 -61.2536 -679.724,
			]
		}
		coordIndex [
			0, 1, -1
		]
	}
}
#---------- POLYLINE
Shape {
	appearance Appearance {
		material Material {
			diffuseColor 1 0 0
			emissiveColor 1 0 0
		}
	}
	geometry IndexedLineSet {
		coord Coordinate {
			point [
				-233.654 -122.926 -636.112,
				-233.703 -122.899 -636.091,
			]
		}
		coordIndex [
			0, 1, -1
		]
	}
}
#---------- POLYLINE
Shape {
	appearance Appearance {
		material Material {
			diffuseColor 1 0 0
			emissiveColor 1 0 0
		}
	}
	geometry IndexedLineSet {
		coord Coordinate {
			point [
				-236.523 -139.089 -624.654,
				-236.554 -139.06 -624.625,
			]
		}
		coordIndex [
			0, 1, -1
		]
	}
}
#---------- POLYLINE
Shape {
	appearance Appearance {
		material Material {
			diffuseColor 1 0 0
			emissiveColor 1 0 0
		}
	}
	geometry IndexedLineSet {
		coord Coordinate {
			point [
				-246.068 -192.849 -586.564,
				-246.056 -192.88 -586.61,
			]
		}
		coordIndex [
			0, 1, -1
		]
	}
}
#End of file.
